# Blender 4.5.3 LTS
# www.blender.org
mtllib Ablewicza 15.mtl
o Plane
v -0.937500 0.000000 3.880000
v -0.037500 0.000000 3.880000
v -1.312500 0.000000 3.880000
v -0.937500 0.000000 5.380000
v -0.037500 0.000000 5.380000
v -1.312500 0.000000 5.380000
v -1.312500 0.000000 3.930000
v -0.937500 0.000000 3.930000
v -0.037500 0.000000 3.930000
v -0.937500 0.000000 4.830000
v -0.037500 0.000000 4.830000
v 1.887500 0.000000 3.880000
v 1.887500 0.000000 5.380000
v 1.887500 0.000000 3.930000
v 1.887500 0.000000 4.830000
v 2.787500 0.000000 3.880000
v 2.787500 0.000000 5.380000
v 2.787500 0.000000 3.930000
v 2.787500 0.000000 4.830000
v 2.787500 0.000000 3.800000
v 2.867500 0.000000 3.930000
v -0.937500 0.000000 4.780000
v -0.037500 0.000000 4.780000
v -1.312500 0.000000 4.830000
v -1.392500 0.000000 4.830000
v 1.887500 0.000000 4.780000
v 2.787500 0.000000 4.780000
v -1.212500 0.000000 3.880000
v -1.212500 0.000000 5.380000
v -1.212500 0.000000 3.930000
v -1.212500 0.000000 4.830000
v -1.212500 0.000000 4.780000
v -0.212500 0.000000 3.880000
v -0.212500 0.000000 5.380000
v -0.212500 0.000000 3.930000
v -0.212500 0.000000 4.830000
v -0.212500 0.000000 4.780000
v -0.937500 0.000000 5.780000
v -1.212500 0.000000 5.780000
v -0.212500 0.000000 5.780000
v -0.037500 0.800000 3.880000
v 1.887500 0.800000 3.880000
v 1.887500 0.800000 3.800000
v -0.937500 0.800000 3.800000
v -0.937500 0.800000 3.880000
v -1.312500 0.800000 3.880000
v -1.312500 0.800000 3.930000
v -1.392500 0.800000 3.930000
v -1.212500 0.800000 3.880000
v -1.312500 0.800000 5.380000
v -1.312500 0.800000 4.830000
v -1.212500 0.800000 5.380000
v -1.212500 0.800000 5.780000
v -0.037500 0.800000 5.380000
v 1.887500 0.800000 5.380000
v 2.787500 0.800000 5.380000
v -0.212500 0.800000 5.380000
v -0.212500 0.800000 5.780000
v 2.787500 0.800000 4.830000
v 2.867500 0.800000 4.780000
v 2.787500 0.800000 4.780000
v 2.787500 0.800000 3.880000
v 2.867500 0.800000 3.880000
v -0.937500 2.549999 3.880000
v -1.312500 2.549999 3.880000
v -1.312500 2.549999 3.930000
v -1.312500 2.549999 5.380000
v -1.312500 2.549999 4.830000
v -1.212500 2.549999 5.380000
v 1.887500 2.549999 5.380000
v 2.787500 2.549999 5.380000
v -0.212500 2.549999 5.380000
v 2.867500 2.549999 4.780000
v 2.787500 2.549999 4.830000
v 2.787500 2.549999 3.880000
v 2.867500 2.549999 3.880000
v 2.787500 2.000000 5.380000
v 2.787500 2.000000 4.830000
v -0.212500 2.000000 5.380000
v -0.037500 2.000000 5.380000
v 1.887500 2.000000 5.380000
v 2.787500 2.000000 4.780000
v 2.867500 2.000000 4.780000
v -0.212500 2.000000 5.780000
v 2.787500 2.000000 3.800000
v 2.787500 2.000000 3.880000
v 2.867500 2.000000 3.880000
v -0.037500 2.000000 3.880000
v -0.037500 2.000000 3.800000
v 1.887500 2.000000 3.880000
v -0.937500 2.000000 3.880000
v -1.212500 2.000000 3.880000
v -1.312500 2.000000 3.880000
v -1.312500 2.000000 3.930000
v -1.312500 2.000000 5.380000
v -1.212500 2.000000 5.380000
v -1.312500 2.000000 4.830000
v -1.392500 2.199985 4.830000
v -1.212500 2.000000 5.780000
v 1.312500 0.000000 0.000000
v 0.542500 0.000000 0.000000
v -0.657500 0.000000 0.000000
v -0.657500 0.000000 3.800000
v -0.037500 0.800000 0.000000
v -1.012500 0.000000 0.000000
v -1.012500 0.000000 3.800000
v -0.937500 0.000000 0.000000
v -0.937500 0.000000 3.800000
v -0.037500 0.000000 0.000000
v -0.657500 0.000000 3.015000
v 0.542500 0.000000 3.015000
v -1.012500 0.000000 3.015000
v -0.937500 0.000000 3.015000
v -0.037500 0.000000 3.015000
v 1.312500 0.800000 0.000000
v 0.542500 0.800000 0.000000
v -0.657500 0.800000 0.000000
v 0.542500 0.800000 -0.400000
v -1.012500 0.800000 0.000000
v -1.012500 0.800000 3.800000
v -0.937500 0.800000 0.000000
v 1.312500 0.800000 3.015000
v -1.012500 0.800000 3.015000
v 1.312500 2.550000 0.000000
v 0.542500 2.550000 0.000000
v -1.012500 2.550000 0.000000
v -1.012500 2.550000 3.800000
v -0.937500 2.550000 3.800000
v -1.012500 2.550000 3.015000
v -0.657500 2.200000 -0.400000
v -0.657500 2.200000 0.000000
v -1.012500 2.200000 0.000000
v -0.937500 2.200000 0.000000
v 0.542500 2.200000 0.000000
v 0.542500 2.200000 -0.400000
v 1.312500 2.200000 0.000000
v -0.037500 0.000000 3.800000
v -1.012500 2.199985 3.015000
v -1.012500 2.000000 3.800000
v -0.937500 2.000000 3.800000
v -0.037500 0.800000 -0.400000
v -0.657500 0.000000 3.510000
v -1.012500 0.000000 3.510000
v -0.937500 0.000000 3.510000
v -1.012500 0.800000 3.510000
v -1.012500 2.550000 3.510000
v -0.037500 0.000000 3.510000
v -1.012500 2.199985 3.510000
v 0.542500 0.000000 3.510000
v 1.312500 0.000000 3.015000
v 1.312500 0.000000 3.510000
v -0.037500 0.800000 3.800000
v -0.037500 0.800000 3.510000
v 0.542500 0.800000 3.510000
v 1.312500 0.800000 3.510000
v -0.037500 2.200000 3.510000
v 0.542500 2.200000 3.510000
v 1.312500 2.200000 3.015000
v 1.312500 2.200000 3.510000
v -0.037500 2.550000 3.800000
v 0.542500 2.550000 3.015000
v 0.542500 2.550000 3.510000
v 1.312500 2.550000 3.015000
v 1.312500 2.550000 3.510000
v 1.837500 0.000000 3.800000
v 1.837500 0.000000 3.295000
v 1.562500 0.000000 3.295000
v 1.562500 0.000000 0.000000
v 1.837500 0.000000 0.000000
v 1.887500 0.000000 3.800000
v 1.887500 0.000000 3.295000
v 1.887500 0.000000 0.000000
v 2.787500 0.000000 3.295000
v 2.787500 0.000000 0.000000
v 2.212500 0.000000 0.000000
v 2.212500 0.000000 3.295000
v 2.212500 0.800000 0.000000
v 3.712500 0.000000 0.000000
v 2.787500 0.800000 0.000000
v 4.487500 0.000000 0.000000
v 2.787500 0.000000 2.960000
v 3.712500 0.000000 2.960000
v 1.562500 0.000000 2.960000
v 4.487500 0.000000 2.960000
v 1.837500 0.000000 2.960000
v 1.887500 0.000000 2.960000
v 2.212500 0.000000 2.960000
v 1.837500 0.800000 3.800000
v 1.837500 0.800000 3.295000
v 1.562500 0.800000 3.295000
v 1.562500 0.800000 0.000000
v 1.837500 0.800000 0.000000
v 1.887500 0.800000 0.000000
v 2.787500 0.800000 3.800000
v 2.787500 0.800000 3.295000
v 3.712500 0.800000 0.000000
v 3.712500 0.800000 -0.400000
v 4.487500 0.800000 0.000000
v 2.787500 0.800000 2.960000
v 3.712500 0.800000 2.960000
v 1.562500 0.800000 2.960000
v 4.487500 0.800000 2.960000
v 1.837500 2.550000 3.800000
v 1.837500 2.550000 3.295000
v 1.562500 2.550000 3.295000
v 1.562500 2.550000 0.000000
v 2.787500 2.550000 3.800000
v 2.787500 2.550000 3.295000
v 3.712500 2.550000 0.000000
v 3.712500 2.550000 2.960000
v 1.837500 2.200000 3.295000
v 1.562500 2.200000 3.295000
v 1.562500 2.200000 2.960000
v 1.562500 2.200000 0.000000
v 1.837500 2.200000 0.000000
v 1.887500 2.200000 0.000000
v 2.212500 2.200000 0.000000
v 1.837500 2.200000 3.800000
v 3.712500 2.200000 -0.400000
v 3.712500 2.200000 0.000000
v 4.487500 2.200000 0.000000
v 3.712500 2.200000 2.960000
v 2.787500 2.200000 2.960000
v 4.487500 2.200000 2.960000
v 2.787500 2.200000 3.295000
v 1.887500 2.000000 3.800000
v 1.887500 2.550000 3.800000
v 2.212500 0.800000 -0.400000
v 2.787500 0.800000 -0.400000
v 2.867500 0.000000 3.080000
v 2.867500 0.000000 3.880000
v 4.487500 0.000000 3.080000
v 4.487500 0.000000 3.880000
v 4.487500 0.000000 5.355000
v 2.867500 0.000000 4.780000
v 4.487500 0.000000 4.780000
v 4.487500 0.000000 3.930000
v 2.867500 0.000000 5.355000
v 2.867500 0.800000 3.080000
v 4.487500 0.800000 3.080000
v 4.487500 0.800000 3.880000
v 4.487500 0.800000 5.355000
v 4.487500 0.800000 4.780000
v 4.487500 0.800000 3.930000
v 2.867500 0.800000 5.355000
v 2.867500 2.550000 3.080000
v 4.487500 2.550000 3.080000
v 4.487500 2.550000 3.880000
v 4.487500 2.550000 5.355000
v 4.487500 2.550000 4.780000
v 4.487500 2.550000 3.930000
v 2.867500 2.550000 5.355000
v 4.487500 2.000000 4.780000
v 4.487500 2.000000 5.355000
v 2.867500 2.000000 5.355000
v 4.487500 2.000000 3.080000
v 4.487500 2.000000 3.880000
v 2.867500 2.000000 3.080000
v 4.487500 2.000000 3.930000
v -1.392500 0.000000 5.380000
v -1.392500 0.000000 0.000000
v -4.667500 0.000000 5.380000
v -5.437500 0.000000 0.000000
v -1.392500 0.000000 3.930000
v -4.667500 0.000000 4.830000
v -4.667500 0.000000 3.930000
v -4.667500 0.000000 0.000000
v -1.772500 0.000000 5.380000
v -1.772500 0.000000 3.930000
v -1.772500 0.000000 4.830000
v -1.772500 0.000000 0.000000
v -4.472500 0.000000 3.930000
v -4.472500 0.000000 0.000000
v -4.472500 0.000000 5.380000
v -4.472500 0.000000 4.830000
v -1.772500 0.800000 0.000000
v -1.392500 0.800000 5.380000
v -4.667500 0.800000 5.380000
v -5.437500 0.800000 0.000000
v -1.392500 0.800000 4.830000
v -4.667500 0.800000 0.000000
v -1.772500 0.800000 5.380000
v -4.472500 0.800000 0.000000
v -4.472500 0.800000 5.380000
v -1.392500 0.000000 3.015000
v -4.667500 0.000000 3.015000
v -1.392500 0.800000 3.015000
v -1.392500 2.550000 0.000000
v -1.772500 2.550000 0.000000
v -1.392500 2.550000 5.380000
v -4.667500 2.550000 5.380000
v -5.437500 2.550000 0.000000
v -1.392500 2.550000 4.830000
v -4.667500 2.550000 0.000000
v -1.772500 2.550000 5.380000
v -4.472500 2.550000 0.000000
v -4.472500 2.550000 5.380000
v -5.437500 2.199985 0.000000
v -4.667500 2.199985 5.380000
v -4.667500 2.199985 0.000000
v -4.472500 2.199985 5.380000
v -1.772500 2.199985 5.380000
v -1.392500 2.199985 5.380000
v -4.472500 2.200000 0.000000
v -1.393842 2.199985 3.936538
v -1.392500 2.199985 3.015000
v -1.392500 2.200000 0.000000
v -1.772500 2.200000 0.000000
v -1.392500 0.800000 0.000000
v -3.622500 0.000000 5.380000
v -3.622500 0.000000 4.830000
v -3.622500 0.000000 3.930000
v -3.622500 0.000000 0.000000
v -3.622500 0.800000 5.380000
v -3.622500 2.550000 5.380000
v -3.622500 2.199985 5.380000
v -2.622500 0.000000 5.380000
v -2.622500 0.000000 4.830000
v -2.622500 0.800000 5.380000
v -2.622500 2.550000 5.380000
v -2.622500 2.199985 5.380000
v -2.622500 0.000000 3.930000
v -2.622500 0.000000 0.000000
v -3.622500 0.800000 0.000000
v -3.622500 0.800000 -0.400000
v -2.622500 0.800000 0.000000
v -2.622500 0.800000 -0.400000
v -4.746217 0.000000 4.830000
v -5.005985 0.000000 3.015000
v -4.746217 0.800000 4.830000
v -4.875030 0.000000 3.930000
v -4.874878 0.800131 3.930340
v -4.746220 2.550000 4.830000
v -4.746220 2.199985 4.830000
v -4.875953 2.200116 3.922840
v -4.876110 2.550000 3.930000
v -2.622500 0.000000 -0.400000
v -1.772500 -0.100000 -0.400000
v -4.472500 -0.100000 -0.400000
v -0.657500 -0.100000 -0.400000
v -0.037500 -0.100000 -0.400000
v -0.657500 0.800000 -0.400000
v 0.542500 -0.100000 -0.400000
v 2.212500 -0.100000 -0.400000
v 2.787500 -0.100000 -0.400000
v 3.712500 -0.100000 -0.400000
v -0.657500 0.000000 -0.400000
v -5.437500 -0.100000 -0.400000
v -1.772500 0.800000 -0.400000
v -4.472500 0.800000 -0.400000
v -2.622500 -0.100000 -0.400000
v -1.772500 0.000000 -0.400000
v -3.622500 -0.100000 -0.400000
v -5.437500 0.800000 -0.400000
v 4.487500 0.800000 -0.400000
v -1.772500 2.200000 -0.400000
v -4.472500 2.200000 -0.400000
v -5.437500 2.000000 -0.400000
v 2.212500 2.200000 -0.400000
v 4.487500 2.000000 -0.400000
v -0.657500 2.550000 -0.400000
v -1.772500 2.550000 -0.400000
v -4.472500 2.550000 -0.400000
v -5.437500 2.550000 -0.400000
v 2.212500 2.550000 -0.400000
v 0.542500 2.550000 -0.400000
v 3.712500 2.550000 -0.400000
v 4.487500 2.550000 -0.400000
v -3.622500 -0.100000 -2.200000
v -2.622500 -0.100000 -2.200000
v -5.437500 -0.100000 -2.200000
v 4.487500 -0.100000 -0.400000
v 4.487500 -0.100000 -2.200000
v 3.712500 -0.100000 -2.200000
v 2.787500 -0.100000 -2.200000
v 2.212500 -0.100000 -2.200000
v 0.542500 -0.100000 -2.200000
v -0.037500 -0.100000 -2.200000
v -0.657500 -0.100000 -2.200000
v -4.472500 -0.100000 -2.200000
v -1.772500 -0.100000 -2.200000
v -0.657500 0.000000 3.930000
v -0.657500 0.000000 4.830000
v -0.657500 0.000000 3.880000
v -0.657500 0.000000 5.380000
v -0.657500 0.000000 4.780000
v -0.657500 0.000000 5.780000
v -3.622500 0.800000 -0.200000
v -2.622500 0.800000 -0.200000
v -4.472500 0.800000 -0.200000
v -1.772500 2.200000 -0.200000
v -3.622500 0.000000 -0.200000
v -1.772500 0.800000 -0.200000
v -4.472500 2.200000 -0.200000
v -2.622500 0.000000 -0.200000
v -1.392500 2.550000 3.930000
v -1.772500 2.550000 4.830000
v -4.472500 2.550000 4.830000
v -3.622500 2.550000 4.830000
v -2.622500 2.550000 4.830000
v -1.772500 2.550000 3.930000
v -4.472500 2.550000 3.930000
v -3.622500 2.550000 3.930000
v -2.622500 2.550000 3.930000
v -3.622500 2.550000 3.015000
v -3.622500 2.550000 0.000000
v -3.622500 2.200000 0.000000
v -3.622500 2.200000 -0.400000
v -3.622500 2.550000 -0.400000
v -3.622500 2.200000 -0.200000
v -2.622500 2.200000 0.000000
v -2.622500 2.200000 -0.200000
v -2.622500 2.550000 0.000000
v -2.622500 2.200000 -0.400000
v -2.622500 2.550000 -0.400000
v -0.937500 2.000000 5.780000
v -0.937500 2.550000 3.510000
v -0.037500 2.550000 3.510000
v -1.212500 2.549999 4.830000
v -0.937500 2.550000 3.015001
v -0.037500 2.550000 3.015001
v -1.212500 2.549999 3.930000
v -1.212500 2.549999 3.880000
v -0.937500 2.550000 0.000000
v -0.037500 2.550000 0.000000
v -0.937500 2.000000 5.380000
v -0.937500 2.549999 4.830000
v -0.937500 2.549999 5.380000
v -0.937500 2.549999 3.930000
v -0.212500 2.549999 4.830000
v -0.212500 2.549999 3.930000
v -0.037500 2.549999 4.830000
v -0.037500 2.549999 5.380000
v -0.037500 2.549999 3.930000
v -0.037500 2.549999 3.880000
v 1.887500 2.549999 4.830000
v 1.887500 2.549999 3.930000
v 1.887500 2.549999 3.880000
v 2.787500 2.549999 3.930000
v 2.867500 2.549999 3.930000
v 2.867500 2.000000 3.930000
v 2.787500 2.000000 3.930000
v 1.887500 2.550000 3.295000
v 1.837500 2.550000 2.960000
v 4.487500 2.550000 2.960000
v 1.562500 2.550000 2.960000
v 2.787500 2.550000 2.960000
v 1.887500 2.550000 2.960000
v 2.787500 2.550000 0.000000
v 4.487500 2.550000 0.000000
v 1.837500 2.550000 0.000000
v 1.887500 2.550000 0.000000
v 2.212500 0.000000 3.880000
v 2.212500 0.000000 5.380000
v 2.212500 0.000000 4.830000
v 2.212500 0.000000 3.930000
v 2.212500 0.000000 4.780000
v 2.212500 0.800000 5.380000
v 2.212500 2.549999 5.380000
v 2.212500 2.000000 3.880000
v 2.212500 2.000000 5.380000
v 2.212500 2.550000 3.800000
v 2.212500 0.000000 3.800000
v 2.212500 2.000000 3.800000
v 2.212500 2.549999 3.930000
v 2.212500 2.549999 3.880000
v 2.212500 2.549999 4.830000
v 2.212500 2.550000 2.960000
v 2.212500 2.550000 3.295000
v 2.212500 2.550000 0.000000
v 2.787500 2.200000 0.000000
v 2.787500 2.550000 -0.400000
v 2.787500 2.200000 -0.400000
v -4.472500 0.000000 -0.400000
v -0.037500 0.000000 -0.400000
v 0.542500 0.000000 -0.400000
v 2.212500 0.000000 -0.400000
v 2.787500 0.000000 -0.400000
v 3.712500 0.000000 -0.400000
v 4.487500 0.000000 -0.400000
v -5.437500 0.000000 -0.400000
v -3.622500 0.000000 -0.400000
v -5.437500 -0.300000 -0.400000
v -3.622500 -0.300000 -2.200000
v -2.622500 -0.300000 -2.200000
v -5.437500 -0.300000 -2.200000
v 4.487500 -0.300000 -0.400000
v 4.487500 -0.300000 -2.200000
v 3.712500 -0.300000 -2.200000
v 2.787500 -0.300000 -2.200000
v 2.212500 -0.300000 -2.200000
v 0.542500 -0.300000 -2.200000
v -0.037500 -0.300000 -2.200000
v -0.657500 -0.300000 -2.200000
v -4.472500 -0.300000 -2.200000
v -1.772500 -0.300000 -2.200000
v -5.837500 0.800000 -0.400000
v -5.837500 2.000000 -0.400000
v -5.837500 2.550000 -0.400000
v -5.837500 0.000000 -0.400000
v -5.067500 0.000000 5.780000
v -5.067500 0.800000 5.780000
v -5.067500 2.550000 5.780000
v -5.067500 2.000000 5.780000
v -5.837500 -0.100000 -0.400000
v -5.067500 -0.100000 5.780000
v -5.837500 -0.300000 -0.400000
v -5.437500 2.750000 -0.400000
v -0.212500 2.550000 5.780000
v -1.212500 2.550000 5.780000
v -0.937500 2.550000 5.780000
v 4.887500 0.000000 5.755000
v 4.887500 0.800000 5.755000
v 4.887500 2.550000 5.755000
v 4.887500 2.000000 5.755000
v 4.887500 0.800000 -0.400000
v 4.887500 2.000000 -0.400000
v 4.887500 2.550000 -0.400000
v -4.472500 2.750000 -0.400000
v 4.887500 0.000000 -0.400000
v -1.772500 2.750000 -0.400000
v -0.937500 -0.100000 5.780000
v -1.212500 -0.100000 5.780000
v -0.212500 -0.100000 5.780000
v -0.657500 -0.100000 5.780000
v -0.657500 2.750000 -0.400000
v 4.887500 -0.100000 5.755000
v 4.887500 -0.100000 -0.400000
v -0.937500 -0.300000 5.780000
v -1.212500 -0.300000 5.780000
v -0.212500 -0.300000 5.780000
v -0.657500 -0.300000 5.780000
v -5.067500 -0.300000 5.780000
v 4.887500 -0.300000 5.755000
v 4.887500 -0.300000 -0.400000
v 2.212500 2.750000 -0.400000
v 0.542500 2.750000 -0.400000
v 3.712500 2.750000 -0.400000
v 4.487500 2.750000 -0.400000
v -3.622500 2.750000 -0.400000
v -2.622500 2.750000 -0.400000
v 2.787500 2.750000 -0.400000
v -5.837500 2.750000 -0.400000
v -5.067500 2.750000 5.780000
v -0.212500 2.750000 5.780000
v -1.212500 2.750000 5.780000
v -0.937500 2.750000 5.780000
v 4.887500 2.750000 5.755000
v 4.887500 2.750000 -0.400000
v 4.487500 0.000000 5.767500
v 4.487500 0.800000 5.767500
v 4.487500 2.000000 5.767500
v 4.487500 2.550000 5.767500
v 4.487500 -0.100000 5.767500
v 4.487500 -0.300000 5.767500
v 4.487500 2.750000 5.767500
v 3.712500 0.000000 5.773750
v 3.712500 0.800000 5.773750
v 3.712500 2.000000 5.773750
v 3.712500 2.550000 5.773750
v 3.712500 -0.100000 5.773750
v 3.712500 -0.300000 5.773750
v 3.712500 2.750000 5.773750
v 2.787500 0.000000 5.776875
v 2.787500 0.800000 5.776875
v 2.787500 2.000000 5.776875
v 2.787500 2.550000 5.776875
v 2.787500 -0.100000 5.776875
v 2.787500 -0.300000 5.776875
v 2.787500 2.750000 5.776875
v 2.212500 0.000000 5.778438
v 2.212500 0.800000 5.778438
v 2.212500 2.000000 5.778438
v 2.212500 2.550000 5.778438
v 2.212500 -0.100000 5.778438
v 2.212500 -0.300000 5.778438
v 2.212500 2.750000 5.778438
v 0.542500 0.000000 5.779219
v 0.542500 0.800000 5.779219
v 0.542500 2.000000 5.779219
v 0.542500 2.550000 5.779219
v 0.542500 -0.100000 5.779219
v 0.542500 -0.300000 5.779219
v 0.542500 2.750000 5.779219
v -0.037500 2.200000 0.000000
v -0.037500 2.200000 -0.400000
v -0.037500 2.550000 -0.400000
v -0.037500 2.750000 -0.400000
v -0.037500 0.000000 5.779610
v -0.037500 0.800000 5.779610
v -0.037500 2.000000 5.779610
v -0.037500 2.550000 5.779610
v -0.037500 -0.100000 5.779610
v -0.037500 -0.300000 5.779610
v -0.037500 2.750000 5.779610
v -0.212500 2.200000 0.000000
v -0.212500 2.200000 -0.400000
v -0.212500 2.550000 -0.400000
v -0.212500 2.750000 -0.400000
v -0.212500 2.000000 3.880000
v -0.212500 2.550000 3.800000
v -0.212500 2.000000 3.800000
v -0.212500 2.550000 3.015001
v -0.212500 2.550000 3.510000
v -0.212500 2.550000 0.000000
v -0.212500 2.549999 3.880000
v -0.657500 2.000000 3.880000
v -0.657500 2.000000 5.380000
v -0.657500 2.000000 3.800000
v -0.657500 2.000000 5.780000
v -0.657500 2.549999 4.830000
v -0.657500 2.549999 3.930000
v -0.657500 2.549999 3.880000
v -0.657500 2.549999 5.380000
v -0.657500 2.550000 5.780000
v -0.657500 2.750000 5.780000
v -0.657500 2.550000 3.800000
v -0.657500 2.550000 3.015001
v -0.657500 2.550000 3.510000
v -0.657500 2.550000 0.000000
v -0.937500 -0.100000 -0.400000
v -0.937500 0.000000 -0.400000
v -0.937500 0.800000 -0.400000
v -0.937500 2.550000 -0.400000
v -0.937500 -0.100000 -2.200000
v -0.937500 2.000000 -0.400000
v -0.937500 -0.300000 -2.200000
v -0.937500 2.750000 -0.400000
v -1.212500 0.000000 -0.400000
v -1.212500 0.800000 -0.400000
v -1.212500 2.550000 -0.400000
v -1.212500 2.000000 -0.400000
v -1.212500 2.750000 -0.400000
v -1.212500 -0.100000 -0.400000
v -1.212500 -0.100000 -2.200000
v -1.212500 -0.300000 -2.200000
v -1.772500 2.000000 5.780000
v -1.772500 0.000000 5.780000
v -1.772500 0.800000 5.780000
v -1.772500 2.550000 5.780000
v -1.772500 -0.300000 5.780000
v -1.772500 -0.100000 5.780000
v -1.772500 2.750000 5.780000
v -2.622500 2.000000 5.780000
v -2.622500 0.000000 5.780000
v -2.622500 0.800000 5.780000
v -2.622500 2.550000 5.780000
v -2.622500 -0.300000 5.780000
v -2.622500 -0.100000 5.780000
v -2.622500 2.750000 5.780000
v -3.622500 2.000000 5.780000
v -3.622500 0.000000 5.780000
v -3.622500 0.800000 5.780000
v -3.622500 2.550000 5.780000
v -3.622500 -0.300000 5.780000
v -3.622500 -0.100000 5.780000
v -3.622500 2.750000 5.780000
v -4.472499 2.000000 5.780000
v -4.472499 0.000000 5.780000
v -4.472499 0.800000 5.780000
v -4.472499 2.550000 5.780000
v -4.472499 -0.300000 5.780000
v -4.472499 -0.100000 5.780000
v -4.472499 2.750000 5.780000
v -4.667500 2.000000 5.780000
v -4.667500 0.000000 5.780000
v -4.667500 0.800000 5.780000
v -4.667500 2.550000 5.780000
v -4.667500 -0.300000 5.780000
v -4.667500 -0.100000 5.780000
v -4.667500 2.750000 5.780000
v -0.212500 0.000000 0.000000
v -0.212500 0.000000 3.015000
v -0.212500 0.000000 3.800000
v -0.212500 0.800000 0.000000
v -0.212500 0.000000 3.510000
v -0.212500 -0.100000 -2.200000
v -0.212500 -0.100000 -0.400000
v -0.212500 0.800000 -0.400000
v -0.212500 0.000000 -0.400000
v -0.212500 -0.300000 -2.200000
v 1.587500 0.000000 5.380000
v 1.587500 0.000000 4.830000
v 1.587500 0.000000 3.930000
v 1.587500 0.000000 3.880000
v 1.587500 0.000000 4.780000
v 1.587500 0.800000 3.880000
v 1.587500 0.800000 5.380000
v 1.587500 2.000000 5.380000
v 1.587500 2.000000 3.880000
v 1.587500 2.549999 4.830000
v 1.587500 2.549999 3.930000
v 1.587500 2.549999 3.880000
v 1.587500 2.549999 5.380000
v 1.227500 0.000000 4.830000
v 1.227500 0.000000 3.930000
v 1.227500 0.000000 3.880000
v 1.227500 0.800000 3.880000
v 1.227500 2.000000 3.880000
v 1.227500 0.000000 5.380000
v 1.227500 0.000000 4.780000
v 1.227500 0.800000 5.380000
v 1.227500 2.000000 5.380000
v 1.227500 2.549999 4.830000
v 1.227500 2.549999 3.930000
v 1.227500 2.549999 3.880000
v 1.227500 2.549999 5.380000
v 2.787500 2.180000 5.380000
v -1.312500 2.180000 3.930000
v -1.312500 2.180000 5.380000
v -1.312500 2.180000 4.830000
v -0.212500 2.180000 5.380000
v 2.787500 2.180000 4.830000
v 1.887500 2.180000 5.380000
v 2.787500 2.180000 4.780000
v 2.787500 2.180000 3.880000
v -0.937500 2.180000 3.880000
v -1.312500 2.180000 3.880000
v -1.212500 2.180000 5.380000
v -0.037500 2.180000 3.880000
v -1.212500 2.180000 3.880000
v 1.887500 2.180000 3.880000
v -0.037500 2.180000 5.380000
v -0.937500 2.180000 5.380000
v 2.787500 2.180000 3.930000
v 2.212500 2.180000 5.380000
v 2.212500 2.180000 3.880000
v -0.212500 2.180000 3.880000
v -0.657500 2.180000 3.880000
v -0.657500 2.180000 5.380000
v 1.587500 2.180000 5.380000
v 1.587500 2.180000 3.880000
v 1.227500 2.180000 3.880000
v 1.227500 2.180000 5.380000
v 1.587500 2.180000 4.830000
v 1.587500 2.180000 3.930000
v 1.227500 2.180000 4.830000
v 1.227500 2.180000 3.930000
v -1.282500 0.800000 0.000000
v -1.282500 0.000000 0.000000
v -1.282500 0.000000 3.015000
v -1.282500 0.800000 3.015000
v -1.282500 2.199985 3.015000
v -1.282500 2.550000 3.015000
v -1.282500 2.200000 0.000000
v -1.282500 2.550000 0.000000
v 0.542500 2.400001 0.000000
v -1.012500 2.400001 3.015000
v -1.012500 2.400001 3.800000
v 1.312500 2.400001 0.000000
v -0.937500 2.400001 3.800000
v -1.012500 2.400001 0.000000
v -1.012500 2.400001 3.510000
v 0.542500 2.400000 3.510000
v 1.312500 2.400000 3.015000
v 1.312500 2.400000 3.510000
v -4.667500 2.400000 5.380000
v -4.472500 2.400000 5.380000
v -1.772500 2.400000 5.380000
v -1.392500 2.400000 0.000000
v -1.772500 2.400000 0.000000
v -3.622500 2.400000 5.380000
v -5.437500 2.400000 0.000000
v -4.667500 2.400000 0.000000
v -1.392500 2.400000 5.380000
v -4.472500 2.400000 0.000000
v -2.622500 2.400000 5.380000
v -4.746220 2.400000 4.830000
v -5.005990 2.400000 3.015000
v -4.876105 2.400000 3.922500
v -0.037500 2.400000 3.800000
v -1.392500 2.400000 4.830000
v -1.392500 2.400000 3.930000
v -3.622500 2.400000 0.000000
v -2.622500 2.400000 0.000000
v -0.037500 2.400000 3.510000
v -0.937500 2.400001 0.000000
v -0.037500 2.400000 0.000000
v -0.212500 2.400000 3.800000
v -0.212500 2.400000 0.000000
v -0.657500 2.400001 3.800000
v -0.657500 2.400001 0.000000
v -1.282500 2.400000 3.015000
v -1.282500 2.400000 0.000000
v -0.037500 1.409999 3.880000
v 1.887500 1.409999 3.880000
v 0.542500 1.409999 -0.400000
v 0.542500 1.409999 0.000000
v 1.312500 1.409999 0.000000
v 1.312500 1.409999 3.510000
v -0.037500 1.409999 3.510000
v 0.542500 1.409999 3.510000
v 1.312500 1.409999 3.015000
v 1.562500 1.409999 3.295000
v 1.562500 1.409999 0.000000
v 1.837500 1.409999 0.000000
v 1.887500 1.409999 0.000000
v 1.837500 1.409999 3.295000
v 1.562500 1.409999 2.960000
v 1.837500 1.409999 3.800000
v 2.212500 1.409999 0.000000
v -0.037500 1.409999 3.800000
v 1.887500 1.409999 3.800000
v 2.212500 1.409999 -0.400000
v 1.587500 1.409999 3.880000
v 1.227500 1.409999 3.880000
v 2.867500 0.000000 3.780000
v 4.487500 0.000000 3.780000
v 4.487500 0.800000 3.780000
v 4.487500 2.550000 3.780000
v 4.487500 2.000000 3.780000
v 2.867500 0.800000 3.780000
v 2.867500 2.549999 3.780000
v 2.867500 2.000000 3.780000
v 1.837500 2.400000 3.295000
v 3.712500 2.400000 2.960000
v 2.787500 2.400000 3.295000
v 1.837500 2.400000 3.800000
v 1.562500 2.400000 3.295000
v 1.562500 2.400000 0.000000
v 3.712500 2.400000 0.000000
v 1.887500 2.400000 3.800000
v 2.787500 2.400000 3.800000
v 1.562500 2.400000 2.960000
v 4.487500 2.400000 2.960000
v 1.837500 2.400000 0.000000
v 1.887500 2.400000 0.000000
v 4.487500 2.400000 0.000000
v 2.787500 2.400000 2.960000
v 2.212500 2.400000 3.800000
v 2.212500 2.400000 0.000000
v 2.787500 2.400000 0.000000
v -1.772500 0.000000 3.015000
v -2.622500 0.000000 3.015000
v -4.472500 0.000000 3.015000
v -3.622500 0.000000 3.015000
v -5.005833 0.800131 3.015340
v -5.005990 2.550000 3.015000
v -5.005838 2.200116 3.015340
v -1.772500 2.550000 3.015000
v -4.472500 2.550000 3.015000
v -2.622500 2.550000 3.015000
v -1.392500 2.550000 3.015000
v -1.392500 2.400000 3.015000
v -4.746220 2.500001 4.830000
v -4.876108 2.500000 3.926250
v -4.667500 2.500001 5.380000
v -4.472500 2.500001 5.380000
v -1.772500 2.500001 5.380000
v -1.392500 2.500001 0.000000
v -1.772500 2.500001 0.000000
v -3.622500 2.500001 5.380000
v -5.437500 2.500001 0.000000
v -4.667500 2.500001 0.000000
v -1.392500 2.500001 5.380000
v -4.472500 2.500001 0.000000
v -2.622500 2.500001 5.380000
v -1.392500 2.500001 4.830000
v -1.392500 2.500001 3.930000
v -3.622500 2.500001 0.000000
v -2.622500 2.500001 0.000000
v -1.392500 2.500001 3.015000
v -5.005990 2.500001 3.015000
v 0.542500 2.500001 0.000000
v -1.012500 2.500001 3.015000
v -1.012500 2.500001 3.800000
v 1.312500 2.500001 0.000000
v -0.937500 2.500001 3.800000
v -1.012500 2.500001 3.510000
v 0.542500 2.500000 3.510000
v 1.312500 2.500000 3.015000
v -0.037500 2.500000 0.000000
v -0.212500 2.500001 0.000000
v -1.282500 2.500001 3.015000
v -1.012500 2.500001 0.000000
v 1.312500 2.500000 3.510000
v -0.037500 2.500000 3.800000
v -0.037500 2.500000 3.510000
v -0.937500 2.500001 0.000000
v -0.212500 2.500001 3.800000
v -0.657500 2.500001 3.800000
v -0.657500 2.500001 0.000000
v -1.282500 2.500001 0.000000
v -1.312500 2.475000 3.930000
v -1.312500 2.475000 5.380000
v -1.312500 2.475000 4.830000
v -0.212500 2.475000 5.380000
v -0.037500 2.475000 3.880000
v -1.212500 2.475000 3.880000
v -0.937500 2.475000 5.380000
v -0.212500 2.475000 3.880000
v -0.657500 2.475000 3.880000
v -0.657500 2.475000 5.380000
v 1.227500 2.475000 3.880000
v 1.227500 2.475000 5.380000
v -0.937500 2.475000 3.880000
v -1.312500 2.475000 3.880000
v -1.212500 2.475000 5.380000
v -0.037500 2.475000 5.380000
v 1.227500 2.475001 3.930000
v 1.227500 2.475001 4.830000
v 2.787500 2.500000 5.380000
v 1.887500 2.500000 3.880000
v 2.212500 2.500000 5.380000
v 1.587500 2.500000 5.380000
v 1.587500 2.500000 3.880000
v 2.787500 2.500000 4.830000
v 1.887500 2.500000 5.380000
v 2.787500 2.500000 4.780000
v 2.787500 2.500000 3.880000
v 2.787500 2.500000 3.930000
v 2.212500 2.500000 3.880000
v 1.587500 2.500000 4.830000
v 1.587500 2.500000 3.930000
v 2.787500 2.130000 4.830000
v 1.887500 2.130000 5.380000
v 2.787500 2.130000 4.780000
v 2.787500 2.130000 3.880000
v -0.937500 2.130000 3.880000
v -1.312500 2.130000 3.880000
v -1.212500 2.130000 5.380000
v -0.037500 2.130000 5.380000
v 2.787500 2.130000 3.930000
v 2.212500 2.130000 3.880000
v 2.787500 2.130000 5.380000
v -1.312500 2.130000 3.930000
v -1.312500 2.130000 5.380000
v -1.312500 2.130000 4.830000
v -0.212500 2.130000 5.380000
v -0.037500 2.130000 3.880000
v -1.212500 2.130000 3.880000
v 1.887500 2.130000 3.880000
v -0.937500 2.130000 5.380000
v 2.212500 2.130000 5.380000
v -0.212500 2.130000 3.880000
v -0.657500 2.130000 3.880000
v -0.657500 2.130000 5.380000
v 1.587500 2.130000 5.380000
v 1.587500 2.130000 3.880000
v 1.227500 2.130000 3.880000
v 1.227500 2.130000 5.380000
v 1.177500 0.000000 4.830000
v 1.177500 0.000000 3.930000
v 1.177500 0.000000 3.880000
v 1.177500 0.800000 3.880000
v 1.177500 2.000000 3.880000
v 1.177500 0.000000 5.380000
v 1.177500 0.000000 4.780000
v 1.177500 0.800000 5.380000
v 1.177500 2.000000 5.380000
v 1.177500 2.549999 4.830000
v 1.177500 2.549999 3.930000
v 1.177500 2.549999 3.880000
v 1.177500 2.549999 5.380000
v 1.177500 2.180000 3.880000
v 1.177500 2.180000 5.380000
v 1.177500 1.409999 3.880000
v 1.177500 2.475000 3.880000
v 1.177500 2.475000 5.380000
v 1.177500 2.130000 5.380000
v 1.177500 2.130000 3.880000
v 1.637500 0.000000 5.380000
v 1.637500 0.000000 4.780000
v 1.637500 0.800000 5.380000
v 1.637500 2.000000 5.380000
v 1.637500 2.549999 4.830000
v 1.637500 2.549999 3.930000
v 1.637500 2.549999 3.880000
v 1.637500 2.549999 5.380000
v 1.637500 0.000000 4.830000
v 1.637500 0.000000 3.930000
v 1.637500 0.000000 3.880000
v 1.637500 0.800000 3.880000
v 1.637500 2.000000 3.880000
v 1.637500 2.180000 5.380000
v 1.637500 2.180000 3.880000
v 1.637500 1.409999 3.880000
v 1.637500 2.500000 5.380000
v 1.637500 2.500000 3.880000
v 1.637500 2.130000 3.880000
v 1.637500 2.130000 5.380000
v -4.746220 2.525001 4.830000
v -4.876109 2.525000 3.928125
v -1.392500 2.525001 3.015000
v -5.005990 2.525001 3.015000
v -4.667500 2.525001 5.380000
v -4.472500 2.525001 5.380000
v -1.772500 2.525001 5.380000
v -1.392500 2.525001 0.000000
v -1.772500 2.525001 0.000000
v -3.622500 2.525001 5.380000
v -5.437500 2.525001 0.000000
v -4.667500 2.525001 0.000000
v -1.392500 2.525001 5.380000
v -4.472500 2.525001 0.000000
v -2.622500 2.525001 5.380000
v -1.392500 2.525001 4.830000
v -1.392500 2.525001 3.930000
v -3.622500 2.525001 0.000000
v -2.622500 2.525001 0.000000
v 1.837500 2.500000 3.295000
v 3.712500 2.500000 2.960000
v 2.787500 2.500000 3.295000
v 1.837500 2.500000 3.800000
v 1.887500 2.500000 3.800000
v 1.562500 2.500000 2.960000
v 4.487500 2.500000 2.960000
v 1.562500 2.500000 3.295000
v 1.562500 2.500000 0.000000
v 3.712500 2.500000 0.000000
v 2.787500 2.500000 3.800000
v 1.837500 2.500000 0.000000
v 1.887500 2.500000 0.000000
v 4.487500 2.500000 0.000000
v 2.787500 2.500000 2.960000
v 2.212500 2.500000 3.800000
v 2.212500 2.500000 0.000000
v 2.787500 2.500000 0.000000
v 3.712500 0.800000 -0.250000
v 3.712500 2.200000 -0.250000
v 2.212500 0.800000 -0.250000
v 2.787500 0.800000 -0.250000
v 2.212500 2.200000 -0.250000
v 2.787500 2.200000 -0.250000
v 2.212500 1.409999 -0.250000
v 0.542500 0.800000 -0.250000
v -0.657500 2.200000 -0.250000
v 0.542500 2.200000 -0.250000
v -0.037500 0.800000 -0.250000
v -0.657500 0.800000 -0.250000
v -0.037500 2.200000 -0.250000
v -0.212500 2.200000 -0.250000
v -0.212500 0.800000 -0.250000
v 0.542500 1.409999 -0.250000
vn -0.0000 1.0000 -0.0000
vn -0.0000 -0.0000 -1.0000
vn 1.0000 -0.0000 -0.0000
vn -1.0000 -0.0000 -0.0000
vn -0.0000 -1.0000 -0.0000
vn -0.0000 -0.0000 1.0000
vn 0.9899 -0.0001 -0.1417
vn 0.9899 -0.0000 -0.1417
vn 0.9899 -0.0000 -0.1416
vn 0.9897 -0.0000 -0.1428
vn -0.9923 -0.0000 0.1236
vn 0.0022 -0.0000 1.0000
vn 0.0312 -0.0000 0.9995
vn 0.0081 -0.0000 1.0000
vn 0.0034 -0.0000 1.0000
vn 0.0027 -0.0000 1.0000
vn 0.0005 -0.0000 1.0000
vn 0.0007 -0.0000 1.0000
vn -1.0000 0.0067 -0.0000
vn 0.9899 0.0005 -0.1417
vn 0.9900 0.0106 -0.1405
vn -1.0000 -0.0000 0.0015
vn 0.9900 0.0053 -0.1411
vn 0.9898 -0.0000 -0.1423
vn 0.9900 0.0106 -0.1408
vn 0.9898 -0.0000 -0.1425
vn -1.0000 -0.0010 -0.0015
vn 0.9897 0.0107 -0.1425
vn -1.0000 0.0067 -0.0015
vn 0.9900 -0.0000 -0.1408
vn -1.0000 -0.0010 -0.0000
vn 0.9899 0.0053 -0.1417
vn 0.9900 -0.0000 -0.1411
vn 0.9898 0.0107 -0.1423
vt 0.037500 -2.540000
vt 0.317500 -3.090000
vt 0.317500 -2.540000
vt -0.337500 -2.540000
vt -0.237500 -3.090000
vt -0.237500 -2.540000
vt 0.762500 -1.640000
vt 0.937500 -1.590000
vt 0.762500 -1.590000
vt 0.762500 -2.540000
vt 0.937500 -2.490000
vt 0.762500 -2.490000
vt -0.337500 -1.590000
vt -0.237500 -1.640000
vt -0.237500 -1.590000
vt 0.037500 -1.640000
vt 0.317500 -2.490000
vt 0.317500 -1.640000
vt -0.237500 -2.490000
vt -0.417500 0.075000
vt -0.307500 1.474985
vt -0.307500 0.075000
vt 2.612500 -3.090000
vt 2.862500 -2.540000
vt 2.612500 -2.540000
vt 2.862500 -2.490000
vt 2.612500 -2.490000
vt 2.612500 -1.640000
vt 2.862500 -1.590000
vt 2.612500 -1.590000
vt 3.187500 -2.540000
vt 3.762500 -2.490000
vt 3.187500 -2.490000
vt -1.510000 1.275000
vt -1.590000 0.684999
vt -1.510000 0.684999
vt 3.187500 -3.090000
vt 3.762500 -2.540000
vt 3.762500 -1.640000
vt 3.842500 -1.590000
vt 3.762500 -1.590000
vt -3.490000 0.075000
vt -3.090000 1.275000
vt -3.090000 0.075000
vt 3.187500 -1.640000
vt 3.187500 -1.590000
vt 2.862500 -1.640000
vt -0.337500 -1.640000
vt -1.590000 -0.725000
vt -1.510000 0.075000
vt -1.510000 -0.725000
vt 0.037500 -2.490000
vt 0.037500 -1.590000
vt 0.037500 -3.090000
vt 0.317500 -3.090000
vt 0.762500 -3.490000
vt 0.317500 -3.490000
vt 0.937500 -1.640000
vt 0.317500 -1.590000
vt 0.937500 -3.090000
vt 0.937500 -2.540000
vt 3.842500 -1.640000
vt 0.037500 -1.510000
vt 0.317500 -1.510000
vt 2.862500 -1.510000
vt 2.862500 -0.725000
vt 2.612500 0.075000
vt 2.612500 -0.725000
vt 0.762500 -3.090000
vt 0.037500 -0.725000
vt -0.237500 0.075000
vt -0.237500 -0.725000
vt -0.417500 1.675000
vt -0.307500 1.475000
vt -0.307500 1.675000
vt -0.337500 0.075000
vt -0.337500 -0.725000
vt -0.237500 -3.490000
vt 0.037500 -3.090000
vt 0.037500 -3.490000
vt -2.540000 -0.725000
vt -3.090000 -0.725000
vt 3.842500 0.075000
vt 3.762500 -0.725000
vt 3.842500 -0.725000
vt 0.762500 -0.725000
vt 0.937500 0.075000
vt 0.937500 -0.725000
vt 2.152500 0.075000
vt 2.152500 -0.725000
vt 3.187500 0.075000
vt 3.187500 -0.725000
vt 0.317500 -3.490000
vt -2.490000 0.075000
vt -2.490000 -0.725000
vt -2.540000 0.075000
vt -3.490000 -0.725000
vt 0.093750 -0.430000
vt -0.068750 -0.470000
vt 0.093750 -0.470000
vt 0.762500 1.404999
vt 0.937500 1.275000
vt 0.937500 1.404999
vt 0.037500 -3.490000
vt -3.090000 1.775000
vt -2.540000 1.824999
vt -2.540000 1.775000
vt -0.237500 1.750000
vt -0.337500 1.824999
vt -0.337500 1.750000
vt 2.862500 1.775000
vt 2.612500 1.824999
vt 2.612500 1.775000
vt -2.540000 1.275000
vt -1.640000 1.404999
vt -2.540000 1.404999
vt -0.237500 1.824999
vt 0.037500 1.750000
vt 2.862500 1.404999
vt 3.187500 1.275000
vt 3.187500 1.404999
vt -2.540000 1.750000
vt -3.090000 1.824999
vt -3.090000 1.750000
vt 0.762500 1.750000
vt 0.937500 1.824999
vt 0.937500 1.750000
vt -1.590000 0.075000
vt 2.152500 1.824999
vt 2.152500 1.750000
vt 3.762500 1.275000
vt 3.762500 0.075000
vt -2.490000 1.775000
vt 2.862500 1.775000
vt 3.187500 1.824999
vt 3.187500 1.775000
vt -1.640000 1.824999
vt -2.490000 1.275000
vt -1.640000 1.275000
vt 0.037500 1.824999
vt 0.037500 1.750000
vt 0.762500 -1.510000
vt 0.937500 -1.510000
vt 2.862500 0.075000
vt -2.490000 1.275000
vt 2.152500 1.275000
vt 0.762500 0.075000
vt 0.381250 -0.470000
vt -1.510000 0.075000
vt 2.862500 0.684999
vt 2.612500 1.275000
vt 2.612500 0.684999
vt 0.762500 -1.590000
vt 0.762500 -1.510000
vt 0.037500 1.275000
vt -0.237500 1.275000
vt -0.337500 1.275000
vt 3.842500 1.275000
vt -1.590000 1.275000
vt -0.307500 -0.725000
vt -0.037500 2.290000
vt -0.307500 2.290000
vt -0.237500 1.275000
vt -1.640000 -0.725000
vt -1.640000 0.075000
vt -1.590000 1.750000
vt -1.640000 1.750000
vt 0.317500 -1.219999
vt 0.037500 -1.219999
vt 1.517500 2.540000
vt 0.937500 2.690000
vt 0.937500 2.540000
vt -0.037500 -1.510000
vt -0.037500 -1.219999
vt 0.762500 2.690000
vt 0.762500 2.540000
vt 0.937500 2.290000
vt 1.517500 -0.725000
vt 1.517500 2.290000
vt -0.037500 -0.725000
vt 0.037500 2.290000
vt -0.417500 0.075000
vt -0.307500 -0.725000
vt -0.307500 0.075000
vt 2.287500 -0.725000
vt 2.287500 2.290000
vt 0.317500 2.290000
vt 0.762500 -0.725000
vt 0.762500 2.290000
vt 0.037500 -0.725000
vt 2.287500 -0.725000
vt 1.517500 0.075000
vt 1.517500 -0.725000
vt 0.037500 0.075000
vt -0.037500 -0.725000
vt -0.037500 0.075000
vt -0.725000 -0.725000
vt 2.290000 0.075000
vt 2.290000 -0.725000
vt 0.317500 0.075000
vt 0.317500 -0.725000
vt -0.417500 -0.725000
vt -1.219999 0.075000
vt -1.219999 -0.725000
vt 0.317500 2.540000
vt 0.937500 1.475000
vt 1.517500 1.675000
vt 0.937500 1.675000
vt -0.417500 -0.725000
vt -1.219999 1.825000
vt -1.510000 1.775001
vt -1.219999 1.775001
vt 2.287500 1.775001
vt 1.517500 1.825000
vt 1.517500 1.775001
vt 0.037500 1.825000
vt -0.037500 1.775001
vt 0.037500 1.775001
vt 0.317500 1.825000
vt 0.317500 1.775001
vt -0.037500 1.825000
vt -0.725000 1.775000
vt 2.290000 1.825000
vt 2.290000 1.775001
vt 0.937500 -1.219999
vt 0.762500 -1.219999
vt 0.317500 1.475000
vt 0.037500 1.475000
vt 2.690000 0.075000
vt 2.540000 1.475000
vt 2.540000 0.075000
vt -0.725000 0.684999
vt 2.290000 1.475000
vt 2.290000 0.684999
vt 2.287500 0.684999
vt 1.517500 1.475000
vt 1.517500 0.684999
vt 2.540000 1.475000
vt 2.540000 0.684999
vt -0.037500 1.275000
vt -1.510000 1.275000
vt -0.725000 1.474984
vt -0.725000 0.075000
vt -0.725000 1.825000
vt -0.725000 1.775001
vt 0.317500 -0.725000
vt 1.517500 -1.219999
vt 0.937500 -0.725000
vt 2.287500 -1.219999
vt -1.219999 1.475000
vt -1.219999 0.684999
vt 0.937500 0.684999
vt 0.937500 1.825000
vt 1.517500 1.775000
vt 0.937500 1.775000
vt -1.219999 1.825000
vt -1.219999 1.775000
vt -1.510000 1.825000
vt -1.220000 1.775000
vt -1.510000 1.775000
vt 1.517500 1.825000
vt 2.287500 1.775000
vt 0.762500 1.775001
vt -0.093750 -0.010000
vt -0.231250 1.470000
vt -0.231250 -0.010000
vt -0.068750 -0.010000
vt -0.093750 1.470000
vt -0.068750 -0.430000
vt -0.093750 -0.177500
vt -0.093750 -0.430000
vt 0.381250 -0.010000
vt 0.093750 1.470000
vt 0.093750 -0.010000
vt 0.381250 -0.430000
vt 0.093750 -0.177500
vt -0.068750 -0.177500
vt -0.068750 1.470000
vt 4.687500 2.690000
vt 3.762500 2.540000
vt 4.687500 2.540000
vt 3.762500 2.690000
vt 3.187500 2.540000
vt 0.843750 -0.010000
vt 1.231250 1.470000
vt 0.843750 1.470000
vt 0.381250 1.470000
vt 0.381250 -0.177500
vt -0.231250 -0.177500
vt 2.315000 0.025000
vt -0.645000 -0.775000
vt 2.315000 -0.775000
vt -0.670000 0.075000
vt -0.670000 -0.725000
vt -1.005000 -0.725000
vt 1.962500 0.025000
vt 1.187500 -0.775000
vt 1.962500 -0.775000
vt -0.687500 0.025000
vt -0.962500 -0.775000
vt -0.687500 -0.775000
vt 3.762500 0.075000
vt 4.687500 -0.725000
vt 0.262500 0.025000
vt -0.312500 -0.775000
vt 0.262500 -0.775000
vt -0.645000 0.025000
vt -0.980000 -0.775000
vt -0.637500 0.025000
vt -0.637500 -0.775000
vt 1.187500 0.025000
vt -0.980000 0.025000
vt -1.485000 -0.775000
vt -1.005000 0.075000
vt -0.670000 -0.725000
vt -0.962500 0.025000
vt -0.687500 -0.775000
vt 4.687500 0.075000
vt 5.462500 -0.725000
vt 0.262500 1.775000
vt -0.312500 1.725000
vt 0.262500 1.725000
vt -0.962500 1.775000
vt -0.687500 1.725000
vt -0.962500 1.725000
vt 1.962500 1.775000
vt 1.187500 1.725000
vt 1.962500 1.725000
vt 2.315000 1.775000
vt -0.645000 1.725000
vt 2.315000 1.725000
vt -0.687500 1.775000
vt -0.645000 1.775000
vt -0.980000 1.725000
vt -0.637500 1.775000
vt -0.637500 1.725000
vt 1.187500 1.775000
vt -1.485000 1.775000
vt -1.485000 1.725000
vt 2.315000 1.725000
vt -0.312500 1.775000
vt -0.980000 1.775000
vt -0.645000 1.725000
vt -0.980000 1.425000
vt -1.485000 0.635000
vt -0.980000 0.635000
vt 2.565000 1.425000
vt 2.315000 0.635000
vt 2.565000 0.635000
vt -0.312500 1.425000
vt -0.637500 0.635000
vt -0.312500 0.635000
vt -0.637500 1.425000
vt -0.687500 0.635000
vt -0.645000 1.425000
vt -0.645000 0.635000
vt -0.687500 1.425000
vt -0.962500 0.635000
vt 2.315000 1.425000
vt -0.962500 1.425000
vt -0.687500 0.635000
vt -1.005000 1.475000
vt -0.670000 0.075000
vt -0.670000 1.475000
vt 2.290000 0.075000
vt 4.687500 1.475000
vt 5.462500 0.075000
vt 3.762500 1.475000
vt 1.962500 1.425000
vt 2.540000 0.075000
vt 2.690000 1.475000
vt 2.690000 0.075000
vt -0.637500 0.025000
vt -0.687500 0.025000
vt -0.637500 -0.775000
vt 5.462500 -1.490000
vt 3.842500 -1.490000
vt 3.842500 -2.490000
vt 5.462500 -1.640000
vt 5.462500 -1.590000
vt 3.842500 -3.065000
vt 5.462500 -2.490000
vt -3.065000 0.075000
vt -2.490000 -0.725000
vt -3.065000 -0.725000
vt -1.490000 0.075000
vt -0.790000 -0.725000
vt -1.490000 -0.725000
vt -2.490000 0.075000
vt 5.462500 0.075000
vt -3.065000 1.825000
vt -2.490000 1.275000
vt -3.065000 1.275000
vt -2.490000 1.824999
vt -3.065000 1.275000
vt -1.490000 1.825000
vt -0.790000 1.275000
vt -1.490000 1.275000
vt -1.490000 1.824999
vt -1.490000 1.275000
vt 3.842500 1.825000
vt 5.462500 1.275000
vt 3.842500 1.275000
vt -1.640000 1.825000
vt -1.590000 1.275000
vt -1.640000 1.275000
vt 5.462500 1.825000
vt 3.842500 1.275000
vt 5.462500 1.275000
vt -0.790000 0.075000
vt -3.497500 -1.640000
vt -3.692500 -2.540000
vt -3.497500 -2.540000
vt -3.692500 -3.090000
vt -3.497500 -3.090000
vt -3.692500 -0.725000
vt -3.497500 -0.725000
vt -0.797500 -0.725000
vt -0.417500 -1.640000
vt -0.417500 -2.540000
vt -0.797500 -3.090000
vt -0.417500 -3.090000
vt -0.797500 -2.540000
vt -2.647500 -1.640000
vt -2.647500 -0.725000
vt -2.647500 -2.540000
vt -2.647500 -3.090000
vt -0.797500 -0.725000
vt -1.647500 0.075000
vt -1.647500 -0.725000
vt 2.490000 0.075000
vt 2.490000 -0.725000
vt -0.797500 0.075000
vt -3.497500 -0.725000
vt -3.692500 0.075000
vt -3.692500 -0.725000
vt -2.647500 0.075000
vt -2.647500 -0.725000
vt -3.090000 -0.725000
vt -3.497500 0.075000
vt -0.725340 0.075131
vt -3.090000 0.075000
vt -4.462500 0.075000
vt -4.462500 -0.725000
vt -3.497500 2.290000
vt -2.647500 2.290000
vt -0.797500 2.290000
vt -0.417500 2.290000
vt -3.692500 2.290000
vt -1.639999 1.800000
vt -0.725000 1.825000
vt -0.725000 1.800000
vt 2.290000 1.800000
vt -0.417500 1.800000
vt -0.797500 1.825000
vt -0.797500 1.800000
vt -3.692500 1.800000
vt -4.462500 1.825000
vt -4.462500 1.800000
vt -3.497500 1.800000
vt -2.647500 1.825000
vt -2.647500 1.800000
vt -3.497500 2.490000
vt -2.647500 2.690000
vt -2.647500 2.490000
vt -3.090000 1.800000
vt -2.540000 1.825000
vt -2.540000 1.800000
vt -3.497500 1.825000
vt -3.692500 1.825000
vt -0.417500 1.825000
vt -2.647500 1.675000
vt -3.497500 1.475000
vt -2.647500 1.475000
vt 2.490000 1.475000
vt -0.417500 1.474985
vt -3.692500 1.474985
vt -3.497500 1.474985
vt -2.540000 1.474985
vt -2.647500 1.474985
vt -4.462500 1.474985
vt -0.725000 1.474985
vt -0.797500 1.475000
vt -1.639999 1.825000
vt -1.647500 1.474985
vt -1.647500 1.825000
vt -1.647500 1.800000
vt -1.647500 -0.725000
vt -1.647500 2.290000
vt 2.690000 -0.725000
vt -1.647500 -1.640000
vt -1.647500 -2.540000
vt -1.647500 -3.090000
vt -0.797500 -1.640000
vt -0.797500 1.474985
vt -1.647500 2.490000
vt -0.797500 2.690000
vt -0.797500 2.490000
vt -3.692500 -1.640000
vt -3.771217 -2.540000
vt -3.900030 -1.640000
vt -4.030985 -0.725000
vt -1.640339 0.075131
vt -3.090000 1.825000
vt -3.090000 1.474985
vt -2.540000 1.474985
vt 2.290000 1.474985
vt -3.497500 -0.825000
vt -2.647500 -0.825000
vt -4.462500 -0.825000
vt 1.517500 4.490000
vt 3.187500 2.690000
vt 3.187500 4.490000
vt -0.797500 4.490000
vt -0.237500 2.690000
vt -0.237500 4.490000
vt 0.317500 4.490000
vt 0.762500 4.490000
vt -1.647500 4.490000
vt -0.797500 2.690000
vt 0.937500 4.490000
vt 1.517500 2.690000
vt 4.687500 4.490000
vt 5.462500 2.690000
vt 5.462500 4.490000
vt 3.187500 -0.725000
vt 3.187500 0.075000
vt 0.762500 -0.725000
vt -1.647500 -0.825000
vt 3.762500 -0.825000
vt 4.687500 -0.825000
vt 0.037500 0.075000
vt 0.317500 -0.725000
vt 0.037500 -0.725000
vt 0.037500 1.275000
vt -4.462500 1.275000
vt 1.517500 1.475000
vt 3.187500 0.684999
vt 0.037500 1.825000
vt -3.497500 1.475000
vt -2.647500 1.825000
vt -4.462500 1.825000
vt 3.762500 1.825000
vt 3.762500 1.475000
vt 3.187500 1.475000
vt 5.462500 -0.825000
vt 3.187500 -0.825000
vt -4.462500 4.490000
vt -3.497500 2.690000
vt -3.497500 4.490000
vt 1.517500 -0.825000
vt 0.317500 -0.825000
vt 0.762500 -0.825000
vt -2.647500 4.490000
vt -1.647500 2.690000
vt 0.937500 -0.825000
vt 3.762500 4.490000
vt -0.797500 -0.825000
vt -0.237500 -0.725000
vt -0.237500 -0.825000
vt -1.590000 1.775000
vt -1.640000 1.775000
vt 2.290000 1.475000
vt -0.797500 -1.639999
vt -0.417500 -1.639999
vt -2.647500 -1.639999
vt -1.647500 -1.639999
vt -3.771220 -2.540000
vt -3.497500 -1.639999
vt -4.462500 2.290000
vt -4.030990 -0.725000
vt -3.497500 -0.725000
vt -1.647500 1.825000
vt -1.647500 1.475000
vt -1.647500 1.675000
vt -0.797500 1.675000
vt -0.797500 1.825000
vt -2.647500 -0.725000
vt -1.647500 -0.725000
vt -0.797500 -0.725000
vt 0.317500 -1.220000
vt 0.317500 -1.510000
vt 0.037500 -1.220000
vt 0.037500 -0.725001
vt 0.937500 -0.725001
vt 0.317500 -0.725001
vt 0.317500 2.290000
vt -0.337500 -3.090000
vt -3.490000 1.275000
vt 0.317500 1.824999
vt 0.317500 1.750000
vt 0.037500 -2.540000
vt 0.037500 -1.640000
vt 2.862500 -3.090000
vt 2.862500 -2.540000
vt 2.862500 -1.640000
vt 3.187500 -2.540000
vt 3.762500 -3.090000
vt 3.187500 -1.640000
vt 3.187500 -1.590000
vt 5.462500 -3.065000
vt -1.590000 1.824999
vt -0.637500 -1.485000
vt -0.687500 -0.980000
vt -0.637500 -0.980000
vt -0.312500 -0.980000
vt -0.312500 -1.485000
vt -0.687500 -0.645000
vt -0.637500 -0.645000
vt -0.312500 -0.645000
vt -0.962500 -0.645000
vt -0.962500 2.315000
vt 0.262500 2.315000
vt 1.187500 -0.645000
vt 0.262500 -0.645000
vt -0.312500 2.315000
vt 1.962500 2.315000
vt 1.962500 -0.645000
vt -0.687500 2.315000
vt -0.637500 2.315000
vt 0.262500 -0.980000
vt 0.262500 -1.485000
vt 2.862500 -1.590000
vt 3.187500 -1.510000
vt 3.762500 1.824999
vt 3.762500 1.775000
vt 3.762500 1.275000
vt 3.762500 1.404999
vt 3.187500 1.825000
vt 2.290000 1.825000
vt 0.037500 -1.025000
vt 0.037500 -0.825000
vt 2.690000 -0.825000
vt 4.490000 -1.025000
vt 4.490000 -0.825000
vt -4.462500 -1.025000
vt 4.687500 -1.025000
vt -1.647500 -1.025000
vt 2.690000 -1.025000
vt 3.762500 -1.025000
vt 3.187500 -1.025000
vt 1.517500 -1.025000
vt 0.937500 -1.025000
vt -2.647500 -1.025000
vt 0.762500 -1.025000
vt -3.497500 -1.025000
vt -4.862500 -0.825000
vt -4.862500 1.275000
vt -4.862500 0.075000
vt -4.862500 -0.725000
vt -4.862500 1.825000
vt -3.490000 0.075000
vt -3.490000 -0.725000
vt -3.490000 1.275000
vt 2.690000 1.275000
vt -3.490000 1.825000
vt -3.490000 -0.825000
vt -3.490000 -1.025000
vt -4.092500 0.075000
vt -3.692500 -0.725000
vt -3.692500 0.075000
vt -3.692500 1.275000
vt -0.797500 1.275000
vt 0.762500 1.275000
vt 0.317500 1.825000
vt 0.317500 1.275000
vt -0.237500 1.825000
vt 5.862500 0.075000
vt 0.762500 1.825000
vt 5.862500 -0.825000
vt 5.862500 -0.725000
vt 5.862500 -1.025000
vt 5.462500 -1.025000
vt 5.862500 1.275000
vt -3.465000 1.275000
vt 2.690000 1.825000
vt -3.465000 1.825000
vt -3.465000 0.075000
vt -3.465000 -0.725000
vt -4.092500 -0.725000
vt -3.692500 -0.825000
vt 0.037500 -0.825000
vt -3.465000 -0.825000
vt -4.092500 -0.825000
vt -3.692500 -1.025000
vt 0.317500 -1.025000
vt 0.037500 -1.025000
vt 3.187500 2.025000
vt -0.237500 2.025000
vt 5.862500 2.025000
vt 5.862500 1.825000
vt 0.317500 2.025000
vt 4.687500 1.825000
vt 5.462500 2.025000
vt -3.465000 2.025000
vt -0.797500 2.025000
vt 4.687500 2.025000
vt 0.317500 1.825000
vt 0.762500 2.025000
vt -3.497500 1.825000
vt -2.647500 2.025000
vt -0.797500 2.025000
vt -0.237500 2.025000
vt -0.237500 1.825000
vt 3.762500 2.025000
vt 2.690000 2.025000
vt -4.462500 2.025000
vt -3.497500 2.025000
vt -1.647500 2.025000
vt 4.687500 1.275000
vt 4.687500 0.075000
vt 3.187500 1.275000
vt 5.862500 -3.465000
vt 5.462500 -3.477500
vt 4.687500 -3.483750
vt 1.517500 1.275000
vt 1.517500 2.025000
vt 3.762500 -3.486876
vt 0.937500 2.025000
vt 3.187500 -3.488438
vt 0.762500 1.475000
vt 0.762500 1.675000
vt 1.517500 -3.489219
vt 0.317500 1.675000
vt 0.762500 -0.725001
vt 0.762500 -1.220000
vt 0.937500 -1.220000
vt 0.317500 -1.590000
vt 0.317500 1.404999
vt 0.937500 -3.489610
vt 0.037500 1.404999
vt 0.037500 2.025000
vt 0.762500 1.824999
vt 0.317500 2.690000
vt 0.317500 2.025000
vt -0.237500 -1.025000
vt -0.237500 1.275000
vt -0.237500 0.075000
vt 0.037500 4.490000
vt -0.797500 -1.025000
vt 0.037500 2.690000
vt 0.037500 2.690000
vt -0.237500 2.690000
vt -1.647500 2.025000
vt -1.647500 1.825000
vt -0.797500 -0.825000
vt -1.647500 1.275000
vt -2.647500 1.275000
vt -2.647500 2.025000
vt -1.647500 -0.825000
vt -0.797500 -1.025000
vt -1.647500 -0.725000
vt -1.647500 0.075000
vt -3.497499 2.025000
vt -3.497499 1.825000
vt -3.497499 1.275000
vt -1.647500 -1.025000
vt -3.692500 1.825000
vt -3.692500 2.025000
vt -3.497499 -0.825000
vt -3.497499 -0.725000
vt -3.497499 0.075000
vt -4.092500 1.825000
vt -4.092500 2.025000
vt -4.092500 1.275000
vt -3.497499 -1.025000
vt -0.797500 -3.490000
vt -1.647500 -3.490000
vt -2.647500 -3.490000
vt -3.497499 -3.490000
vt -3.692500 -3.490000
vt -4.462500 2.690000
vt -4.092500 -3.490000
vt -4.862500 2.690000
vt -1.640000 1.750000
vt -2.540000 1.455000
vt -2.540000 1.750000
vt -3.090000 1.454999
vt -1.640000 1.455000
vt -1.590000 1.454999
vt 2.562500 0.684999
vt 2.202500 1.275000
vt 2.202500 0.684999
vt 2.562500 0.075000
vt 2.562500 1.775000
vt 2.562500 -0.725000
vt 2.202500 0.075000
vt 2.202500 -0.725000
vt 2.202500 -2.490000
vt 2.562500 -1.640000
vt 2.202500 -1.640000
vt 2.562500 -1.590000
vt 2.202500 -1.590000
vt 2.202500 -2.540000
vt 2.562500 -2.490000
vt 2.202500 -3.090000
vt 2.562500 -2.540000
vt 2.152500 -3.090000
vt 2.152500 -2.540000
vt 2.152500 -2.490000
vt 2.152500 -1.640000
vt 2.152500 -1.590000
vt 2.202500 1.750000
vt 2.152500 0.684999
vt 2.562500 1.275000
vt 2.202500 1.404999
vt 2.562500 1.454999
vt 2.562500 1.404999
vt 2.152500 1.454999
vt 2.152500 1.404999
vt 2.202500 1.454999
vt 2.612500 1.454999
vt 2.612500 1.404999
vt 0.762500 1.454999
vt 0.037500 1.454999
vt 0.317500 1.454999
vt 3.187500 1.775000
vt 3.762500 1.454999
vt 3.187500 1.404999
vt -2.490000 1.454999
vt -2.490000 1.404999
vt 0.037500 1.404999
vt -1.640000 1.454999
vt -1.590000 1.404999
vt -0.237500 1.404999
vt 0.037500 1.454999
vt 2.862500 1.404999
vt 3.187500 1.454999
vt 0.937500 1.454999
vt -3.090000 1.404999
vt 3.187500 1.454999
vt -0.237500 1.454999
vt -0.337500 1.404999
vt -2.540000 1.454999
vt -0.337500 1.454999
vt 2.562500 -3.090000
vt -0.037500 1.475000
vt -0.307500 1.775001
vt -0.037500 1.675000
vt -0.037500 1.474984
vt 0.037500 1.675000
vt 0.317500 1.275000
vt 0.762500 1.275000
vt -1.647500 1.775001
vt -0.797500 1.775001
vt -2.647500 1.775001
vt -1.632840 1.475116
vt -2.540000 1.675000
vt -3.090000 1.675000
vt -1.646538 1.474985
vt -1.639999 1.675000
vt -3.497500 1.775001
vt -3.692500 1.675000
vt -3.497500 1.675000
vt -4.462500 1.675000
vt -0.417500 1.475000
vt -0.725000 1.675000
vt -0.725340 1.475116
vt 0.937500 1.275000
vt 1.517500 1.675000
vt 2.287500 1.475000
vt -1.510000 1.675000
vt -1.219999 1.675000
vt -0.725000 1.475000
vt -0.725000 1.675000
vt -1.219999 1.474984
vt 2.290000 1.675000
vt 2.287500 1.475000
vt -1.510000 1.675000
vt -0.417500 1.474985
vt -0.637500 1.225000
vt -0.687500 1.425000
vt -0.312500 0.025000
vt 2.315000 0.025000
vt 2.565000 0.025000
vt -1.485000 0.025000
vt 2.287500 0.075000
vt 3.842500 -0.790000
vt 5.462500 -0.790000
vt -0.790000 1.275000
vt -1.590000 1.825000
vt 1.187500 1.625000
vt 0.262500 1.425000
vt 1.187500 1.425000
vt -0.637500 1.625000
vt -0.312500 1.225000
vt -0.312500 1.625000
vt 0.262500 1.225000
vt -0.980000 1.625000
vt -1.485000 1.425000
vt -1.005000 1.675000
vt -0.670000 1.475000
vt -0.670000 1.675000
vt 4.687500 1.675000
vt 5.462500 1.475000
vt -0.645000 1.625000
vt -0.687500 1.625000
vt 3.762500 1.675000
vt 2.315000 1.625000
vt 1.962500 1.625000
vt -0.962500 1.625000
vt 0.262500 1.625000
vt -1.632500 1.675000
vt -3.901110 -1.640000
vt -1.638125 1.800000
vt -1.636250 1.775000
vt 2.290000 1.675000
vt -2.540000 1.775001
vt -3.090000 1.775001
vt -1.639999 1.775001
vt -0.417500 1.775001
vt -3.692500 1.775001
vt -4.462500 1.775001
vt 0.762500 1.825000
vt -0.307500 1.825000
vt 2.287500 1.675000
vt -1.220000 1.675000
vt -0.725000 1.675000
vt -1.219999 1.675000
vt 2.287500 1.675000
vt 0.037500 1.824999
vt 2.862500 1.824999
vt 3.187500 1.824999
vt 2.862500 1.454999
vt 2.862500 1.454999
vt 2.862500 1.275000
vt -0.337500 1.275000
vt 2.202500 1.824999
vt 2.862500 1.824999
vt 2.562500 1.824999
vt -1.485000 1.625000
vt -1.005000 1.775000
vt -0.670000 1.675000
vt -0.670000 1.775000
vt 2.290000 1.675000
vt -1.510000 1.775000
vt 4.687500 1.775000
vt 5.462500 1.675000
vt 2.690000 0.684999
vt 1.187500 2.565000
vt 1.187500 2.315000
vt 2.315000 1.425000
vt 2.565000 0.025000
vt -0.312500 2.315000
vt 0.262500 2.565000
vt 2.690000 1.475000
vt 2.290000 1.475000
vt -3.490000 1.275000
vt 0.762500 1.275000
vt -1.510000 1.825000
vt 2.287500 1.825000
vt -0.725000 1.825000
vt -1.220000 1.825000
vt 2.287500 1.825000
vt 1.231250 -0.010000
vt 2.315000 1.775000
vt -0.645000 1.775000
vt 2.540000 1.475000
vt -0.637500 0.635000
vt -2.490000 1.825000
vt -0.790000 1.825000
vt -3.090000 1.275000
vt -0.687500 -1.485000
vt -0.962500 -0.980000
vt 3.762500 -1.510000
vt -4.862500 -1.025000
vt -3.465000 -1.025000
vt -4.092500 -1.025000
vt -3.490000 2.025000
vt -4.862500 2.025000
vt 5.862500 2.690000
vt -0.670000 1.775000
vt 2.290000 1.775000
vt 5.462500 1.775000
vt 2.565000 1.425000
vt -0.312500 2.565000
s 0
usemtl White
f 226/34/3 786/35/3 803/36/3
f 226/65/5 460/46/5 90/29/5
f 902/105/4 74/106/4 907/107/4
f 889/108/6 65/109/6 897/110/6
f 903/111/6 968/112/6 979/113/6
f 885/110/2 69/117/2 898/108/2
f 896/118/6 423/117/6 889/108/6
f 886/122/3 67/123/3 885/124/3
f 887/125/2 433/126/2 899/127/2
f 899/127/2 954/129/2 959/130/2
f 909/133/4 907/107/4 74/106/4
f 908/134/2 459/135/2 904/136/2
f 898/108/2 428/140/2 890/141/2
f 16/49/4 194/149/4 20/51/4
f 43/50/3 12/49/3 170/51/3
f 897/166/3 66/137/3 884/167/3
f 1026/170/1 141/171/1 1029/172/1
f 1029/172/1 679/175/1 1033/176/1
f 1027/205/5 597/175/5 1032/176/5
f 844/209/5 784/162/5 783/160/5
f 146/210/3 866/211/3 869/212/3
f 867/213/6 125/214/6 864/215/6
f 424/216/6 875/217/6 879/218/6
f 620/219/6 879/218/6 882/220/6
f 127/221/2 868/218/2 866/217/2
f 871/222/4 124/223/4 867/224/4
f 342/229/3 1027/230/3 1030/231/3
f 129/244/3 869/212/3 865/245/3
f 418/253/2 870/254/2 878/255/2
f 164/256/4 871/222/4 876/257/4
f 160/258/4 878/259/4 877/260/4
f 162/261/2 876/262/2 870/254/2
f 880/263/2 160/253/2 877/255/2
f 197/279/1 1022/280/1 1019/281/1
f 229/282/1 1021/283/1 1022/280/1
f 449/320/6 1017/321/6 1018/322/6
f 205/323/2 1001/324/2 1008/325/2
f 450/326/6 1010/327/6 1014/328/6
f 206/329/3 1006/330/3 1009/331/3
f 447/320/2 1002/327/2 1015/322/2
f 451/332/6 1009/325/6 1012/324/6
f 446/333/3 1008/334/3 1006/330/3
f 452/335/6 1012/324/6 1013/336/6
f 210/337/2 1007/328/2 1002/327/2
f 207/338/4 1003/334/4 1011/339/4
f 445/333/4 1014/340/4 1007/330/4
f 470/341/6 1013/336/6 1017/321/6
f 208/342/4 1015/343/4 1003/334/4
f 1023/283/5 473/282/5 1024/280/5
f 204/342/3 1004/339/3 1001/334/3
f 1019/370/4 219/371/4 197/372/4
f 462/341/2 1011/322/2 1016/321/2
f 203/332/2 1005/336/2 1004/324/2
f 998/450/4 843/451/4 984/452/4
f 992/453/8 838/451/8 985/452/8
f 989/454/6 289/455/6 990/456/6
f 993/457/6 292/458/6 992/459/6
f 987/460/2 315/461/2 991/462/2
f 394/463/5 408/464/5 410/465/5
f 994/466/4 293/467/4 997/468/4
f 986/457/2 297/469/2 987/460/2
f 995/460/6 294/470/6 993/457/6
f 988/456/2 290/471/2 994/454/2
f 350/229/3 394/475/3 390/431/3
f 997/468/4 396/484/4 998/450/4
f 991/462/2 320/486/2 996/487/2
f 482/490/3 388/431/3 392/432/3
f 996/487/2 295/455/2 988/456/2
f 325/464/1 390/463/1 388/465/1
f 349/497/1 389/496/1 393/498/1
f 982/468/8 291/504/8 986/466/8
f 982/468/10 336/404/10 333/467/10
f 197/318/2 478/84/2 229/132/2
f 229/132/2 477/526/2 228/527/2
f 476/193/2 141/87/2 118/192/2
f 141/87/2 680/528/2 679/147/2
f 327/429/2 352/428/2 337/430/2
f 482/438/2 350/440/2 325/437/2
f 354/443/2 474/434/2 481/444/2
f 623/532/2 347/533/2 622/534/2
f 118/192/2 477/526/2 476/193/2
f 197/318/2 480/319/2 479/303/2
f 626/535/2 342/200/2 623/532/2
f 358/536/2 350/440/2 354/443/2
f 135/537/2 804/538/2 787/237/2
f 197/318/2 360/402/2 355/390/2
f 587/253/2 135/537/2 586/206/2
f 624/539/2 130/227/2 626/535/2
f 219/366/2 368/407/2 360/402/2
f 357/540/2 409/541/2 408/474/2
f 364/542/2 357/540/2 358/536/2
f 472/543/2 219/366/2 473/544/2
f 366/261/2 359/545/2 135/537/2
f 439/137/4 910/561/4 911/562/4
f 393/431/4 356/371/4 349/229/4
f 395/432/4 327/229/4 337/490/4
f 320/493/5 397/423/5 295/421/5
f 291/414/5 398/413/5 297/415/5
f 315/427/5 400/492/5 320/493/5
f 297/415/5 399/426/5 315/427/5
f 295/421/5 293/420/5 290/422/5
f 400/492/5 401/564/5 397/423/5
f 397/423/5 396/565/5 293/420/5
f 398/413/5 403/566/5 399/426/5
f 399/426/5 404/567/5 400/492/5
f 333/568/5 402/569/5 398/413/5
f 292/570/5 294/449/5 838/571/5
f 841/572/5 294/449/5 296/445/5
f 408/474/2 415/573/2 414/574/2
f 410/465/5 414/555/5 412/496/5
f 412/496/5 356/497/5 391/498/5
f 414/574/2 362/577/2 356/483/2
f 405/578/5 296/445/5 406/446/5
f 406/446/5 842/579/5 405/578/5
f 413/489/5 840/580/5 842/579/5
f 288/448/5 840/580/5 289/447/5
f 128/63/5 619/581/5 617/582/5
f 127/173/5 417/583/5 128/63/5
f 146/174/5 420/584/5 417/583/5
f 162/247/5 421/585/5 161/178/5
f 417/583/5 618/586/5 619/581/5
f 162/247/5 163/185/5 164/249/5
f 421/585/5 125/179/5 161/178/5
f 161/178/5 124/186/5 163/185/5
f 129/180/5 424/181/5 420/584/5
f 420/584/5 620/587/5 618/586/5
f 65/13/5 422/14/5 66/48/5
f 66/48/5 419/6/5 68/4/5
f 68/4/5 69/5/5 67/588/5
f 890/141/2 614/590/2 893/591/2
f 419/6/5 428/79/5 69/5/5
f 422/14/5 427/592/5 419/6/5
f 423/15/5 429/593/5 422/14/5
f 611/3/5 72/69/5 614/55/5
f 612/18/5 430/10/5 611/3/5
f 612/18/5 606/9/5 431/7/5
f 430/10/5 433/60/5 72/69/5
f 431/7/5 432/61/5 430/10/5
f 606/9/5 434/58/5 431/7/5
f 966/25/5 70/594/5 969/23/5
f 967/28/5 436/595/5 966/25/5
f 968/30/5 437/596/5 967/28/5
f 467/597/5 71/598/5 459/37/5
f 465/599/5 74/38/5 467/597/5
f 466/600/5 439/39/5 465/599/5
f 909/133/4 439/137/4 911/562/4
f 227/603/5 204/604/5 443/605/5
f 227/603/5 469/606/5 462/607/5
f 443/605/5 444/608/5 448/609/5
f 443/605/5 468/610/5 469/606/5
f 204/604/5 446/611/5 444/608/5
f 206/612/5 444/608/5 446/611/5
f 449/613/5 210/614/5 447/615/5
f 470/616/5 447/615/5 468/610/5
f 210/614/5 450/617/5 445/618/5
f 451/619/5 448/609/5 444/608/5
f 452/620/5 468/610/5 448/609/5
f 469/606/5 447/615/5 208/621/5
f 462/607/5 208/621/5 207/622/5
f 438/623/5 465/599/5 437/596/5
f 437/596/5 467/597/5 436/595/5
f 436/595/5 459/37/5 70/594/5
f 464/624/5 86/41/5 460/46/5
f 86/159/4 194/149/4 62/128/4
f 227/335/2 1016/321/2 1005/336/2
f 904/136/2 71/625/2 902/626/2
f 365/629/2 473/544/2 359/545/2
f 1024/280/5 219/279/5 1020/281/5
f 209/337/6 1018/322/6 1010/327/6
f 746/630/3 874/245/3 883/224/3
f 354/443/2 498/648/2 358/536/2
f 481/444/2 497/649/2 354/443/2
f 358/536/2 499/651/2 364/542/2
f 502/652/11 500/490/11 501/653/11
f 497/229/11 504/654/11 498/655/11
f 503/656/11 498/655/11 504/654/11
f 502/659/6 666/660/6 667/661/6
f 665/662/6 502/659/6 667/661/6
f 99/163/6 640/577/6 637/663/6
f 84/664/6 615/665/6 610/666/6
f 416/535/6 510/667/6 99/163/6
f 590/87/12 40/86/12 589/88/12
f 513/668/13 552/402/13 551/390/13
f 509/669/12 591/102/12 592/253/12
f 360/402/2 516/668/2 355/390/2
f 355/390/2 520/671/2 480/319/2
f 368/407/2 517/674/2 360/402/2
f 515/675/3 518/676/3 514/677/3
f 513/678/3 517/655/3 515/675/3
f 512/679/3 516/229/3 513/678/3
f 366/261/2 536/688/2 365/629/2
f 511/539/6 546/689/6 510/667/6
f 368/407/2 549/690/2 518/691/2
f 509/669/6 616/692/6 615/665/6
f 367/693/2 539/694/2 368/407/2
f 518/676/3 548/695/3 514/677/3
f 415/573/2 521/696/2 362/577/2
f 472/543/2 538/697/2 367/693/2
f 361/698/2 599/699/2 598/669/2
f 363/700/2 540/701/2 409/541/2
f 514/691/13 556/694/13 553/407/13
f 640/577/6 546/689/6 643/702/6
f 362/577/2 633/703/2 631/704/2
f 365/629/2 542/705/2 472/543/2
f 503/656/11 543/706/11 499/676/11
f 499/651/2 508/707/2 364/542/2
f 364/542/2 519/708/2 363/700/2
f 409/541/2 541/709/2 415/573/2
f 553/407/14 563/697/14 560/693/14
f 553/407/13 515/674/13 514/691/13
f 551/390/14 559/710/14 558/711/14
f 513/668/13 550/319/13 512/671/13
f 558/711/15 566/131/15 565/132/15
f 560/693/15 570/705/15 567/543/15
f 560/693/14 552/402/14 553/407/14
f 551/390/14 557/303/14 550/319/14
f 567/543/16 577/688/16 574/629/16
f 565/132/16 573/712/16 572/527/16
f 567/543/15 559/710/15 560/693/15
f 558/711/15 564/84/15 557/303/15
f 548/713/1 539/524/1 556/714/1
f 538/279/1 556/714/1 539/524/1
f 542/282/1 563/715/1 538/279/1
f 572/527/17 580/716/17 579/192/17
f 574/629/17 584/717/17 581/261/17
f 574/629/16 566/131/16 567/543/16
f 565/132/16 571/526/16 564/84/16
f 536/512/1 570/718/1 542/282/1
f 581/261/18 595/719/18 592/253/18
f 579/192/18 591/102/18 590/87/18
f 581/261/17 573/712/17 574/629/17
f 572/527/17 578/193/17 571/526/17
f 537/522/1 577/720/1 536/512/1
f 587/253/2 537/717/2 366/261/2
f 598/669/2 586/206/2 597/721/2
f 1031/172/5 135/522/5 1028/170/5
f 590/87/12 84/664/12 58/147/12
f 592/253/12 545/699/12 509/669/12
f 592/253/18 580/716/18 581/261/18
f 579/192/18 589/88/18 578/193/18
f 588/171/1 584/723/1 537/522/1
f 361/698/2 597/721/2 130/227/2
f 598/669/2 588/719/2 587/253/2
f 1032/176/5 586/171/5 1031/172/5
f 603/725/5 425/177/5 421/585/5
f 604/726/5 421/585/5 418/727/5
f 601/142/5 418/727/5 160/143/5
f 617/219/2 880/263/2 881/220/2
f 599/175/1 595/730/1 588/171/1
f 128/216/2 881/220/2 868/218/2
f 615/665/6 547/732/6 511/539/6
f 610/666/6 511/539/6 416/535/6
f 429/593/5 613/728/5 612/18/5
f 429/593/5 611/3/5 427/592/5
f 427/592/5 614/55/5 428/79/5
f 893/591/2 72/733/2 887/125/2
f 618/586/5 605/189/5 603/725/5
f 619/581/5 603/725/5 604/726/5
f 617/582/5 604/726/5 601/142/5
f 616/57/1 599/175/1 526/734/1
f 624/539/2 526/735/2 361/698/2
f 631/704/2 626/535/2 632/737/2
f 632/737/2 623/532/2 630/738/2
f 630/738/2 622/534/2 629/559/2
f 349/433/2 629/559/2 352/428/2
f 349/433/2 632/737/2 630/738/2
f 356/483/2 631/704/2 632/737/2
f 631/704/2 628/732/2 624/539/2
f 616/57/1 628/742/1 547/80/1
f 547/80/1 633/743/1 546/78/1
f 640/577/6 650/744/6 647/745/6
f 637/663/6 647/745/6 644/747/6
f 99/163/6 639/433/6 53/71/6
f 639/433/6 39/72/6 53/71/6
f 644/747/6 654/541/6 651/748/6
f 647/745/6 657/749/6 654/541/6
f 644/747/6 639/433/6 637/663/6
f 646/753/6 638/428/6 639/433/6
f 654/541/6 664/754/6 661/755/6
f 651/748/6 661/755/6 658/756/6
f 651/748/6 646/753/6 644/747/6
f 653/437/6 645/752/6 646/753/6
f 658/756/6 668/758/6 665/662/6
f 661/755/6 671/759/6 668/758/6
f 658/756/6 653/437/6 651/748/6
f 660/762/6 652/438/6 653/437/6
f 503/763/6 671/759/6 544/764/6
f 504/765/6 668/758/6 503/763/6
f 665/662/6 660/762/6 658/756/6
f 667/661/6 659/761/6 660/762/6
f 643/767/1 633/743/1 521/497/1
f 650/768/1 521/497/1 541/555/1
f 657/769/1 541/555/1 540/464/1
f 664/770/1 540/464/1 519/549/1
f 671/771/1 519/549/1 508/772/1
f 544/773/1 508/772/1 543/774/1
f 342/200/2 680/528/2 347/533/2
f 1033/176/1 342/734/1 1030/205/1
f 900/775/4 737/776/4 901/777/4
f 895/124/4 737/776/4 734/778/4
f 906/561/3 736/779/3 732/780/3
f 905/785/2 969/112/2 978/113/2
f 905/105/3 735/776/3 913/107/3
f 894/803/6 953/129/6 958/130/6
f 951/799/5 707/796/5 954/798/5
f 952/801/5 704/794/5 951/799/5
f 953/802/5 705/791/5 952/801/5
f 894/166/4 738/779/4 900/775/4
f 941/806/2 731/807/2 938/808/2
f 940/806/6 955/809/6 961/810/6
f 939/808/6 733/811/6 940/806/6
f 938/808/2 975/812/2 981/813/2
f 913/107/3 736/779/3 914/562/3
f 732/792/5 738/791/5 733/793/5
f 737/794/5 736/790/5 735/797/5
f 737/794/5 731/836/5 734/796/5
f 129/180/5 746/162/5 126/161/5
f 874/838/2 129/221/2 865/217/2
f 843/451/4 989/453/4 984/452/4
f 787/237/2 228/527/2 118/192/2
f 803/36/3 42/128/3 43/50/3
f 404/567/5 840/580/5 401/564/5
f 402/569/5 405/578/5 403/566/5
f 403/566/5 842/579/5 404/567/5
f 336/904/5 841/572/5 402/569/5
f 401/564/5 843/209/5 396/565/5
f 983/905/21 838/451/21 336/404/21
f 862/245/4 760/907/4 844/857/4
f 425/253/6 864/215/6 125/214/6
f 873/263/6 425/253/6 605/914/6
f 882/220/6 605/914/6 620/219/6
f 746/915/6 875/217/6 126/221/6
f 883/224/3 783/857/3 784/907/3
f 891/125/6 435/126/6 606/733/6
f 886/122/3 66/137/3 68/106/3
f 892/591/6 606/733/6 613/590/6
f 896/118/6 613/590/6 64/921/6
f 706/602/4 900/775/4 705/137/4
f 733/811/6 958/130/6 955/809/6
f 704/106/4 895/124/4 707/123/4
f 705/137/4 901/777/4 704/106/4
f 691/106/3 914/562/3 692/137/3
f 438/922/6 912/817/6 466/923/6
f 466/923/6 910/626/6 75/625/6
f 694/123/3 913/107/3 691/106/3
f 731/807/2 978/113/2 975/812/2
f 692/137/3 906/561/3 693/602/3
f 956/809/2 895/803/2 734/811/2
f 960/810/2 734/811/2 941/806/2
f 435/8/5 952/801/5 434/58/5
f 434/58/5 951/799/5 432/61/5
f 432/61/5 954/798/5 433/60/5
f 958/130/6 435/126/6 888/127/6
f 959/130/2 707/928/2 895/803/2
f 976/812/6 906/785/6 732/807/6
f 980/813/6 732/807/6 939/808/6
f 978/113/2 70/929/2 908/134/2
f 693/792/5 967/28/5 692/790/5
f 692/790/5 966/25/5 691/797/5
f 691/797/5 969/23/5 694/836/5
f 979/113/6 693/930/6 906/785/6
f 413/486/6 990/456/6 289/455/6
f 406/461/6 1000/487/6 413/486/6
f 296/469/6 999/462/6 406/461/6
f 804/939/3 1021/231/3 228/229/3
f 359/371/3 1025/239/3 804/939/3
f 1026/231/4 787/939/4 118/229/4
f 1034/239/4 135/946/4 787/939/4
f 226/34/3 90/405/3 786/35/3
f 226/65/5 464/624/5 460/46/5
f 902/105/4 71/123/4 74/106/4
f 889/108/6 423/117/6 65/109/6
f 903/111/6 438/922/6 968/112/6
f 885/110/2 67/109/2 69/117/2
f 896/118/6 64/921/6 423/117/6
f 886/122/3 68/106/3 67/123/3
f 887/125/2 72/733/2 433/126/2
f 899/127/2 433/126/2 954/129/2
f 908/134/2 70/929/2 459/135/2
f 898/108/2 69/117/2 428/140/2
f 16/49/4 62/128/4 194/149/4
f 43/50/3 42/128/3 12/49/3
f 897/166/3 65/602/3 66/137/3
f 1026/170/1 118/522/1 141/171/1
f 1029/172/1 141/171/1 679/175/1
f 1027/205/5 130/734/5 597/175/5
f 844/209/5 760/448/5 784/162/5
f 146/210/3 127/950/3 866/211/3
f 867/213/6 124/951/6 125/214/6
f 424/216/6 126/221/6 875/217/6
f 620/219/6 424/216/6 879/218/6
f 127/221/2 128/216/2 868/218/2
f 871/222/4 163/952/4 124/223/4
f 342/229/3 130/371/3 1027/230/3
f 129/244/3 146/210/3 869/212/3
f 418/253/2 162/261/2 870/254/2
f 164/256/4 163/952/4 871/222/4
f 160/258/4 418/953/4 878/259/4
f 162/261/2 164/954/2 876/262/2
f 880/263/2 601/914/2 160/253/2
f 197/279/1 229/282/1 1022/280/1
f 229/282/1 228/512/1 1021/283/1
f 449/320/6 470/341/6 1017/321/6
f 205/323/2 204/332/2 1001/324/2
f 450/326/6 209/337/6 1010/327/6
f 206/329/3 446/333/3 1006/330/3
f 447/320/2 210/337/2 1002/327/2
f 451/332/6 206/323/6 1009/325/6
f 446/333/3 205/342/3 1008/334/3
f 452/335/6 451/332/6 1012/324/6
f 210/337/2 445/326/2 1007/328/2
f 207/338/4 208/342/4 1003/334/4
f 445/333/4 450/956/4 1014/340/4
f 470/341/6 452/335/6 1013/336/6
f 208/342/4 447/957/4 1015/343/4
f 1023/283/5 359/512/5 473/282/5
f 204/342/3 203/338/3 1004/339/3
f 1019/370/4 1020/958/4 219/371/4
f 462/341/2 207/320/2 1011/322/2
f 203/332/2 227/335/2 1005/336/2
f 998/450/4 396/484/4 843/451/4
f 992/453/8 292/630/8 838/451/8
f 989/454/6 288/471/6 289/455/6
f 993/457/6 294/470/6 292/458/6
f 987/460/2 297/469/2 315/461/2
f 394/463/5 357/549/5 408/464/5
f 994/466/4 290/504/4 293/467/4
f 986/457/2 291/470/2 297/469/2
f 995/460/6 296/469/6 294/470/6
f 988/456/2 295/455/2 290/471/2
f 350/229/3 357/371/3 394/475/3
f 997/468/4 293/467/4 396/484/4
f 991/462/2 315/461/2 320/486/2
f 482/490/3 325/229/3 388/431/3
f 996/487/2 320/486/2 295/455/2
f 325/464/1 350/549/1 390/463/1
f 349/497/1 327/555/1 389/496/1
f 982/468/8 333/467/8 291/504/8
f 982/468/28 983/905/28 336/404/28
f 197/318/2 479/303/2 478/84/2
f 229/132/2 478/84/2 477/526/2
f 476/193/2 475/88/2 141/87/2
f 141/87/2 475/88/2 680/528/2
f 327/429/2 349/433/2 352/428/2
f 482/438/2 474/434/2 350/440/2
f 354/443/2 350/440/2 474/434/2
f 623/532/2 342/200/2 347/533/2
f 118/192/2 228/527/2 477/526/2
f 197/318/2 355/390/2 480/319/2
f 626/535/2 130/227/2 342/200/2
f 358/536/2 357/540/2 350/440/2
f 135/537/2 359/545/2 804/538/2
f 197/318/2 219/366/2 360/402/2
f 587/253/2 366/261/2 135/537/2
f 624/539/2 361/698/2 130/227/2
f 219/366/2 367/693/2 368/407/2
f 357/540/2 363/700/2 409/541/2
f 364/542/2 363/700/2 357/540/2
f 472/543/2 367/693/2 219/366/2
f 366/261/2 365/629/2 359/545/2
f 439/137/4 75/602/4 910/561/4
f 393/431/4 391/475/4 356/371/4
f 395/432/4 389/431/4 327/229/4
f 320/493/5 400/492/5 397/423/5
f 291/414/5 333/568/5 398/413/5
f 315/427/5 399/426/5 400/492/5
f 297/415/5 398/413/5 399/426/5
f 295/421/5 397/423/5 293/420/5
f 400/492/5 404/567/5 401/564/5
f 397/423/5 401/564/5 396/565/5
f 398/413/5 402/569/5 403/566/5
f 399/426/5 403/566/5 404/567/5
f 333/568/5 336/904/5 402/569/5
f 841/572/5 838/571/5 294/449/5
f 408/474/2 409/541/2 415/573/2
f 410/465/5 408/464/5 414/555/5
f 412/496/5 414/555/5 356/497/5
f 414/574/2 415/573/2 362/577/2
f 405/578/5 841/572/5 296/445/5
f 406/446/5 413/489/5 842/579/5
f 413/489/5 289/447/5 840/580/5
f 288/448/5 843/209/5 840/580/5
f 128/63/5 417/583/5 619/581/5
f 127/173/5 146/174/5 417/583/5
f 146/174/5 129/180/5 420/584/5
f 162/247/5 418/727/5 421/585/5
f 417/583/5 420/584/5 618/586/5
f 162/247/5 161/178/5 163/185/5
f 421/585/5 425/177/5 125/179/5
f 161/178/5 125/179/5 124/186/5
f 129/180/5 126/161/5 424/181/5
f 420/584/5 424/181/5 620/587/5
f 65/13/5 423/15/5 422/14/5
f 66/48/5 422/14/5 419/6/5
f 68/4/5 419/6/5 69/5/5
f 890/141/2 428/140/2 614/590/2
f 419/6/5 427/592/5 428/79/5
f 422/14/5 429/593/5 427/592/5
f 423/15/5 64/53/5 429/593/5
f 611/3/5 430/10/5 72/69/5
f 612/18/5 431/7/5 430/10/5
f 612/18/5 613/728/5 606/9/5
f 430/10/5 432/61/5 433/60/5
f 431/7/5 434/58/5 432/61/5
f 606/9/5 435/8/5 434/58/5
f 966/25/5 436/595/5 70/594/5
f 967/28/5 437/596/5 436/595/5
f 968/30/5 438/623/5 437/596/5
f 467/597/5 74/38/5 71/598/5
f 465/599/5 439/39/5 74/38/5
f 466/600/5 75/41/5 439/39/5
f 909/133/4 74/106/4 439/137/4
f 227/603/5 203/963/5 204/604/5
f 227/603/5 443/605/5 469/606/5
f 443/605/5 204/604/5 444/608/5
f 443/605/5 448/609/5 468/610/5
f 204/604/5 205/964/5 446/611/5
f 206/612/5 451/619/5 444/608/5
f 449/613/5 209/941/5 210/614/5
f 470/616/5 449/613/5 447/615/5
f 210/614/5 209/941/5 450/617/5
f 451/619/5 452/620/5 448/609/5
f 452/620/5 470/616/5 468/610/5
f 469/606/5 468/610/5 447/615/5
f 462/607/5 469/606/5 208/621/5
f 438/623/5 466/600/5 465/599/5
f 437/596/5 465/599/5 467/597/5
f 436/595/5 467/597/5 459/37/5
f 464/624/5 85/965/5 86/41/5
f 86/159/4 85/34/4 194/149/4
f 227/335/2 462/341/2 1016/321/2
f 904/136/2 459/135/2 71/625/2
f 365/629/2 472/543/2 473/544/2
f 1024/280/5 473/282/5 219/279/5
f 209/337/6 449/320/6 1018/322/6
f 746/630/3 744/451/3 874/245/3
f 354/443/2 497/649/2 498/648/2
f 481/444/2 500/650/2 497/649/2
f 358/536/2 498/648/2 499/651/2
f 502/652/11 497/229/11 500/490/11
f 497/229/11 502/652/11 504/654/11
f 503/656/11 499/676/11 498/655/11
f 502/659/6 501/680/6 666/660/6
f 665/662/6 504/765/6 502/659/6
f 99/163/6 510/667/6 640/577/6
f 84/664/6 509/669/6 615/665/6
f 416/535/6 511/539/6 510/667/6
f 590/87/12 58/147/12 40/86/12
f 513/668/13 515/674/13 552/402/13
f 509/669/12 84/664/12 591/102/12
f 360/402/2 517/674/2 516/668/2
f 355/390/2 516/668/2 520/671/2
f 368/407/2 518/691/2 517/674/2
f 515/675/3 517/655/3 518/676/3
f 513/678/3 516/229/3 517/655/3
f 512/679/3 520/490/3 516/229/3
f 366/261/2 537/717/2 536/688/2
f 511/539/6 547/732/6 546/689/6
f 368/407/2 539/694/2 549/690/2
f 509/669/6 545/699/6 616/692/6
f 367/693/2 538/697/2 539/694/2
f 518/676/3 549/706/3 548/695/3
f 415/573/2 541/709/2 521/696/2
f 472/543/2 542/705/2 538/697/2
f 361/698/2 526/735/2 599/699/2
f 363/700/2 519/708/2 540/701/2
f 514/691/13 548/690/13 556/694/13
f 640/577/6 510/667/6 546/689/6
f 362/577/2 521/696/2 633/703/2
f 365/629/2 536/688/2 542/705/2
f 503/656/11 544/969/11 543/706/11
f 499/651/2 543/970/2 508/707/2
f 364/542/2 508/707/2 519/708/2
f 409/541/2 540/701/2 541/709/2
f 553/407/14 556/694/14 563/697/14
f 553/407/13 552/402/13 515/674/13
f 551/390/14 552/402/14 559/710/14
f 513/668/13 551/390/13 550/319/13
f 558/711/15 559/710/15 566/131/15
f 560/693/15 563/697/15 570/705/15
f 560/693/14 559/710/14 552/402/14
f 551/390/14 558/711/14 557/303/14
f 567/543/16 570/705/16 577/688/16
f 565/132/16 566/131/16 573/712/16
f 567/543/15 566/131/15 559/710/15
f 558/711/15 565/132/15 564/84/15
f 548/713/1 549/971/1 539/524/1
f 538/279/1 563/715/1 556/714/1
f 542/282/1 570/718/1 563/715/1
f 572/527/17 573/712/17 580/716/17
f 574/629/17 577/688/17 584/717/17
f 574/629/16 573/712/16 566/131/16
f 565/132/16 572/527/16 571/526/16
f 536/512/1 577/720/1 570/718/1
f 581/261/18 584/717/18 595/719/18
f 579/192/18 580/716/18 591/102/18
f 581/261/17 580/716/17 573/712/17
f 572/527/17 579/192/17 578/193/17
f 537/522/1 584/723/1 577/720/1
f 587/253/2 588/719/2 537/717/2
f 598/669/2 587/253/2 586/206/2
f 1031/172/5 586/171/5 135/522/5
f 590/87/12 591/102/12 84/664/12
f 592/253/12 595/719/12 545/699/12
f 592/253/18 591/102/18 580/716/18
f 579/192/18 590/87/18 589/88/18
f 588/171/1 595/730/1 584/723/1
f 361/698/2 598/669/2 597/721/2
f 598/669/2 599/699/2 588/719/2
f 1032/176/5 597/175/5 586/171/5
f 603/725/5 605/189/5 425/177/5
f 604/726/5 603/725/5 421/585/5
f 601/142/5 604/726/5 418/727/5
f 617/219/2 601/914/2 880/263/2
f 599/175/1 545/56/1 595/730/1
f 128/216/2 617/219/2 881/220/2
f 615/665/6 616/692/6 547/732/6
f 610/666/6 615/665/6 511/539/6
f 429/593/5 64/53/5 613/728/5
f 429/593/5 612/18/5 611/3/5
f 427/592/5 611/3/5 614/55/5
f 893/591/2 614/590/2 72/733/2
f 618/586/5 620/587/5 605/189/5
f 619/581/5 618/586/5 603/725/5
f 617/582/5 619/581/5 604/726/5
f 616/57/1 545/56/1 599/175/1
f 624/539/2 628/732/2 526/735/2
f 631/704/2 624/539/2 626/535/2
f 632/737/2 626/535/2 623/532/2
f 630/738/2 623/532/2 622/534/2
f 349/433/2 630/738/2 629/559/2
f 349/433/2 356/483/2 632/737/2
f 356/483/2 362/577/2 631/704/2
f 631/704/2 633/703/2 628/732/2
f 616/57/1 526/734/1 628/742/1
f 547/80/1 628/742/1 633/743/1
f 640/577/6 643/702/6 650/744/6
f 637/663/6 640/577/6 647/745/6
f 99/163/6 637/663/6 639/433/6
f 639/433/6 638/428/6 39/72/6
f 644/747/6 647/745/6 654/541/6
f 647/745/6 650/744/6 657/749/6
f 644/747/6 646/753/6 639/433/6
f 646/753/6 645/752/6 638/428/6
f 654/541/6 657/749/6 664/754/6
f 651/748/6 654/541/6 661/755/6
f 651/748/6 653/437/6 646/753/6
f 653/437/6 652/438/6 645/752/6
f 658/756/6 661/755/6 668/758/6
f 661/755/6 664/754/6 671/759/6
f 658/756/6 660/762/6 653/437/6
f 660/762/6 659/761/6 652/438/6
f 503/763/6 668/758/6 671/759/6
f 504/765/6 665/662/6 668/758/6
f 665/662/6 667/661/6 660/762/6
f 667/661/6 666/660/6 659/761/6
f 643/767/1 546/78/1 633/743/1
f 650/768/1 643/767/1 521/497/1
f 657/769/1 650/768/1 541/555/1
f 664/770/1 657/769/1 540/464/1
f 671/771/1 664/770/1 519/549/1
f 544/773/1 671/771/1 508/772/1
f 342/200/2 679/147/2 680/528/2
f 1033/176/1 679/175/1 342/734/1
f 900/775/4 738/779/4 737/776/4
f 895/124/4 901/777/4 737/776/4
f 906/561/3 914/562/3 736/779/3
f 905/785/2 694/930/2 969/112/2
f 905/105/3 731/778/3 735/776/3
f 894/803/6 706/928/6 953/129/6
f 951/799/5 704/794/5 707/796/5
f 952/801/5 705/791/5 704/794/5
f 953/802/5 706/793/5 705/791/5
f 894/166/4 733/780/4 738/779/4
f 941/806/2 734/811/2 731/807/2
f 940/806/6 733/811/6 955/809/6
f 939/808/6 732/807/6 733/811/6
f 938/808/2 731/807/2 975/812/2
f 913/107/3 735/776/3 736/779/3
f 732/792/5 736/790/5 738/791/5
f 737/794/5 738/791/5 736/790/5
f 737/794/5 735/797/5 731/836/5
f 129/180/5 744/160/5 746/162/5
f 874/838/2 744/915/2 129/221/2
f 843/451/4 288/630/4 989/453/4
f 787/237/2 804/538/2 228/527/2
f 803/36/3 786/35/3 42/128/3
f 404/567/5 842/579/5 840/580/5
f 402/569/5 841/572/5 405/578/5
f 403/566/5 405/578/5 842/579/5
f 336/904/5 838/571/5 841/572/5
f 401/564/5 840/580/5 843/209/5
f 983/905/30 985/452/30 838/451/30
f 862/245/4 850/224/4 760/907/4
f 425/253/6 872/255/6 864/215/6
f 873/263/6 872/255/6 425/253/6
f 882/220/6 873/263/6 605/914/6
f 746/915/6 883/838/6 875/217/6
f 883/224/3 874/245/3 783/857/3
f 891/125/6 888/127/6 435/126/6
f 886/122/3 884/167/3 66/137/3
f 892/591/6 891/125/6 606/733/6
f 896/118/6 892/591/6 613/590/6
f 706/602/4 894/166/4 900/775/4
f 733/811/6 894/803/6 958/130/6
f 704/106/4 901/777/4 895/124/4
f 705/137/4 900/775/4 901/777/4
f 691/106/3 913/107/3 914/562/3
f 438/922/6 903/111/6 912/817/6
f 466/923/6 912/817/6 910/626/6
f 694/123/3 905/105/3 913/107/3
f 731/807/2 905/785/2 978/113/2
f 692/137/3 914/562/3 906/561/3
f 956/809/2 959/130/2 895/803/2
f 960/810/2 956/809/2 734/811/2
f 435/8/5 953/802/5 952/801/5
f 434/58/5 952/801/5 951/799/5
f 432/61/5 951/799/5 954/798/5
f 958/130/6 953/129/6 435/126/6
f 959/130/2 954/129/2 707/928/2
f 976/812/6 979/113/6 906/785/6
f 980/813/6 976/812/6 732/807/6
f 978/113/2 969/112/2 70/929/2
f 693/792/5 968/30/5 967/28/5
f 692/790/5 967/28/5 966/25/5
f 691/797/5 966/25/5 969/23/5
f 979/113/6 968/112/6 693/930/6
f 413/486/6 1000/487/6 990/456/6
f 406/461/6 999/462/6 1000/487/6
f 296/469/6 995/460/6 999/462/6
f 804/939/3 1025/239/3 1021/231/3
f 359/371/3 1023/230/3 1025/239/3
f 1026/231/4 1034/239/4 787/939/4
f 1034/239/4 1028/238/4 135/946/4
usemtl Beige
f 58/42/4 79/43/4 57/44/4
f 608/55/5 84/56/5 610/57/5
f 12/66/6 973/67/6 972/68/6
f 1/70/6 49/71/6 28/72/6
f 28/72/6 46/76/6 3/77/6
f 99/78/5 426/79/5 416/80/5
f 24/81/3 50/44/3 6/82/3
f 6/77/2 52/71/2 29/72/2
f 34/86/2 54/87/2 5/88/2
f 5/88/2 949/89/2 947/90/2
f 13/66/2 458/91/2 454/92/2
f 19/81/4 61/94/4 27/95/4
f 17/82/4 59/96/4 19/81/4
f 40/97/4 57/44/4 34/82/4
f 935/101/6 88/102/6 930/103/6
f 97/114/3 926/115/3 928/116/3
f 932/119/6 460/120/6 924/121/6
f 55/144/2 461/120/2 458/91/2
f 59/96/4 82/145/4 61/94/4
f 54/87/2 950/146/2 949/89/2
f 57/147/2 80/102/2 54/87/2
f 56/44/4 78/114/4 59/96/4
f 786/150/6 974/151/6 977/152/6
f 49/71/6 91/155/6 92/156/6
f 49/71/6 93/157/6 46/76/6
f 51/96/3 95/43/3 50/44/3
f 50/76/2 96/163/2 52/71/2
f 46/128/3 7/164/3 3/49/3
f 93/159/3 47/165/3 46/128/3
f 29/82/3 53/42/3 39/97/3
f 52/44/3 99/589/3 53/42/3
f 458/91/2 77/131/2 56/132/2
f 924/121/6 86/627/6 918/628/6
f 454/92/2 56/132/2 17/84/2
f 607/666/6 935/101/6 936/729/6
f 919/731/6 607/666/6 936/729/6
f 426/79/5 610/57/5 416/80/5
f 805/781/6 699/782/6 806/783/6
f 688/784/2 965/151/2 964/67/2
f 682/786/2 964/67/2 962/68/2
f 685/786/6 698/787/6 697/788/6
f 697/788/6 945/89/6 944/90/6
f 806/783/6 946/146/6 957/804/6
f 702/787/2 689/805/2 688/784/2
f 700/788/2 688/784/2 682/786/2
f 937/729/2 712/814/2 929/101/2
f 717/815/6 892/591/6 896/118/6
f 729/816/6 891/125/6 892/591/6
f 912/817/6 716/818/6 910/626/6
f 934/819/2 708/818/2 925/628/2
f 715/820/4 923/115/4 917/821/4
f 933/822/2 730/816/2 937/729/2
f 725/823/4 918/824/4 923/115/4
f 920/824/3 709/823/3 926/115/3
f 921/825/2 724/826/2 933/822/2
f 916/827/2 726/828/2 934/819/2
f 915/116/4 715/820/4 917/821/4
f 922/103/2 956/809/2 960/810/2
f 929/101/2 723/829/2 922/103/2
f 928/116/3 710/778/3 927/830/3
f 903/111/6 727/831/6 912/817/6
f 919/731/6 721/832/6 931/825/6
f 927/833/2 719/832/2 921/825/2
f 711/834/3 884/167/3 886/122/3
f 932/119/6 976/812/6 980/813/6
f 931/825/6 718/835/6 920/833/6
f 925/830/4 713/834/4 915/116/4
f 728/814/6 888/127/6 891/125/6
f 698/787/6 957/804/6 945/89/6
f 687/784/6 806/783/6 698/787/6
f 42/144/6 977/152/6 973/67/6
f 7/164/3 51/96/3 24/81/3
f 47/165/3 97/114/3 51/96/3
f 730/816/2 887/125/2 712/814/2
f 724/826/2 893/591/2 730/816/2
f 718/780/3 884/167/3 709/823/3
f 719/832/2 890/141/2 724/826/2
f 723/829/2 959/130/2 956/809/2
f 712/814/2 899/127/2 723/829/2
f 711/834/3 885/124/3 710/778/3
f 717/815/6 889/108/6 721/832/6
f 710/835/2 898/108/2 719/832/2
f 721/832/6 897/110/6 718/835/6
f 726/828/2 902/626/2 708/818/2
f 909/133/4 725/823/4 715/820/4
f 911/562/4 716/780/4 725/823/4
f 714/924/2 904/136/2 726/828/2
f 713/834/4 909/133/4 715/820/4
f 722/925/6 979/113/6 976/812/6
f 708/778/4 907/107/4 713/834/4
f 77/43/4 915/116/4 78/114/4
f 92/156/6 920/833/6 93/157/6
f 90/926/6 980/813/6 974/151/6
f 95/927/2 921/825/2 96/163/2
f 91/155/6 931/825/6 92/156/6
f 97/114/3 927/830/3 95/43/3
f 79/664/2 922/103/2 80/102/2
f 80/102/2 960/810/2 950/146/2
f 78/114/4 917/821/4 82/145/4
f 81/926/2 934/819/2 461/120/2
f 96/163/2 933/822/2 426/535/2
f 94/406/3 920/824/3 926/115/3
f 442/139/4 918/824/4 86/159/4
f 426/535/2 937/729/2 608/666/2
f 82/145/4 923/115/4 442/139/4
f 461/120/2 925/628/2 77/131/2
f 608/666/2 929/101/2 79/664/2
f 689/805/2 981/813/2 965/151/2
f 690/805/6 940/806/6 699/782/6
f 699/782/6 961/810/6 946/146/6
f 703/782/2 938/808/2 689/805/2
f 919/731/6 729/816/6 717/815/6
f 936/729/6 728/814/6 729/816/6
f 727/831/6 918/628/6 716/818/6
f 722/925/6 924/121/6 727/831/6
f 928/116/3 709/823/3 711/834/3
f 935/101/6 720/829/6 728/814/6
f 946/146/6 930/103/6 88/102/6
f 950/146/2 941/806/2 703/782/2
f 955/809/6 888/127/6 720/829/6
f 945/89/6 785/252/6 41/87/6
f 961/810/6 720/829/6 930/103/6
f 957/804/6 88/102/6 785/252/6
f 944/90/6 41/87/6 2/88/6
f 949/89/2 703/782/2 702/787/2
f 947/90/2 702/787/2 700/788/2
f 965/151/2 916/827/2 81/926/2
f 974/151/6 939/808/6 690/805/6
f 975/812/2 908/134/2 714/924/2
f 973/67/6 805/781/6 687/784/6
f 981/813/2 714/924/2 916/827/2
f 962/68/2 55/144/2 13/66/2
f 964/67/2 81/926/2 55/144/2
f 977/152/6 690/805/6 805/781/6
f 972/68/6 687/784/6 685/786/6
f 58/42/4 84/948/4 79/43/4
f 608/55/5 79/69/5 84/56/5
f 12/66/6 42/144/6 973/67/6
f 1/70/6 45/194/6 49/71/6
f 28/72/6 49/71/6 46/76/6
f 99/78/5 96/5/5 426/79/5
f 24/81/3 51/96/3 50/44/3
f 6/77/2 50/76/2 52/71/2
f 34/86/2 57/147/2 54/87/2
f 5/88/2 54/87/2 949/89/2
f 13/66/2 55/144/2 458/91/2
f 19/81/4 59/96/4 61/94/4
f 17/82/4 56/44/4 59/96/4
f 40/97/4 58/42/4 57/44/4
f 935/101/6 600/949/6 88/102/6
f 97/114/3 94/406/3 926/115/3
f 932/119/6 90/926/6 460/120/6
f 55/144/2 81/926/2 461/120/2
f 59/96/4 78/114/4 82/145/4
f 54/87/2 80/102/2 950/146/2
f 57/147/2 79/664/2 80/102/2
f 56/44/4 77/43/4 78/114/4
f 786/150/6 90/926/6 974/151/6
f 49/71/6 45/194/6 91/155/6
f 49/71/6 92/156/6 93/157/6
f 51/96/3 97/114/3 95/43/3
f 50/76/2 95/927/2 96/163/2
f 46/128/3 47/165/3 7/164/3
f 93/159/3 94/406/3 47/165/3
f 29/82/3 52/44/3 53/42/3
f 52/44/3 96/962/3 99/589/3
f 458/91/2 461/120/2 77/131/2
f 924/121/6 460/120/6 86/627/6
f 454/92/2 458/91/2 56/132/2
f 607/666/6 600/949/6 935/101/6
f 919/731/6 91/155/6 607/666/6
f 426/79/5 608/55/5 610/57/5
f 805/781/6 690/805/6 699/782/6
f 688/784/2 689/805/2 965/151/2
f 682/786/2 688/784/2 964/67/2
f 685/786/6 687/784/6 698/787/6
f 697/788/6 698/787/6 945/89/6
f 806/783/6 699/782/6 946/146/6
f 702/787/2 703/782/2 689/805/2
f 700/788/2 702/787/2 688/784/2
f 937/729/2 730/816/2 712/814/2
f 717/815/6 729/816/6 892/591/6
f 729/816/6 728/814/6 891/125/6
f 912/817/6 727/831/6 716/818/6
f 934/819/2 726/828/2 708/818/2
f 715/820/4 725/823/4 923/115/4
f 933/822/2 724/826/2 730/816/2
f 725/823/4 716/780/4 918/824/4
f 920/824/3 718/780/3 709/823/3
f 921/825/2 719/832/2 724/826/2
f 916/827/2 714/924/2 726/828/2
f 915/116/4 713/834/4 715/820/4
f 922/103/2 723/829/2 956/809/2
f 929/101/2 712/814/2 723/829/2
f 928/116/3 711/834/3 710/778/3
f 903/111/6 722/925/6 727/831/6
f 919/731/6 717/815/6 721/832/6
f 927/833/2 710/835/2 719/832/2
f 711/834/3 709/823/3 884/167/3
f 932/119/6 722/925/6 976/812/6
f 931/825/6 721/832/6 718/835/6
f 925/830/4 708/778/4 713/834/4
f 728/814/6 720/829/6 888/127/6
f 698/787/6 806/783/6 957/804/6
f 687/784/6 805/781/6 806/783/6
f 42/144/6 786/150/6 977/152/6
f 7/164/3 47/165/3 51/96/3
f 47/165/3 94/406/3 97/114/3
f 730/816/2 893/591/2 887/125/2
f 724/826/2 890/141/2 893/591/2
f 718/780/3 897/166/3 884/167/3
f 719/832/2 898/108/2 890/141/2
f 723/829/2 899/127/2 959/130/2
f 712/814/2 887/125/2 899/127/2
f 711/834/3 886/122/3 885/124/3
f 717/815/6 896/118/6 889/108/6
f 710/835/2 885/110/2 898/108/2
f 721/832/6 889/108/6 897/110/6
f 726/828/2 904/136/2 902/626/2
f 909/133/4 911/562/4 725/823/4
f 911/562/4 910/561/4 716/780/4
f 714/924/2 908/134/2 904/136/2
f 713/834/4 907/107/4 909/133/4
f 722/925/6 903/111/6 979/113/6
f 708/778/4 902/105/4 907/107/4
f 77/43/4 925/830/4 915/116/4
f 92/156/6 931/825/6 920/833/6
f 90/926/6 932/119/6 980/813/6
f 95/927/2 927/833/2 921/825/2
f 91/155/6 919/731/6 931/825/6
f 97/114/3 928/116/3 927/830/3
f 79/664/2 929/101/2 922/103/2
f 80/102/2 922/103/2 960/810/2
f 78/114/4 915/116/4 917/821/4
f 81/926/2 916/827/2 934/819/2
f 96/163/2 921/825/2 933/822/2
f 94/406/3 93/159/3 920/824/3
f 442/139/4 923/115/4 918/824/4
f 426/535/2 933/822/2 937/729/2
f 82/145/4 917/821/4 923/115/4
f 461/120/2 934/819/2 925/628/2
f 608/666/2 937/729/2 929/101/2
f 689/805/2 938/808/2 981/813/2
f 690/805/6 939/808/6 940/806/6
f 699/782/6 940/806/6 961/810/6
f 703/782/2 941/806/2 938/808/2
f 919/731/6 936/729/6 729/816/6
f 936/729/6 935/101/6 728/814/6
f 727/831/6 924/121/6 918/628/6
f 722/925/6 932/119/6 924/121/6
f 928/116/3 926/115/3 709/823/3
f 935/101/6 930/103/6 720/829/6
f 946/146/6 961/810/6 930/103/6
f 950/146/2 960/810/2 941/806/2
f 955/809/6 958/130/6 888/127/6
f 945/89/6 957/804/6 785/252/6
f 961/810/6 955/809/6 720/829/6
f 957/804/6 946/146/6 88/102/6
f 944/90/6 945/89/6 41/87/6
f 949/89/2 950/146/2 703/782/2
f 947/90/2 949/89/2 702/787/2
f 965/151/2 981/813/2 916/827/2
f 974/151/6 980/813/6 939/808/6
f 975/812/2 978/113/2 908/134/2
f 973/67/6 977/152/6 805/781/6
f 981/813/2 975/812/2 714/924/2
f 962/68/2 964/67/2 55/144/2
f 964/67/2 965/151/2 81/926/2
f 977/152/6 974/151/6 690/805/6
f 972/68/6 973/67/6 687/784/6
usemtl Floor
f 463/98/1 12/99/1 453/100/1
f 16/148/1 463/98/1 453/100/1
f 185/264/1 168/265/1 183/266/1
f 186/267/1 169/268/1 185/264/1
f 170/269/1 166/270/1 165/271/1
f 181/272/1 175/273/1 187/274/1
f 20/275/1 176/276/1 463/98/1
f 463/98/1 171/277/1 170/269/1
f 187/274/1 172/278/1 186/267/1
f 182/284/1 180/285/1 178/286/1
f 181/272/1 178/286/1 174/287/1
f 176/276/1 186/267/1 171/277/1
f 173/288/1 187/274/1 176/276/1
f 171/277/1 185/264/1 166/270/1
f 166/270/1 183/266/1 167/289/1
f 272/411/1 265/412/1 275/413/1
f 275/413/1 262/414/1 274/415/1
f 286/416/1 272/411/1 835/417/1
f 833/418/1 264/419/1 285/209/1
f 25/420/1 268/421/1 260/422/1
f 264/419/1 270/423/1 25/420/1
f 835/417/1 312/424/1 836/425/1
f 311/426/1 274/415/1 310/427/1
f 312/424/1 275/413/1 311/426/1
f 273/445/1 836/425/1 313/446/1
f 271/447/1 285/209/1 261/448/1
f 267/449/1 835/417/1 273/445/1
f 313/446/1 834/488/1 323/489/1
f 322/491/1 311/426/1 318/492/1
f 318/492/1 310/427/1 317/493/1
f 836/425/1 322/491/1 834/488/1
f 834/488/1 269/494/1 833/418/1
f 270/423/1 317/493/1 268/421/1
f 269/494/1 318/492/1 270/423/1
f 323/489/1 833/418/1 271/447/1
f 266/499/1 328/500/1 265/412/1
f 265/412/1 328/500/1 262/414/1
f 286/416/1 331/501/1 266/499/1
f 267/449/1 329/502/1 286/416/1
f 323/489/1 392/465/1 313/446/1
f 285/209/1 740/162/1 261/448/1
f 463/98/1 170/269/1 12/99/1
f 16/148/1 20/275/1 463/98/1
f 185/264/1 169/268/1 168/265/1
f 186/267/1 172/278/1 169/268/1
f 170/269/1 171/277/1 166/270/1
f 181/272/1 174/287/1 175/273/1
f 20/275/1 173/288/1 176/276/1
f 463/98/1 176/276/1 171/277/1
f 187/274/1 175/273/1 172/278/1
f 182/284/1 184/955/1 180/285/1
f 181/272/1 182/284/1 178/286/1
f 176/276/1 187/274/1 186/267/1
f 173/288/1 181/272/1 187/274/1
f 171/277/1 186/267/1 185/264/1
f 166/270/1 185/264/1 183/266/1
f 272/411/1 266/499/1 265/412/1
f 275/413/1 265/412/1 262/414/1
f 286/416/1 266/499/1 272/411/1
f 833/418/1 269/494/1 264/419/1
f 25/420/1 270/423/1 268/421/1
f 264/419/1 269/494/1 270/423/1
f 835/417/1 272/411/1 312/424/1
f 311/426/1 275/413/1 274/415/1
f 312/424/1 272/411/1 275/413/1
f 273/445/1 835/417/1 836/425/1
f 271/447/1 833/418/1 285/209/1
f 267/449/1 286/416/1 835/417/1
f 313/446/1 836/425/1 834/488/1
f 322/491/1 312/424/1 311/426/1
f 318/492/1 311/426/1 310/427/1
f 836/425/1 312/424/1 322/491/1
f 834/488/1 322/491/1 269/494/1
f 270/423/1 318/492/1 317/493/1
f 269/494/1 322/491/1 318/492/1
f 323/489/1 834/488/1 833/418/1
f 266/499/1 331/501/1 328/500/1
f 286/416/1 329/502/1 331/501/1
f 267/449/1 263/570/1 329/502/1
f 323/489/1 395/496/1 392/465/1
f 285/209/1 741/160/1 740/162/1
usemtl Tiles
f 10/1/1 385/2/1 383/3/1
f 24/4/1 29/5/1 31/6/1
f 35/7/1 2/8/1 33/9/1
f 36/10/1 23/11/1 37/12/1
f 3/13/1 30/14/1 28/15/1
f 8/16/1 386/17/1 382/18/1
f 32/19/1 24/4/1 31/6/1
f 962/23/1 15/24/1 970/25/1
f 970/25/1 26/26/1 963/27/1
f 971/28/1 12/29/1 972/30/1
f 455/31/1 27/32/1 457/33/1
f 454/37/1 19/38/1 455/31/1
f 18/39/1 231/40/1 16/41/1
f 456/45/1 16/41/1 453/46/1
f 963/27/1 14/47/1 971/28/1
f 7/48/1 32/19/1 30/14/1
f 27/32/1 456/45/1 457/33/1
f 30/14/1 22/52/1 8/16/1
f 32/19/1 10/1/1 22/52/1
f 28/15/1 8/16/1 1/53/1
f 31/6/1 4/54/1 10/1/1
f 35/7/1 23/11/1 9/58/1
f 383/3/1 37/12/1 386/17/1
f 382/18/1 33/9/1 384/59/1
f 36/10/1 5/60/1 11/61/1
f 442/39/5 87/40/5 441/62/5
f 108/63/1 384/59/1 103/64/1
f 385/2/1 40/56/1 34/69/1
f 63/83/6 16/84/6 231/85/6
f 4/54/1 387/93/1 385/2/1
f 33/9/1 103/64/1 384/59/1
f 29/5/1 38/104/1 4/54/1
f 82/131/2 60/83/2 61/132/2
f 440/137/3 83/138/3 441/139/3
f 674/142/1 2/8/1 137/143/1
f 61/132/2 235/85/2 27/84/2
f 87/158/6 62/132/6 63/83/6
f 741/160/1 105/161/1 740/162/1
f 108/63/1 142/168/1 144/169/1
f 106/173/1 144/169/1 143/174/1
f 109/177/1 111/178/1 101/179/1
f 112/180/1 107/181/1 105/161/1
f 101/179/1 150/185/1 100/186/1
f 102/187/1 673/188/1 672/189/1
f 113/190/1 102/187/1 107/181/1
f 147/225/1 673/188/1 676/226/1
f 137/143/1 676/226/1 674/142/1
f 143/174/1 113/190/1 112/180/1
f 144/169/1 110/246/1 113/190/1
f 149/247/1 114/248/1 147/225/1
f 151/249/1 111/178/1 149/247/1
f 231/40/1 808/376/1 807/377/1
f 235/378/1 237/379/1 21/62/1
f 21/62/1 233/380/1 231/40/1
f 238/381/1 236/382/1 235/378/1
f 242/383/4 236/384/4 234/385/4
f 244/165/4 233/49/4 237/164/4
f 809/386/4 232/387/4 808/388/4
f 245/83/2 234/319/2 238/85/2
f 812/386/3 231/49/3 807/388/3
f 60/389/3 238/385/3 235/384/3
f 243/389/4 237/164/4 236/384/4
f 240/390/6 230/85/6 232/319/6
f 249/391/4 253/392/4 254/393/4
f 73/394/3 255/395/3 83/138/3
f 810/396/4 256/397/4 811/398/4
f 813/399/3 87/159/3 814/400/3
f 252/401/2 254/402/2 255/403/2
f 251/404/4 257/405/4 259/406/4
f 253/392/4 251/404/4 259/406/4
f 247/407/6 258/408/6 256/409/6
f 256/409/6 239/83/6 240/390/6
f 253/392/4 244/165/4 243/389/4
f 259/406/4 241/128/4 244/165/4
f 255/403/2 242/390/2 245/83/2
f 814/400/3 63/128/3 812/386/3
f 811/398/4 240/410/4 809/386/4
f 83/138/3 245/383/3 60/389/3
f 254/393/4 243/389/4 242/383/4
f 395/496/1 482/464/1 392/465/1
f 339/508/2 482/438/2 353/509/2
f 348/510/2 474/434/2 339/508/2
f 377/511/1 344/512/1 376/513/1
f 381/514/1 634/515/1 635/516/1
f 379/517/1 678/175/1 677/518/1
f 370/519/1 338/520/1 381/514/1
f 378/521/1 343/522/1 377/511/1
f 374/523/1 372/524/1 373/525/1
f 353/509/2 337/430/2 351/529/2
f 345/530/2 479/303/2 346/531/2
f 346/531/2 480/319/2 372/546/2
f 344/547/2 478/84/2 345/530/2
f 371/548/1 339/549/1 380/550/1
f 343/551/2 477/526/2 344/547/2
f 340/552/2 680/528/2 678/553/2
f 380/550/1 353/464/1 369/554/1
f 369/554/1 351/555/1 370/519/1
f 341/556/2 476/193/2 343/551/2
f 375/557/1 346/279/1 374/523/1
f 351/529/2 352/428/2 338/558/2
f 338/558/2 629/559/2 634/560/2
f 376/513/1 345/282/1 375/557/1
f 8/16/1 384/59/1 1/53/1
f 10/1/1 386/17/1 22/52/1
f 382/18/1 37/12/1 35/7/1
f 383/3/1 34/69/1 36/10/1
f 249/601/5 73/378/5 250/382/5
f 18/39/1 235/378/1 21/62/1
f 440/137/3 87/159/3 76/602/3
f 250/382/5 440/62/5 251/379/5
f 76/40/5 251/379/5 440/62/5
f 248/380/5 813/377/5 810/376/5
f 457/33/1 14/47/1 26/26/1
f 14/47/1 453/46/1 12/29/1
f 13/594/1 455/31/1 15/24/1
f 15/24/1 457/33/1 26/26/1
f 83/378/5 442/39/5 441/62/5
f 379/552/2 627/631/2 625/632/2
f 372/633/3 488/634/3 373/635/3
f 380/508/2 486/636/2 371/510/2
f 373/546/2 489/637/2 374/531/2
f 381/558/2 485/638/2 370/529/2
f 371/635/4 483/639/4 348/633/4
f 374/531/2 490/640/2 375/530/2
f 375/530/2 491/641/2 376/547/2
f 376/547/2 492/642/2 377/551/2
f 377/551/2 493/643/2 378/556/2
f 370/529/2 484/644/2 369/509/2
f 378/556/2 681/645/2 677/553/2
f 369/509/2 495/646/2 380/508/2
f 483/636/2 505/647/2 348/510/2
f 348/510/2 500/650/2 481/444/2
f 500/490/11 506/657/11 501/653/11
f 505/633/11 533/658/11 506/657/11
f 480/319/2 528/670/2 372/546/2
f 372/546/2 535/672/2 487/673/2
f 40/86/12 593/556/12 589/88/12
f 512/679/3 528/633/3 520/490/3
f 387/201/6 524/553/6 40/86/6
f 501/680/6 670/681/6 666/660/6
f 39/72/6 522/682/6 38/70/6
f 38/70/6 525/552/6 387/201/6
f 527/683/3 535/639/3 528/633/3
f 506/684/6 669/685/6 670/681/6
f 525/552/6 531/645/6 524/553/6
f 524/553/12 594/643/12 593/556/12
f 522/682/6 532/686/6 525/552/6
f 523/560/6 529/687/6 522/682/6
f 554/546/13 534/672/13 527/670/13
f 550/319/13 527/670/13 512/671/13
f 561/531/14 555/673/14 554/546/14
f 557/303/14 554/546/14 550/319/14
f 568/530/15 562/637/15 561/531/15
f 564/84/15 561/531/15 557/303/15
f 575/547/16 569/640/16 568/530/16
f 571/526/16 568/530/16 564/84/16
f 582/551/17 576/641/17 575/547/17
f 578/193/17 575/547/17 571/526/17
f 593/556/18 583/642/18 582/551/18
f 589/88/18 582/551/18 578/193/18
f 625/632/2 636/736/2 635/560/2
f 621/632/2 347/533/2 340/552/2
f 625/739/1 340/734/1 379/517/1
f 635/560/2 496/740/2 381/558/2
f 634/560/2 622/534/2 621/632/2
f 635/516/1 621/741/1 625/739/1
f 642/746/6 530/736/6 523/560/6
f 638/428/6 523/560/6 39/72/6
f 649/750/6 641/751/6 642/746/6
f 645/752/6 642/746/6 638/428/6
f 656/509/6 648/757/6 649/750/6
f 652/438/6 649/750/6 645/752/6
f 663/760/6 655/644/6 656/509/6
f 659/761/6 656/509/6 652/438/6
f 670/681/6 662/766/6 663/760/6
f 666/660/6 663/760/6 659/761/6
f 677/553/2 494/686/2 379/552/2
f 678/553/2 475/88/2 341/556/2
f 677/518/1 341/171/1 378/521/1
f 103/64/1 676/226/1 142/168/1
f 676/226/1 110/246/1 142/168/1
f 672/189/1 114/248/1 109/177/1
f 701/789/1 684/790/1 696/791/1
f 696/791/1 685/792/1 697/793/1
f 695/794/1 686/795/1 701/789/1
f 700/796/1 683/797/1 695/794/1
f 947/798/1 695/794/1 942/799/1
f 942/799/1 701/789/1 948/800/1
f 943/801/1 697/793/1 944/802/1
f 948/800/1 696/791/1 943/801/1
f 810/376/5 246/878/5 247/879/5
f 257/405/4 809/386/4 241/128/4
f 239/410/3 814/400/3 812/386/3
f 258/880/3 813/399/3 814/400/3
f 248/881/4 811/398/4 257/405/4
f 239/410/3 807/388/3 230/387/3
f 241/128/4 808/388/4 233/49/4
f 807/377/1 232/879/1 230/878/1
f 23/11/1 943/801/1 9/58/1
f 9/58/1 944/802/1 2/8/1
f 11/61/1 948/800/1 23/11/1
f 5/60/1 942/799/1 11/61/1
f 686/795/1 971/28/1 684/790/1
f 684/790/1 972/30/1 685/792/1
f 683/797/1 963/27/1 686/795/1
f 682/836/1 970/25/1 683/797/1
f 10/1/1 4/54/1 385/2/1
f 24/4/1 6/588/1 29/5/1
f 35/7/1 9/58/1 2/8/1
f 36/10/1 11/61/1 23/11/1
f 3/13/1 7/48/1 30/14/1
f 8/16/1 22/52/1 386/17/1
f 962/23/1 13/594/1 15/24/1
f 970/25/1 15/24/1 26/26/1
f 971/28/1 14/47/1 12/29/1
f 455/31/1 19/38/1 27/32/1
f 454/37/1 17/598/1 19/38/1
f 18/39/1 21/62/1 231/40/1
f 456/45/1 18/39/1 16/41/1
f 963/27/1 26/26/1 14/47/1
f 7/48/1 24/4/1 32/19/1
f 27/32/1 18/39/1 456/45/1
f 30/14/1 32/19/1 22/52/1
f 32/19/1 31/6/1 10/1/1
f 28/15/1 30/14/1 8/16/1
f 31/6/1 29/5/1 4/54/1
f 35/7/1 37/12/1 23/11/1
f 383/3/1 36/10/1 37/12/1
f 382/18/1 35/7/1 33/9/1
f 36/10/1 34/69/1 5/60/1
f 442/39/5 86/41/5 87/40/5
f 108/63/1 1/53/1 384/59/1
f 385/2/1 387/93/1 40/56/1
f 63/83/6 62/132/6 16/84/6
f 4/54/1 38/104/1 387/93/1
f 33/9/1 674/142/1 103/64/1
f 29/5/1 39/78/1 38/104/1
f 82/131/2 83/408/2 60/83/2
f 440/137/3 73/394/3 83/138/3
f 674/142/1 33/9/1 2/8/1
f 61/132/2 60/83/2 235/85/2
f 87/158/6 86/627/6 62/132/6
f 741/160/1 112/180/1 105/161/1
f 108/63/1 103/64/1 142/168/1
f 106/173/1 108/63/1 144/169/1
f 109/177/1 114/248/1 111/178/1
f 112/180/1 113/190/1 107/181/1
f 101/179/1 111/178/1 150/185/1
f 102/187/1 110/246/1 673/188/1
f 113/190/1 110/246/1 102/187/1
f 147/225/1 114/248/1 673/188/1
f 137/143/1 147/225/1 676/226/1
f 143/174/1 144/169/1 113/190/1
f 144/169/1 142/168/1 110/246/1
f 149/247/1 111/178/1 114/248/1
f 151/249/1 150/185/1 111/178/1
f 231/40/1 233/380/1 808/376/1
f 235/378/1 236/382/1 237/379/1
f 21/62/1 237/379/1 233/380/1
f 238/381/1 234/601/1 236/382/1
f 242/383/4 243/389/4 236/384/4
f 244/165/4 241/128/4 233/49/4
f 809/386/4 240/410/4 232/387/4
f 245/83/2 242/390/2 234/319/2
f 812/386/3 63/128/3 231/49/3
f 60/389/3 245/383/3 238/385/3
f 243/389/4 244/165/4 237/164/4
f 240/390/6 239/83/6 230/85/6
f 249/391/4 250/960/4 253/392/4
f 73/394/3 252/391/3 255/395/3
f 810/396/4 247/961/4 256/397/4
f 813/399/3 76/602/3 87/159/3
f 252/401/2 249/407/2 254/402/2
f 251/404/4 248/881/4 257/405/4
f 253/392/4 250/960/4 251/404/4
f 247/407/6 246/401/6 258/408/6
f 256/409/6 258/408/6 239/83/6
f 253/392/4 259/406/4 244/165/4
f 259/406/4 257/405/4 241/128/4
f 255/403/2 254/402/2 242/390/2
f 814/400/3 87/159/3 63/128/3
f 811/398/4 256/397/4 240/410/4
f 83/138/3 255/395/3 245/383/3
f 254/393/4 253/392/4 243/389/4
f 395/496/1 337/555/1 482/464/1
f 339/508/2 474/434/2 482/438/2
f 348/510/2 481/444/2 474/434/2
f 377/511/1 343/522/1 344/512/1
f 381/514/1 338/520/1 634/515/1
f 379/517/1 340/734/1 678/175/1
f 370/519/1 351/555/1 338/520/1
f 378/521/1 341/171/1 343/522/1
f 374/523/1 346/279/1 372/524/1
f 353/509/2 482/438/2 337/430/2
f 345/530/2 478/84/2 479/303/2
f 346/531/2 479/303/2 480/319/2
f 344/547/2 477/526/2 478/84/2
f 371/548/1 348/772/1 339/549/1
f 343/551/2 476/193/2 477/526/2
f 340/552/2 347/533/2 680/528/2
f 380/550/1 339/549/1 353/464/1
f 369/554/1 353/464/1 351/555/1
f 341/556/2 475/88/2 476/193/2
f 375/557/1 345/282/1 346/279/1
f 351/529/2 337/430/2 352/428/2
f 338/558/2 352/428/2 629/559/2
f 376/513/1 344/512/1 345/282/1
f 8/16/1 382/18/1 384/59/1
f 10/1/1 383/3/1 386/17/1
f 382/18/1 386/17/1 37/12/1
f 383/3/1 385/2/1 34/69/1
f 249/601/5 252/381/5 73/378/5
f 18/39/1 27/32/1 235/378/1
f 440/137/3 441/139/3 87/159/3
f 250/382/5 73/378/5 440/62/5
f 76/40/5 248/380/5 251/379/5
f 248/380/5 76/40/5 813/377/5
f 457/33/1 456/45/1 14/47/1
f 14/47/1 456/45/1 453/46/1
f 13/594/1 454/37/1 455/31/1
f 15/24/1 455/31/1 457/33/1
f 83/378/5 82/32/5 442/39/5
f 379/552/2 494/686/2 627/631/2
f 372/633/3 487/639/3 488/634/3
f 380/508/2 495/646/2 486/636/2
f 373/546/2 488/673/2 489/637/2
f 381/558/2 496/740/2 485/638/2
f 371/635/4 486/634/4 483/639/4
f 374/531/2 489/637/2 490/640/2
f 375/530/2 490/640/2 491/641/2
f 376/547/2 491/641/2 492/642/2
f 377/551/2 492/642/2 493/643/2
f 370/529/2 485/638/2 484/644/2
f 378/556/2 493/643/2 681/645/2
f 369/509/2 484/644/2 495/646/2
f 483/636/2 507/966/2 505/647/2
f 348/510/2 505/647/2 500/650/2
f 500/490/11 505/633/11 506/657/11
f 505/633/11 507/639/11 533/658/11
f 480/319/2 520/671/2 528/670/2
f 372/546/2 528/670/2 535/672/2
f 40/86/12 524/553/12 593/556/12
f 512/679/3 527/683/3 528/633/3
f 387/201/6 525/552/6 524/553/6
f 501/680/6 506/684/6 670/681/6
f 39/72/6 523/560/6 522/682/6
f 38/70/6 522/682/6 525/552/6
f 527/683/3 534/967/3 535/639/3
f 506/684/6 533/968/6 669/685/6
f 525/552/6 532/686/6 531/645/6
f 524/553/12 531/645/12 594/643/12
f 522/682/6 529/687/6 532/686/6
f 523/560/6 530/736/6 529/687/6
f 554/546/13 555/673/13 534/672/13
f 550/319/13 554/546/13 527/670/13
f 561/531/14 562/637/14 555/673/14
f 557/303/14 561/531/14 554/546/14
f 568/530/15 569/640/15 562/637/15
f 564/84/15 568/530/15 561/531/15
f 575/547/16 576/641/16 569/640/16
f 571/526/16 575/547/16 568/530/16
f 582/551/17 583/642/17 576/641/17
f 578/193/17 582/551/17 575/547/17
f 593/556/18 594/643/18 583/642/18
f 589/88/18 593/556/18 582/551/18
f 625/632/2 627/631/2 636/736/2
f 621/632/2 622/534/2 347/533/2
f 625/739/1 621/741/1 340/734/1
f 635/560/2 636/736/2 496/740/2
f 634/560/2 629/559/2 622/534/2
f 635/516/1 634/515/1 621/741/1
f 642/746/6 641/751/6 530/736/6
f 638/428/6 642/746/6 523/560/6
f 649/750/6 648/757/6 641/751/6
f 645/752/6 649/750/6 642/746/6
f 656/509/6 655/644/6 648/757/6
f 652/438/6 656/509/6 649/750/6
f 663/760/6 662/766/6 655/644/6
f 659/761/6 663/760/6 656/509/6
f 670/681/6 669/685/6 662/766/6
f 666/660/6 670/681/6 663/760/6
f 677/553/2 681/645/2 494/686/2
f 678/553/2 680/528/2 475/88/2
f 677/518/1 678/175/1 341/171/1
f 103/64/1 674/142/1 676/226/1
f 676/226/1 673/188/1 110/246/1
f 672/189/1 673/188/1 114/248/1
f 701/789/1 686/795/1 684/790/1
f 696/791/1 684/790/1 685/792/1
f 695/794/1 683/797/1 686/795/1
f 700/796/1 682/836/1 683/797/1
f 947/798/1 700/796/1 695/794/1
f 942/799/1 695/794/1 701/789/1
f 943/801/1 696/791/1 697/793/1
f 948/800/1 701/789/1 696/791/1
f 810/376/5 813/377/5 246/878/5
f 257/405/4 811/398/4 809/386/4
f 239/410/3 258/880/3 814/400/3
f 258/880/3 246/961/3 813/399/3
f 248/881/4 810/396/4 811/398/4
f 239/410/3 812/386/3 807/388/3
f 241/128/4 809/386/4 808/388/4
f 807/377/1 808/376/1 232/879/1
f 23/11/1 948/800/1 943/801/1
f 9/58/1 943/801/1 944/802/1
f 11/61/1 942/799/1 948/800/1
f 5/60/1 947/798/1 942/799/1
f 686/795/1 963/27/1 971/28/1
f 684/790/1 971/28/1 972/30/1
f 683/797/1 970/25/1 963/27/1
f 682/836/1 962/23/1 970/25/1
usemtl Wall_S
f 264/164/4 287/243/4 285/197/4
f 260/439/4 280/96/4 25/81/4
f 277/442/4 98/479/4 280/96/4
f 48/165/4 306/482/4 287/243/4
f 305/850/19 772/848/19 773/851/19
f 303/505/4 772/848/4 98/479/4
f 306/482/4 773/851/4 844/857/4
f 305/850/22 280/96/22 98/479/22
f 280/96/4 264/164/4 25/81/4
f 772/848/4 859/910/4 773/851/4
f 765/849/4 858/908/4 772/848/4
f 773/851/4 862/245/4 844/857/4
f 264/164/4 48/165/4 287/243/4
f 260/439/4 277/442/4 280/96/4
f 277/442/4 303/505/4 98/479/4
f 48/165/27 305/850/27 306/482/27
f 305/850/22 98/479/22 772/848/22
f 303/505/4 765/849/4 772/848/4
f 306/482/29 305/850/29 773/851/29
f 305/850/31 48/165/31 280/96/31
f 280/96/4 48/165/4 264/164/4
f 772/848/4 858/908/4 859/910/4
f 765/849/4 855/909/4 858/908/4
f 773/851/4 859/910/4 862/245/4
usemtl Wall_E
f 760/73/6 745/74/6 784/75/6
f 309/182/6 740/183/6 739/184/6
f 100/191/6 116/192/6 101/193/6
f 121/194/6 105/195/6 107/70/6
f 117/200/6 107/70/6 102/201/6
f 109/88/6 675/147/6 672/86/6
f 101/193/6 104/87/6 109/88/6
f 585/206/6 747/207/6 778/208/6
f 131/227/6 121/194/6 117/200/6
f 133/228/6 119/196/6 121/194/6
f 789/235/6 134/236/6 788/237/6
f 788/234/4 1028/238/4 1034/239/4
f 745/74/6 309/182/6 739/184/6
f 271/428/6 326/429/6 323/430/6
f 323/199/4 389/431/4 395/432/4
f 271/428/6 309/182/6 276/433/6
f 273/434/6 281/435/6 267/436/6
f 313/438/6 283/440/6 273/434/6
f 267/436/6 279/443/6 263/444/6
f 774/472/6 304/473/6 407/474/6
f 283/440/6 300/477/6 281/435/6
f 281/435/6 298/481/6 279/443/6
f 276/198/4 391/475/4 393/431/4
f 309/182/6 308/483/6 276/433/6
f 393/498/1 326/489/1 276/447/1
f 388/465/1 283/445/1 324/446/1
f 392/432/3 324/198/3 313/199/3
f 283/198/3 394/475/3 304/563/3
f 304/445/5 410/465/5 407/446/5
f 407/446/5 412/496/5 411/489/5
f 774/472/6 411/574/6 775/575/6
f 775/575/6 308/483/6 761/576/6
f 411/489/5 391/498/5 308/447/5
f 596/721/6 778/208/6 780/722/6
f 131/227/6 780/722/6 782/724/6
f 672/86/6 117/200/6 102/201/6
f 132/837/6 739/184/6 119/196/6
f 739/184/6 105/195/6 119/196/6
f 784/75/6 132/837/6 752/839/6
f 883/838/6 752/839/6 875/217/6
f 782/724/6 873/263/6 882/220/6
f 780/722/6 872/255/6 873/263/6
f 861/844/6 761/576/6 851/845/6
f 860/846/6 775/575/6 861/844/6
f 856/852/6 774/472/6 860/846/6
f 304/473/6 764/853/6 300/477/6
f 300/477/6 763/855/6 298/481/6
f 307/856/6 761/576/6 308/483/6
f 131/227/6 777/841/6 133/228/6
f 777/841/6 132/837/6 133/228/6
f 136/868/6 747/207/6 134/236/6
f 872/255/6 747/207/6 864/215/6
f 116/198/4 1034/239/4 1026/231/4
f 115/877/6 788/237/6 116/192/6
f 766/854/6 854/912/6 764/853/6
f 764/853/6 853/913/6 763/855/6
f 760/73/6 851/845/6 761/576/6
f 882/220/6 777/841/6 782/724/6
f 879/218/6 752/839/6 777/841/6
f 750/920/6 864/215/6 747/207/6
f 675/189/1 1030/205/1 117/187/1
f 596/189/5 1031/172/5 585/177/5
f 585/177/5 1028/170/5 134/179/5
f 1030/231/3 131/947/3 117/198/3
f 131/187/5 1032/176/5 596/189/5
f 104/177/1 1033/176/1 675/189/1
f 116/179/1 1029/172/1 104/177/1
f 760/73/6 307/856/6 745/74/6
f 309/182/6 261/202/6 740/183/6
f 100/191/6 115/877/6 116/192/6
f 121/194/6 119/196/6 105/195/6
f 117/200/6 121/194/6 107/70/6
f 109/88/6 104/87/6 675/147/6
f 101/193/6 116/192/6 104/87/6
f 585/206/6 134/236/6 747/207/6
f 131/227/6 133/228/6 121/194/6
f 133/228/6 132/837/6 119/196/6
f 789/235/6 136/868/6 134/236/6
f 788/234/4 134/947/4 1028/238/4
f 745/74/6 307/856/6 309/182/6
f 271/428/6 276/433/6 326/429/6
f 323/199/4 326/198/4 389/431/4
f 271/428/6 261/202/6 309/182/6
f 273/434/6 283/440/6 281/435/6
f 313/438/6 324/437/6 283/440/6
f 267/436/6 281/435/6 279/443/6
f 774/472/6 766/854/6 304/473/6
f 283/440/6 304/473/6 300/477/6
f 281/435/6 300/477/6 298/481/6
f 276/198/4 308/947/4 391/475/4
f 309/182/6 307/856/6 308/483/6
f 393/498/1 389/496/1 326/489/1
f 388/465/1 390/463/1 283/445/1
f 392/432/3 388/431/3 324/198/3
f 283/198/3 390/431/3 394/475/3
f 304/445/5 394/463/5 410/465/5
f 407/446/5 410/465/5 412/496/5
f 774/472/6 407/474/6 411/574/6
f 775/575/6 411/574/6 308/483/6
f 411/489/5 412/496/5 391/498/5
f 596/721/6 585/206/6 778/208/6
f 131/227/6 596/721/6 780/722/6
f 672/86/6 675/147/6 117/200/6
f 132/837/6 745/74/6 739/184/6
f 739/184/6 740/183/6 105/195/6
f 784/75/6 745/74/6 132/837/6
f 883/838/6 784/75/6 752/839/6
f 782/724/6 780/722/6 873/263/6
f 780/722/6 778/208/6 872/255/6
f 861/844/6 775/575/6 761/576/6
f 860/846/6 774/472/6 775/575/6
f 856/852/6 766/854/6 774/472/6
f 304/473/6 766/854/6 764/853/6
f 300/477/6 764/853/6 763/855/6
f 307/856/6 760/73/6 761/576/6
f 131/227/6 782/724/6 777/841/6
f 777/841/6 752/839/6 132/837/6
f 136/868/6 750/920/6 747/207/6
f 872/255/6 778/208/6 747/207/6
f 116/198/4 788/234/4 1034/239/4
f 115/877/6 789/235/6 788/237/6
f 766/854/6 856/852/6 854/912/6
f 764/853/6 854/912/6 853/913/6
f 760/73/6 850/911/6 851/845/6
f 882/220/6 879/218/6 777/841/6
f 879/218/6 875/217/6 752/839/6
f 750/920/6 867/213/6 864/215/6
f 675/189/1 1033/176/1 1030/205/1
f 596/189/5 1032/176/5 1031/172/5
f 585/177/5 1031/172/5 1028/170/5
f 1030/231/3 1027/230/3 131/947/3
f 131/187/5 1027/205/5 1032/176/5
f 104/177/1 1029/172/1 1033/176/1
f 116/179/1 1026/170/1 1029/172/1
usemtl Wall_N
f 329/197/7 279/198/7 837/441/7
f 262/439/8 330/96/8 278/442/8
f 837/441/7 331/164/7 329/197/7
f 328/81/9 332/503/9 330/96/9
f 299/505/8 330/96/8 334/506/8
f 332/503/9 334/506/9 330/96/9
f 298/507/8 837/441/8 279/198/8
f 335/847/9 768/848/9 334/506/9
f 334/506/8 757/849/8 299/505/8
f 298/507/20 769/857/20 839/858/20
f 839/858/20 770/903/20 335/847/20
f 837/441/8 335/847/8 332/503/8
f 770/903/23 863/245/23 846/906/23
f 768/848/24 846/906/24 845/908/24
f 768/848/8 847/909/8 757/849/8
f 763/907/8 863/245/8 769/857/8
f 329/197/8 263/199/8 279/198/8
f 262/439/8 328/81/8 330/96/8
f 837/441/7 332/503/7 331/164/7
f 328/81/7 331/164/7 332/503/7
f 299/505/8 278/442/8 330/96/8
f 332/503/9 335/847/9 334/506/9
f 298/507/8 839/858/8 837/441/8
f 335/847/20 770/903/20 768/848/20
f 334/506/8 768/848/8 757/849/8
f 298/507/8 763/907/8 769/857/8
f 839/858/20 769/857/20 770/903/20
f 837/441/8 839/858/8 335/847/8
f 770/903/8 769/857/8 863/245/8
f 768/848/32 770/903/32 846/906/32
f 768/848/8 845/908/8 847/909/8
f 763/907/8 853/224/8 863/245/8
usemtl Wall_W
f 274/434/2 314/437/2 310/438/2
f 262/436/2 284/440/2 274/434/2
f 268/428/2 277/20/2 260/202/2
f 282/433/2 303/476/2 277/20/2
f 278/435/2 301/478/2 284/440/2
f 284/440/2 316/480/2 314/437/2
f 314/437/2 321/485/2 319/429/2
f 310/438/2 319/429/2 317/430/2
f 317/430/2 282/433/2 268/428/2
f 319/429/2 302/495/2 282/433/2
f 321/485/2 759/576/2 302/495/2
f 316/480/2 767/575/2 321/485/2
f 302/495/2 765/73/2 303/476/2
f 299/477/2 758/854/2 301/478/2
f 301/478/2 762/472/2 316/480/2
f 767/575/2 849/845/2 759/576/2
f 762/472/2 857/844/2 767/575/2
f 759/576/2 855/911/2 765/73/2
f 757/853/2 848/852/2 758/854/2
f 758/854/2 852/846/2 762/472/2
f 274/434/2 284/440/2 314/437/2
f 262/436/2 278/435/2 284/440/2
f 268/428/2 282/433/2 277/20/2
f 282/433/2 302/495/2 303/476/2
f 278/435/2 299/477/2 301/478/2
f 284/440/2 301/478/2 316/480/2
f 314/437/2 316/480/2 321/485/2
f 310/438/2 314/437/2 319/429/2
f 317/430/2 319/429/2 282/433/2
f 319/429/2 321/485/2 302/495/2
f 321/485/2 767/575/2 759/576/2
f 316/480/2 762/472/2 767/575/2
f 302/495/2 759/576/2 765/73/2
f 299/477/2 757/853/2 758/854/2
f 301/478/2 758/854/2 762/472/2
f 767/575/2 857/844/2 849/845/2
f 762/472/2 852/846/2 857/844/2
f 759/576/2 849/845/2 855/911/2
f 757/853/2 847/912/2 848/852/2
f 758/854/2 848/852/2 852/846/2
usemtl Wall_K
f 150/197/4 115/198/4 100/199/4
f 793/232/4 136/233/4 789/234/4
f 155/203/4 150/197/4 151/204/4
f 159/250/4 793/232/4 790/251/4
f 756/863/4 158/864/4 159/250/4
f 158/864/4 750/867/4 136/233/4
f 790/251/4 122/243/4 155/203/4
f 122/243/4 789/234/4 115/198/4
f 876/257/4 755/918/4 756/863/4
f 755/918/4 867/224/4 750/867/4
f 150/197/4 122/243/4 115/198/4
f 793/232/4 158/864/4 136/233/4
f 155/203/4 122/243/4 150/197/4
f 159/250/4 158/864/4 793/232/4
f 756/863/4 755/918/4 158/864/4
f 158/864/4 755/918/4 750/867/4
f 790/251/4 793/232/4 122/243/4
f 122/243/4 793/232/4 789/234/4
f 876/257/4 871/222/4 755/918/4
f 755/918/4 871/222/4 867/224/4
usemtl Wall_K_S
f 145/203/3 106/51/3 143/204/3
f 145/203/3 139/241/3 120/50/3
f 138/242/3 145/203/3 123/243/3
f 123/243/3 143/204/3 112/197/3
f 748/865/3 148/866/3 138/242/3
f 148/866/3 749/869/3 139/241/3
f 865/245/3 753/919/3 748/865/3
f 869/212/3 749/869/3 753/919/3
f 145/203/3 120/50/3 106/51/3
f 145/203/3 148/866/3 139/241/3
f 138/242/3 148/866/3 145/203/3
f 123/243/3 145/203/3 143/204/3
f 748/865/3 753/919/3 148/866/3
f 148/866/3 753/919/3 749/869/3
f 865/245/3 869/212/3 753/919/3
f 869/212/3 866/211/3 749/869/3
usemtl Wall_K_S_2
f 120/196/2 108/70/2 106/195/2
f 139/240/2 44/194/2 120/196/2
f 751/841/2 609/842/2 140/155/2
f 609/842/2 779/722/2 602/843/2
f 602/843/2 771/208/2 89/859/2
f 749/839/2 140/155/2 139/240/2
f 868/218/2 781/724/2 751/841/2
f 881/220/2 779/722/2 781/724/2
f 779/722/2 877/255/2 771/208/2
f 866/217/2 751/841/2 749/839/2
f 120/196/2 44/194/2 108/70/2
f 139/240/2 140/155/2 44/194/2
f 751/841/2 781/724/2 609/842/2
f 609/842/2 781/724/2 779/722/2
f 602/843/2 779/722/2 771/208/2
f 749/839/2 751/841/2 140/155/2
f 868/218/2 881/220/2 781/724/2
f 881/220/2 880/263/2 779/722/2
f 779/722/2 880/263/2 877/255/2
f 866/217/2 868/218/2 751/841/2
usemtl Wall_K_S_3
f 2/49/4 152/50/4 137/51/4
f 108/51/3 45/128/3 1/49/3
f 89/143/5 600/153/5 602/154/5
f 44/50/3 91/159/3 45/128/3
f 785/35/4 89/241/4 802/36/4
f 602/154/5 607/728/5 609/582/5
f 609/582/5 91/53/5 140/63/5
f 41/128/4 802/36/4 152/50/4
f 2/49/4 41/128/4 152/50/4
f 108/51/3 44/50/3 45/128/3
f 89/143/5 88/8/5 600/153/5
f 44/50/3 140/241/3 91/159/3
f 785/35/4 88/405/4 89/241/4
f 602/154/5 600/153/5 607/728/5
f 609/582/5 607/728/5 91/53/5
f 41/128/4 785/35/4 802/36/4
usemtl Wall_K_S_4
f 152/50/4 147/204/4 137/51/4
f 89/241/4 791/251/4 802/36/4
f 771/862/4 156/250/4 89/241/4
f 802/36/4 153/203/4 152/50/4
f 877/260/4 776/917/4 771/862/4
f 152/50/4 153/203/4 147/204/4
f 89/241/4 156/250/4 791/251/4
f 771/862/4 776/917/4 156/250/4
f 802/36/4 791/251/4 153/203/4
f 877/260/4 878/259/4 776/917/4
usemtl Wall_K_W
f 287/20/2 743/21/2 742/22/2
f 285/202/2 742/22/2 741/183/2
f 741/183/2 123/196/2 112/195/2
f 742/22/2 138/840/2 123/196/2
f 138/840/2 783/75/2 748/839/2
f 306/870/2 783/75/2 743/21/2
f 748/839/2 874/838/2 865/217/2
f 287/20/2 306/870/2 743/21/2
f 285/202/2 287/20/2 742/22/2
f 741/183/2 742/22/2 123/196/2
f 742/22/2 743/21/2 138/840/2
f 138/840/2 743/21/2 783/75/2
f 306/870/2 844/73/2 783/75/2
f 748/839/2 783/75/2 874/838/2
usemtl Wall_K_2
f 154/192/2 151/191/2 149/193/2
f 153/87/2 149/193/2 147/88/2
f 157/236/2 790/235/2 792/237/2
f 156/206/2 792/237/2 791/252/2
f 754/860/2 159/861/2 157/236/2
f 776/208/2 157/236/2 156/206/2
f 791/252/2 154/192/2 153/87/2
f 792/237/2 155/877/2 154/192/2
f 870/254/2 756/916/2 754/860/2
f 878/255/2 754/860/2 776/208/2
f 154/192/2 155/877/2 151/191/2
f 153/87/2 154/192/2 149/193/2
f 157/236/2 159/861/2 790/235/2
f 156/206/2 157/236/2 792/237/2
f 754/860/2 756/916/2 159/861/2
f 776/208/2 754/860/2 157/236/2
f 791/252/2 792/237/2 154/192/2
f 792/237/2 790/235/2 155/877/2
f 870/254/2 876/262/2 756/916/2
f 878/255/2 870/254/2 754/860/2
usemtl Gold
f 995/460/6 860/846/6 999/462/6
f 999/462/6 861/844/6 1000/487/6
f 1000/487/6 851/845/6 990/456/6
f 846/906/25 985/452/25 983/905/25
f 984/452/4 850/224/4 862/245/4
f 845/908/26 983/905/26 982/468/26
f 845/908/8 986/466/8 847/909/8
f 857/844/2 988/456/2 849/845/2
f 852/846/2 996/487/2 857/844/2
f 858/908/4 998/450/4 859/910/4
f 849/845/2 994/454/2 855/911/2
f 856/852/6 993/457/6 854/912/6
f 847/912/2 987/460/2 848/852/2
f 855/909/4 997/468/4 858/908/4
f 848/852/2 991/462/2 852/846/2
f 854/912/6 992/459/6 853/913/6
f 850/911/6 990/456/6 851/845/6
f 853/224/8 985/452/8 863/245/8
f 859/910/4 984/452/4 862/245/4
f 995/460/6 856/852/6 860/846/6
f 999/462/6 860/846/6 861/844/6
f 1000/487/6 861/844/6 851/845/6
f 846/906/33 863/245/33 985/452/33
f 984/452/4 989/453/4 850/224/4
f 845/908/34 846/906/34 983/905/34
f 845/908/8 982/468/8 986/466/8
f 857/844/2 996/487/2 988/456/2
f 852/846/2 991/462/2 996/487/2
f 858/908/4 997/468/4 998/450/4
f 849/845/2 988/456/2 994/454/2
f 856/852/6 995/460/6 993/457/6
f 847/912/2 986/457/2 987/460/2
f 855/909/4 994/466/4 997/468/4
f 848/852/2 987/460/2 991/462/2
f 854/912/6 993/457/6 992/459/6
f 850/911/6 989/454/6 990/456/6
f 853/224/8 992/453/8 985/452/8
f 859/910/4 998/450/4 984/452/4
usemtl Bedroom_S
f 202/293/4 180/199/4 184/294/4
f 224/364/4 198/365/4 202/293/4
f 825/893/4 221/563/4 224/364/4
f 1007/934/4 828/935/4 825/893/4
f 202/293/4 198/365/4 180/199/4
f 224/364/4 221/563/4 198/365/4
f 825/893/4 828/935/4 221/563/4
f 1007/934/4 1014/973/4 828/935/4
usemtl Bedroom_E
f 198/296/6 178/297/6 180/298/6
f 192/299/6 168/300/6 169/301/6
f 179/304/6 175/305/6 174/306/6
f 193/309/6 169/301/6 172/310/6
f 196/311/6 174/306/6 178/297/6
f 175/305/6 193/309/6 172/310/6
f 1023/347/3 801/348/3 1025/349/3
f 217/350/6 797/351/6 801/352/6
f 216/353/6 796/354/6 797/351/6
f 215/357/6 795/358/6 796/354/6
f 221/369/6 196/311/6 198/296/6
f 796/354/6 191/316/6 192/299/6
f 797/351/6 192/299/6 193/309/6
f 177/873/6 797/351/6 193/309/6
f 1025/349/3 177/874/3 1021/875/3
f 821/882/6 471/883/6 220/884/6
f 831/887/6 216/353/6 217/350/6
f 827/885/6 215/357/6 216/353/6
f 826/897/6 214/360/6 215/357/6
f 828/900/6 220/884/6 221/369/6
f 832/902/6 217/350/6 471/883/6
f 1010/327/6 832/902/6 821/882/6
f 1017/321/6 827/885/6 831/887/6
f 1013/336/6 826/897/6 827/885/6
f 1012/324/6 820/901/6 826/897/6
f 1014/328/6 821/882/6 828/900/6
f 1018/322/6 831/887/6 832/902/6
f 471/613/5 1020/940/5 220/941/5
f 220/942/4 1019/943/4 196/290/4
f 217/944/5 1024/945/5 471/613/5
f 1022/945/1 177/944/1 179/613/1
f 1019/940/1 179/613/1 196/941/1
f 198/296/6 196/311/6 178/297/6
f 192/299/6 191/316/6 168/300/6
f 179/304/6 177/873/6 175/305/6
f 193/309/6 192/299/6 169/301/6
f 196/311/6 179/304/6 174/306/6
f 175/305/6 177/873/6 193/309/6
f 1023/347/3 217/359/3 801/348/3
f 217/350/6 216/353/6 797/351/6
f 216/353/6 215/357/6 796/354/6
f 215/357/6 214/360/6 795/358/6
f 221/369/6 220/884/6 196/311/6
f 796/354/6 795/358/6 191/316/6
f 797/351/6 796/354/6 192/299/6
f 177/873/6 801/352/6 797/351/6
f 1025/349/3 801/348/3 177/874/3
f 821/882/6 832/902/6 471/883/6
f 831/887/6 827/885/6 216/353/6
f 827/885/6 826/897/6 215/357/6
f 826/897/6 820/901/6 214/360/6
f 828/900/6 821/882/6 220/884/6
f 832/902/6 831/887/6 217/350/6
f 1010/327/6 1018/322/6 832/902/6
f 1017/321/6 1013/336/6 827/885/6
f 1013/336/6 1012/324/6 826/897/6
f 1012/324/6 1009/325/6 820/901/6
f 1014/328/6 1010/327/6 821/882/6
f 1018/322/6 1017/321/6 831/887/6
f 471/613/5 1024/945/5 1020/940/5
f 220/942/4 1020/975/4 1019/943/4
f 217/944/5 1023/976/5 1024/945/5
f 1022/945/1 1021/976/1 177/944/1
f 1019/940/1 1022/945/1 179/613/1
usemtl Bedroom_N
f 191/290/3 183/291/3 168/292/3
f 201/307/3 167/308/3 183/291/3
f 213/355/3 794/346/3 799/356/3
f 214/359/3 799/356/3 795/348/3
f 795/348/3 201/307/3 191/290/3
f 799/356/3 190/312/3 201/307/3
f 824/896/3 212/344/3 213/355/3
f 820/899/3 213/355/3 214/359/3
f 1006/330/3 819/889/3 824/896/3
f 1009/331/3 824/896/3 820/899/3
f 191/290/3 201/307/3 183/291/3
f 201/307/3 190/312/3 167/308/3
f 213/355/3 212/344/3 794/346/3
f 214/359/3 213/355/3 799/356/3
f 795/348/3 799/356/3 201/307/3
f 799/356/3 794/346/3 190/312/3
f 824/896/3 819/889/3 212/344/3
f 820/899/3 824/896/3 213/355/3
f 1006/330/3 1008/334/3 819/889/3
f 1009/331/3 1006/330/3 824/896/3
usemtl Bedroom_W
f 194/149/4 173/295/4 20/51/4
f 199/302/2 182/303/2 181/84/2
f 189/312/3 165/313/3 166/308/3
f 195/314/4 181/315/4 173/295/4
f 190/316/2 166/317/2 167/300/2
f 200/318/2 184/319/2 182/303/2
f 211/344/3 800/345/3 798/346/3
f 212/360/2 798/361/2 794/358/2
f 225/362/4 199/363/4 195/314/4
f 85/34/4 195/314/4 194/149/4
f 222/366/2 202/367/2 200/318/2
f 223/368/2 200/318/2 199/302/2
f 800/361/2 43/373/2 188/374/2
f 188/374/2 170/375/2 165/317/2
f 226/871/2 800/361/2 218/872/2
f 794/358/2 189/374/2 190/316/2
f 798/346/3 188/876/3 189/312/3
f 822/885/2 464/886/2 226/871/2
f 218/872/2 822/885/2 226/871/2
f 830/887/2 85/888/2 464/886/2
f 815/889/3 218/890/3 211/344/3
f 817/891/4 223/892/4 225/362/4
f 823/862/4 225/362/4 85/34/4
f 816/894/2 224/895/2 222/366/2
f 829/898/2 222/366/2 223/368/2
f 819/901/2 211/872/2 212/360/2
f 1005/336/2 830/887/2 822/885/2
f 1004/324/2 822/885/2 818/897/2
f 1016/321/2 823/902/2 830/887/2
f 1001/334/3 818/931/3 815/889/3
f 1003/932/4 829/933/4 817/891/4
f 1011/936/4 817/891/4 823/862/4
f 1002/937/2 825/938/2 816/894/2
f 1015/626/2 816/894/2 829/898/2
f 1008/325/2 815/897/2 819/901/2
f 194/149/4 195/314/4 173/295/4
f 199/302/2 200/318/2 182/303/2
f 189/312/3 188/876/3 165/313/3
f 195/314/4 199/363/4 181/315/4
f 190/316/2 189/374/2 166/317/2
f 200/318/2 202/367/2 184/319/2
f 211/344/3 218/890/3 800/345/3
f 212/360/2 211/872/2 798/361/2
f 225/362/4 223/892/4 199/363/4
f 85/34/4 225/362/4 195/314/4
f 222/366/2 224/895/2 202/367/2
f 223/368/2 222/366/2 200/318/2
f 800/361/2 803/959/2 43/373/2
f 188/374/2 43/373/2 170/375/2
f 226/871/2 803/959/2 800/361/2
f 794/358/2 798/361/2 189/374/2
f 798/346/3 800/345/3 188/876/3
f 822/885/2 830/887/2 464/886/2
f 218/872/2 818/897/2 822/885/2
f 830/887/2 823/902/2 85/888/2
f 815/889/3 818/931/3 218/890/3
f 817/891/4 829/933/4 223/892/4
f 823/862/4 817/891/4 225/362/4
f 816/894/2 825/938/2 224/895/2
f 829/898/2 816/894/2 222/366/2
f 819/901/2 815/897/2 211/872/2
f 1005/336/2 1016/321/2 830/887/2
f 1004/324/2 1005/336/2 822/885/2
f 1016/321/2 1011/322/2 823/902/2
f 1001/334/3 1004/339/3 818/931/3
f 1003/932/4 1015/972/4 829/933/4
f 1011/936/4 1003/932/4 817/891/4
f 1002/937/2 1007/974/2 825/938/2
f 1015/626/2 1002/937/2 816/894/2
f 1008/325/2 1001/324/2 815/897/2
o Plane.001
v -1.212500 0.000000 5.780000
v -0.212500 0.000000 5.780000
v -0.212500 2.000000 5.680000
v -0.212500 0.000000 5.680000
v -0.212500 2.000000 5.780000
v -1.212500 2.000000 5.780000
v -1.212500 2.000000 5.680000
v -1.212500 0.000000 5.680000
vn -0.0000 -0.0000 1.0000
vn -0.0000 -0.0000 -1.0000
vn -1.0000 -0.0000 -0.0000
vn -0.0000 1.0000 -0.0000
vn -0.0000 -1.0000 -0.0000
vn 1.0000 -0.0000 -0.0000
vt 0.000000 -0.500000
vt 1.000000 1.500000
vt 0.000000 1.500000
vt 0.450000 1.500000
vt 0.550000 -0.500000
vt 0.450000 -0.500000
vt 1.000000 0.450000
vt 0.000000 0.550000
vt 0.000000 0.450000
vt 1.000000 0.550000
vt 0.550000 1.500000
vt 0.450000 1.500000
vt 1.000000 -0.500000
vt 0.550000 1.500000
s 0
usemtl Walnut
f 1035/977/35 1039/978/35 1040/979/35
f 1037/978/36 1042/977/36 1041/979/36
f 1040/980/37 1042/981/37 1035/982/37
f 1039/983/38 1041/984/38 1040/985/38
f 1035/985/39 1038/986/39 1036/983/39
f 1036/982/40 1037/987/40 1039/988/40
f 1035/977/35 1036/989/35 1039/978/35
f 1037/978/36 1038/989/36 1042/977/36
f 1040/980/37 1041/990/37 1042/981/37
f 1039/983/38 1037/986/38 1041/984/38
f 1035/985/39 1042/984/39 1038/986/39
f 1036/982/40 1038/981/40 1037/987/40
o Plane.003
v 3.712500 0.800000 -0.300000
v 3.712500 2.200000 -0.300000
v 2.212500 0.800000 -0.300000
v 2.212500 2.200000 -0.300000
v 3.652500 0.860000 -0.300000
v 3.652500 2.140000 -0.300000
v 2.272500 0.860000 -0.300000
v 2.272500 2.140000 -0.300000
v 3.652500 0.860000 -0.280000
v 3.652500 2.140000 -0.280000
v 2.272500 0.860000 -0.280000
v 2.272500 2.140000 -0.280000
v 3.672500 0.840000 -0.280000
v 2.252500 0.840000 -0.280000
v 3.672500 0.840000 -0.230000
v 2.252500 0.840000 -0.230000
v 2.212500 0.800000 -0.230000
v 3.672500 2.160000 -0.280000
v 2.252500 2.160000 -0.280000
v 3.712500 2.200000 -0.230000
v 3.712500 0.800000 -0.230000
v 3.672500 2.160000 -0.230000
v 2.252500 2.160000 -0.230000
v 2.212500 2.200000 -0.230000
v -1.772500 0.800000 -0.300000
v -1.772500 2.200000 -0.300000
v -2.622500 0.800000 -0.300000
v -2.622500 2.200000 -0.300000
v -1.832500 0.860000 -0.300000
v -1.832500 2.140000 -0.300000
v -2.562500 0.860000 -0.300000
v -2.562500 2.140000 -0.300000
v -1.832500 0.860000 -0.280000
v -1.832500 2.140000 -0.280000
v -2.562500 0.860000 -0.280000
v -2.562500 2.140000 -0.280000
v -1.812500 0.840000 -0.280000
v -2.582500 0.840000 -0.280000
v -1.812500 0.840000 -0.230000
v -2.582500 0.840000 -0.230000
v -2.622500 0.800000 -0.230000
v -1.812500 2.160000 -0.280000
v -2.582500 2.160000 -0.280000
v -1.772500 2.200000 -0.230000
v -1.772500 0.800000 -0.230000
v -1.812500 2.160000 -0.230000
v -2.582500 2.160000 -0.230000
v -2.622500 2.200000 -0.230000
v -3.622500 0.800000 -0.300000
v -3.622500 2.200000 -0.300000
v -4.472500 0.800000 -0.300000
v -4.472500 2.200000 -0.300000
v -3.682500 0.860000 -0.300000
v -3.682500 2.140000 -0.300000
v -4.412500 0.860000 -0.300000
v -4.412500 2.140000 -0.300000
v -3.682500 0.860000 -0.280000
v -3.682500 2.140000 -0.280000
v -4.412500 0.860000 -0.280000
v -4.412500 2.140000 -0.280000
v -3.662500 0.840000 -0.280000
v -4.432500 0.840000 -0.280000
v -3.662500 0.840000 -0.230000
v -4.432500 0.840000 -0.230000
v -4.472500 0.800000 -0.230000
v -3.662500 2.160000 -0.280000
v -4.432500 2.160000 -0.280000
v -3.622500 2.200000 -0.230000
v -3.622500 0.800000 -0.230000
v -3.662500 2.160000 -0.230000
v -4.432500 2.160000 -0.230000
v -4.472500 2.200000 -0.230000
v -2.622500 -0.000000 -0.300000
v -2.622500 2.200000 -0.300000
v -3.622500 0.000000 -0.300000
v -3.622500 2.200000 -0.300000
v -2.682500 0.060000 -0.300000
v -2.682500 2.140000 -0.300000
v -3.562500 0.060000 -0.300000
v -3.562500 2.140000 -0.300000
v -2.682500 0.060000 -0.280000
v -2.682500 2.140000 -0.280000
v -3.562500 0.060000 -0.280000
v -3.562500 2.140000 -0.280000
v -2.662500 0.040000 -0.280000
v -3.582500 0.040000 -0.280000
v -2.662500 0.040000 -0.230000
v -3.582500 0.040000 -0.230000
v -3.622500 0.000000 -0.230000
v -2.662500 2.160000 -0.280000
v -3.582500 2.160000 -0.280000
v -2.622500 2.200000 -0.230000
v -2.622500 -0.000000 -0.230000
v -2.662500 2.160000 -0.230000
v -3.582500 2.160000 -0.230000
v -3.622500 2.200000 -0.230000
v 3.612500 0.900000 -0.280000
v 2.312500 0.900000 -0.280000
v 3.612500 2.100000 -0.280000
v 2.312500 2.100000 -0.280000
v 3.692500 0.820000 -0.230000
v 2.232500 0.820000 -0.230000
v 2.232500 2.180000 -0.230000
v 3.692500 2.180000 -0.230000
v 3.612500 0.900000 -0.210000
v 2.312500 0.900000 -0.210000
v 2.312500 2.100000 -0.210000
v 3.612500 2.100000 -0.210000
v 3.672500 2.160000 -0.230000
v 3.672500 0.840000 -0.230000
v 2.252500 2.160000 -0.230000
v 2.252500 0.840000 -0.230000
v 3.672500 0.840000 -0.280000
v 2.252500 0.840000 -0.280000
v 2.252500 2.160000 -0.280000
v 3.672500 2.160000 -0.280000
v 3.692500 0.820000 -0.210000
v 2.232500 0.820000 -0.210000
v 2.232500 2.180000 -0.210000
v 3.692500 2.180000 -0.210000
v 2.302500 0.890000 -0.255000
v 2.302500 2.110000 -0.255000
v 3.622500 0.890000 -0.255000
v 3.622500 2.110000 -0.255000
v 2.302500 0.890000 -0.235000
v 2.302500 2.110000 -0.235000
v 3.622500 0.890000 -0.235000
v 3.622500 2.110000 -0.235000
v 3.612500 2.100000 -0.255000
v 2.312500 2.100000 -0.255000
v 3.612500 0.900000 -0.255000
v 2.312500 0.900000 -0.255000
v 3.612500 2.100000 -0.235000
v 2.312500 2.100000 -0.235000
v 3.612500 0.900000 -0.235000
v 2.312500 0.900000 -0.235000
v 2.302500 0.890000 -0.255000
v 2.302500 2.110000 -0.255000
v 3.622500 0.890000 -0.255000
v 3.622500 2.110000 -0.255000
v 2.302500 0.890000 -0.235000
v 2.302500 2.110000 -0.235000
v 3.622500 0.890000 -0.235000
v 3.622500 2.110000 -0.235000
v -1.872500 0.900000 -0.280000
v -2.522500 0.900000 -0.280000
v -1.872500 2.100000 -0.280000
v -2.522500 2.100000 -0.280000
v -1.792500 0.820000 -0.230000
v -2.602500 0.820000 -0.230000
v -2.602500 2.180000 -0.230000
v -1.792500 2.180000 -0.230000
v -1.872500 0.900000 -0.210000
v -2.522500 0.900000 -0.210000
v -2.522500 2.100000 -0.210000
v -1.872500 2.100000 -0.210000
v -1.812500 2.160000 -0.230000
v -1.812500 0.840000 -0.230000
v -2.582500 2.160000 -0.230000
v -2.582500 0.840000 -0.230000
v -1.812500 0.840000 -0.280000
v -2.582500 0.840000 -0.280000
v -2.582500 2.160000 -0.280000
v -1.812500 2.160000 -0.280000
v -1.792500 0.820000 -0.210000
v -2.602500 0.820000 -0.210000
v -2.602500 2.180000 -0.210000
v -1.792500 2.180000 -0.210000
v -2.532500 0.890000 -0.255000
v -2.532500 2.110000 -0.255000
v -1.862500 0.890000 -0.255000
v -1.862500 2.110000 -0.255000
v -2.532500 0.890000 -0.235000
v -2.532500 2.110000 -0.235000
v -1.862500 0.890000 -0.235000
v -1.862500 2.110000 -0.235000
v -1.872500 2.100000 -0.255000
v -2.522500 2.100000 -0.255000
v -1.872500 0.900000 -0.255000
v -2.522500 0.900000 -0.255000
v -1.872500 2.100000 -0.235000
v -2.522500 2.100000 -0.235000
v -1.872500 0.900000 -0.235000
v -2.522500 0.900000 -0.235000
v -2.532500 0.890000 -0.255000
v -2.532500 2.110000 -0.255000
v -1.862500 0.890000 -0.255000
v -1.862500 2.110000 -0.255000
v -2.532500 0.890000 -0.235000
v -2.532500 2.110000 -0.235000
v -1.862500 0.890000 -0.235000
v -1.862500 2.110000 -0.235000
v -3.722500 0.900000 -0.280000
v -4.372500 0.900000 -0.280000
v -3.722500 2.100000 -0.280000
v -4.372500 2.100000 -0.280000
v -3.642500 0.820000 -0.230000
v -4.452500 0.820000 -0.230000
v -4.452500 2.180000 -0.230000
v -3.642500 2.180000 -0.230000
v -3.722500 0.900000 -0.210000
v -4.372500 0.900000 -0.210000
v -4.372500 2.100000 -0.210000
v -3.722500 2.100000 -0.210000
v -3.662500 2.160000 -0.230000
v -3.662500 0.840000 -0.230000
v -4.432500 2.160000 -0.230000
v -4.432500 0.840000 -0.230000
v -3.662500 0.840000 -0.280000
v -4.432500 0.840000 -0.280000
v -4.432500 2.160000 -0.280000
v -3.662500 2.160000 -0.280000
v -3.642500 0.820000 -0.210000
v -4.452500 0.820000 -0.210000
v -4.452500 2.180000 -0.210000
v -3.642500 2.180000 -0.210000
v -4.382500 0.890000 -0.255000
v -4.382500 2.110000 -0.255000
v -3.712500 0.890000 -0.255000
v -3.712500 2.110000 -0.255000
v -4.382500 0.890000 -0.235000
v -4.382500 2.110000 -0.235000
v -3.712500 0.890000 -0.235000
v -3.712500 2.110000 -0.235000
v -3.722500 2.100000 -0.255000
v -4.372500 2.100000 -0.255000
v -3.722500 0.900000 -0.255000
v -4.372500 0.900000 -0.255000
v -3.722500 2.100000 -0.235000
v -4.372500 2.100000 -0.235000
v -3.722500 0.900000 -0.235000
v -4.372500 0.900000 -0.235000
v -4.382500 0.890000 -0.255000
v -4.382500 2.110000 -0.255000
v -3.712500 0.890000 -0.255000
v -3.712500 2.110000 -0.255000
v -4.382500 0.890000 -0.235000
v -4.382500 2.110000 -0.235000
v -3.712500 0.890000 -0.235000
v -3.712500 2.110000 -0.235000
v -2.722500 0.100000 -0.280000
v -3.522500 0.100000 -0.280000
v -2.722500 2.100000 -0.280000
v -3.522500 2.100000 -0.280000
v -2.642500 0.020000 -0.230000
v -3.602500 0.020000 -0.230000
v -3.602500 2.180000 -0.230000
v -2.642500 2.180000 -0.230000
v -2.722500 0.100000 -0.210000
v -3.522500 0.100000 -0.210000
v -3.522500 2.100000 -0.210000
v -2.722500 2.100000 -0.210000
v -2.662500 2.160000 -0.230000
v -2.662500 0.040000 -0.230000
v -3.582500 2.160000 -0.230000
v -3.582500 0.040000 -0.230000
v -2.662500 0.040000 -0.280000
v -3.582500 0.040000 -0.280000
v -3.582500 2.160000 -0.280000
v -2.662500 2.160000 -0.280000
v -2.642500 0.020000 -0.210000
v -3.602500 0.020000 -0.210000
v -3.602500 2.180000 -0.210000
v -2.642500 2.180000 -0.210000
v -3.532500 0.090000 -0.255000
v -3.532500 2.110000 -0.255000
v -2.712500 0.090000 -0.255000
v -2.712500 2.110000 -0.255000
v -3.532500 0.090000 -0.235000
v -3.532500 2.110000 -0.235000
v -2.712500 0.090000 -0.235000
v -2.712500 2.110000 -0.235000
v -2.722500 2.100000 -0.255000
v -3.522500 2.100000 -0.255000
v -2.722500 0.100000 -0.255000
v -3.522500 0.100000 -0.255000
v -2.722500 2.100000 -0.235000
v -3.522500 2.100000 -0.235000
v -2.722500 0.100000 -0.235000
v -3.522500 0.100000 -0.235000
v -3.532500 0.090000 -0.255000
v -3.532500 2.110000 -0.255000
v -2.712500 0.090000 -0.255000
v -2.712500 2.110000 -0.255000
v -3.532500 0.090000 -0.235000
v -3.532500 2.110000 -0.235000
v -2.712500 0.090000 -0.235000
v -2.712500 2.110000 -0.235000
vn 1.0000 -0.0000 -0.0000
vn -0.0000 -0.0000 -1.0000
vn -1.0000 -0.0000 -0.0000
vn -0.0000 -1.0000 -0.0000
vn -0.0000 1.0000 -0.0000
vn -0.0000 -0.0000 1.0000
vt 0.515000 1.540000
vt 0.535000 0.260000
vt 0.535000 1.540000
vt 4.592500 1.600000
vt 4.532500 0.260000
vt 4.532500 1.540000
vt 4.592500 0.200000
vt 3.152500 0.260000
vt 3.092500 1.600000
vt 3.152500 1.540000
vt 0.515000 0.260000
vt 0.535000 0.260000
vt 4.532500 0.515000
vt 3.152500 0.535000
vt 4.532500 0.535000
vt 3.152500 0.515000
vt 3.132500 0.240000
vt 3.132500 0.465000
vt 4.552500 0.515000
vt 3.132500 0.515000
vt 4.552500 0.240000
vt 4.592500 0.535000
vt 3.092500 0.465000
vt 3.092500 0.535000
vt 4.552500 1.560000
vt 3.132500 1.560000
vt 0.465000 0.240000
vt 0.515000 1.560000
vt 0.515000 0.240000
vt 0.465000 1.560000
vt 0.515000 0.240000
vt 4.552500 0.465000
vt 3.092500 0.200000
vt 0.535000 0.200000
vt 0.465000 1.600000
vt 0.535000 1.600000
vt 4.592500 0.465000
vt 0.465000 0.200000
vt 0.535000 0.200000
vt -0.892500 1.600000
vt -0.952500 0.260000
vt -0.952500 1.540000
vt -0.892500 0.200000
vt -1.682500 0.260000
vt -1.742500 1.600000
vt -1.682500 1.540000
vt -0.952500 0.515000
vt -1.682500 0.535000
vt -0.952500 0.535000
vt -1.682500 0.515000
vt -1.702500 0.240000
vt -1.702500 0.465000
vt -0.932500 0.515000
vt -1.702500 0.515000
vt -0.892500 0.200000
vt -0.932500 0.240000
vt -1.742500 0.535000
vt -0.892500 0.465000
vt -1.742500 0.465000
vt -0.932500 1.560000
vt -1.702500 1.560000
vt -0.932500 0.465000
vt -1.742500 0.200000
vt -0.892500 0.465000
vt -0.892500 0.535000
vt -2.742500 1.600000
vt -2.802500 0.260000
vt -2.802500 1.540000
vt -2.742500 0.200000
vt -3.532500 0.260000
vt -3.592500 1.600000
vt -3.532500 1.540000
vt -2.802500 0.515000
vt -3.532500 0.535000
vt -2.802500 0.535000
vt -3.532500 0.515000
vt -3.552500 0.240000
vt -3.552500 0.465000
vt -2.782500 0.515000
vt -3.552500 0.515000
vt -2.742500 0.200000
vt -2.782500 0.240000
vt -3.592500 0.535000
vt -2.742500 0.465000
vt -3.592500 0.465000
vt -2.782500 1.560000
vt -3.552500 1.560000
vt -2.782500 0.465000
vt -3.592500 0.200000
vt -2.742500 0.465000
vt -2.742500 0.535000
vt 0.535000 -0.540000
vt -1.742500 1.600000
vt -1.802500 -0.540000
vt -1.802500 1.540000
vt -1.742500 -0.600000
vt -2.682500 -0.540000
vt -2.742500 -0.600000
vt -2.682500 1.540000
vt -2.742500 1.600000
vt 0.515000 -0.540000
vt -1.802500 0.515000
vt -2.682500 0.535000
vt -1.802500 0.535000
vt -2.682500 0.515000
vt -2.702500 -0.560000
vt -2.702500 0.465000
vt -1.782500 0.515000
vt -2.702500 0.515000
vt -1.742500 -0.600000
vt -1.782500 -0.560000
vt -2.742500 0.535000
vt -1.742500 0.465000
vt -1.782500 1.560000
vt -2.702500 1.560000
vt 0.465000 -0.560000
vt 0.515000 -0.560000
vt -1.782500 0.465000
vt 0.535000 -0.600000
vt -1.742500 0.465000
vt -1.742500 0.535000
vt 0.465000 -0.600000
vt 0.535000 -0.600000
vt 0.465000 1.500000
vt 0.490000 0.300000
vt 0.490000 1.500000
vt 0.485000 0.220000
vt 0.465000 1.580000
vt 0.485000 1.580000
vt 4.552500 1.560000
vt 4.572500 0.220000
vt 4.552500 0.240000
vt 3.132500 1.560000
vt 4.572500 1.580000
vt 3.132500 0.240000
vt 3.112500 1.580000
vt 3.112500 0.220000
vt 3.192500 0.465000
vt 4.492500 0.490000
vt 3.192500 0.490000
vt 4.572500 0.485000
vt 3.112500 0.465000
vt 3.112500 0.485000
vt 0.465000 0.220000
vt 0.485000 0.220000
vt 4.572500 0.465000
vt 4.552500 0.535000
vt 3.132500 0.485000
vt 3.132500 0.535000
vt 0.535000 0.240000
vt 0.485000 1.560000
vt 0.535000 1.560000
vt 4.552500 0.485000
vt 0.485000 0.240000
vt 0.535000 0.240000
vt 4.492500 0.300000
vt 3.192500 0.300000
vt 3.192500 1.500000
vt 4.492500 1.500000
vt 0.490000 0.300000
vt 4.492500 0.465000
vt 4.492500 0.510000
vt 3.192500 0.535000
vt 4.492500 0.535000
vt 0.535000 0.300000
vt 0.510000 1.500000
vt 0.535000 1.500000
vt 3.192500 0.510000
vt 0.535000 0.300000
vt 4.502501 0.490000
vt 3.182500 0.510000
vt 4.502501 0.510000
vt 0.510000 0.290000
vt 0.490000 1.510000
vt 0.510000 1.510000
vt 3.182500 0.490000
vt 0.510000 0.290000
vt 3.182500 1.510000
vt 4.502501 1.510000
vt 4.502501 0.290000
vt 3.182500 0.290000
vt -0.932500 1.560000
vt -0.912500 0.220000
vt -0.932500 0.240000
vt -1.702500 1.560000
vt -0.912500 1.580000
vt -1.702500 0.240000
vt -1.722500 1.580000
vt -1.722500 0.220000
vt -1.642500 0.465000
vt -0.992500 0.490000
vt -1.642500 0.490000
vt -0.912500 0.485000
vt -1.722500 0.465000
vt -1.722500 0.485000
vt -0.912500 0.465000
vt -0.932500 0.535000
vt -1.702500 0.485000
vt -1.702500 0.535000
vt -0.932500 0.485000
vt -0.992500 0.300000
vt -1.642500 0.300000
vt -1.642500 1.500000
vt -0.992500 1.500000
vt -0.992500 0.465000
vt -0.992500 0.510000
vt -1.642500 0.535000
vt -0.992500 0.535000
vt -1.642500 0.510000
vt -0.982500 0.490000
vt -1.652500 0.510000
vt -0.982500 0.510000
vt -1.652500 0.490000
vt -1.652500 1.510000
vt -0.982500 1.510000
vt -0.982500 0.290000
vt -1.652500 0.290000
vt -2.782500 1.560000
vt -2.762500 0.220000
vt -2.782500 0.240000
vt -3.552500 1.560000
vt -2.762500 1.580000
vt -3.552500 0.240000
vt -3.572500 1.580000
vt -3.572500 0.220000
vt -3.492500 0.465000
vt -2.842500 0.490000
vt -3.492500 0.490000
vt -2.762500 0.485000
vt -3.572500 0.465000
vt -3.572500 0.485000
vt -2.762500 0.465000
vt -2.782500 0.535000
vt -3.552500 0.485000
vt -3.552500 0.535000
vt -2.782500 0.485000
vt -2.842500 0.300000
vt -3.492500 0.300000
vt -3.492500 1.500000
vt -2.842500 1.500000
vt -2.842500 0.465000
vt -2.842500 0.510000
vt -3.492500 0.535000
vt -2.842500 0.535000
vt -3.492500 0.510000
vt -2.832500 0.490000
vt -3.502500 0.510000
vt -2.832500 0.510000
vt -3.502500 0.490000
vt -3.502500 1.510000
vt -2.832500 1.510000
vt -2.832500 0.290000
vt -3.502500 0.290000
vt 0.490000 -0.500000
vt 0.485000 -0.580000
vt -1.782500 1.560000
vt -1.762500 -0.580000
vt -1.782500 -0.560000
vt -2.702500 1.560000
vt -1.762500 1.580000
vt -2.722500 1.580000
vt -2.722500 -0.580000
vt -2.642500 0.465000
vt -1.842500 0.490000
vt -2.642500 0.490000
vt -1.762500 0.485000
vt -2.722500 0.465000
vt -2.722500 0.485000
vt 0.465000 -0.580000
vt 0.485000 -0.580000
vt -1.762500 0.465000
vt -1.782500 0.535000
vt -2.702500 0.485000
vt -2.702500 0.535000
vt 0.535000 -0.560000
vt -1.782500 0.485000
vt 0.485000 -0.560000
vt 0.535000 -0.560000
vt -1.842500 -0.500000
vt -2.642500 -0.500000
vt -2.642500 1.500000
vt -1.842500 1.500000
vt 0.490000 -0.500000
vt -1.842500 0.465000
vt -1.842500 0.510000
vt -2.642500 0.535000
vt -1.842500 0.535000
vt 0.535000 -0.500000
vt -2.642500 0.510000
vt 0.535000 -0.500000
vt -1.832500 0.490000
vt -2.652500 0.510000
vt -1.832500 0.510000
vt 0.510000 -0.510000
vt -2.652500 0.490000
vt 0.510000 -0.510000
vt -1.832500 1.510000
vt -1.832500 -0.510000
vt -2.652500 -0.510000
vt -2.652500 1.510000
vt 0.515000 0.260000
vt 0.465000 0.240000
vt 0.465000 0.200000
vt 0.465000 -0.600000
vt 0.465000 0.300000
vt 0.465000 0.220000
vt 0.485000 0.240000
vt 0.465000 0.300000
vt 0.510000 0.300000
vt 0.510000 0.300000
vt 0.490000 0.290000
vt 0.490000 0.290000
vt 0.465000 -0.500000
vt 0.465000 -0.580000
vt 0.485000 -0.560000
vt 0.465000 -0.500000
vt 0.510000 -0.500000
vt 0.510000 -0.500000
vt 0.490000 -0.510000
vt 0.490000 -0.510000
s 0
usemtl Plastic
f 1054/991/41 1049/992/41 1050/993/41
f 1044/994/42 1047/995/42 1048/996/42
f 1043/997/42 1049/998/42 1047/995/42
f 1049/998/42 1046/999/42 1050/1000/42
f 1046/999/42 1048/996/42 1050/1000/42
f 1051/1001/43 1048/993/43 1047/1002/43
f 1052/1003/44 1050/1004/44 1048/1005/44
f 1053/1006/45 1047/1005/45 1049/1004/45
f 1056/1007/46 1051/995/46 1053/998/46
f 1058/1008/45 1055/1009/45 1056/1010/45
f 1058/1007/46 1063/997/46 1057/1011/46
f 1043/1012/44 1059/1013/44 1045/1014/44
f 1060/1015/46 1054/1000/46 1052/996/46
f 1061/1016/46 1053/998/46 1054/1000/46
f 1051/995/46 1060/1015/46 1052/996/46
f 1057/1017/43 1060/1018/43 1055/1019/43
f 1065/1020/41 1056/1021/41 1061/1018/41
f 1064/1022/44 1061/1010/44 1060/1009/44
f 1058/1007/46 1066/999/46 1059/1023/46
f 1066/999/46 1064/1015/46 1062/994/46
f 1064/1015/46 1063/997/46 1062/994/46
f 1045/1024/43 1066/1025/43 1046/1026/43
f 1046/1014/45 1062/1027/45 1044/1012/45
f 1044/1026/41 1063/1028/41 1043/1029/41
f 1078/991/41 1073/992/41 1074/993/41
f 1068/1030/42 1071/1031/42 1072/1032/42
f 1067/1033/42 1073/1034/42 1071/1031/42
f 1073/1034/42 1070/1035/42 1074/1036/42
f 1070/1035/42 1072/1032/42 1074/1036/42
f 1075/1001/43 1072/993/43 1071/1002/43
f 1076/1037/44 1074/1038/44 1072/1039/44
f 1077/1040/45 1071/1039/45 1073/1038/45
f 1080/1041/46 1075/1031/46 1077/1034/46
f 1082/1042/45 1079/1043/45 1080/1044/45
f 1082/1041/46 1087/1045/46 1081/1046/46
f 1069/1047/44 1087/1048/44 1083/1049/44
f 1084/1050/46 1078/1036/46 1076/1032/46
f 1085/1051/46 1077/1034/46 1078/1036/46
f 1075/1031/46 1084/1050/46 1076/1032/46
f 1081/1017/43 1084/1018/43 1079/1019/43
f 1089/1020/41 1080/1021/41 1085/1018/41
f 1088/1052/44 1085/1044/44 1084/1043/44
f 1082/1041/46 1090/1035/46 1083/1053/46
f 1090/1035/46 1088/1050/46 1086/1030/46
f 1086/1030/46 1081/1046/46 1087/1045/46
f 1069/1024/43 1090/1025/43 1070/1026/43
f 1070/1047/45 1086/1054/45 1068/1055/45
f 1068/1026/41 1087/1028/41 1067/1029/41
f 1102/991/41 1097/992/41 1098/993/41
f 1092/1056/42 1095/1057/42 1096/1058/42
f 1091/1059/42 1097/1060/42 1095/1057/42
f 1097/1060/42 1094/1061/42 1098/1062/42
f 1094/1061/42 1096/1058/42 1098/1062/42
f 1099/1001/43 1096/993/43 1095/1002/43
f 1100/1063/44 1098/1064/44 1096/1065/44
f 1101/1066/45 1095/1065/45 1097/1064/45
f 1104/1067/46 1099/1057/46 1101/1060/46
f 1106/1068/45 1103/1069/45 1104/1070/45
f 1106/1067/46 1111/1071/46 1105/1072/46
f 1093/1073/44 1111/1074/44 1107/1075/44
f 1108/1076/46 1102/1062/46 1100/1058/46
f 1109/1077/46 1101/1060/46 1102/1062/46
f 1099/1057/46 1108/1076/46 1100/1058/46
f 1105/1017/43 1108/1018/43 1103/1019/43
f 1113/1020/41 1104/1021/41 1109/1018/41
f 1112/1078/44 1109/1070/44 1108/1069/44
f 1106/1067/46 1114/1061/46 1107/1079/46
f 1114/1061/46 1112/1076/46 1110/1056/46
f 1110/1056/46 1105/1072/46 1111/1071/46
f 1093/1024/43 1114/1025/43 1094/1026/43
f 1094/1073/45 1110/1080/45 1092/1081/45
f 1092/1026/41 1111/1028/41 1091/1029/41
f 1126/991/41 1121/1082/41 1122/993/41
f 1116/1083/42 1119/1084/42 1120/1085/42
f 1115/1086/42 1121/1087/42 1119/1084/42
f 1117/1088/42 1122/1089/42 1121/1087/42
f 1118/1090/42 1120/1085/42 1122/1089/42
f 1123/1091/43 1120/993/43 1119/1082/43
f 1124/1092/44 1122/1093/44 1120/1094/44
f 1125/1095/45 1119/1094/45 1121/1093/45
f 1128/1096/46 1123/1084/46 1125/1087/46
f 1130/1097/45 1127/1098/45 1128/1099/45
f 1130/1096/46 1135/1100/46 1129/1101/46
f 1117/1102/44 1135/1103/44 1131/1074/44
f 1132/1104/46 1126/1089/46 1124/1085/46
f 1133/1105/46 1125/1087/46 1126/1089/46
f 1123/1084/46 1132/1104/46 1124/1085/46
f 1129/1106/43 1132/1018/43 1127/1107/43
f 1137/1020/41 1128/1107/41 1133/1018/41
f 1136/1108/44 1133/1099/44 1132/1098/44
f 1130/1096/46 1138/1090/46 1131/1088/46
f 1138/1090/46 1136/1104/46 1134/1083/46
f 1134/1083/46 1129/1101/46 1135/1100/46
f 1117/1109/43 1138/1025/43 1118/1026/43
f 1118/1102/45 1134/1110/45 1116/1111/45
f 1116/1026/41 1135/1112/41 1115/1113/41
f 1149/1114/41 1178/1115/41 1176/1116/41
f 1144/1117/43 1161/1118/43 1145/1119/43
f 1151/1120/42 1143/1121/42 1152/1122/42
f 1153/1123/42 1146/1124/42 1151/1120/42
f 1154/1125/42 1145/1126/42 1153/1123/42
f 1152/1122/42 1144/1127/42 1154/1125/42
f 1148/1128/45 1177/1129/45 1178/1130/45
f 1143/1131/44 1160/1132/44 1144/1133/44
f 1146/1119/41 1159/1134/41 1143/1135/41
f 1145/1133/45 1162/1136/45 1146/1131/45
f 1155/1137/44 1154/1138/44 1156/1139/44
f 1156/1140/43 1153/1141/43 1157/1142/43
f 1157/1139/45 1151/1143/45 1158/1137/45
f 1158/1142/41 1152/1144/41 1155/1145/41
f 1139/1146/42 1156/1125/42 1140/1147/42
f 1142/1148/42 1158/1120/42 1141/1149/42
f 1140/1147/42 1157/1123/42 1142/1148/42
f 1139/1146/42 1158/1120/42 1155/1122/42
f 1148/1147/46 1159/1121/46 1147/1146/46
f 1150/1149/46 1161/1126/46 1149/1148/46
f 1149/1148/46 1160/1127/46 1148/1147/46
f 1147/1146/46 1162/1124/46 1150/1149/46
f 1177/1150/43 1150/1114/43 1175/1116/43
f 1150/1151/44 1176/1130/44 1175/1129/44
f 1171/1152/44 1142/1153/44 1141/1154/44
f 1139/1155/43 1171/1156/43 1141/1157/43
f 1174/1158/45 1139/1154/45 1140/1153/45
f 1172/1156/41 1140/1159/41 1142/1157/41
f 1170/1160/44 1164/1161/44 1166/1162/44
f 1165/1163/43 1170/1164/43 1166/1165/43
f 1167/1166/45 1165/1162/45 1163/1161/45
f 1168/1164/41 1163/1167/41 1164/1165/41
f 1164/1168/46 1171/1149/46 1166/1169/46
f 1166/1169/46 1173/1146/46 1165/1170/46
f 1165/1170/46 1174/1147/46 1163/1171/46
f 1163/1171/46 1172/1148/46 1164/1168/46
f 1170/1169/42 1176/1148/42 1168/1168/42
f 1169/1170/42 1175/1149/42 1170/1169/42
f 1167/1171/42 1177/1146/42 1169/1170/42
f 1168/1168/42 1178/1147/42 1167/1171/42
f 1197/1114/41 1226/1115/41 1224/1116/41
f 1192/1117/43 1209/1118/43 1193/1119/43
f 1199/1172/42 1191/1173/42 1200/1174/42
f 1201/1175/42 1194/1176/42 1199/1172/42
f 1202/1177/42 1193/1178/42 1201/1175/42
f 1200/1174/42 1192/1179/42 1202/1177/42
f 1196/1180/45 1225/1181/45 1226/1182/45
f 1191/1183/44 1208/1184/44 1192/1185/44
f 1194/1119/41 1207/1134/41 1191/1135/41
f 1193/1185/45 1210/1186/45 1194/1183/45
f 1203/1187/44 1202/1188/44 1204/1189/44
f 1204/1140/43 1201/1141/43 1205/1142/43
f 1205/1189/45 1199/1190/45 1206/1187/45
f 1206/1142/41 1200/1144/41 1203/1145/41
f 1187/1191/42 1204/1177/42 1188/1192/42
f 1190/1193/42 1206/1172/42 1189/1194/42
f 1188/1192/42 1205/1175/42 1190/1193/42
f 1187/1191/42 1206/1172/42 1203/1174/42
f 1196/1192/46 1207/1173/46 1195/1191/46
f 1198/1194/46 1209/1178/46 1197/1193/46
f 1197/1193/46 1208/1179/46 1196/1192/46
f 1195/1191/46 1210/1176/46 1198/1194/46
f 1225/1150/43 1198/1114/43 1223/1116/43
f 1198/1195/44 1224/1182/44 1223/1181/44
f 1219/1196/44 1190/1197/44 1189/1198/44
f 1187/1155/43 1219/1156/43 1189/1157/43
f 1222/1199/45 1187/1198/45 1188/1197/45
f 1220/1156/41 1188/1159/41 1190/1157/41
f 1218/1200/44 1212/1201/44 1214/1202/44
f 1213/1163/43 1218/1164/43 1214/1165/43
f 1215/1203/45 1213/1202/45 1211/1201/45
f 1216/1164/41 1211/1167/41 1212/1165/41
f 1212/1204/46 1219/1194/46 1214/1205/46
f 1214/1205/46 1221/1191/46 1213/1206/46
f 1213/1206/46 1222/1192/46 1211/1207/46
f 1211/1207/46 1220/1193/46 1212/1204/46
f 1218/1205/42 1224/1193/42 1216/1204/42
f 1217/1206/42 1223/1194/42 1218/1205/42
f 1215/1207/42 1225/1191/42 1217/1206/42
f 1216/1204/42 1226/1192/42 1215/1207/42
f 1245/1114/41 1274/1115/41 1272/1116/41
f 1240/1117/43 1257/1118/43 1241/1119/43
f 1247/1208/42 1239/1209/42 1248/1210/42
f 1249/1211/42 1242/1212/42 1247/1208/42
f 1250/1213/42 1241/1214/42 1249/1211/42
f 1248/1210/42 1240/1215/42 1250/1213/42
f 1244/1216/45 1273/1217/45 1274/1218/45
f 1239/1219/44 1256/1220/44 1240/1221/44
f 1242/1119/41 1255/1134/41 1239/1135/41
f 1241/1221/45 1258/1222/45 1242/1219/45
f 1251/1223/44 1250/1224/44 1252/1225/44
f 1252/1140/43 1249/1141/43 1253/1142/43
f 1253/1225/45 1247/1226/45 1254/1223/45
f 1254/1142/41 1248/1144/41 1251/1145/41
f 1235/1227/42 1252/1213/42 1236/1228/42
f 1238/1229/42 1254/1208/42 1237/1230/42
f 1236/1228/42 1253/1211/42 1238/1229/42
f 1235/1227/42 1254/1208/42 1251/1210/42
f 1243/1227/46 1256/1215/46 1255/1209/46
f 1246/1230/46 1257/1214/46 1245/1229/46
f 1245/1229/46 1256/1215/46 1244/1228/46
f 1243/1227/46 1258/1212/46 1246/1230/46
f 1273/1150/43 1246/1114/43 1271/1116/43
f 1246/1231/44 1272/1218/44 1271/1217/44
f 1267/1232/44 1238/1233/44 1237/1234/44
f 1235/1155/43 1267/1156/43 1237/1157/43
f 1270/1235/45 1235/1234/45 1236/1233/45
f 1268/1156/41 1236/1159/41 1238/1157/41
f 1266/1236/44 1260/1237/44 1262/1238/44
f 1261/1163/43 1266/1164/43 1262/1165/43
f 1263/1239/45 1261/1238/45 1259/1237/45
f 1264/1164/41 1259/1167/41 1260/1165/41
f 1260/1240/46 1267/1230/46 1262/1241/46
f 1262/1241/46 1269/1227/46 1261/1242/46
f 1261/1242/46 1270/1228/46 1259/1243/46
f 1260/1240/46 1270/1228/46 1268/1229/46
f 1266/1241/42 1272/1229/42 1264/1240/42
f 1265/1242/42 1271/1230/42 1266/1241/42
f 1263/1243/42 1273/1227/42 1265/1242/42
f 1263/1243/42 1272/1229/42 1274/1228/42
f 1293/1114/41 1322/1244/41 1320/1116/41
f 1288/1245/43 1305/1118/43 1289/1119/43
f 1295/1246/42 1287/1247/42 1296/1248/42
f 1297/1249/42 1290/1250/42 1295/1246/42
f 1298/1096/42 1289/1251/42 1297/1249/42
f 1296/1248/42 1288/1252/42 1298/1096/42
f 1292/1253/45 1321/1254/45 1322/1255/45
f 1287/1256/44 1304/1257/44 1288/1258/44
f 1290/1119/41 1303/1259/41 1287/1260/41
f 1289/1258/45 1306/1261/45 1290/1256/45
f 1299/1262/44 1298/1263/44 1300/1264/44
f 1300/1265/43 1297/1141/43 1301/1142/43
f 1301/1264/45 1295/1266/45 1302/1262/45
f 1302/1142/41 1296/1267/41 1299/1268/41
f 1283/1269/42 1300/1096/42 1284/1270/42
f 1286/1271/42 1302/1246/42 1285/1272/42
f 1284/1270/42 1301/1249/42 1286/1271/42
f 1285/1272/42 1299/1248/42 1283/1269/42
f 1292/1270/46 1303/1247/46 1291/1269/46
f 1294/1272/46 1305/1251/46 1293/1271/46
f 1292/1270/46 1305/1251/46 1304/1252/46
f 1291/1269/46 1306/1250/46 1294/1272/46
f 1321/1273/43 1294/1114/43 1319/1116/43
f 1294/1274/44 1320/1255/44 1319/1254/44
f 1315/1275/44 1286/1276/44 1285/1277/44
f 1283/1278/43 1315/1156/43 1285/1157/43
f 1318/1279/45 1283/1277/45 1284/1276/45
f 1316/1156/41 1284/1280/41 1286/1157/41
f 1314/1281/44 1308/1282/44 1310/1283/44
f 1309/1284/43 1314/1164/43 1310/1165/43
f 1311/1285/45 1309/1283/45 1307/1282/45
f 1312/1164/41 1307/1286/41 1308/1165/41
f 1310/1287/46 1316/1271/46 1315/1272/46
f 1310/1287/46 1317/1269/46 1309/1288/46
f 1309/1288/46 1318/1270/46 1307/1289/46
f 1307/1289/46 1316/1271/46 1308/1290/46
f 1312/1290/42 1319/1272/42 1320/1271/42
f 1313/1288/42 1319/1272/42 1314/1287/42
f 1313/1288/42 1322/1270/42 1321/1269/42
f 1312/1290/42 1322/1270/42 1311/1289/42
f 1054/991/41 1053/1291/41 1049/992/41
f 1044/994/42 1043/997/42 1047/995/42
f 1043/997/42 1045/1023/42 1049/998/42
f 1049/998/42 1045/1023/42 1046/999/42
f 1046/999/42 1044/994/42 1048/996/42
f 1051/1001/43 1052/991/43 1048/993/43
f 1052/1003/44 1054/1006/44 1050/1004/44
f 1053/1006/45 1051/1003/45 1047/1005/45
f 1056/1007/46 1055/1011/46 1051/995/46
f 1058/1008/45 1057/1022/45 1055/1009/45
f 1058/1007/46 1059/1023/46 1063/997/46
f 1043/1012/44 1063/1027/44 1059/1013/44
f 1060/1015/46 1061/1016/46 1054/1000/46
f 1061/1016/46 1056/1007/46 1053/998/46
f 1051/995/46 1055/1011/46 1060/1015/46
f 1057/1017/43 1064/1020/43 1060/1018/43
f 1065/1020/41 1058/1292/41 1056/1021/41
f 1064/1022/44 1065/1008/44 1061/1010/44
f 1058/1007/46 1065/1016/46 1066/999/46
f 1066/999/46 1065/1016/46 1064/1015/46
f 1064/1015/46 1057/1011/46 1063/997/46
f 1045/1024/43 1059/1293/43 1066/1025/43
f 1046/1014/45 1066/1013/45 1062/1027/45
f 1044/1026/41 1062/1025/41 1063/1028/41
f 1078/991/41 1077/1291/41 1073/992/41
f 1068/1030/42 1067/1033/42 1071/1031/42
f 1067/1033/42 1069/1053/42 1073/1034/42
f 1073/1034/42 1069/1053/42 1070/1035/42
f 1070/1035/42 1068/1030/42 1072/1032/42
f 1075/1001/43 1076/991/43 1072/993/43
f 1076/1037/44 1078/1040/44 1074/1038/44
f 1077/1040/45 1075/1037/45 1071/1039/45
f 1080/1041/46 1079/1046/46 1075/1031/46
f 1082/1042/45 1081/1052/45 1079/1043/45
f 1082/1041/46 1083/1053/46 1087/1045/46
f 1069/1047/44 1067/1055/44 1087/1048/44
f 1084/1050/46 1085/1051/46 1078/1036/46
f 1085/1051/46 1080/1041/46 1077/1034/46
f 1075/1031/46 1079/1046/46 1084/1050/46
f 1081/1017/43 1088/1020/43 1084/1018/43
f 1089/1020/41 1082/1292/41 1080/1021/41
f 1088/1052/44 1089/1042/44 1085/1044/44
f 1082/1041/46 1089/1051/46 1090/1035/46
f 1090/1035/46 1089/1051/46 1088/1050/46
f 1086/1030/46 1088/1050/46 1081/1046/46
f 1069/1024/43 1083/1293/43 1090/1025/43
f 1070/1047/45 1090/1049/45 1086/1054/45
f 1068/1026/41 1086/1025/41 1087/1028/41
f 1102/991/41 1101/1291/41 1097/992/41
f 1092/1056/42 1091/1059/42 1095/1057/42
f 1091/1059/42 1093/1079/42 1097/1060/42
f 1097/1060/42 1093/1079/42 1094/1061/42
f 1094/1061/42 1092/1056/42 1096/1058/42
f 1099/1001/43 1100/991/43 1096/993/43
f 1100/1063/44 1102/1066/44 1098/1064/44
f 1101/1066/45 1099/1063/45 1095/1065/45
f 1104/1067/46 1103/1072/46 1099/1057/46
f 1106/1068/45 1105/1078/45 1103/1069/45
f 1106/1067/46 1107/1079/46 1111/1071/46
f 1093/1073/44 1091/1081/44 1111/1074/44
f 1108/1076/46 1109/1077/46 1102/1062/46
f 1109/1077/46 1104/1067/46 1101/1060/46
f 1099/1057/46 1103/1072/46 1108/1076/46
f 1105/1017/43 1112/1020/43 1108/1018/43
f 1113/1020/41 1106/1292/41 1104/1021/41
f 1112/1078/44 1113/1068/44 1109/1070/44
f 1106/1067/46 1113/1077/46 1114/1061/46
f 1114/1061/46 1113/1077/46 1112/1076/46
f 1110/1056/46 1112/1076/46 1105/1072/46
f 1093/1024/43 1107/1293/43 1114/1025/43
f 1094/1073/45 1114/1075/45 1110/1080/45
f 1092/1026/41 1110/1025/41 1111/1028/41
f 1126/991/41 1125/1091/41 1121/1082/41
f 1116/1083/42 1115/1086/42 1119/1084/42
f 1115/1086/42 1117/1088/42 1121/1087/42
f 1117/1088/42 1118/1090/42 1122/1089/42
f 1118/1090/42 1116/1083/42 1120/1085/42
f 1123/1091/43 1124/991/43 1120/993/43
f 1124/1092/44 1126/1095/44 1122/1093/44
f 1125/1095/45 1123/1092/45 1119/1094/45
f 1128/1096/46 1127/1101/46 1123/1084/46
f 1130/1097/45 1129/1108/45 1127/1098/45
f 1130/1096/46 1131/1088/46 1135/1100/46
f 1117/1102/44 1115/1111/44 1135/1103/44
f 1132/1104/46 1133/1105/46 1126/1089/46
f 1133/1105/46 1128/1096/46 1125/1087/46
f 1123/1084/46 1127/1101/46 1132/1104/46
f 1129/1106/43 1136/1020/43 1132/1018/43
f 1137/1020/41 1130/1106/41 1128/1107/41
f 1136/1108/44 1137/1097/44 1133/1099/44
f 1130/1096/46 1137/1105/46 1138/1090/46
f 1138/1090/46 1137/1105/46 1136/1104/46
f 1134/1083/46 1136/1104/46 1129/1101/46
f 1117/1109/43 1131/1294/43 1138/1025/43
f 1118/1102/45 1138/1074/45 1134/1110/45
f 1116/1026/41 1134/1025/41 1135/1112/41
f 1149/1114/41 1148/1295/41 1178/1115/41
f 1144/1117/43 1160/1296/43 1161/1118/43
f 1151/1120/42 1146/1124/42 1143/1121/42
f 1153/1123/42 1145/1126/42 1146/1124/42
f 1154/1125/42 1144/1127/42 1145/1126/42
f 1152/1122/42 1143/1121/42 1144/1127/42
f 1148/1128/45 1147/1151/45 1177/1129/45
f 1143/1131/44 1159/1136/44 1160/1132/44
f 1146/1119/41 1162/1118/41 1159/1134/41
f 1145/1133/45 1161/1132/45 1162/1136/45
f 1155/1137/44 1152/1143/44 1154/1138/44
f 1156/1140/43 1154/1297/43 1153/1141/43
f 1157/1139/45 1153/1138/45 1151/1143/45
f 1158/1142/41 1151/1141/41 1152/1144/41
f 1139/1146/42 1155/1122/42 1156/1125/42
f 1142/1148/42 1157/1123/42 1158/1120/42
f 1140/1147/42 1156/1125/42 1157/1123/42
f 1139/1146/42 1141/1149/42 1158/1120/42
f 1148/1147/46 1160/1127/46 1159/1121/46
f 1150/1149/46 1162/1124/46 1161/1126/46
f 1149/1148/46 1161/1126/46 1160/1127/46
f 1147/1146/46 1159/1121/46 1162/1124/46
f 1177/1150/43 1147/1298/43 1150/1114/43
f 1150/1151/44 1149/1128/44 1176/1130/44
f 1171/1152/44 1172/1158/44 1142/1153/44
f 1139/1155/43 1173/1299/43 1171/1156/43
f 1174/1158/45 1173/1152/45 1139/1154/45
f 1172/1156/41 1174/1300/41 1140/1159/41
f 1170/1160/44 1168/1166/44 1164/1161/44
f 1165/1163/43 1169/1301/43 1170/1164/43
f 1167/1166/45 1169/1160/45 1165/1162/45
f 1168/1164/41 1167/1302/41 1163/1167/41
f 1164/1168/46 1172/1148/46 1171/1149/46
f 1166/1169/46 1171/1149/46 1173/1146/46
f 1165/1170/46 1173/1146/46 1174/1147/46
f 1163/1171/46 1174/1147/46 1172/1148/46
f 1170/1169/42 1175/1149/42 1176/1148/42
f 1169/1170/42 1177/1146/42 1175/1149/42
f 1167/1171/42 1178/1147/42 1177/1146/42
f 1168/1168/42 1176/1148/42 1178/1147/42
f 1197/1114/41 1196/1295/41 1226/1115/41
f 1192/1117/43 1208/1296/43 1209/1118/43
f 1199/1172/42 1194/1176/42 1191/1173/42
f 1201/1175/42 1193/1178/42 1194/1176/42
f 1202/1177/42 1192/1179/42 1193/1178/42
f 1200/1174/42 1191/1173/42 1192/1179/42
f 1196/1180/45 1195/1195/45 1225/1181/45
f 1191/1183/44 1207/1186/44 1208/1184/44
f 1194/1119/41 1210/1118/41 1207/1134/41
f 1193/1185/45 1209/1184/45 1210/1186/45
f 1203/1187/44 1200/1190/44 1202/1188/44
f 1204/1140/43 1202/1297/43 1201/1141/43
f 1205/1189/45 1201/1188/45 1199/1190/45
f 1206/1142/41 1199/1141/41 1200/1144/41
f 1187/1191/42 1203/1174/42 1204/1177/42
f 1190/1193/42 1205/1175/42 1206/1172/42
f 1188/1192/42 1204/1177/42 1205/1175/42
f 1187/1191/42 1189/1194/42 1206/1172/42
f 1196/1192/46 1208/1179/46 1207/1173/46
f 1198/1194/46 1210/1176/46 1209/1178/46
f 1197/1193/46 1209/1178/46 1208/1179/46
f 1195/1191/46 1207/1173/46 1210/1176/46
f 1225/1150/43 1195/1298/43 1198/1114/43
f 1198/1195/44 1197/1180/44 1224/1182/44
f 1219/1196/44 1220/1199/44 1190/1197/44
f 1187/1155/43 1221/1299/43 1219/1156/43
f 1222/1199/45 1221/1196/45 1187/1198/45
f 1220/1156/41 1222/1300/41 1188/1159/41
f 1218/1200/44 1216/1203/44 1212/1201/44
f 1213/1163/43 1217/1301/43 1218/1164/43
f 1215/1203/45 1217/1200/45 1213/1202/45
f 1216/1164/41 1215/1302/41 1211/1167/41
f 1212/1204/46 1220/1193/46 1219/1194/46
f 1214/1205/46 1219/1194/46 1221/1191/46
f 1213/1206/46 1221/1191/46 1222/1192/46
f 1211/1207/46 1222/1192/46 1220/1193/46
f 1218/1205/42 1223/1194/42 1224/1193/42
f 1217/1206/42 1225/1191/42 1223/1194/42
f 1215/1207/42 1226/1192/42 1225/1191/42
f 1216/1204/42 1224/1193/42 1226/1192/42
f 1245/1114/41 1244/1295/41 1274/1115/41
f 1240/1117/43 1256/1296/43 1257/1118/43
f 1247/1208/42 1242/1212/42 1239/1209/42
f 1249/1211/42 1241/1214/42 1242/1212/42
f 1250/1213/42 1240/1215/42 1241/1214/42
f 1248/1210/42 1239/1209/42 1240/1215/42
f 1244/1216/45 1243/1231/45 1273/1217/45
f 1239/1219/44 1255/1222/44 1256/1220/44
f 1242/1119/41 1258/1118/41 1255/1134/41
f 1241/1221/45 1257/1220/45 1258/1222/45
f 1251/1223/44 1248/1226/44 1250/1224/44
f 1252/1140/43 1250/1297/43 1249/1141/43
f 1253/1225/45 1249/1224/45 1247/1226/45
f 1254/1142/41 1247/1141/41 1248/1144/41
f 1235/1227/42 1251/1210/42 1252/1213/42
f 1238/1229/42 1253/1211/42 1254/1208/42
f 1236/1228/42 1252/1213/42 1253/1211/42
f 1235/1227/42 1237/1230/42 1254/1208/42
f 1243/1227/46 1244/1228/46 1256/1215/46
f 1246/1230/46 1258/1212/46 1257/1214/46
f 1245/1229/46 1257/1214/46 1256/1215/46
f 1243/1227/46 1255/1209/46 1258/1212/46
f 1273/1150/43 1243/1298/43 1246/1114/43
f 1246/1231/44 1245/1216/44 1272/1218/44
f 1267/1232/44 1268/1235/44 1238/1233/44
f 1235/1155/43 1269/1299/43 1267/1156/43
f 1270/1235/45 1269/1232/45 1235/1234/45
f 1268/1156/41 1270/1300/41 1236/1159/41
f 1266/1236/44 1264/1239/44 1260/1237/44
f 1261/1163/43 1265/1301/43 1266/1164/43
f 1263/1239/45 1265/1236/45 1261/1238/45
f 1264/1164/41 1263/1302/41 1259/1167/41
f 1260/1240/46 1268/1229/46 1267/1230/46
f 1262/1241/46 1267/1230/46 1269/1227/46
f 1261/1242/46 1269/1227/46 1270/1228/46
f 1260/1240/46 1259/1243/46 1270/1228/46
f 1266/1241/42 1271/1230/42 1272/1229/42
f 1265/1242/42 1273/1227/42 1271/1230/42
f 1263/1243/42 1274/1228/42 1273/1227/42
f 1263/1243/42 1264/1240/42 1272/1229/42
f 1293/1114/41 1292/1303/41 1322/1244/41
f 1288/1245/43 1304/1304/43 1305/1118/43
f 1295/1246/42 1290/1250/42 1287/1247/42
f 1297/1249/42 1289/1251/42 1290/1250/42
f 1298/1096/42 1288/1252/42 1289/1251/42
f 1296/1248/42 1287/1247/42 1288/1252/42
f 1292/1253/45 1291/1274/45 1321/1254/45
f 1287/1256/44 1303/1261/44 1304/1257/44
f 1290/1119/41 1306/1118/41 1303/1259/41
f 1289/1258/45 1305/1257/45 1306/1261/45
f 1299/1262/44 1296/1266/44 1298/1263/44
f 1300/1265/43 1298/1305/43 1297/1141/43
f 1301/1264/45 1297/1263/45 1295/1266/45
f 1302/1142/41 1295/1141/41 1296/1267/41
f 1283/1269/42 1299/1248/42 1300/1096/42
f 1286/1271/42 1301/1249/42 1302/1246/42
f 1284/1270/42 1300/1096/42 1301/1249/42
f 1285/1272/42 1302/1246/42 1299/1248/42
f 1292/1270/46 1304/1252/46 1303/1247/46
f 1294/1272/46 1306/1250/46 1305/1251/46
f 1292/1270/46 1293/1271/46 1305/1251/46
f 1291/1269/46 1303/1247/46 1306/1250/46
f 1321/1273/43 1291/1306/43 1294/1114/43
f 1294/1274/44 1293/1253/44 1320/1255/44
f 1315/1275/44 1316/1279/44 1286/1276/44
f 1283/1278/43 1317/1307/43 1315/1156/43
f 1318/1279/45 1317/1275/45 1283/1277/45
f 1316/1156/41 1318/1308/41 1284/1280/41
f 1314/1281/44 1312/1285/44 1308/1282/44
f 1309/1284/43 1313/1309/43 1314/1164/43
f 1311/1285/45 1313/1281/45 1309/1283/45
f 1312/1164/41 1311/1310/41 1307/1286/41
f 1310/1287/46 1308/1290/46 1316/1271/46
f 1310/1287/46 1315/1272/46 1317/1269/46
f 1309/1288/46 1317/1269/46 1318/1270/46
f 1307/1289/46 1318/1270/46 1316/1271/46
f 1312/1290/42 1314/1287/42 1319/1272/42
f 1313/1288/42 1321/1269/42 1319/1272/42
f 1313/1288/42 1311/1289/42 1322/1270/42
f 1312/1290/42 1320/1271/42 1322/1270/42
usemtl Glass
f 1180/1161/45 1186/1160/45 1182/1162/45
f 1186/1164/41 1181/1163/41 1182/1165/41
f 1181/1162/44 1183/1166/44 1179/1161/44
f 1179/1167/43 1184/1164/43 1180/1165/43
f 1182/1169/42 1179/1171/42 1180/1168/42
f 1186/1169/46 1183/1171/46 1185/1170/46
f 1228/1201/45 1234/1200/45 1230/1202/45
f 1234/1164/41 1229/1163/41 1230/1165/41
f 1229/1202/44 1231/1203/44 1227/1201/44
f 1227/1167/43 1232/1164/43 1228/1165/43
f 1230/1205/42 1227/1207/42 1228/1204/42
f 1234/1205/46 1231/1207/46 1233/1206/46
f 1276/1237/45 1282/1236/45 1278/1238/45
f 1282/1164/41 1277/1163/41 1278/1165/41
f 1277/1238/44 1279/1239/44 1275/1237/44
f 1275/1167/43 1280/1164/43 1276/1165/43
f 1278/1241/42 1275/1243/42 1276/1240/42
f 1282/1241/46 1279/1243/46 1281/1242/46
f 1324/1282/45 1330/1281/45 1326/1283/45
f 1330/1164/41 1325/1284/41 1326/1165/41
f 1325/1283/44 1327/1285/44 1323/1282/44
f 1323/1286/43 1328/1164/43 1324/1165/43
f 1326/1287/42 1323/1289/42 1324/1290/42
f 1330/1287/46 1327/1289/46 1329/1288/46
f 1180/1161/45 1184/1166/45 1186/1160/45
f 1186/1164/41 1185/1301/41 1181/1163/41
f 1181/1162/44 1185/1160/44 1183/1166/44
f 1179/1167/43 1183/1302/43 1184/1164/43
f 1182/1169/42 1181/1170/42 1179/1171/42
f 1186/1169/46 1184/1168/46 1183/1171/46
f 1228/1201/45 1232/1203/45 1234/1200/45
f 1234/1164/41 1233/1301/41 1229/1163/41
f 1229/1202/44 1233/1200/44 1231/1203/44
f 1227/1167/43 1231/1302/43 1232/1164/43
f 1230/1205/42 1229/1206/42 1227/1207/42
f 1234/1205/46 1232/1204/46 1231/1207/46
f 1276/1237/45 1280/1239/45 1282/1236/45
f 1282/1164/41 1281/1301/41 1277/1163/41
f 1277/1238/44 1281/1236/44 1279/1239/44
f 1275/1167/43 1279/1302/43 1280/1164/43
f 1278/1241/42 1277/1242/42 1275/1243/42
f 1282/1241/46 1280/1240/46 1279/1243/46
f 1324/1282/45 1328/1285/45 1330/1281/45
f 1330/1164/41 1329/1309/41 1325/1284/41
f 1325/1283/44 1329/1281/44 1327/1285/44
f 1323/1286/43 1327/1310/43 1328/1164/43
f 1326/1287/42 1325/1288/42 1323/1289/42
f 1330/1287/46 1328/1290/46 1327/1289/46
o Plane.007
o Plane.015
o Plane.019
v -1.377500 0.100000 0.000000
v -1.377500 0.100000 3.015000
v -1.297500 0.100000 0.000000
v -1.297500 0.100000 3.015000
v -1.377500 0.260000 0.000000
v -1.377500 0.180000 3.015000
v -1.297500 0.260000 0.000000
v -1.297500 0.180000 3.015000
v -1.377500 0.100000 0.010000
v -1.297500 0.100000 0.010000
v -1.377500 0.260000 0.010000
v -1.297500 0.260000 0.010000
v -1.377500 0.100000 3.005000
v -1.297500 0.100000 3.005000
v -1.377500 0.180000 3.005000
v -1.297500 0.180000 3.005000
v -1.337500 0.165000 3.005000
v -1.355178 0.157678 3.005000
v -1.362500 0.140000 3.005000
v -1.355178 0.122322 3.005000
v -1.337500 0.115000 3.005000
v -1.319822 0.122322 3.005000
v -1.312500 0.140000 3.005000
v -1.319822 0.157678 3.005000
v -1.337500 0.170000 3.005000
v -1.358713 0.161213 3.005000
v -1.367500 0.140000 3.005000
v -1.358713 0.118787 3.005000
v -1.337500 0.110000 3.005000
v -1.316287 0.118787 3.005000
v -1.307500 0.140000 3.005000
v -1.316287 0.161213 3.005000
v -1.337500 0.165000 3.010000
v -1.355178 0.157678 3.010000
v -1.362500 0.140000 3.010000
v -1.355178 0.122322 3.010000
v -1.337500 0.115000 3.010000
v -1.319822 0.122322 3.010000
v -1.312500 0.140000 3.010000
v -1.319822 0.157678 3.010000
v -1.337500 0.140000 3.010000
v -1.337500 0.165000 0.010000
v -1.355178 0.157678 0.010000
v -1.362500 0.140000 0.010000
v -1.355178 0.122322 0.010000
v -1.337500 0.115000 0.010000
v -1.319822 0.122322 0.010000
v -1.312500 0.140000 0.010000
v -1.319822 0.157678 0.010000
v -1.337500 0.170000 0.010000
v -1.358713 0.161213 0.010000
v -1.367500 0.140000 0.010000
v -1.358713 0.118787 0.010000
v -1.337500 0.110000 0.010000
v -1.316287 0.118787 0.010000
v -1.307500 0.140000 0.010000
v -1.316287 0.161213 0.010000
v -1.337500 0.245000 0.010000
v -1.355178 0.237678 0.010000
v -1.362500 0.220000 0.010000
v -1.355178 0.202322 0.010000
v -1.337500 0.195000 0.010000
v -1.319822 0.202322 0.010000
v -1.312500 0.220000 0.010000
v -1.319822 0.237678 0.010000
v -1.337500 0.250000 0.010000
v -1.358713 0.241213 0.010000
v -1.367500 0.220000 0.010000
v -1.358713 0.198787 0.010000
v -1.337500 0.190000 0.010000
v -1.316287 0.198787 0.010000
v -1.307500 0.220000 0.010000
v -1.316287 0.241213 0.010000
v -1.337500 0.165000 0.005000
v -1.355178 0.157678 0.005000
v -1.362500 0.140000 0.005000
v -1.355178 0.122322 0.005000
v -1.337500 0.115000 0.005000
v -1.319822 0.122322 0.005000
v -1.312500 0.140000 0.005000
v -1.319822 0.157678 0.005000
v -1.337500 0.245000 0.005000
v -1.355178 0.237678 0.005000
v -1.362500 0.220000 0.005000
v -1.355178 0.202322 0.005000
v -1.337500 0.195000 0.005000
v -1.319822 0.202322 0.005000
v -1.312500 0.220000 0.005000
v -1.319822 0.237678 0.005000
v -1.337500 0.220000 0.005000
v -1.337500 0.140000 0.005000
vn -0.0000 -0.0000 1.0000
vn -0.0000 -0.0000 -1.0000
vn 1.0000 -0.0000 -0.0000
vn -0.0000 1.0000 -0.0000
vn -0.0000 -1.0000 -0.0000
vn -1.0000 -0.0000 -0.0000
vn -0.3827 -0.9239 -0.0000
vn -0.9239 0.3827 -0.0000
vn 0.3827 0.9239 -0.0000
vn 0.9239 -0.3827 -0.0000
vn -0.9239 -0.3827 -0.0000
vn -0.3827 0.9239 -0.0000
vn 0.9239 0.3827 -0.0000
vn 0.3827 -0.9239 -0.0000
vt 0.540000 0.420000
vt 0.460000 0.500000
vt 0.460000 0.420000
vt 0.460000 0.580000
vt 0.517678 0.522322
vt 0.500000 0.540000
vt 0.500000 0.515000
vt 2.007500 0.580000
vt 1.997500 0.420000
vt 2.007500 0.420000
vt 0.460000 2.007500
vt 0.540000 1.997500
vt 0.540000 2.007500
vt 0.460000 1.997500
vt 1.997500 0.580000
vt -0.997500 0.500000
vt -1.007500 0.420000
vt -1.007500 0.500000
vt 0.540000 -0.997500
vt 0.460000 -1.007500
vt 0.540000 -1.007500
vt 0.460000 -0.997500
vt -0.997500 0.420000
vt 0.482322 0.477678
vt 0.470000 0.460000
vt 0.478787 0.481213
vt 0.482322 0.442322
vt 0.475000 0.460000
vt 0.500000 0.435000
vt 0.478787 0.438787
vt 0.521213 0.438787
vt 0.500000 0.430000
vt 0.517678 0.442322
vt 0.530000 0.460000
vt 0.517678 0.477678
vt 0.525000 0.460000
vt 0.500000 0.485000
vt 0.521213 0.481213
vt 0.500000 0.490000
vt 0.517678 -0.997500
vt 0.500000 -1.002500
vt 0.500000 -0.997500
vt -0.997500 0.442322
vt -1.002500 0.460000
vt -0.997500 0.460000
vt 0.482322 -0.997500
vt -0.997500 0.477678
vt -1.002500 0.477678
vt 0.517678 -1.002500
vt -1.002500 0.442322
vt 0.482322 -1.002500
vt 0.500000 0.460000
vt 0.540000 0.500000
vt 0.482322 0.557678
vt 0.470000 0.540000
vt 0.475000 0.540000
vt 0.482322 0.522322
vt 0.478787 0.518787
vt 0.521213 0.518787
vt 0.530000 0.540000
vt 0.525000 0.540000
vt 0.517678 0.557678
vt 0.521213 0.561213
vt 0.500000 0.565000
vt 0.478787 0.561213
vt 0.517678 2.002500
vt 0.500000 1.997500
vt 0.517678 1.997500
vt 2.002500 0.477678
vt 1.997500 0.460000
vt 1.997500 0.477678
vt 2.002500 0.540000
vt 1.997500 0.522322
vt 1.997500 0.540000
vt 0.500000 2.002500
vt 0.482322 2.002500
vt 0.482322 1.997500
vt 2.002500 0.557678
vt 1.997500 0.557678
vt 2.002500 0.460000
vt 2.002500 0.442322
vt 1.997500 0.442322
vt 2.002500 0.522322
vt 0.540000 0.580000
vt 0.500000 0.570000
vt 0.500000 0.510000
s 0
usemtl Black
f 1334/1311/47 1336/1312/47 1332/1313/47
f 1335/1314/48 1333/1311/48 1331/1313/48
f 1337/1318/49 1340/1319/49 1333/1320/49
f 1335/1321/50 1342/1322/50 1337/1323/50
f 1333/1323/51 1339/1324/51 1331/1321/51
f 1331/1320/52 1341/1325/52 1335/1318/52
f 1345/1326/52 1332/1327/52 1336/1328/52
f 1346/1329/50 1336/1330/50 1338/1331/50
f 1343/1332/51 1334/1331/51 1332/1330/51
f 1344/1333/49 1338/1328/49 1334/1327/49
f 1343/1313/48 1359/1342/48 1344/1311/48
f 1357/1335/48 1343/1313/48 1345/1312/48
f 1355/1349/48 1345/1312/48 1346/1363/48
f 1344/1311/48 1361/1344/48 1346/1363/48
f 1360/1341/48 1361/1344/48 1344/1311/48
f 1358/1340/48 1359/1342/48 1343/1313/48
f 1356/1336/48 1357/1335/48 1345/1312/48
f 1362/1348/48 1355/1349/48 1346/1363/48
f 1361/1344/48 1362/1348/48 1346/1363/48
f 1359/1342/48 1360/1341/48 1344/1311/48
f 1357/1335/48 1358/1340/48 1343/1313/48
f 1355/1349/48 1356/1336/48 1345/1312/48
f 1339/1313/47 1340/1311/47 1384/1342/47
f 1342/1394/47 1386/1344/47 1340/1311/47
f 1341/1314/47 1382/1335/47 1398/1365/47
f 1396/1395/47 1342/1394/47 1341/1314/47
f 1396/1395/47 1403/1373/47 1342/1394/47
f 1396/1395/47 1341/1314/47 1397/1375/47
f 1398/1365/47 1397/1375/47 1341/1314/47
f 1403/1373/47 1402/1370/47 1342/1394/47
f 1386/1344/47 1385/1341/47 1340/1311/47
f 1384/1342/47 1340/1311/47 1385/1341/47
f 1383/1340/47 1339/1313/47 1384/1342/47
f 1382/1335/47 1339/1313/47 1383/1340/47
f 1399/1368/47 1382/1335/47 1381/1336/47
f 1400/1396/47 1381/1336/47 1380/1349/47
f 1401/1369/47 1380/1349/47 1387/1348/47
f 1402/1370/47 1387/1348/47 1386/1344/47
f 1334/1311/47 1338/1363/47 1336/1312/47
f 1335/1314/48 1337/1394/48 1333/1311/48
f 1337/1318/49 1342/1325/49 1340/1319/49
f 1335/1321/50 1341/1324/50 1342/1322/50
f 1333/1323/51 1340/1322/51 1339/1324/51
f 1331/1320/52 1339/1319/52 1341/1325/52
f 1345/1326/52 1343/1333/52 1332/1327/52
f 1346/1329/50 1345/1332/50 1336/1330/50
f 1343/1332/51 1344/1329/51 1334/1331/51
f 1344/1333/49 1346/1326/49 1338/1328/49
f 1342/1394/47 1402/1370/47 1386/1344/47
f 1341/1314/47 1339/1313/47 1382/1335/47
f 1399/1368/47 1398/1365/47 1382/1335/47
f 1400/1396/47 1399/1368/47 1381/1336/47
f 1401/1369/47 1400/1396/47 1380/1349/47
f 1402/1370/47 1401/1369/47 1387/1348/47
usemtl Plastic
f 1417/1315/47 1420/1316/47 1416/1317/47
f 1348/1334/48 1357/1335/48 1356/1336/48
f 1350/1337/48 1357/1335/48 1349/1338/48
f 1351/1339/48 1358/1340/48 1350/1337/48
f 1351/1339/48 1360/1341/48 1359/1342/48
f 1352/1343/48 1361/1344/48 1360/1341/48
f 1354/1345/48 1361/1344/48 1353/1346/48
f 1347/1347/48 1362/1348/48 1354/1345/48
f 1347/1347/48 1356/1336/48 1355/1349/48
f 1354/1350/53 1363/1351/53 1347/1352/53
f 1352/1353/54 1369/1354/54 1353/1355/54
f 1350/1356/55 1367/1351/55 1351/1352/55
f 1348/1357/56 1365/1354/56 1349/1355/56
f 1353/1355/57 1370/1358/57 1354/1357/57
f 1351/1352/58 1368/1359/58 1352/1350/58
f 1349/1355/59 1366/1360/59 1350/1353/59
f 1347/1352/60 1364/1361/60 1348/1356/60
f 1368/1343/48 1367/1339/48 1371/1362/48
f 1366/1337/48 1365/1338/48 1371/1362/48
f 1364/1334/48 1363/1347/48 1371/1362/48
f 1363/1347/48 1370/1345/48 1371/1362/48
f 1369/1346/48 1368/1343/48 1371/1362/48
f 1367/1339/48 1366/1337/48 1371/1362/48
f 1365/1338/48 1364/1334/48 1371/1362/48
f 1370/1345/48 1369/1346/48 1371/1362/48
f 1373/1334/47 1382/1335/47 1374/1338/47
f 1382/1335/47 1375/1337/47 1374/1338/47
f 1383/1340/47 1376/1339/47 1375/1337/47
f 1376/1339/47 1385/1341/47 1377/1343/47
f 1377/1343/47 1386/1344/47 1378/1346/47
f 1386/1344/47 1379/1345/47 1378/1346/47
f 1387/1348/47 1372/1347/47 1379/1345/47
f 1372/1347/47 1381/1336/47 1373/1334/47
f 1389/1364/47 1398/1365/47 1390/1366/47
f 1398/1365/47 1391/1367/47 1390/1366/47
f 1399/1368/47 1392/1317/47 1391/1367/47
f 1392/1317/47 1401/1369/47 1393/1315/47
f 1393/1315/47 1402/1370/47 1394/1371/47
f 1402/1370/47 1395/1372/47 1394/1371/47
f 1403/1373/47 1388/1374/47 1395/1372/47
f 1388/1374/47 1397/1375/47 1389/1364/47
f 1417/1376/58 1392/1377/58 1393/1378/58
f 1411/1379/57 1378/1380/57 1379/1381/57
f 1418/1382/54 1393/1383/54 1394/1384/54
f 1404/1385/53 1379/1378/53 1372/1377/53
f 1405/1386/60 1372/1377/60 1373/1387/60
f 1419/1388/57 1394/1384/57 1395/1389/57
f 1406/1390/56 1373/1381/56 1374/1380/56
f 1412/1385/53 1395/1378/53 1388/1377/53
f 1413/1386/60 1388/1377/60 1389/1387/60
f 1407/1391/59 1374/1380/59 1375/1392/59
f 1414/1382/56 1389/1389/56 1390/1384/56
f 1408/1385/55 1375/1387/55 1376/1377/55
f 1415/1393/59 1390/1384/59 1391/1383/59
f 1409/1376/58 1376/1377/58 1377/1378/58
f 1416/1385/55 1391/1387/55 1392/1377/55
f 1410/1390/54 1377/1392/54 1378/1380/54
f 1415/1367/47 1420/1316/47 1414/1366/47
f 1413/1364/47 1420/1316/47 1412/1374/47
f 1412/1374/47 1420/1316/47 1419/1372/47
f 1418/1371/47 1420/1316/47 1417/1315/47
f 1416/1317/47 1420/1316/47 1415/1367/47
f 1414/1366/47 1420/1316/47 1413/1364/47
f 1419/1372/47 1420/1316/47 1418/1371/47
f 1406/1338/47 1421/1362/47 1405/1334/47
f 1411/1345/47 1421/1362/47 1410/1346/47
f 1409/1343/47 1421/1362/47 1408/1339/47
f 1407/1337/47 1421/1362/47 1406/1338/47
f 1405/1334/47 1421/1362/47 1404/1347/47
f 1404/1347/47 1421/1362/47 1411/1345/47
f 1410/1346/47 1421/1362/47 1409/1343/47
f 1408/1339/47 1421/1362/47 1407/1337/47
f 1348/1334/48 1349/1338/48 1357/1335/48
f 1350/1337/48 1358/1340/48 1357/1335/48
f 1351/1339/48 1359/1342/48 1358/1340/48
f 1351/1339/48 1352/1343/48 1360/1341/48
f 1352/1343/48 1353/1346/48 1361/1344/48
f 1354/1345/48 1362/1348/48 1361/1344/48
f 1347/1347/48 1355/1349/48 1362/1348/48
f 1347/1347/48 1348/1334/48 1356/1336/48
f 1354/1350/53 1370/1359/53 1363/1351/53
f 1352/1353/54 1368/1360/54 1369/1354/54
f 1350/1356/55 1366/1361/55 1367/1351/55
f 1348/1357/56 1364/1358/56 1365/1354/56
f 1353/1355/57 1369/1354/57 1370/1358/57
f 1351/1352/58 1367/1351/58 1368/1359/58
f 1349/1355/59 1365/1354/59 1366/1360/59
f 1347/1352/60 1363/1351/60 1364/1361/60
f 1373/1334/47 1381/1336/47 1382/1335/47
f 1382/1335/47 1383/1340/47 1375/1337/47
f 1383/1340/47 1384/1342/47 1376/1339/47
f 1376/1339/47 1384/1342/47 1385/1341/47
f 1377/1343/47 1385/1341/47 1386/1344/47
f 1386/1344/47 1387/1348/47 1379/1345/47
f 1387/1348/47 1380/1349/47 1372/1347/47
f 1372/1347/47 1380/1349/47 1381/1336/47
f 1389/1364/47 1397/1375/47 1398/1365/47
f 1398/1365/47 1399/1368/47 1391/1367/47
f 1399/1368/47 1400/1396/47 1392/1317/47
f 1392/1317/47 1400/1396/47 1401/1369/47
f 1393/1315/47 1401/1369/47 1402/1370/47
f 1402/1370/47 1403/1373/47 1395/1372/47
f 1403/1373/47 1396/1395/47 1388/1374/47
f 1388/1374/47 1396/1395/47 1397/1375/47
f 1417/1376/58 1416/1385/58 1392/1377/58
f 1411/1379/57 1410/1390/57 1378/1380/57
f 1418/1382/54 1417/1393/54 1393/1383/54
f 1404/1385/53 1411/1376/53 1379/1378/53
f 1405/1386/60 1404/1385/60 1372/1377/60
f 1419/1388/57 1418/1382/57 1394/1384/57
f 1406/1390/56 1405/1379/56 1373/1381/56
f 1412/1385/53 1419/1376/53 1395/1378/53
f 1413/1386/60 1412/1385/60 1388/1377/60
f 1407/1391/59 1406/1390/59 1374/1380/59
f 1414/1382/56 1413/1388/56 1389/1389/56
f 1408/1385/55 1407/1386/55 1375/1387/55
f 1415/1393/59 1414/1382/59 1390/1384/59
f 1409/1376/58 1408/1385/58 1376/1377/58
f 1416/1385/55 1415/1386/55 1391/1387/55
f 1410/1390/54 1409/1391/54 1377/1392/54
o Plane.030
v 2.212500 0.800000 0.040000
v 3.712500 0.800000 0.040000
v 3.712500 0.800000 -0.400000
v 2.212500 0.800000 -0.400000
v 3.712500 0.820000 -0.400000
v 3.712500 0.820000 0.040000
v 2.212500 0.820000 0.040000
v 2.212500 0.820000 -0.400000
v 3.712500 0.800000 0.000000
v 2.212500 0.800000 -0.000000
v 3.712500 0.820000 0.000000
v 2.212500 0.820000 -0.000000
v 2.192500 0.800000 -0.000000
v 2.192500 0.820000 -0.000000
v 3.732500 0.800000 0.000000
v 3.732500 0.820000 0.000000
v 2.192500 0.820000 0.030147
v 2.202354 0.820000 0.040000
v 2.202354 0.800000 0.040000
v 2.192500 0.800000 0.030147
v 3.732500 0.800000 0.030000
v 3.722500 0.800000 0.040000
v 3.722500 0.820000 0.040000
v 3.732500 0.820000 0.030000
v 0.542500 0.800000 0.000000
v -0.657500 0.800000 0.000000
v 0.542500 0.800000 -0.400000
v -1.772500 0.800000 0.000000
v -4.472500 0.800000 0.000000
v -3.617500 0.800000 0.000000
v -3.617500 0.800000 -0.400000
v -2.627500 0.800000 0.000000
v -2.627500 0.800000 -0.400000
v -0.657500 0.800000 -0.400000
v -1.772500 0.800000 -0.400000
v -4.472500 0.800000 -0.400000
v 0.542500 0.820000 0.000000
v 0.542500 0.820000 -0.400000
v -4.472500 0.820000 0.000000
v -3.617500 0.820000 0.000000
v -1.772500 0.820000 0.000000
v -2.627500 0.820000 0.000000
v -0.657500 0.820000 -0.400000
v -0.657500 0.820000 0.000000
v -4.472500 0.820000 -0.400000
v -3.617500 0.820000 -0.400000
v -1.772500 0.820000 -0.400000
v -2.627500 0.820000 -0.400000
v -4.472500 0.800000 0.040000
v -1.772500 0.800000 0.040000
v 0.542500 0.800000 0.040000
v -0.657500 0.800000 0.040000
v -4.472500 0.820000 0.040000
v -1.772500 0.820000 0.040000
v 0.542500 0.820000 0.040000
v -0.657500 0.820000 0.040000
v -1.752500 0.800000 0.000000
v -1.752500 0.820000 0.000000
v -0.677500 0.820000 0.000000
v -0.677500 0.800000 0.000000
v 0.562500 0.800000 0.000000
v 0.562500 0.820000 0.000000
v -0.677500 0.820000 0.030000
v -0.667500 0.820000 0.040000
v -0.667500 0.800000 0.040000
v -0.677500 0.800000 0.030000
v 0.562500 0.800000 0.030000
v 0.552500 0.800000 0.040000
v 0.552500 0.820000 0.040000
v 0.562500 0.820000 0.030000
v -1.752500 0.800000 0.030000
v -1.762500 0.800000 0.040000
v -1.762500 0.820000 0.040000
v -1.752500 0.820000 0.030000
v -4.492500 0.820000 0.000000
v -4.492500 0.800000 0.000000
v -4.492500 0.820000 0.030000
v -4.482500 0.820000 0.040000
v -4.482500 0.800000 0.040000
v -4.492500 0.800000 0.030000
v -3.617500 0.800000 0.030000
v -3.627500 0.800000 0.040000
v -2.617500 0.800000 0.040000
v -2.627500 0.800000 0.030000
v -3.627500 0.820000 0.040000
v -3.617500 0.820000 0.030000
v -2.627500 0.820000 0.030000
v -2.617500 0.820000 0.040000
vn -0.0000 -1.0000 -0.0000
vn -0.0000 1.0000 -0.0000
vn -0.0000 -0.0000 1.0000
vn -0.0000 -0.0000 -1.0000
vn 1.0000 -0.0000 -0.0000
vn -1.0000 -0.0000 -0.0000
vn -0.7071 -0.0000 0.7071
vn 0.7071 -0.0000 0.7071
vt 4.592500 0.320000
vt 3.092500 0.280000
vt 3.092500 0.320000
vt 4.592500 0.490000
vt 3.092500 0.510000
vt 3.092500 0.490000
vt 3.072500 0.510000
vt 4.592500 0.510000
vt 0.720000 0.490000
vt 0.320000 0.510000
vt 0.320000 0.490000
vt 0.320000 0.490000
vt 0.720000 0.510000
vt 0.720000 0.490000
vt 4.592500 0.720000
vt 3.092500 0.720000
vt 3.072500 0.289853
vt 3.082354 0.280000
vt 3.072500 0.320000
vt 0.289853 0.490000
vt 0.320000 0.510000
vt 4.602500 0.510000
vt 0.290000 0.510000
vt 0.290000 0.490000
vt 4.612500 0.490000
vt 4.592500 0.280000
vt 4.612500 0.290000
vt 4.612500 0.320000
vt 3.072500 0.490000
vt 3.082354 0.510000
vt 3.082354 0.490000
vt 0.280000 0.490000
vt 4.602500 0.280000
vt -3.592500 0.320000
vt -2.737500 0.720000
vt -2.737500 0.320000
vt -1.747500 0.320000
vt -0.892500 0.720000
vt -0.892500 0.320000
vt 0.222500 0.720000
vt 1.422500 0.320000
vt 0.222500 0.320000
vt -3.592500 0.280000
vt -3.612500 0.290000
vt -3.612500 0.320000
vt -3.592500 0.490000
vt -2.737500 0.510000
vt -2.737500 0.490000
vt 0.222500 0.490000
vt 1.422500 0.510000
vt 1.422500 0.490000
vt -2.747500 0.280000
vt -2.737500 0.290000
vt -1.747500 0.490000
vt -0.892500 0.510000
vt -0.892500 0.490000
vt 1.422500 0.280000
vt 0.222500 0.510000
vt 0.290000 0.490000
vt 0.290000 0.510000
vt -1.737500 0.280000
vt -0.892500 0.280000
vt 0.222500 0.280000
vt -1.747500 0.290000
vt 1.442500 0.490000
vt -0.872500 0.290000
vt -0.872500 0.320000
vt -2.747500 0.490000
vt -3.592500 0.510000
vt 0.202500 0.290000
vt 0.202500 0.320000
vt -1.737500 0.510000
vt -1.737500 0.490000
vt -0.882500 0.280000
vt -0.872500 0.490000
vt 0.212500 0.280000
vt 0.202500 0.510000
vt 1.432500 0.510000
vt 1.442500 0.290000
vt 1.432500 0.280000
vt 1.442500 0.320000
vt 0.280000 0.510000
vt 0.280000 0.490000
vt 0.212500 0.490000
vt -0.882500 0.510000
vt -3.602500 0.280000
vt -3.612500 0.510000
vt -3.602500 0.490000
vt -3.612500 0.490000
vt -3.602500 0.510000
vt 0.720000 0.510000
vt 0.289853 0.510000
vt 4.602500 0.490000
vt 4.612500 0.510000
vt 0.280000 0.510000
vt -3.592500 0.720000
vt -1.747500 0.720000
vt 1.422500 0.720000
vt -1.747500 0.510000
vt 1.442500 0.510000
vt -2.747500 0.510000
vt -0.872500 0.510000
vt 0.202500 0.490000
vt 1.432500 0.490000
vt 0.212500 0.510000
vt -0.882500 0.490000
s 0
usemtl White_Glossy
f 1430/1397/61 1422/1398/61 1431/1399/61
f 1428/1398/62 1432/1397/62 1433/1399/62
f 1423/1400/63 1428/1401/63 1422/1402/63
f 1431/1402/64 1435/1403/64 1433/1401/64
f 1425/1402/64 1426/1404/64 1424/1400/64
f 1424/1405/65 1432/1406/65 1430/1407/65
f 1431/1408/66 1429/1409/66 1425/1410/66
f 1433/1399/62 1426/1411/62 1429/1412/62
f 1424/1411/61 1431/1399/61 1425/1412/61
f 1433/1399/62 1438/1413/62 1439/1414/62
f 1422/1398/61 1441/1413/61 1434/1415/61
f 1441/1416/66 1435/1417/66 1434/1408/66
f 1423/1400/63 1444/1418/63 1427/1404/63
f 1436/1407/65 1445/1419/65 1442/1420/65
f 1432/1404/64 1436/1421/64 1430/1400/64
f 1427/1422/62 1445/1423/62 1437/1424/62
f 1441/1425/67 1439/1426/67 1438/1403/67
f 1428/1401/63 1440/1427/63 1422/1402/63
f 1445/1419/68 1443/1428/68 1442/1420/68
f 1430/1397/61 1442/1423/61 1443/1429/61
f 1450/1430/61 1452/1431/61 1451/1432/61
f 1453/1433/61 1456/1434/61 1449/1435/61
f 1455/1436/61 1446/1437/61 1447/1438/61
f 1467/1431/62 1460/1430/62 1461/1432/62
f 1468/1434/62 1463/1433/62 1462/1435/62
f 1458/1437/62 1464/1436/62 1465/1438/62
f 1470/1439/61 1501/1440/61 1497/1441/61
f 1448/1410/65 1458/1417/65 1446/1408/65
f 1453/1408/66 1469/1409/66 1454/1410/66
f 1457/1442/64 1467/1443/64 1452/1444/64
f 1455/1445/64 1459/1446/64 1448/1447/64
f 1460/1430/62 1506/1448/62 1507/1449/62
f 1450/1408/66 1466/1409/66 1457/1410/66
f 1454/1450/64 1468/1451/64 1456/1452/64
f 1465/1438/62 1476/1453/62 1458/1437/62
f 1456/1410/65 1462/1417/65 1449/1408/65
f 1452/1410/65 1461/1417/65 1451/1408/65
f 1447/1408/66 1464/1409/66 1455/1410/66
f 1472/1447/63 1477/1454/63 1473/1445/63
f 1461/1417/65 1502/1455/65 1451/1408/65
f 1453/1408/66 1508/1456/66 1463/1417/66
f 1463/1433/62 1509/1457/62 1475/1458/62
f 1446/1437/61 1473/1459/61 1447/1438/61
f 1449/1435/61 1504/1457/61 1505/1460/61
f 1458/1446/64 1482/1461/64 1446/1447/64
f 1475/1458/62 1495/1462/62 1479/1463/62
f 1503/1464/63 1474/1465/63 1470/1442/63
f 1473/1459/61 1487/1466/61 1481/1467/61
f 1471/1452/63 1509/1468/63 1504/1469/63
f 1449/1435/61 1492/1462/61 1493/1470/61
f 1462/1451/64 1478/1471/64 1449/1452/64
f 1479/1417/65 1492/1455/65 1478/1408/65
f 1465/1438/62 1484/1466/62 1485/1472/62
f 1447/1445/64 1480/1473/64 1465/1454/64
f 1472/1447/63 1490/1474/63 1476/1446/63
f 1481/1408/66 1484/1456/66 1480/1417/66
f 1446/1437/61 1488/1475/61 1489/1476/61
f 1476/1453/62 1491/1475/62 1483/1477/62
f 1483/1417/65 1488/1455/65 1482/1408/65
f 1487/1455/67 1485/1478/67 1484/1456/67
f 1491/1456/68 1489/1479/68 1488/1455/68
f 1477/1454/63 1486/1480/63 1473/1445/63
f 1495/1456/68 1493/1479/68 1492/1455/68
f 1471/1452/63 1494/1481/63 1475/1451/63
f 1460/1430/62 1498/1440/62 1499/1482/62
f 1450/1442/64 1496/1483/64 1460/1465/64
f 1474/1465/63 1500/1484/63 1470/1442/63
f 1501/1485/67 1499/1486/67 1498/1483/67
f 1497/1408/66 1498/1456/66 1496/1417/66
f 1509/1478/67 1505/1455/67 1504/1479/67
f 1507/1456/68 1503/1479/68 1502/1455/68
f 1451/1432/61 1503/1448/61 1470/1439/61
f 1430/1397/61 1423/1422/61 1422/1398/61
f 1428/1398/62 1427/1422/62 1432/1397/62
f 1423/1400/63 1427/1404/63 1428/1401/63
f 1431/1402/64 1434/1425/64 1435/1403/64
f 1425/1402/64 1429/1401/64 1426/1404/64
f 1424/1405/65 1426/1487/65 1432/1406/65
f 1431/1408/66 1433/1417/66 1429/1409/66
f 1433/1399/62 1432/1397/62 1426/1411/62
f 1424/1411/61 1430/1397/61 1431/1399/61
f 1439/1414/62 1428/1398/62 1433/1399/62
f 1433/1399/62 1435/1415/62 1438/1413/62
f 1434/1415/61 1431/1399/61 1422/1398/61
f 1422/1398/61 1440/1414/61 1441/1413/61
f 1441/1416/66 1438/1488/66 1435/1417/66
f 1423/1400/63 1443/1489/63 1444/1418/63
f 1436/1407/65 1437/1406/65 1445/1419/65
f 1432/1404/64 1437/1490/64 1436/1421/64
f 1437/1424/62 1432/1397/62 1427/1422/62
f 1427/1422/62 1444/1429/62 1445/1423/62
f 1441/1425/67 1440/1427/67 1439/1426/67
f 1428/1401/63 1439/1426/63 1440/1427/63
f 1445/1419/68 1444/1491/68 1443/1428/68
f 1443/1429/61 1423/1422/61 1430/1397/61
f 1430/1397/61 1436/1424/61 1442/1423/61
f 1450/1430/61 1457/1492/61 1452/1431/61
f 1453/1433/61 1454/1493/61 1456/1434/61
f 1455/1436/61 1448/1494/61 1446/1437/61
f 1467/1431/62 1466/1492/62 1460/1430/62
f 1468/1434/62 1469/1493/62 1463/1433/62
f 1458/1437/62 1459/1494/62 1464/1436/62
f 1497/1441/61 1450/1430/61 1470/1439/61
f 1470/1439/61 1500/1482/61 1501/1440/61
f 1448/1410/65 1459/1409/65 1458/1417/65
f 1453/1408/66 1463/1417/66 1469/1409/66
f 1457/1442/64 1466/1465/64 1467/1443/64
f 1455/1445/64 1464/1454/64 1459/1446/64
f 1507/1449/62 1461/1432/62 1460/1430/62
f 1460/1430/62 1474/1439/62 1506/1448/62
f 1450/1408/66 1460/1417/66 1466/1409/66
f 1454/1450/64 1469/1495/64 1468/1451/64
f 1465/1438/62 1477/1459/62 1476/1453/62
f 1456/1410/65 1468/1409/65 1462/1417/65
f 1452/1410/65 1467/1409/65 1461/1417/65
f 1447/1408/66 1465/1417/66 1464/1409/66
f 1472/1447/63 1476/1446/63 1477/1454/63
f 1461/1417/65 1507/1456/65 1502/1455/65
f 1453/1408/66 1505/1455/66 1508/1456/66
f 1475/1458/62 1462/1435/62 1463/1433/62
f 1463/1433/62 1508/1460/62 1509/1457/62
f 1446/1437/61 1472/1453/61 1473/1459/61
f 1505/1460/61 1453/1433/61 1449/1435/61
f 1449/1435/61 1471/1458/61 1504/1457/61
f 1458/1446/64 1483/1496/64 1482/1461/64
f 1479/1463/62 1462/1435/62 1475/1458/62
f 1475/1458/62 1494/1470/62 1495/1462/62
f 1503/1464/63 1506/1497/63 1474/1465/63
f 1481/1467/61 1447/1438/61 1473/1459/61
f 1473/1459/61 1486/1472/61 1487/1466/61
f 1471/1452/63 1475/1451/63 1509/1468/63
f 1493/1470/61 1471/1458/61 1449/1435/61
f 1449/1435/61 1478/1463/61 1492/1462/61
f 1462/1451/64 1479/1498/64 1478/1471/64
f 1479/1417/65 1495/1456/65 1492/1455/65
f 1485/1472/62 1477/1459/62 1465/1438/62
f 1465/1438/62 1480/1467/62 1484/1466/62
f 1447/1445/64 1481/1499/64 1480/1473/64
f 1472/1447/63 1489/1500/63 1490/1474/63
f 1481/1408/66 1487/1455/66 1484/1456/66
f 1489/1476/61 1472/1453/61 1446/1437/61
f 1446/1437/61 1482/1477/61 1488/1475/61
f 1483/1477/62 1458/1437/62 1476/1453/62
f 1476/1453/62 1490/1476/62 1491/1475/62
f 1483/1417/65 1491/1456/65 1488/1455/65
f 1487/1455/67 1486/1479/67 1485/1478/67
f 1491/1456/68 1490/1478/68 1489/1479/68
f 1477/1454/63 1485/1501/63 1486/1480/63
f 1495/1456/68 1494/1478/68 1493/1479/68
f 1471/1452/63 1493/1502/63 1494/1481/63
f 1499/1482/62 1474/1439/62 1460/1430/62
f 1460/1430/62 1496/1441/62 1498/1440/62
f 1450/1442/64 1497/1485/64 1496/1483/64
f 1474/1465/63 1499/1486/63 1500/1484/63
f 1501/1485/67 1500/1484/67 1499/1486/67
f 1497/1408/66 1501/1455/66 1498/1456/66
f 1509/1478/67 1508/1456/67 1505/1455/67
f 1507/1456/68 1506/1478/68 1503/1479/68
f 1470/1439/61 1450/1430/61 1451/1432/61
f 1451/1432/61 1502/1449/61 1503/1448/61
o Plane.031
v 2.504170 0.150000 0.080000
v 2.514170 0.140000 0.080000
v 2.514170 0.150000 0.090000
v 2.505506 0.145007 0.080000
v 2.505506 0.150000 0.084993
v 2.506804 0.145218 0.084782
v 2.514170 0.141336 0.084993
v 2.509177 0.141336 0.080000
v 2.509388 0.142634 0.084782
v 2.509177 0.150000 0.088664
v 2.514170 0.145007 0.088664
v 2.509388 0.145218 0.087366
v 2.514170 0.600000 0.090000
v 2.514170 0.610000 0.080000
v 2.504170 0.600000 0.080000
v 2.514170 0.604993 0.088664
v 2.509177 0.600000 0.088664
v 2.509388 0.604782 0.087366
v 2.509177 0.608664 0.080000
v 2.514170 0.608664 0.084993
v 2.509388 0.607366 0.084782
v 2.505506 0.600000 0.084993
v 2.505506 0.604993 0.080000
v 2.506804 0.604782 0.084782
v 3.294170 0.600000 0.030000
v 3.294170 0.610000 0.040000
v 3.304170 0.600000 0.040000
v 3.294170 0.604993 0.031336
v 3.299164 0.600000 0.031336
v 3.298952 0.604782 0.032634
v 3.299164 0.608664 0.040000
v 3.294170 0.608664 0.035007
v 3.298952 0.607366 0.035218
v 3.302834 0.600000 0.035007
v 3.302834 0.604993 0.040000
v 3.301537 0.604782 0.035218
v 2.514170 0.140000 0.040000
v 2.504170 0.150000 0.040000
v 2.514170 0.150000 0.030000
v 2.509177 0.141336 0.040000
v 2.514170 0.141336 0.035007
v 2.509388 0.142634 0.035218
v 2.505506 0.150000 0.035007
v 2.505506 0.145007 0.040000
v 2.506804 0.145218 0.035218
v 2.514170 0.145007 0.031336
v 2.509177 0.150000 0.031336
v 2.509388 0.145218 0.032634
v 3.294170 0.150000 0.030000
v 3.304170 0.150000 0.040000
v 3.294170 0.140000 0.040000
v 3.299164 0.150000 0.031336
v 3.294170 0.145007 0.031336
v 3.298952 0.145218 0.032634
v 3.302834 0.145007 0.040000
v 3.302834 0.150000 0.035007
v 3.301537 0.145218 0.035218
v 3.294170 0.141336 0.035007
v 3.299164 0.141336 0.040000
v 3.298952 0.142634 0.035218
v 3.294170 0.610000 0.080000
v 3.294170 0.600000 0.090000
v 3.304170 0.600000 0.080000
v 3.294170 0.608664 0.084993
v 3.299164 0.608664 0.080000
v 3.298952 0.607366 0.084782
v 3.299164 0.600000 0.088664
v 3.294170 0.604993 0.088664
v 3.298952 0.604782 0.087366
v 3.302834 0.604993 0.080000
v 3.302834 0.600000 0.084993
v 3.301537 0.604782 0.084782
v 3.294170 0.140000 0.080000
v 3.304170 0.150000 0.080000
v 3.294170 0.150000 0.090000
v 3.299164 0.141336 0.080000
v 3.294170 0.141336 0.084993
v 3.298952 0.142634 0.084782
v 3.302834 0.150000 0.084993
v 3.302834 0.145007 0.080000
v 3.301537 0.145218 0.084782
v 3.294170 0.145007 0.088664
v 3.299164 0.150000 0.088664
v 3.298952 0.145218 0.087366
v 2.514170 0.610000 0.040000
v 2.514170 0.600000 0.030000
v 2.504170 0.600000 0.040000
v 2.514170 0.608664 0.035007
v 2.509177 0.608664 0.040000
v 2.509388 0.607366 0.035218
v 2.509177 0.600000 0.031336
v 2.514170 0.604993 0.031336
v 2.509388 0.604782 0.032634
v 2.505506 0.604993 0.040000
v 2.505506 0.600000 0.035007
v 2.506804 0.604782 0.035218
v -0.457500 0.150000 0.080000
v -0.447500 0.140000 0.080000
v -0.447500 0.150000 0.090000
v -0.456164 0.145007 0.080000
v -0.456164 0.150000 0.084993
v -0.454866 0.145218 0.084782
v -0.447500 0.141336 0.084993
v -0.452493 0.141336 0.080000
v -0.452282 0.142634 0.084782
v -0.452493 0.150000 0.088664
v -0.447500 0.145007 0.088664
v -0.452282 0.145218 0.087366
v -0.447500 0.600000 0.090000
v -0.447500 0.610000 0.080000
v -0.457500 0.600000 0.080000
v -0.447500 0.604993 0.088664
v -0.452493 0.600000 0.088664
v -0.452282 0.604782 0.087366
v -0.452493 0.608664 0.080000
v -0.447500 0.608664 0.084993
v -0.452282 0.607366 0.084782
v -0.456164 0.600000 0.084993
v -0.456164 0.604993 0.080000
v -0.454866 0.604782 0.084782
v 0.332500 0.600000 0.030000
v 0.332500 0.610000 0.040000
v 0.342500 0.600000 0.040000
v 0.332500 0.604993 0.031336
v 0.337493 0.600000 0.031336
v 0.337282 0.604782 0.032634
v 0.337493 0.608664 0.040000
v 0.332500 0.608664 0.035007
v 0.337282 0.607366 0.035218
v 0.341164 0.600000 0.035007
v 0.341164 0.604993 0.040000
v 0.339866 0.604782 0.035218
v -0.447500 0.140000 0.040000
v -0.457500 0.150000 0.040000
v -0.447500 0.150000 0.030000
v -0.452493 0.141336 0.040000
v -0.447500 0.141336 0.035007
v -0.452282 0.142634 0.035218
v -0.456164 0.150000 0.035007
v -0.456164 0.145007 0.040000
v -0.454866 0.145218 0.035218
v -0.447500 0.145007 0.031336
v -0.452493 0.150000 0.031336
v -0.452282 0.145218 0.032634
v 0.332500 0.150000 0.030000
v 0.342500 0.150000 0.040000
v 0.332500 0.140000 0.040000
v 0.337493 0.150000 0.031336
v 0.332500 0.145007 0.031336
v 0.337282 0.145218 0.032634
v 0.341164 0.145007 0.040000
v 0.341164 0.150000 0.035007
v 0.339866 0.145218 0.035218
v 0.332500 0.141336 0.035007
v 0.337493 0.141336 0.040000
v 0.337282 0.142634 0.035218
v 0.332500 0.610000 0.080000
v 0.332500 0.600000 0.090000
v 0.342500 0.600000 0.080000
v 0.332500 0.608664 0.084993
v 0.337493 0.608664 0.080000
v 0.337282 0.607366 0.084782
v 0.337493 0.600000 0.088664
v 0.332500 0.604993 0.088664
v 0.337282 0.604782 0.087366
v 0.341164 0.604993 0.080000
v 0.341164 0.600000 0.084993
v 0.339866 0.604782 0.084782
v 0.332500 0.140000 0.080000
v 0.342500 0.150000 0.080000
v 0.332500 0.150000 0.090000
v 0.337493 0.141336 0.080000
v 0.332500 0.141336 0.084993
v 0.337282 0.142634 0.084782
v 0.341164 0.150000 0.084993
v 0.341164 0.145007 0.080000
v 0.339866 0.145218 0.084782
v 0.332500 0.145007 0.088664
v 0.337493 0.150000 0.088664
v 0.337282 0.145218 0.087366
v -0.447500 0.610000 0.040000
v -0.447500 0.600000 0.030000
v -0.457500 0.600000 0.040000
v -0.447500 0.608664 0.035007
v -0.452493 0.608664 0.040000
v -0.452282 0.607366 0.035218
v -0.452493 0.600000 0.031336
v -0.447500 0.604993 0.031336
v -0.452282 0.604782 0.032634
v -0.456164 0.604993 0.040000
v -0.456164 0.600000 0.035007
v -0.454866 0.604782 0.035218
v -1.852500 0.610000 0.040000
v -1.842500 0.600000 0.040000
v -1.852500 0.600000 0.030000
v -1.847507 0.608664 0.040000
v -1.852500 0.608664 0.035007
v -1.847718 0.607366 0.035218
v -1.843836 0.600000 0.035007
v -1.843836 0.604993 0.040000
v -1.845134 0.604782 0.035218
v -1.852500 0.604993 0.031336
v -1.847507 0.600000 0.031336
v -1.847718 0.604782 0.032634
v -2.432500 0.140000 0.040000
v -2.442500 0.150000 0.040000
v -2.432500 0.150000 0.030000
v -2.437493 0.141336 0.040000
v -2.432500 0.141336 0.035007
v -2.437282 0.142634 0.035218
v -2.441164 0.150000 0.035007
v -2.441164 0.145007 0.040000
v -2.439866 0.145218 0.035218
v -2.432500 0.145007 0.031336
v -2.437493 0.150000 0.031336
v -2.437282 0.145218 0.032634
v -1.852500 0.140000 0.040000
v -1.852500 0.150000 0.030000
v -1.842500 0.150000 0.040000
v -1.852500 0.141336 0.035007
v -1.847507 0.141336 0.040000
v -1.847718 0.142634 0.035218
v -1.847507 0.150000 0.031336
v -1.852500 0.145007 0.031336
v -1.847718 0.145218 0.032634
v -1.843836 0.145007 0.040000
v -1.843836 0.150000 0.035007
v -1.845134 0.145218 0.035218
v -2.432500 0.610000 0.040000
v -2.432500 0.600000 0.030000
v -2.442500 0.600000 0.040000
v -2.432500 0.608664 0.035007
v -2.437493 0.608664 0.040000
v -2.437282 0.607366 0.035218
v -2.437493 0.600000 0.031336
v -2.432500 0.604993 0.031336
v -2.437282 0.604782 0.032634
v -2.441164 0.604993 0.040000
v -2.441164 0.600000 0.035007
v -2.439866 0.604782 0.035218
v -1.852500 0.610000 0.170000
v -1.852500 0.600000 0.180000
v -1.842500 0.600000 0.170000
v -1.852500 0.608664 0.174993
v -1.847507 0.608664 0.170000
v -1.847718 0.607366 0.174782
v -1.847507 0.600000 0.178664
v -1.852500 0.604993 0.178664
v -1.847718 0.604782 0.177366
v -1.843836 0.604993 0.170000
v -1.843836 0.600000 0.174993
v -1.845134 0.604782 0.174782
v -2.432500 0.610000 0.170000
v -2.442500 0.600000 0.170000
v -2.432500 0.600000 0.180000
v -2.437493 0.608664 0.170000
v -2.432500 0.608664 0.174993
v -2.437282 0.607366 0.174782
v -2.441164 0.600000 0.174993
v -2.441164 0.604993 0.170000
v -2.439866 0.604782 0.174782
v -2.432500 0.604993 0.178664
v -2.437493 0.600000 0.178664
v -2.437282 0.604782 0.177366
v -1.852500 0.140000 0.170000
v -1.842500 0.150000 0.170000
v -1.852500 0.150000 0.180000
v -1.847507 0.141336 0.170000
v -1.852500 0.141336 0.174993
v -1.847718 0.142634 0.174782
v -1.843836 0.150000 0.174993
v -1.843836 0.145007 0.170000
v -1.845134 0.145218 0.174782
v -1.852500 0.145007 0.178664
v -1.847507 0.150000 0.178664
v -1.847718 0.145218 0.177366
v -2.432500 0.140000 0.170000
v -2.432500 0.150000 0.180000
v -2.442500 0.150000 0.170000
v -2.432500 0.141336 0.174993
v -2.437493 0.141336 0.170000
v -2.437282 0.142634 0.174782
v -2.437493 0.150000 0.178664
v -2.432500 0.145007 0.178664
v -2.437282 0.145218 0.177366
v -2.441164 0.145007 0.170000
v -2.441164 0.150000 0.174993
v -2.439866 0.145218 0.174782
vn -0.9835 -0.1280 0.1280
vn -0.1280 -0.9835 0.1280
vn -0.1280 -0.1280 0.9835
vn -0.8623 -0.4916 0.1216
vn -0.8623 -0.1216 0.4916
vn -0.7727 -0.4488 0.4489
vn -0.1216 -0.8623 0.4916
vn -0.4916 -0.8623 0.1216
vn -0.4488 -0.7727 0.4488
vn -0.4916 -0.1216 0.8623
vn -0.1216 -0.4916 0.8623
vn -0.4489 -0.4488 0.7727
vn -0.1280 0.1280 0.9835
vn -0.1280 0.9835 0.1280
vn -0.9835 0.1280 0.1280
vn -0.1216 0.4916 0.8623
vn -0.4916 0.1216 0.8623
vn -0.4488 0.4488 0.7727
vn -0.4916 0.8623 0.1216
vn -0.1216 0.8623 0.4916
vn -0.4488 0.7727 0.4488
vn -0.8623 0.1216 0.4916
vn -0.8623 0.4916 0.1216
vn -0.7727 0.4489 0.4488
vn 0.1280 0.1280 -0.9835
vn 0.1280 0.9835 -0.1280
vn 0.9835 0.1280 -0.1280
vn 0.1216 0.4916 -0.8623
vn 0.4916 0.1216 -0.8623
vn 0.4488 0.4488 -0.7727
vn 0.4916 0.8623 -0.1216
vn 0.1216 0.8623 -0.4916
vn 0.4488 0.7727 -0.4489
vn 0.8623 0.1216 -0.4916
vn 0.8623 0.4916 -0.1216
vn 0.7727 0.4489 -0.4488
vn -0.1280 -0.9835 -0.1280
vn -0.9835 -0.1280 -0.1280
vn -0.1280 -0.1280 -0.9835
vn -0.4916 -0.8623 -0.1216
vn -0.1216 -0.8623 -0.4916
vn -0.4488 -0.7727 -0.4488
vn -0.8623 -0.1216 -0.4916
vn -0.8623 -0.4916 -0.1216
vn -0.7727 -0.4488 -0.4488
vn -0.1216 -0.4916 -0.8623
vn -0.4916 -0.1216 -0.8623
vn -0.4488 -0.4488 -0.7727
vn 0.1280 -0.1280 -0.9835
vn 0.9835 -0.1280 -0.1279
vn 0.1280 -0.9835 -0.1280
vn 0.4916 -0.1216 -0.8623
vn 0.1216 -0.4916 -0.8623
vn 0.4488 -0.4488 -0.7727
vn 0.8623 -0.4916 -0.1216
vn 0.8623 -0.1216 -0.4915
vn 0.7727 -0.4488 -0.4489
vn 0.1216 -0.8623 -0.4916
vn 0.4916 -0.8623 -0.1216
vn 0.4488 -0.7727 -0.4488
vn 0.1280 0.9835 0.1280
vn 0.1280 0.1280 0.9835
vn 0.9835 0.1280 0.1279
vn 0.1216 0.8623 0.4916
vn 0.4916 0.8623 0.1216
vn 0.4488 0.7727 0.4489
vn 0.4916 0.1216 0.8623
vn 0.1216 0.4916 0.8623
vn 0.4488 0.4489 0.7727
vn 0.8623 0.4916 0.1216
vn 0.8623 0.1216 0.4915
vn 0.7727 0.4489 0.4488
vn 0.1280 -0.9835 0.1280
vn 0.9835 -0.1280 0.1280
vn 0.1280 -0.1280 0.9835
vn 0.4916 -0.8623 0.1216
vn 0.1216 -0.8623 0.4916
vn 0.4488 -0.7727 0.4488
vn 0.8623 -0.1216 0.4916
vn 0.8623 -0.4916 0.1216
vn 0.7727 -0.4488 0.4489
vn 0.1216 -0.4916 0.8623
vn 0.4916 -0.1216 0.8623
vn 0.4489 -0.4489 0.7727
vn -0.1280 0.9835 -0.1280
vn -0.1280 0.1280 -0.9835
vn -0.9835 0.1280 -0.1280
vn -0.1216 0.8623 -0.4916
vn -0.4916 0.8623 -0.1216
vn -0.4488 0.7727 -0.4488
vn -0.4916 0.1216 -0.8623
vn -0.1216 0.4916 -0.8623
vn -0.4488 0.4488 -0.7727
vn -0.8623 0.4916 -0.1216
vn -0.8623 0.1216 -0.4916
vn -0.7727 0.4489 -0.4488
vn -0.7727 -0.4488 0.4488
vn -0.4488 -0.4488 0.7727
vn -0.4488 0.4489 0.7727
vn 0.4488 0.4489 -0.7727
vn 0.4488 0.7727 -0.4488
vn -0.7727 -0.4489 -0.4488
vn 0.9835 -0.1280 -0.1280
vn 0.8623 -0.1216 -0.4916
vn 0.7727 -0.4488 -0.4488
vn 0.9835 0.1280 0.1280
vn 0.4488 0.7727 0.4488
vn 0.8623 0.1216 0.4916
vn 0.7727 -0.4489 0.4488
vn 0.4488 -0.4488 0.7727
vn -0.4488 0.4489 -0.7727
vn -0.4489 -0.4488 -0.7727
vn 0.4488 -0.4489 -0.7727
vn 0.4488 0.4488 0.7727
vn 0.7727 0.4488 0.4489
vn -0.7727 0.4488 0.4488
vn -0.4489 0.4488 0.7727
vn 0.7727 -0.4488 0.4488
vt 3.363335 0.565000
vt 2.583335 0.525000
vt 2.583335 0.565000
vt 3.363335 0.275000
vt 2.583335 0.725000
vt 2.583335 0.275000
vt 3.363335 0.725000
vt 2.583335 0.275000
vt 2.583335 0.725000
vt 0.525000 0.725000
vt 0.565000 0.275000
vt 0.525000 0.275000
vt 3.363335 0.525000
vt 2.583335 0.565000
vt 0.401665 0.565000
vt -0.378335 0.525000
vt -0.378335 0.565000
vt 0.401665 0.275000
vt -0.378335 0.725000
vt -0.378335 0.275000
vt 0.401665 0.725000
vt -0.378335 0.275000
vt -2.363335 0.435000
vt -1.783335 0.565000
vt -2.363335 0.565000
vt 0.401665 0.525000
vt -0.378335 0.565000
vt -0.378335 0.525000
vt 0.435000 0.725000
vt 0.565000 0.725000
vt -1.783335 0.435000
vt -2.363335 0.565000
vt -1.783335 0.565000
vt -1.783335 0.725000
vt -2.363335 0.275000
vt -2.363335 0.725000
vt -1.783335 0.725000
vt 0.435000 0.275000
vt 0.525000 0.265000
vt 0.515000 0.275000
vt 2.578342 0.525000
vt 2.573335 0.520218
vt 2.573335 0.525000
vt 2.583335 0.520007
vt 2.578553 0.515000
vt 2.578553 0.520218
vt 2.578342 0.275000
vt 2.583335 0.265000
vt 2.573335 0.265000
vt 2.578553 0.265000
vt 2.583335 0.735000
vt 2.578341 0.725000
vt 2.583335 0.515000
vt 2.578553 0.520218
vt 0.515000 0.725000
vt 0.525000 0.735000
vt 2.573335 0.735000
vt 2.573335 0.725000
vt 2.573335 0.520218
vt 3.363335 0.735000
vt 3.373335 0.725000
vt 3.363335 0.569993
vt 3.368117 0.575000
vt 3.363335 0.575000
vt 3.368328 0.565000
vt 3.363335 0.565000
vt 3.373335 0.569782
vt 3.368117 0.569782
vt 0.569993 0.725000
vt 0.565000 0.735000
vt 0.565000 0.725000
vt 0.575000 0.725000
vt 0.569782 0.735000
vt 2.578342 0.565000
vt 2.583335 0.569993
vt 2.573335 0.565000
vt 2.578552 0.569782
vt 0.575000 0.275000
vt 0.565000 0.265000
vt 2.573335 0.275000
vt 2.583335 0.265000
vt 2.578341 0.275000
vt 2.578553 0.575000
vt 2.583335 0.575000
vt 2.573335 0.569782
vt 3.373335 0.275000
vt 3.363335 0.265000
vt 3.363335 0.275000
vt 0.569993 0.275000
vt 0.575000 0.270218
vt 3.373335 0.565000
vt 3.370701 0.569782
vt 3.363335 0.569993
vt 3.368329 0.565000
vt 3.373335 0.575000
vt 0.569782 0.270218
vt 0.569782 0.267634
vt 3.363335 0.520007
vt 3.368329 0.525000
vt 3.363335 0.515000
vt 3.368117 0.520218
vt 3.368328 0.725000
vt 3.363335 0.735000
vt 3.363335 0.725000
vt 3.368117 0.735000
vt 0.515000 0.725000
vt 3.373335 0.520218
vt 3.373335 0.525000
vt 3.368117 0.515000
vt 3.363335 0.525000
vt 3.368117 0.520218
vt 0.515000 0.275000
vt 3.368328 0.275000
vt 3.373335 0.265000
vt 3.363335 0.265000
vt 3.363335 0.515000
vt 3.373335 0.520218
vt 2.578341 0.565000
vt 2.578553 0.569782
vt 2.583335 0.735000
vt 2.578553 0.735000
vt 0.575000 0.725000
vt 0.525000 0.270007
vt 0.520218 0.270218
vt -0.378335 0.515000
vt -0.388335 0.525000
vt -0.378335 0.270007
vt -0.388335 0.265000
vt -0.378335 0.265000
vt -0.383328 0.275000
vt -0.385701 0.270218
vt -0.383117 0.270218
vt 0.520218 0.265000
vt 0.517634 0.270218
vt -0.378335 0.729993
vt -0.383329 0.725000
vt -0.378335 0.735000
vt -0.383117 0.729782
vt -0.378335 0.515000
vt 0.515000 0.729782
vt 0.515000 0.735000
vt 0.525000 0.729994
vt -0.388335 0.729782
vt -0.388335 0.725000
vt -0.383117 0.735000
vt 0.401665 0.735000
vt 0.411665 0.725000
vt 0.401665 0.569993
vt 0.406447 0.575000
vt 0.401665 0.575000
vt 0.406658 0.565000
vt 0.401665 0.565000
vt 0.411665 0.569782
vt 0.406447 0.569782
vt -0.388335 0.565000
vt -0.378335 0.575000
vt 0.569782 0.270218
vt 0.569782 0.265000
vt 0.569993 0.275000
vt 0.565000 0.270007
vt 0.575000 0.270218
vt -0.388335 0.275000
vt -0.378335 0.265000
vt -0.388335 0.270218
vt 0.411665 0.275000
vt 0.401665 0.270007
vt 0.401665 0.275000
vt 0.565000 0.270007
vt 0.401665 0.575000
vt 0.411665 0.565000
vt 0.411665 0.265000
vt 0.401665 0.265000
vt 0.569782 0.265000
vt 0.401665 0.515000
vt 0.406658 0.525000
vt 0.406447 0.729782
vt 0.406447 0.735000
vt 0.406658 0.725000
vt 0.401665 0.729993
vt 0.401665 0.725000
vt 0.411665 0.729782
vt 0.411665 0.515000
vt 0.411665 0.525000
vt 0.401665 0.525000
vt 0.520218 0.270218
vt 0.411665 0.275000
vt 0.406447 0.270218
vt 0.409031 0.270218
vt 0.401665 0.270007
vt 0.406658 0.275000
vt 0.401665 0.265000
vt -0.378335 0.569993
vt -0.383117 0.575000
vt -0.383117 0.569782
vt -0.378335 0.735000
vt 0.569993 0.725000
vt 0.575000 0.735000
vt 0.565000 0.729993
vt 0.569782 0.729782
vt -0.385701 0.569782
vt -1.773335 0.565000
vt -1.783335 0.575000
vt 0.569782 0.735000
vt -1.778342 0.725000
vt -1.775969 0.729782
vt -1.773335 0.725000
vt -1.783335 0.729993
vt -1.773335 0.735000
vt -1.778553 0.729782
vt 0.572366 0.729782
vt -2.373335 0.565000
vt -2.363335 0.575000
vt 0.569782 0.270218
vt 0.565000 0.270007
vt -2.368328 0.275000
vt -2.370701 0.270218
vt -2.373335 0.275000
vt -2.363335 0.270007
vt -2.363335 0.265000
vt -2.368117 0.270218
vt 0.572366 0.270218
vt -1.783335 0.265000
vt -1.778553 0.270218
vt -1.778553 0.265000
vt -1.778342 0.275000
vt -1.783335 0.270007
vt -1.783335 0.275000
vt -1.773335 0.270218
vt 0.565000 0.270007
vt 0.575000 0.270218
vt -2.368328 0.565000
vt -2.363335 0.735000
vt -2.368117 0.729782
vt -2.368117 0.735000
vt -2.368328 0.725000
vt -2.363335 0.729993
vt -2.373335 0.725000
vt -2.368117 0.575000
vt -2.373335 0.575000
vt -2.373335 0.729782
vt -1.783335 0.425000
vt -1.773335 0.435000
vt -1.783335 0.435000
vt -1.783335 0.735000
vt -1.778553 0.735000
vt -1.778342 0.725000
vt -1.783335 0.729994
vt -1.773335 0.725000
vt 0.435000 0.729993
vt 0.425000 0.725000
vt 0.425000 0.735000
vt 0.425000 0.729782
vt -1.773335 0.729782
vt -2.368329 0.435000
vt -2.363335 0.425000
vt -2.373335 0.435000
vt -2.368117 0.430218
vt 0.425000 0.725000
vt 0.435000 0.735000
vt -2.373335 0.735000
vt -2.373335 0.725000
vt -2.368117 0.732366
vt -2.373335 0.430218
vt -2.368117 0.427634
vt 0.435000 0.265000
vt 0.430218 0.270218
vt 0.430218 0.265000
vt 0.425000 0.275000
vt 0.435000 0.270007
vt -1.773335 0.275000
vt -1.778553 0.270218
vt -1.775969 0.270218
vt -1.778342 0.275000
vt -1.773335 0.265000
vt 0.427634 0.270218
vt -2.363335 0.270007
vt -2.368117 0.265000
vt -2.368328 0.275000
vt -2.368117 0.270218
vt 0.435000 0.270007
vt 0.425000 0.265000
vt 0.425000 0.270218
vt -2.373335 0.270218
vt 2.583335 0.575000
vt 3.363335 0.575000
vt 2.583335 0.515000
vt -0.378335 0.575000
vt 0.520218 0.735000
vt 3.373335 0.270218
vt 3.373335 0.735000
vt 3.368117 0.265000
vt -0.388335 0.520218
vt -0.383117 0.515000
vt 0.406447 0.735000
vt -0.388335 0.569782
vt 0.411665 0.270218
vt 0.406447 0.515000
vt 0.515000 0.729782
vt 0.411665 0.520218
vt -0.383117 0.735000
vt 0.569782 0.732366
vt -1.773335 0.569782
vt -2.373335 0.569782
vt -2.373335 0.265000
vt -1.778553 0.575000
vt 0.575000 0.265000
vt 0.575000 0.729782
vt -1.778553 0.425000
vt 0.430218 0.735000
vt -1.773335 0.430218
vt -2.368117 0.425000
s 1
usemtl Plastic
f 1560/1503/119 1511/1504/70 1546/1505/105
f 1584/1506/143 1522/1507/81 1512/1508/71
f 1534/1509/93 1548/1510/107 1595/1511/154
f 1620/1512/83 1643/1513/106 1606/1514/69
f 1559/1513/118 1572/1512/131 1583/1514/142
f 1570/1515/129 1594/1516/153 1523/1504/82
f 1656/1517/119 1607/1518/70 1642/1519/105
f 1680/1520/143 1618/1521/81 1608/1522/71
f 1630/1523/93 1644/1524/107 1691/1521/154
f 1762/1525/82 1702/1526/94 1738/1527/153
f 1655/1513/171 1668/1512/174 1679/1514/142
f 1666/1528/129 1690/1529/153 1619/1530/82
f 1752/1531/174 1728/1513/171 1703/1532/95
f 1774/1533/141 1714/1534/105 1726/1535/119
f 1704/1536/93 1716/1537/107 1739/1538/154
f 1787/1537/71 1751/1539/130 1764/1538/81
f 1788/1540/69 1740/1532/155 1715/1513/106
f 1513/1541/72 1514/1542/73 1510/1514/69
f 1517/1543/76 1515/1544/74 1513/1545/72
f 1516/1546/75 1517/1543/76 1511/1504/70
f 1516/1546/75 1521/1547/80 1518/1548/77
f 1519/1549/78 1520/1550/79 1512/1508/71
f 1519/1549/78 1515/1551/74 1521/1552/80
f 1515/1544/74 1518/1548/77 1521/1547/80
f 1525/1553/84 1526/1554/85 1522/1507/81
f 1525/1555/84 1530/1556/89 1527/1547/86
f 1528/1543/87 1529/1546/88 1523/1504/82
f 1532/1545/91 1530/1556/89 1528/1543/87
f 1531/1557/90 1532/1558/91 1524/1512/83
f 1526/1554/85 1533/1559/92 1531/1560/90
f 1527/1547/86 1530/1556/89 1533/1561/92
f 1537/1562/96 1538/1563/97 1534/1509/93
f 1541/1564/100 1539/1565/98 1537/1566/96
f 1540/1567/99 1541/1564/100 1535/1568/94
f 1540/1567/99 1545/1569/104 1542/1570/101
f 1543/1571/102 1544/1572/103 1536/1573/95
f 1538/1574/97 1545/1575/104 1543/1571/102
f 1539/1565/98 1542/1570/101 1545/1569/104
f 1549/1576/108 1550/1577/109 1546/1505/105
f 1553/1578/112 1551/1579/110 1549/1576/108
f 1552/1580/111 1553/1581/112 1547/1513/106
f 1552/1582/111 1557/1552/116 1554/1551/113
f 1555/1583/114 1556/1584/115 1548/1510/107
f 1550/1577/109 1557/1585/116 1555/1586/114
f 1551/1579/110 1554/1587/113 1557/1585/116
f 1561/1588/120 1562/1589/121 1558/1590/117
f 1565/1591/124 1563/1592/122 1561/1580/120
f 1564/1581/123 1565/1591/124 1559/1513/118
f 1564/1593/123 1569/1570/128 1566/1594/125
f 1567/1595/126 1568/1596/127 1560/1503/119
f 1567/1595/126 1563/1597/122 1569/1570/128
f 1563/1592/122 1566/1598/125 1569/1599/128
f 1573/1600/132 1574/1601/133 1570/1515/129
f 1577/1602/136 1575/1603/134 1573/1600/132
f 1576/1604/135 1577/1605/136 1571/1606/130
f 1580/1563/139 1578/1607/137 1576/1604/135
f 1579/1558/138 1580/1608/139 1572/1512/131
f 1574/1601/133 1581/1609/140 1579/1610/138
f 1575/1603/134 1578/1611/137 1581/1609/140
f 1585/1601/144 1586/1600/145 1582/1612/141
f 1589/1610/148 1587/1613/146 1585/1601/144
f 1588/1614/147 1589/1541/148 1583/1514/142
f 1592/1615/151 1590/1616/149 1588/1588/147
f 1591/1617/150 1592/1615/151 1584/1506/143
f 1586/1600/145 1593/1611/152 1591/1618/150
f 1587/1613/146 1590/1619/149 1593/1611/152
f 1597/1577/156 1598/1620/157 1594/1516/153
f 1597/1577/156 1602/1585/161 1599/1621/158
f 1600/1554/159 1601/1622/160 1595/1511/154
f 1604/1560/163 1602/1623/161 1600/1554/159
f 1603/1572/162 1604/1624/163 1596/1573/155
f 1603/1578/162 1599/1621/158 1605/1587/164
f 1599/1621/158 1602/1585/161 1605/1587/164
f 1609/1625/72 1610/1542/73 1606/1514/69
f 1613/1541/76 1611/1626/165 1609/1625/72
f 1612/1627/75 1613/1628/76 1607/1518/70
f 1616/1629/79 1614/1630/77 1612/1631/75
f 1615/1632/78 1616/1629/79 1608/1522/71
f 1615/1632/78 1611/1633/165 1617/1634/166
f 1611/1626/165 1614/1635/77 1617/1636/166
f 1621/1637/84 1622/1638/85 1618/1521/81
f 1625/1639/88 1623/1640/167 1621/1637/84
f 1624/1628/87 1625/1641/88 1619/1530/82
f 1624/1558/87 1629/1642/92 1626/1643/89
f 1627/1557/90 1628/1644/91 1620/1512/83
f 1622/1638/85 1629/1645/92 1627/1646/90
f 1623/1640/167 1626/1647/89 1629/1645/92
f 1633/1648/96 1634/1649/97 1630/1523/93
f 1637/1650/100 1635/1651/168 1633/1652/96
f 1636/1653/99 1637/1650/100 1631/1654/94
f 1636/1653/99 1641/1655/104 1638/1656/169
f 1639/1571/102 1640/1572/103 1632/1573/95
f 1634/1574/97 1641/1575/104 1639/1571/102
f 1635/1651/168 1638/1656/169 1641/1655/104
f 1645/1657/108 1646/1658/109 1642/1519/105
f 1645/1581/108 1650/1659/170 1647/1660/110
f 1648/1661/111 1649/1662/112 1643/1513/106
f 1648/1661/111 1653/1663/116 1650/1659/170
f 1651/1629/114 1652/1664/115 1644/1524/107
f 1646/1665/109 1653/1666/116 1651/1629/114
f 1647/1660/110 1650/1659/170 1653/1663/116
f 1657/1667/120 1658/1668/121 1654/1669/117
f 1657/1580/120 1662/1598/173 1659/1592/122
f 1660/1670/123 1661/1591/172 1655/1513/171
f 1664/1581/127 1662/1598/173 1660/1670/123
f 1663/1671/126 1664/1672/127 1656/1517/119
f 1658/1668/121 1665/1673/128 1663/1674/126
f 1659/1592/122 1662/1598/173 1665/1675/128
f 1669/1676/132 1670/1677/133 1666/1528/129
f 1669/1648/132 1674/1678/137 1671/1679/175
f 1672/1680/135 1673/1681/136 1667/1682/130
f 1672/1680/135 1677/1683/140 1674/1678/137
f 1675/1558/138 1676/1608/176 1668/1512/174
f 1670/1677/133 1677/1684/140 1675/1685/138
f 1671/1679/175 1674/1678/137 1677/1683/140
f 1681/1685/144 1682/1676/145 1678/1686/141
f 1681/1541/144 1686/1687/177 1683/1635/146
f 1684/1614/147 1685/1625/148 1679/1514/142
f 1684/1688/147 1689/1689/178 1686/1690/177
f 1687/1691/150 1688/1692/151 1680/1520/143
f 1682/1693/145 1689/1689/178 1687/1691/150
f 1683/1635/146 1686/1687/177 1689/1636/178
f 1693/1694/156 1694/1657/157 1690/1529/153
f 1693/1694/156 1698/1695/179 1695/1696/158
f 1696/1646/159 1697/1697/160 1691/1521/154
f 1700/1698/163 1698/1699/179 1696/1624/159
f 1699/1700/162 1700/1698/163 1692/1573/155
f 1694/1572/157 1701/1701/164 1699/1700/162
f 1695/1696/158 1698/1695/179 1701/1702/164
f 1705/1703/99 1706/1704/100 1702/1526/94
f 1709/1700/103 1707/1705/101 1705/1572/99
f 1708/1624/102 1709/1700/103 1703/1532/95
f 1712/1706/97 1710/1707/104 1708/1708/102
f 1711/1709/96 1712/1706/97 1704/1536/93
f 1711/1709/96 1707/1710/101 1713/1711/168
f 1707/1705/101 1710/1701/104 1713/1712/168
f 1717/1713/108 1718/1714/109 1714/1534/105
f 1717/1581/108 1722/1715/113 1719/1660/110
f 1720/1580/111 1721/1716/112 1715/1513/106
f 1724/1717/115 1722/1718/113 1720/1719/111
f 1723/1720/114 1724/1717/115 1716/1537/107
f 1718/1721/109 1725/1722/180 1723/1720/114
f 1719/1660/110 1722/1715/113 1725/1723/180
f 1729/1704/126 1730/1703/127 1726/1535/119
f 1729/1724/126 1734/1725/181 1731/1726/128
f 1732/1727/120 1733/1728/121 1727/1729/117
f 1732/1727/120 1737/1730/173 1734/1725/181
f 1735/1731/123 1736/1580/172 1728/1513/171
f 1730/1581/127 1737/1732/173 1735/1731/123
f 1731/1726/128 1734/1725/181 1737/1730/173
f 1741/1714/156 1742/1733/157 1738/1527/153
f 1741/1734/156 1746/1735/161 1743/1736/158
f 1744/1737/159 1745/1738/160 1739/1538/154
f 1748/1739/163 1746/1735/161 1744/1737/159
f 1747/1572/162 1748/1624/163 1740/1532/155
f 1747/1713/162 1743/1740/158 1749/1741/164
f 1743/1736/158 1746/1735/161 1749/1742/164
f 1753/1743/132 1754/1744/133 1750/1745/129
f 1753/1746/132 1758/1711/182 1755/1747/175
f 1756/1748/135 1757/1749/136 1751/1539/130
f 1760/1750/176 1758/1711/182 1756/1748/135
f 1759/1751/138 1760/1752/176 1752/1531/174
f 1759/1751/138 1755/1753/175 1761/1754/183
f 1755/1747/175 1758/1711/182 1761/1755/183
f 1765/1756/87 1766/1757/88 1762/1525/82
f 1769/1758/91 1767/1759/89 1765/1756/87
f 1768/1760/90 1769/1761/91 1763/1531/83
f 1772/1737/85 1770/1762/184 1768/1763/90
f 1771/1738/84 1772/1737/85 1764/1538/81
f 1771/1738/84 1767/1764/89 1773/1735/185
f 1767/1759/89 1770/1765/184 1773/1766/185
f 1777/1744/144 1778/1743/145 1774/1533/141
f 1777/1767/144 1782/1768/186 1779/1769/146
f 1780/1770/147 1781/1771/148 1775/1540/142
f 1780/1772/147 1785/1773/178 1782/1774/186
f 1783/1728/150 1784/1775/151 1776/1729/143
f 1783/1728/150 1779/1776/146 1785/1773/178
f 1779/1769/146 1782/1768/186 1785/1777/178
f 1789/1757/75 1790/1758/76 1786/1525/70
f 1793/1778/79 1791/1779/77 1789/1721/75
f 1792/1780/78 1793/1778/79 1787/1537/71
f 1796/1719/73 1794/1781/166 1792/1780/78
f 1795/1782/72 1796/1770/73 1788/1540/69
f 1795/1782/72 1791/1783/77 1797/1784/165
f 1791/1779/77 1794/1781/166 1797/1785/165
f 1595/1511/154 1537/1562/96 1534/1509/93
f 1601/1786/160 1541/1564/100 1537/1566/96
f 1597/1577/156 1535/1568/94 1541/1564/100
f 1522/1507/81 1519/1549/78 1512/1508/71
f 1526/1554/85 1514/1582/73 1519/1549/78
f 1531/1557/90 1510/1514/69 1514/1542/73
f 1546/1505/105 1567/1595/126 1560/1503/119
f 1550/1577/109 1562/1787/121 1567/1595/126
f 1555/1583/114 1558/1590/117 1562/1589/121
f 1559/1513/118 1589/1541/148 1564/1581/123
f 1589/1610/148 1568/1596/127 1564/1593/123
f 1585/1601/144 1560/1503/119 1568/1596/127
f 1536/1573/95 1579/1558/138 1572/1512/131
f 1544/1593/103 1574/1601/133 1579/1610/138
f 1540/1567/99 1570/1515/129 1574/1601/133
f 1534/1509/93 1561/1588/120 1558/1590/117
f 1538/1574/97 1565/1591/124 1561/1580/120
f 1543/1571/102 1559/1513/118 1565/1591/124
f 1596/1573/155 1552/1580/111 1547/1513/106
f 1604/1560/163 1556/1584/115 1552/1582/111
f 1600/1554/159 1548/1510/107 1556/1584/115
f 1572/1512/131 1588/1614/147 1583/1514/142
f 1580/1563/139 1592/1615/151 1588/1588/147
f 1576/1604/135 1584/1506/143 1592/1615/151
f 1594/1516/153 1528/1543/87 1523/1504/82
f 1598/1620/157 1532/1545/91 1528/1543/87
f 1603/1572/162 1524/1512/83 1532/1558/91
f 1582/1612/141 1516/1546/75 1511/1504/70
f 1586/1600/145 1520/1788/79 1516/1546/75
f 1591/1617/150 1512/1508/71 1520/1550/79
f 1571/1606/130 1525/1553/84 1522/1507/81
f 1577/1602/136 1529/1546/88 1525/1555/84
f 1573/1600/132 1523/1504/82 1529/1546/88
f 1511/1504/70 1549/1576/108 1546/1505/105
f 1517/1543/76 1553/1578/112 1549/1576/108
f 1513/1541/72 1547/1513/106 1553/1581/112
f 1691/1521/154 1633/1648/96 1630/1523/93
f 1697/1789/160 1637/1650/100 1633/1652/96
f 1693/1694/156 1631/1654/94 1637/1650/100
f 1618/1521/81 1615/1632/78 1608/1522/71
f 1622/1638/85 1610/1664/73 1615/1632/78
f 1627/1557/90 1606/1514/69 1610/1542/73
f 1642/1519/105 1663/1671/126 1656/1517/119
f 1646/1665/109 1658/1668/121 1663/1674/126
f 1651/1629/114 1654/1669/117 1658/1668/121
f 1655/1513/171 1685/1625/148 1660/1670/123
f 1685/1625/148 1664/1581/127 1660/1670/123
f 1681/1685/144 1656/1517/119 1664/1672/127
f 1632/1573/95 1675/1558/138 1668/1512/174
f 1640/1672/103 1670/1677/133 1675/1685/138
f 1636/1653/99 1666/1528/129 1670/1677/133
f 1630/1523/93 1657/1667/120 1654/1669/117
f 1634/1574/97 1661/1591/172 1657/1580/120
f 1639/1571/102 1655/1513/171 1661/1591/172
f 1692/1573/155 1648/1661/111 1643/1513/106
f 1700/1698/163 1652/1580/115 1648/1661/111
f 1696/1646/159 1644/1524/107 1652/1664/115
f 1668/1512/174 1684/1614/147 1679/1514/142
f 1676/1649/176 1688/1692/151 1684/1688/147
f 1672/1680/135 1680/1520/143 1688/1692/151
f 1619/1530/82 1694/1657/157 1624/1628/87
f 1694/1572/157 1628/1644/91 1624/1558/87
f 1699/1700/162 1620/1512/83 1628/1644/91
f 1678/1686/141 1612/1627/75 1607/1518/70
f 1682/1693/145 1616/1629/79 1612/1631/75
f 1687/1691/150 1608/1522/71 1616/1629/79
f 1667/1682/130 1621/1637/84 1618/1521/81
f 1673/1681/136 1625/1639/88 1621/1637/84
f 1669/1676/132 1619/1530/82 1625/1641/88
f 1607/1518/70 1645/1657/108 1642/1519/105
f 1613/1541/76 1649/1662/112 1645/1581/108
f 1609/1625/72 1643/1513/106 1649/1662/112
f 1704/1536/93 1745/1738/160 1711/1709/96
f 1745/1738/160 1706/1746/100 1711/1709/96
f 1741/1714/156 1702/1526/94 1706/1704/100
f 1726/1535/119 1718/1714/109 1729/1704/126
f 1718/1721/109 1733/1728/121 1729/1724/126
f 1723/1720/114 1727/1729/117 1733/1728/121
f 1704/1536/93 1732/1727/120 1727/1729/117
f 1712/1706/97 1736/1772/172 1732/1727/120
f 1708/1624/102 1728/1513/171 1736/1580/172
f 1740/1532/155 1720/1580/111 1715/1513/106
f 1748/1739/163 1724/1717/115 1720/1719/111
f 1744/1737/159 1716/1537/107 1724/1717/115
f 1750/1745/129 1766/1757/88 1753/1743/132
f 1766/1734/88 1757/1749/136 1753/1746/132
f 1771/1738/84 1751/1539/130 1757/1749/136
f 1787/1537/71 1783/1728/150 1776/1729/143
f 1793/1778/79 1778/1724/145 1783/1728/150
f 1789/1757/75 1774/1533/141 1778/1743/145
f 1752/1531/174 1780/1770/147 1775/1540/142
f 1760/1750/176 1784/1775/151 1780/1772/147
f 1756/1748/135 1776/1729/143 1784/1775/151
f 1764/1538/81 1792/1780/78 1787/1537/71
f 1772/1737/85 1796/1719/73 1792/1780/78
f 1768/1760/90 1788/1540/69 1796/1770/73
f 1775/1540/142 1735/1731/123 1728/1513/171
f 1781/1771/148 1730/1581/127 1735/1731/123
f 1777/1744/144 1726/1535/119 1730/1703/127
f 1703/1532/95 1759/1751/138 1752/1531/174
f 1709/1700/103 1754/1761/133 1759/1751/138
f 1705/1703/99 1750/1745/129 1754/1744/133
f 1738/1527/153 1765/1756/87 1762/1525/82
f 1742/1733/157 1769/1758/91 1765/1756/87
f 1747/1572/162 1763/1531/83 1769/1761/91
f 1715/1513/106 1795/1782/72 1788/1540/69
f 1721/1716/112 1790/1767/76 1795/1782/72
f 1717/1713/108 1786/1525/70 1790/1758/76
f 1524/1512/83 1547/1513/106 1510/1514/69
f 1560/1503/119 1582/1612/141 1511/1504/70
f 1584/1506/143 1571/1606/130 1522/1507/81
f 1534/1509/93 1558/1590/117 1548/1510/107
f 1620/1512/83 1692/1573/155 1643/1513/106
f 1559/1513/118 1536/1573/95 1572/1512/131
f 1570/1515/129 1535/1568/94 1594/1516/153
f 1656/1517/119 1678/1686/141 1607/1518/70
f 1680/1520/143 1667/1682/130 1618/1521/81
f 1630/1523/93 1654/1669/117 1644/1524/107
f 1762/1525/82 1750/1745/129 1702/1526/94
f 1655/1513/171 1632/1573/95 1668/1512/174
f 1666/1528/129 1631/1654/94 1690/1529/153
f 1752/1531/174 1775/1540/142 1728/1513/171
f 1774/1533/141 1786/1525/70 1714/1534/105
f 1704/1536/93 1727/1729/117 1716/1537/107
f 1787/1537/71 1776/1729/143 1751/1539/130
f 1788/1540/69 1763/1531/83 1740/1532/155
f 1513/1541/72 1515/1635/74 1514/1542/73
f 1517/1543/76 1518/1548/77 1515/1544/74
f 1516/1546/75 1518/1548/77 1517/1543/76
f 1516/1546/75 1520/1788/79 1521/1547/80
f 1519/1549/78 1521/1552/80 1520/1550/79
f 1519/1549/78 1514/1582/73 1515/1551/74
f 1525/1553/84 1527/1623/86 1526/1554/85
f 1525/1555/84 1529/1546/88 1530/1556/89
f 1528/1543/87 1530/1556/89 1529/1546/88
f 1532/1545/91 1533/1561/92 1530/1556/89
f 1531/1557/90 1533/1790/92 1532/1558/91
f 1526/1554/85 1527/1623/86 1533/1559/92
f 1537/1562/96 1539/1607/98 1538/1563/97
f 1541/1564/100 1542/1570/101 1539/1565/98
f 1540/1567/99 1542/1570/101 1541/1564/100
f 1540/1567/99 1544/1593/103 1545/1569/104
f 1543/1571/102 1545/1575/104 1544/1572/103
f 1538/1574/97 1539/1699/98 1545/1575/104
f 1549/1576/108 1551/1579/110 1550/1577/109
f 1553/1578/112 1554/1587/113 1551/1579/110
f 1552/1580/111 1554/1660/113 1553/1581/112
f 1552/1582/111 1556/1584/115 1557/1552/116
f 1555/1583/114 1557/1552/116 1556/1584/115
f 1550/1577/109 1551/1579/110 1557/1585/116
f 1561/1588/120 1563/1791/122 1562/1589/121
f 1565/1591/124 1566/1598/125 1563/1592/122
f 1564/1581/123 1566/1598/125 1565/1591/124
f 1564/1593/123 1568/1596/127 1569/1570/128
f 1567/1595/126 1569/1570/128 1568/1596/127
f 1567/1595/126 1562/1787/121 1563/1597/122
f 1573/1600/132 1575/1603/134 1574/1601/133
f 1577/1602/136 1578/1611/137 1575/1603/134
f 1576/1604/135 1578/1607/137 1577/1605/136
f 1580/1563/139 1581/1792/140 1578/1607/137
f 1579/1558/138 1581/1790/140 1580/1608/139
f 1574/1601/133 1575/1603/134 1581/1609/140
f 1585/1601/144 1587/1613/146 1586/1600/145
f 1589/1610/148 1590/1619/149 1587/1613/146
f 1588/1614/147 1590/1635/149 1589/1541/148
f 1592/1615/151 1593/1793/152 1590/1616/149
f 1591/1617/150 1593/1793/152 1592/1615/151
f 1586/1600/145 1587/1613/146 1593/1611/152
f 1597/1577/156 1599/1621/158 1598/1620/157
f 1597/1577/156 1601/1786/160 1602/1585/161
f 1600/1554/159 1602/1623/161 1601/1622/160
f 1604/1560/163 1605/1559/164 1602/1623/161
f 1603/1572/162 1605/1575/164 1604/1624/163
f 1603/1578/162 1598/1620/157 1599/1621/158
f 1609/1625/72 1611/1626/165 1610/1542/73
f 1613/1541/76 1614/1635/77 1611/1626/165
f 1612/1627/75 1614/1794/77 1613/1628/76
f 1616/1629/79 1617/1634/166 1614/1630/77
f 1615/1632/78 1617/1634/166 1616/1629/79
f 1615/1632/78 1610/1664/73 1611/1633/165
f 1621/1637/84 1623/1640/167 1622/1638/85
f 1625/1639/88 1626/1647/89 1623/1640/167
f 1624/1628/87 1626/1795/89 1625/1641/88
f 1624/1558/87 1628/1644/91 1629/1642/92
f 1627/1557/90 1629/1642/92 1628/1644/91
f 1622/1638/85 1623/1640/167 1629/1645/92
f 1633/1648/96 1635/1796/168 1634/1649/97
f 1637/1650/100 1638/1656/169 1635/1651/168
f 1636/1653/99 1638/1656/169 1637/1650/100
f 1636/1653/99 1640/1672/103 1641/1655/104
f 1639/1571/102 1641/1575/104 1640/1572/103
f 1634/1574/97 1635/1699/168 1641/1575/104
f 1645/1657/108 1647/1797/110 1646/1658/109
f 1645/1581/108 1649/1662/112 1650/1659/170
f 1648/1661/111 1650/1659/170 1649/1662/112
f 1648/1661/111 1652/1580/115 1653/1663/116
f 1651/1629/114 1653/1666/116 1652/1664/115
f 1646/1665/109 1647/1630/110 1653/1666/116
f 1657/1667/120 1659/1798/122 1658/1668/121
f 1657/1580/120 1661/1591/172 1662/1598/173
f 1660/1670/123 1662/1598/173 1661/1591/172
f 1664/1581/127 1665/1675/128 1662/1598/173
f 1663/1671/126 1665/1655/128 1664/1672/127
f 1658/1668/121 1659/1798/122 1665/1673/128
f 1669/1676/132 1671/1799/175 1670/1677/133
f 1669/1648/132 1673/1681/136 1674/1678/137
f 1672/1680/135 1674/1678/137 1673/1681/136
f 1672/1680/135 1676/1649/176 1677/1683/140
f 1675/1558/138 1677/1800/140 1676/1608/176
f 1670/1677/133 1671/1799/175 1677/1684/140
f 1681/1685/144 1683/1801/146 1682/1676/145
f 1681/1541/144 1685/1625/148 1686/1687/177
f 1684/1614/147 1686/1687/177 1685/1625/148
f 1684/1688/147 1688/1692/151 1689/1689/178
f 1687/1691/150 1689/1689/178 1688/1692/151
f 1682/1693/145 1683/1673/146 1689/1689/178
f 1693/1694/156 1695/1696/158 1694/1657/157
f 1693/1694/156 1697/1789/160 1698/1695/179
f 1696/1646/159 1698/1802/179 1697/1697/160
f 1700/1698/163 1701/1701/164 1698/1699/179
f 1699/1700/162 1701/1701/164 1700/1698/163
f 1694/1572/157 1695/1803/158 1701/1701/164
f 1705/1703/99 1707/1804/101 1706/1704/100
f 1709/1700/103 1710/1701/104 1707/1705/101
f 1708/1624/102 1710/1701/104 1709/1700/103
f 1712/1706/97 1713/1711/168 1710/1707/104
f 1711/1709/96 1713/1711/168 1712/1706/97
f 1711/1709/96 1706/1746/100 1707/1710/101
f 1717/1713/108 1719/1805/110 1718/1714/109
f 1717/1581/108 1721/1716/112 1722/1715/113
f 1720/1580/111 1722/1715/113 1721/1716/112
f 1724/1717/115 1725/1722/180 1722/1718/113
f 1723/1720/114 1725/1722/180 1724/1717/115
f 1718/1721/109 1719/1806/110 1725/1722/180
f 1729/1704/126 1731/1807/128 1730/1703/127
f 1729/1724/126 1733/1728/121 1734/1725/181
f 1732/1727/120 1734/1725/181 1733/1728/121
f 1732/1727/120 1736/1772/172 1737/1730/173
f 1735/1731/123 1737/1732/173 1736/1580/172
f 1730/1581/127 1731/1808/128 1737/1732/173
f 1741/1714/156 1743/1740/158 1742/1733/157
f 1741/1734/156 1745/1738/160 1746/1735/161
f 1744/1737/159 1746/1735/161 1745/1738/160
f 1748/1739/163 1749/1742/164 1746/1735/161
f 1747/1572/162 1749/1809/164 1748/1624/163
f 1747/1713/162 1742/1733/157 1743/1740/158
f 1753/1743/132 1755/1810/175 1754/1744/133
f 1753/1746/132 1757/1749/136 1758/1711/182
f 1756/1748/135 1758/1711/182 1757/1749/136
f 1760/1750/176 1761/1755/183 1758/1711/182
f 1759/1751/138 1761/1754/183 1760/1752/176
f 1759/1751/138 1754/1761/133 1755/1753/175
f 1765/1756/87 1767/1759/89 1766/1757/88
f 1769/1758/91 1770/1765/184 1767/1759/89
f 1768/1760/90 1770/1811/184 1769/1761/91
f 1772/1737/85 1773/1735/185 1770/1762/184
f 1771/1738/84 1773/1735/185 1772/1737/85
f 1771/1738/84 1766/1734/88 1767/1764/89
f 1777/1744/144 1779/1812/146 1778/1743/145
f 1777/1767/144 1781/1771/148 1782/1768/186
f 1780/1770/147 1782/1768/186 1781/1771/148
f 1780/1772/147 1784/1775/151 1785/1773/178
f 1783/1728/150 1785/1773/178 1784/1775/151
f 1783/1728/150 1778/1724/145 1779/1776/146
f 1789/1757/75 1791/1813/77 1790/1758/76
f 1793/1778/79 1794/1781/166 1791/1779/77
f 1792/1780/78 1794/1781/166 1793/1778/79
f 1796/1719/73 1797/1785/165 1794/1781/166
f 1795/1782/72 1797/1784/165 1796/1770/73
f 1795/1782/72 1790/1767/76 1791/1783/77
f 1595/1511/154 1601/1622/160 1537/1562/96
f 1601/1786/160 1597/1577/156 1541/1564/100
f 1597/1577/156 1594/1516/153 1535/1568/94
f 1522/1507/81 1526/1554/85 1519/1549/78
f 1526/1554/85 1531/1560/90 1514/1582/73
f 1531/1557/90 1524/1512/83 1510/1514/69
f 1546/1505/105 1550/1577/109 1567/1595/126
f 1550/1577/109 1555/1586/114 1562/1787/121
f 1555/1583/114 1548/1510/107 1558/1590/117
f 1559/1513/118 1583/1514/142 1589/1541/148
f 1589/1610/148 1585/1601/144 1568/1596/127
f 1585/1601/144 1582/1612/141 1560/1503/119
f 1536/1573/95 1544/1572/103 1579/1558/138
f 1544/1593/103 1540/1567/99 1574/1601/133
f 1540/1567/99 1535/1568/94 1570/1515/129
f 1534/1509/93 1538/1563/97 1561/1588/120
f 1538/1574/97 1543/1571/102 1565/1591/124
f 1543/1571/102 1536/1573/95 1559/1513/118
f 1596/1573/155 1604/1624/163 1552/1580/111
f 1604/1560/163 1600/1554/159 1556/1584/115
f 1600/1554/159 1595/1511/154 1548/1510/107
f 1572/1512/131 1580/1608/139 1588/1614/147
f 1580/1563/139 1576/1604/135 1592/1615/151
f 1576/1604/135 1571/1606/130 1584/1506/143
f 1594/1516/153 1598/1620/157 1528/1543/87
f 1598/1620/157 1603/1578/162 1532/1545/91
f 1603/1572/162 1596/1573/155 1524/1512/83
f 1582/1612/141 1586/1600/145 1516/1546/75
f 1586/1600/145 1591/1618/150 1520/1788/79
f 1591/1617/150 1584/1506/143 1512/1508/71
f 1571/1606/130 1577/1605/136 1525/1553/84
f 1577/1602/136 1573/1600/132 1529/1546/88
f 1573/1600/132 1570/1515/129 1523/1504/82
f 1511/1504/70 1517/1543/76 1549/1576/108
f 1517/1543/76 1513/1545/72 1553/1578/112
f 1513/1541/72 1510/1514/69 1547/1513/106
f 1691/1521/154 1697/1697/160 1633/1648/96
f 1697/1789/160 1693/1694/156 1637/1650/100
f 1693/1694/156 1690/1529/153 1631/1654/94
f 1618/1521/81 1622/1638/85 1615/1632/78
f 1622/1638/85 1627/1646/90 1610/1664/73
f 1627/1557/90 1620/1512/83 1606/1514/69
f 1642/1519/105 1646/1658/109 1663/1671/126
f 1646/1665/109 1651/1629/114 1658/1668/121
f 1651/1629/114 1644/1524/107 1654/1669/117
f 1655/1513/171 1679/1514/142 1685/1625/148
f 1685/1625/148 1681/1541/144 1664/1581/127
f 1681/1685/144 1678/1686/141 1656/1517/119
f 1632/1573/95 1640/1572/103 1675/1558/138
f 1640/1672/103 1636/1653/99 1670/1677/133
f 1636/1653/99 1631/1654/94 1666/1528/129
f 1630/1523/93 1634/1649/97 1657/1667/120
f 1634/1574/97 1639/1571/102 1661/1591/172
f 1639/1571/102 1632/1573/95 1655/1513/171
f 1692/1573/155 1700/1698/163 1648/1661/111
f 1700/1698/163 1696/1624/159 1652/1580/115
f 1696/1646/159 1691/1521/154 1644/1524/107
f 1668/1512/174 1676/1608/176 1684/1614/147
f 1676/1649/176 1672/1680/135 1688/1692/151
f 1672/1680/135 1667/1682/130 1680/1520/143
f 1619/1530/82 1690/1529/153 1694/1657/157
f 1694/1572/157 1699/1700/162 1628/1644/91
f 1699/1700/162 1692/1573/155 1620/1512/83
f 1678/1686/141 1682/1676/145 1612/1627/75
f 1682/1693/145 1687/1691/150 1616/1629/79
f 1687/1691/150 1680/1520/143 1608/1522/71
f 1667/1682/130 1673/1681/136 1621/1637/84
f 1673/1681/136 1669/1648/132 1625/1639/88
f 1669/1676/132 1666/1528/129 1619/1530/82
f 1607/1518/70 1613/1628/76 1645/1657/108
f 1613/1541/76 1609/1625/72 1649/1662/112
f 1609/1625/72 1606/1514/69 1643/1513/106
f 1704/1536/93 1739/1538/154 1745/1738/160
f 1745/1738/160 1741/1734/156 1706/1746/100
f 1741/1714/156 1738/1527/153 1702/1526/94
f 1726/1535/119 1714/1534/105 1718/1714/109
f 1718/1721/109 1723/1720/114 1733/1728/121
f 1723/1720/114 1716/1537/107 1727/1729/117
f 1704/1536/93 1712/1706/97 1732/1727/120
f 1712/1706/97 1708/1708/102 1736/1772/172
f 1708/1624/102 1703/1532/95 1728/1513/171
f 1740/1532/155 1748/1624/163 1720/1580/111
f 1748/1739/163 1744/1737/159 1724/1717/115
f 1744/1737/159 1739/1538/154 1716/1537/107
f 1750/1745/129 1762/1525/82 1766/1757/88
f 1766/1734/88 1771/1738/84 1757/1749/136
f 1771/1738/84 1764/1538/81 1751/1539/130
f 1787/1537/71 1793/1778/79 1783/1728/150
f 1793/1778/79 1789/1721/75 1778/1724/145
f 1789/1757/75 1786/1525/70 1774/1533/141
f 1752/1531/174 1760/1752/176 1780/1770/147
f 1760/1750/176 1756/1748/135 1784/1775/151
f 1756/1748/135 1751/1539/130 1776/1729/143
f 1764/1538/81 1772/1737/85 1792/1780/78
f 1772/1737/85 1768/1763/90 1796/1719/73
f 1768/1760/90 1763/1531/83 1788/1540/69
f 1775/1540/142 1781/1771/148 1735/1731/123
f 1781/1771/148 1777/1767/144 1730/1581/127
f 1777/1744/144 1774/1533/141 1726/1535/119
f 1703/1532/95 1709/1700/103 1759/1751/138
f 1709/1700/103 1705/1572/99 1754/1761/133
f 1705/1703/99 1702/1526/94 1750/1745/129
f 1738/1527/153 1742/1733/157 1765/1756/87
f 1742/1733/157 1747/1713/162 1769/1758/91
f 1747/1572/162 1740/1532/155 1763/1531/83
f 1715/1513/106 1721/1716/112 1795/1782/72
f 1721/1716/112 1717/1581/108 1790/1767/76
f 1717/1713/108 1714/1534/105 1786/1525/70
f 1524/1512/83 1596/1573/155 1547/1513/106
o Plane.002
v 0.542500 0.800000 -0.300000
v 0.542500 2.200000 -0.300000
v -0.657500 0.800000 -0.300000
v -0.657500 2.200000 -0.300000
v 0.482500 0.860000 -0.300000
v 0.482500 2.140000 -0.300000
v -0.597500 0.860000 -0.300000
v -0.597500 2.140000 -0.300000
v 0.482500 0.860000 -0.280000
v 0.482500 2.140000 -0.280000
v -0.597500 0.860000 -0.280000
v -0.597500 2.140000 -0.280000
v 0.502500 0.840000 -0.280000
v -0.617500 0.840000 -0.280000
v 0.502500 0.840000 -0.230000
v -0.617500 0.840000 -0.230000
v -0.657500 0.800000 -0.230000
v 0.502500 2.160000 -0.280000
v -0.617500 2.160000 -0.280000
v 0.542500 2.200000 -0.230000
v 0.542500 0.800000 -0.230000
v 0.502500 2.160000 -0.230000
v -0.617500 2.160000 -0.230000
v -0.657500 2.200000 -0.230000
v 0.442500 0.900000 -0.280000
v -0.557500 0.900000 -0.280000
v 0.442500 2.100000 -0.280000
v -0.557500 2.100000 -0.280000
v 0.522500 0.820000 -0.230000
v -0.637500 0.820000 -0.230000
v -0.637500 2.180000 -0.230000
v 0.522500 2.180000 -0.230000
v 0.442500 0.900000 -0.210000
v -0.557500 0.900000 -0.210000
v -0.557500 2.100000 -0.210000
v 0.442500 2.100000 -0.210000
v 0.502500 2.160000 -0.230000
v 0.502500 0.840000 -0.230000
v -0.617500 2.160000 -0.230000
v -0.617500 0.840000 -0.230000
v 0.502500 0.840000 -0.280000
v -0.617500 0.840000 -0.280000
v -0.617500 2.160000 -0.280000
v 0.502500 2.160000 -0.280000
v 0.522500 0.820000 -0.210000
v -0.637500 0.820000 -0.210000
v -0.637500 2.180000 -0.210000
v 0.522500 2.180000 -0.210000
v -0.567500 0.890000 -0.255000
v -0.567500 2.110000 -0.255000
v 0.452500 0.890000 -0.255000
v 0.452500 2.110000 -0.255000
v -0.567500 0.890000 -0.235000
v -0.567500 2.110000 -0.235000
v 0.452500 0.890000 -0.235000
v 0.452500 2.110000 -0.235000
v 0.442500 2.100000 -0.255000
v -0.557500 2.100000 -0.255000
v 0.442500 0.900000 -0.255000
v -0.557500 0.900000 -0.255000
v 0.442500 2.100000 -0.235000
v -0.557500 2.100000 -0.235000
v 0.442500 0.900000 -0.235000
v -0.557500 0.900000 -0.235000
v -0.597500 0.890000 -0.255000
v -0.597500 2.110000 -0.255000
v 0.452500 0.890000 -0.255000
v 0.452500 2.110000 -0.255000
v -0.597500 0.890000 -0.235000
v -0.597500 2.110000 -0.235000
v 0.452500 0.890000 -0.235000
v 0.452500 2.110000 -0.235000
vn 1.0000 -0.0000 -0.0000
vn -0.0000 -0.0000 -1.0000
vn -1.0000 -0.0000 -0.0000
vn -0.0000 -1.0000 -0.0000
vn -0.0000 1.0000 -0.0000
vn -0.0000 -0.0000 1.0000
vt 0.515000 1.540000
vt 0.535000 0.260000
vt 0.535000 1.540000
vt 1.422500 1.600000
vt 1.362500 0.260000
vt 1.362500 1.540000
vt 1.422500 0.200000
vt 0.282500 0.260000
vt 0.222500 1.600000
vt 0.282500 1.540000
vt 0.515000 0.260000
vt 0.535000 0.260000
vt 1.362500 0.515000
vt 0.282500 0.535000
vt 1.362500 0.535000
vt 0.282500 0.515000
vt 0.262500 0.240000
vt 0.262500 0.465000
vt 1.382500 0.515000
vt 0.262500 0.515000
vt 1.382500 0.240000
vt 1.422500 0.535000
vt 0.222500 0.465000
vt 0.222500 0.535000
vt 1.382500 1.560000
vt 0.262500 1.560000
vt 0.465000 0.240000
vt 0.515000 1.560000
vt 0.515000 0.240000
vt 0.465000 1.560000
vt 0.515000 0.240000
vt 1.382500 0.465000
vt 0.222500 0.200000
vt 0.535000 0.200000
vt 0.465000 1.600000
vt 0.535000 1.600000
vt 1.422500 0.465000
vt 0.465000 0.200000
vt 0.535000 0.200000
vt 0.465000 1.500000
vt 0.490000 0.300000
vt 0.490000 1.500000
vt 0.485000 0.220000
vt 0.465000 1.580000
vt 0.485000 1.580000
vt 1.382500 1.560000
vt 1.402500 0.220000
vt 1.382500 0.240000
vt 0.262500 1.560000
vt 1.402500 1.580000
vt 0.262500 0.240000
vt 0.242500 1.580000
vt 0.242500 0.220000
vt 0.322500 0.465000
vt 1.322500 0.490000
vt 0.322500 0.490000
vt 1.402500 0.485000
vt 0.242500 0.465000
vt 0.242500 0.485000
vt 0.465000 0.220000
vt 0.485000 0.220000
vt 1.402500 0.465000
vt 1.382500 0.535000
vt 0.262500 0.485000
vt 0.262500 0.535000
vt 0.535000 0.240000
vt 0.485000 1.560000
vt 0.535000 1.560000
vt 1.382500 0.485000
vt 0.485000 0.240000
vt 0.535000 0.240000
vt 1.322500 0.300000
vt 0.322500 0.300000
vt 0.322500 1.500000
vt 1.322500 1.500000
vt 0.490000 0.300000
vt 1.322500 0.465000
vt 1.322500 0.510000
vt 0.322500 0.535000
vt 1.322500 0.535000
vt 0.535000 0.300000
vt 0.510000 1.500000
vt 0.535000 1.500000
vt 0.322500 0.510000
vt 0.535000 0.300000
vt 1.332500 0.490000
vt 0.312500 0.510000
vt 1.332500 0.510000
vt 0.510000 0.290000
vt 0.490000 1.510000
vt 0.510000 1.510000
vt 0.312500 0.490000
vt 0.510000 0.290000
vt 0.312500 1.510000
vt 1.332500 1.510000
vt 1.332500 0.290000
vt 0.312500 0.290000
vt 0.282500 0.510000
vt 0.282500 0.490000
vt 0.282500 0.290000
vt 0.282500 1.510000
vt 0.515000 0.260000
vt 0.465000 0.240000
vt 0.465000 0.200000
vt 0.465000 0.300000
vt 0.465000 0.220000
vt 0.485000 0.240000
vt 0.465000 0.300000
vt 0.510000 0.300000
vt 0.510000 0.300000
vt 0.490000 0.290000
vt 0.490000 0.290000
s 0
usemtl Plastic
f 1809/1814/187 1804/1815/187 1805/1816/187
f 1799/1817/188 1802/1818/188 1803/1819/188
f 1798/1820/188 1804/1821/188 1802/1818/188
f 1804/1821/188 1801/1822/188 1805/1823/188
f 1801/1822/188 1803/1819/188 1805/1823/188
f 1806/1824/189 1803/1816/189 1802/1825/189
f 1807/1826/190 1805/1827/190 1803/1828/190
f 1808/1829/191 1802/1828/191 1804/1827/191
f 1811/1830/192 1806/1818/192 1808/1821/192
f 1813/1831/191 1810/1832/191 1811/1833/191
f 1813/1830/192 1818/1820/192 1812/1834/192
f 1798/1835/190 1814/1836/190 1800/1837/190
f 1815/1838/192 1809/1823/192 1807/1819/192
f 1816/1839/192 1808/1821/192 1809/1823/192
f 1806/1818/192 1815/1838/192 1807/1819/192
f 1812/1840/189 1815/1841/189 1810/1842/189
f 1820/1843/187 1811/1844/187 1816/1841/187
f 1819/1845/190 1816/1833/190 1815/1832/190
f 1813/1830/192 1821/1822/192 1814/1846/192
f 1821/1822/192 1819/1838/192 1817/1817/192
f 1819/1838/192 1818/1820/192 1817/1817/192
f 1800/1847/189 1821/1848/189 1801/1849/189
f 1801/1837/191 1817/1850/191 1799/1835/191
f 1799/1849/187 1818/1851/187 1798/1852/187
f 1832/1853/187 1861/1854/187 1859/1855/187
f 1827/1856/189 1844/1857/189 1828/1858/189
f 1834/1859/188 1826/1860/188 1835/1861/188
f 1836/1862/188 1829/1863/188 1834/1859/188
f 1837/1864/188 1828/1865/188 1836/1862/188
f 1835/1861/188 1827/1866/188 1837/1864/188
f 1831/1867/191 1860/1868/191 1861/1869/191
f 1826/1870/190 1843/1871/190 1827/1872/190
f 1829/1858/187 1842/1873/187 1826/1874/187
f 1828/1872/191 1845/1875/191 1829/1870/191
f 1838/1876/190 1837/1877/190 1839/1878/190
f 1839/1879/189 1836/1880/189 1840/1881/189
f 1840/1878/191 1834/1882/191 1841/1876/191
f 1841/1881/187 1835/1883/187 1838/1884/187
f 1822/1885/188 1839/1864/188 1823/1886/188
f 1825/1887/188 1841/1859/188 1824/1888/188
f 1823/1886/188 1840/1862/188 1825/1887/188
f 1822/1885/188 1841/1859/188 1838/1861/188
f 1831/1886/192 1842/1860/192 1830/1885/192
f 1833/1888/192 1844/1865/192 1832/1887/192
f 1832/1887/192 1843/1866/192 1831/1886/192
f 1830/1885/192 1845/1863/192 1833/1888/192
f 1860/1889/189 1833/1853/189 1858/1855/189
f 1833/1890/190 1859/1869/190 1858/1868/190
f 1854/1891/190 1825/1892/190 1824/1893/190
f 1822/1894/189 1854/1895/189 1824/1896/189
f 1857/1897/191 1822/1893/191 1823/1892/191
f 1855/1895/187 1823/1898/187 1825/1896/187
f 1853/1899/190 1847/1900/190 1849/1901/190
f 1848/1902/189 1853/1903/189 1849/1904/189
f 1850/1905/191 1848/1901/191 1846/1900/191
f 1851/1903/187 1846/1906/187 1847/1904/187
f 1847/1907/192 1854/1888/192 1849/1908/192
f 1849/1908/192 1856/1885/192 1848/1909/192
f 1848/1909/192 1857/1886/192 1846/1910/192
f 1846/1910/192 1855/1887/192 1847/1907/192
f 1853/1908/188 1859/1887/188 1851/1907/188
f 1852/1909/188 1858/1888/188 1853/1908/188
f 1850/1910/188 1860/1885/188 1852/1909/188
f 1851/1907/188 1861/1886/188 1850/1910/188
f 1809/1814/187 1808/1915/187 1804/1815/187
f 1799/1817/188 1798/1820/188 1802/1818/188
f 1798/1820/188 1800/1846/188 1804/1821/188
f 1804/1821/188 1800/1846/188 1801/1822/188
f 1801/1822/188 1799/1817/188 1803/1819/188
f 1806/1824/189 1807/1814/189 1803/1816/189
f 1807/1826/190 1809/1829/190 1805/1827/190
f 1808/1829/191 1806/1826/191 1802/1828/191
f 1811/1830/192 1810/1834/192 1806/1818/192
f 1813/1831/191 1812/1845/191 1810/1832/191
f 1813/1830/192 1814/1846/192 1818/1820/192
f 1798/1835/190 1818/1850/190 1814/1836/190
f 1815/1838/192 1816/1839/192 1809/1823/192
f 1816/1839/192 1811/1830/192 1808/1821/192
f 1806/1818/192 1810/1834/192 1815/1838/192
f 1812/1840/189 1819/1843/189 1815/1841/189
f 1820/1843/187 1813/1916/187 1811/1844/187
f 1819/1845/190 1820/1831/190 1816/1833/190
f 1813/1830/192 1820/1839/192 1821/1822/192
f 1821/1822/192 1820/1839/192 1819/1838/192
f 1819/1838/192 1812/1834/192 1818/1820/192
f 1800/1847/189 1814/1917/189 1821/1848/189
f 1801/1837/191 1821/1836/191 1817/1850/191
f 1799/1849/187 1817/1848/187 1818/1851/187
f 1832/1853/187 1831/1918/187 1861/1854/187
f 1827/1856/189 1843/1919/189 1844/1857/189
f 1834/1859/188 1829/1863/188 1826/1860/188
f 1836/1862/188 1828/1865/188 1829/1863/188
f 1837/1864/188 1827/1866/188 1828/1865/188
f 1835/1861/188 1826/1860/188 1827/1866/188
f 1831/1867/191 1830/1890/191 1860/1868/191
f 1826/1870/190 1842/1875/190 1843/1871/190
f 1829/1858/187 1845/1857/187 1842/1873/187
f 1828/1872/191 1844/1871/191 1845/1875/191
f 1838/1876/190 1835/1882/190 1837/1877/190
f 1839/1879/189 1837/1920/189 1836/1880/189
f 1840/1878/191 1836/1877/191 1834/1882/191
f 1841/1881/187 1834/1880/187 1835/1883/187
f 1822/1885/188 1838/1861/188 1839/1864/188
f 1825/1887/188 1840/1862/188 1841/1859/188
f 1823/1886/188 1839/1864/188 1840/1862/188
f 1822/1885/188 1824/1888/188 1841/1859/188
f 1831/1886/192 1843/1866/192 1842/1860/192
f 1833/1888/192 1845/1863/192 1844/1865/192
f 1832/1887/192 1844/1865/192 1843/1866/192
f 1830/1885/192 1842/1860/192 1845/1863/192
f 1860/1889/189 1830/1921/189 1833/1853/189
f 1833/1890/190 1832/1867/190 1859/1869/190
f 1854/1891/190 1855/1897/190 1825/1892/190
f 1822/1894/189 1856/1922/189 1854/1895/189
f 1857/1897/191 1856/1891/191 1822/1893/191
f 1855/1895/187 1857/1923/187 1823/1898/187
f 1853/1899/190 1851/1905/190 1847/1900/190
f 1848/1902/189 1852/1924/189 1853/1903/189
f 1850/1905/191 1852/1899/191 1848/1901/191
f 1851/1903/187 1850/1925/187 1846/1906/187
f 1847/1907/192 1855/1887/192 1854/1888/192
f 1849/1908/192 1854/1888/192 1856/1885/192
f 1848/1909/192 1856/1885/192 1857/1886/192
f 1846/1910/192 1857/1886/192 1855/1887/192
f 1853/1908/188 1858/1888/188 1859/1887/188
f 1852/1909/188 1860/1885/188 1858/1888/188
f 1850/1910/188 1861/1886/188 1860/1885/188
f 1851/1907/188 1859/1887/188 1861/1886/188
usemtl Glass
f 1863/1911/191 1869/1899/191 1865/1901/191
f 1869/1903/187 1864/1902/187 1865/1904/187
f 1864/1901/190 1866/1912/190 1862/1911/190
f 1862/1906/189 1867/1903/189 1863/1904/189
f 1865/1908/188 1862/1913/188 1863/1914/188
f 1869/1908/192 1866/1913/192 1868/1909/192
f 1863/1911/191 1867/1912/191 1869/1899/191
f 1869/1903/187 1868/1924/187 1864/1902/187
f 1864/1901/190 1868/1899/190 1866/1912/190
f 1862/1906/189 1866/1925/189 1867/1903/189
f 1865/1908/188 1864/1909/188 1862/1913/188
f 1869/1908/192 1867/1914/192 1866/1913/192
