# Blender 4.5.3 LTS
# www.blender.org
mtllib Krakow.mtl
o Plane
v -2.760000 0.010000 3.178000
v -2.960000 0.010000 3.178000
v 0.000000 0.910000 1.525000
v 0.000000 0.010000 1.525000
v 0.000000 0.010000 1.245000
v -2.560000 0.010000 3.178000
v -2.560000 0.010000 0.000000
v -2.260000 0.010000 3.178000
v -2.260000 0.010000 0.000000
v -0.500000 0.010000 0.000000
v 0.000000 0.010000 0.500000
v -2.760000 0.010000 0.500000
v -2.560000 0.000000 0.500000
v -2.760000 2.730000 3.178000
v 0.000000 2.535000 0.500000
v 0.000000 2.535000 3.178000
v -0.500000 2.535000 0.000000
v -2.260000 2.535000 0.000000
v -2.560000 2.535000 0.000000
v -2.760000 2.535000 0.500000
v -2.560000 2.730000 0.500000
v -0.500000 2.730000 3.178000
v -2.260000 2.730000 0.500000
v -2.260000 2.730000 3.178000
v -2.560000 2.730000 3.178000
v -0.500000 2.730000 0.500000
v -4.960000 2.730000 3.178000
v -2.960000 2.535000 0.178000
v -4.960000 2.535000 0.178000
v -2.960000 2.730000 3.178000
v -4.960000 0.010000 3.178000
v -2.260000 0.910000 0.000000
v -2.760000 0.910000 0.500000
v 0.000000 0.910000 0.500000
v -0.500000 0.910000 0.000000
v -2.560000 0.910000 0.000000
v 0.000000 0.910000 1.245000
v -2.960000 0.910000 0.178000
v -4.960000 0.910000 0.178000
v -2.760000 2.333000 0.500000
v 0.000000 2.333000 0.500000
v -0.500000 2.333000 0.000000
v -2.560000 2.333000 0.000000
v 0.000000 2.333000 1.245000
v -2.260000 2.333000 0.000000
v 0.000000 2.333000 1.525000
v -2.960000 2.333000 0.178000
v -4.960000 2.333000 0.178000
v -2.760000 0.010000 1.818000
v 0.000000 0.010000 1.818000
v -2.560000 0.000000 1.818000
v -2.760000 2.535000 1.818000
v 0.000000 2.535000 1.818000
v -2.260000 2.730000 1.818000
v -0.500000 2.730000 1.818000
v -2.560000 2.730000 1.818000
v -2.760000 0.910000 1.818000
v -2.760000 2.333000 1.818000
v -2.760000 0.010000 3.262999
v -2.960000 0.010000 3.262999
v -2.560000 0.010000 3.262999
v -2.260000 0.010000 3.262999
v -0.500000 0.010000 3.262999
v -2.560000 2.730000 3.263000
v 0.000000 2.535000 3.262999
v -0.500000 2.730000 3.263000
v -2.260000 2.730000 3.263000
v -2.760000 2.730000 3.263000
v -2.960000 2.730000 3.263000
v -4.960000 0.010000 3.262999
v -4.960000 2.730000 3.263000
v 0.400000 2.333000 3.945000
v -2.760000 2.535000 2.228000
v -0.500000 2.730000 2.228000
v -2.560000 2.730000 2.228000
v -2.760000 0.910000 2.228000
v -2.760000 2.333000 2.228000
v 0.000000 0.010000 2.228000
v 0.000000 2.535000 2.228000
v -2.260000 2.730000 2.228000
v -2.260000 0.010000 2.305001
v -0.500000 2.730000 2.305001
v -2.560000 2.730000 2.305001
v 0.000000 0.010000 2.305000
v -2.560000 0.010000 2.305001
v 0.000000 2.535000 2.305000
v -2.260000 2.730000 2.305001
v -6.000000 3.000000 3.178000
v -6.000000 3.000000 2.228000
v -6.000000 3.000000 2.305000
v -6.000000 -1.000000 3.178000
v -6.000000 -1.000000 2.228000
v -6.000000 -1.000000 2.305000
v -2.260000 0.010000 3.545000
v -0.500000 0.010000 3.545000
v -4.960000 0.010000 3.545000
v 0.000000 0.910000 3.545000
v 0.000000 2.333000 3.545000
v -2.260000 0.010000 3.845000
v -0.500000 0.010000 3.845000
v -4.960000 0.010000 3.845000
v 0.000000 0.910000 3.845000
v 0.000000 2.333000 3.845000
v 0.400000 0.910000 3.945000
v -6.000000 3.000000 3.263000
v -6.000000 -1.000000 3.263000
v 0.400000 0.910000 3.545000
v 0.400000 2.333000 3.545000
v -6.000000 3.000000 3.545000
v -6.000000 -1.000000 3.545000
v -6.000000 3.000000 3.945000
v -6.000000 -1.000000 3.945000
v -2.760000 0.010000 7.945000
v -2.960000 0.010000 7.945000
v -2.560000 0.010000 7.945000
v -4.960000 2.535000 7.945001
v -4.960000 0.010000 7.945000
v -0.500000 2.535000 7.945000
v -0.500000 0.910000 7.945000
v -0.500000 2.333000 7.945000
v -2.260000 2.535000 7.945000
v -2.960000 2.535000 7.945000
v 0.400000 0.010000 2.228000
v -6.000000 0.910000 -0.800000
v -2.760000 2.535000 7.945000
v 0.400000 0.010000 2.305000
v -2.560000 2.535000 7.945000
v 0.400000 0.010000 3.178000
v -6.000001 0.010000 3.178000
v -6.000000 2.333000 -0.800000
v -4.960000 0.010000 4.818000
v -2.960000 0.010000 4.818000
v -2.760000 0.010000 4.818000
v 0.000000 2.535000 4.818000
v -2.560000 0.010000 4.818000
v -4.960000 2.730000 4.818001
v -2.960000 2.730000 4.818001
v -0.500000 0.010000 4.818000
v -2.260000 2.730000 4.818001
v -0.500000 2.730000 4.818001
v -2.260000 0.010000 4.818000
v -2.560000 2.730000 4.818001
v -2.760000 2.730000 4.818001
v -4.960000 0.010000 6.263000
v 0.000000 2.535000 6.263000
v -4.960000 2.730000 6.263001
v -2.960000 2.730000 6.263001
v -0.500000 0.010000 6.263000
v -2.260000 2.730000 6.263001
v -2.960000 0.010000 6.263000
v -2.760000 0.010000 6.263000
v -2.560000 0.010000 6.263000
v -0.500000 2.730000 6.263001
v -2.260000 0.010000 6.263000
v -2.560000 2.730000 6.263001
v -2.760000 2.730000 6.263001
v -6.000000 -1.000000 6.263000
v -6.000000 3.000000 6.263000
v -6.000000 3.000000 4.818000
v -6.000000 -1.000000 4.818000
v -8.960000 0.910000 3.178000
v -8.960000 2.535000 3.263000
v -8.960000 2.535000 3.178000
v -8.960000 2.333000 3.178000
v -8.960000 0.910000 3.263000
v -8.960000 2.333000 3.263000
v -10.000000 0.910000 3.945000
v -10.000000 2.333000 3.945000
v -10.000000 0.910000 3.178000
v -10.000000 0.910000 2.305000
v -10.000000 0.910000 2.228000
v -8.960000 2.333000 3.545000
v -8.960000 0.910000 3.545000
v -8.960000 2.333000 3.845001
v -8.960000 0.910000 3.845001
v -10.000000 0.910000 3.263000
v -10.000000 0.910000 3.545000
v -8.960000 0.910000 6.263001
v -8.960000 2.535000 6.263001
v -8.960000 2.333000 4.818001
v -10.000000 0.910000 6.263000
v -10.000000 2.333000 3.545000
v -10.000000 2.333000 3.263000
v -10.000000 2.333000 2.228000
v -10.000000 2.333000 2.305000
v -10.000000 2.333000 3.178000
v -10.000000 2.333000 6.263000
v -8.960000 0.910000 4.818001
v -8.960000 2.535000 4.818001
v -8.960000 2.333000 6.263001
v -10.000000 0.910000 4.818000
v -10.000000 2.333000 4.818000
v -6.960000 0.010000 3.178000
v -6.960000 0.010000 3.262999
v -6.960000 0.010000 3.845000
v -6.960000 0.010000 3.545000
v -6.960000 0.010000 4.818000
v -6.960000 0.010000 6.263000
v -6.960000 2.535000 7.945001
v -6.960000 2.535000 2.305000
v -6.960000 2.730000 3.178000
v -6.960000 2.730000 3.263000
v -6.960000 2.730000 4.818001
v -6.960000 2.730000 6.263001
v -6.960000 0.910000 2.305000
v -6.960000 2.333000 2.305000
v -6.000000 0.010000 -0.800000
v 0.400000 0.010000 3.945000
v 0.400000 0.010000 3.263000
v 0.400000 0.010000 3.545000
v 0.400000 0.010000 1.818000
v 0.400000 0.010000 6.263000
v 0.400000 0.010000 4.818000
v -10.000000 0.010000 3.945000
v -10.000000 0.010000 3.178000
v -10.000000 0.010000 2.305000
v -10.000000 0.010000 2.228000
v -10.000000 0.010000 3.263000
v -10.000000 0.010000 3.545000
v -10.000000 0.010000 6.263000
v -10.000000 0.010000 4.818000
v -2.260000 -1.000000 3.945000
v -2.260000 3.000000 3.945000
v -2.260000 3.000000 -0.800000
v -2.260000 3.000000 2.228000
v -2.260000 -1.000000 2.305000
v -2.260000 -1.000000 2.228000
v -2.260000 3.000000 3.178000
v -2.260000 -1.000000 -0.800000
v -2.260000 -1.000000 3.178000
v -2.260000 3.000000 2.305000
v -2.260000 3.000000 3.263000
v -2.260000 -1.000000 3.263000
v -2.260000 3.000000 3.545000
v -2.260000 -1.000000 3.545000
v -2.260000 -1.000000 1.818000
v -2.260000 3.000000 1.818000
v -2.260000 3.000000 6.263000
v -2.260000 -1.000000 6.263000
v -2.260000 -1.000000 4.818000
v -2.260000 3.000000 4.818000
v -6.960001 0.910000 1.818000
v -6.960001 2.333000 1.818000
v -6.960001 3.000000 2.228000
v -6.960001 -1.000000 4.818000
v -6.960001 3.000000 6.263000
v -6.960001 3.000000 3.263000
v -6.960001 -1.000000 3.263000
v -6.960001 3.000000 4.818000
v -6.960001 3.000000 3.945000
v -6.960001 3.000000 3.545000
v -6.960001 -1.000000 3.178000
v -6.960001 -1.000000 6.263000
v -6.960001 -1.000000 3.545000
v -6.960001 -1.000000 3.945000
v -6.960001 -1.000000 2.228000
v -6.960001 -1.000000 2.305000
v -6.960001 3.000000 3.178000
v -6.960001 3.000000 2.305000
v -6.960001 0.010000 1.818000
v -6.000001 0.010000 3.845000
v -6.000001 2.535000 7.945001
v -6.000001 2.730000 3.178000
v -6.000001 2.730000 4.818001
v -6.000001 0.910000 2.305000
v -6.000001 0.010000 3.262999
v -6.000001 0.010000 3.545000
v -6.000001 0.010000 4.818000
v -6.000001 0.010000 6.263000
v -6.000001 2.535000 2.305000
v -6.000001 2.730000 3.263000
v -6.000001 0.010000 7.945000
v -6.000001 2.730000 6.263001
v -6.000001 2.333000 2.305000
v -4.960001 -1.000000 3.945000
v -4.960001 3.000000 3.945000
v -4.960001 3.000000 -0.800000
v -4.960001 -1.000000 2.305000
v -4.960001 3.000000 3.178000
v -4.960001 -1.000000 -0.800000
v -4.960001 -1.000000 3.178000
v -4.960001 3.000000 3.263000
v -4.960001 -1.000000 3.263000
v -4.960001 3.000000 3.545000
v -4.960001 -1.000000 3.545000
v -4.960001 -1.000000 1.818000
v -4.960001 3.000000 1.818000
v -4.960001 -1.000000 6.263000
v -4.960001 -1.000000 4.818000
v -4.960001 3.000000 2.228000
v -4.960001 -1.000000 2.228000
v -4.960001 3.000000 2.305000
v -4.960001 3.000000 6.263000
v -4.960001 3.000000 4.818000
v -2.960000 3.000000 2.228000
v -2.960000 -1.000000 2.228000
v -2.960000 3.000000 2.305000
v -2.960000 3.000000 6.263000
v -2.960000 3.000000 4.818000
v -2.960000 -1.000000 3.945000
v -2.960000 3.000000 3.945000
v -2.960000 3.000000 -0.800000
v -2.960000 -1.000000 2.305000
v -2.960000 3.000000 3.178000
v -2.960000 -1.000000 -0.800000
v -2.960000 -1.000000 3.178000
v -2.960000 3.000000 3.263000
v -2.960000 -1.000000 3.263000
v -2.960000 3.000000 3.545000
v -2.960000 -1.000000 3.545000
v -2.960000 -1.000000 1.818000
v -2.960000 3.000000 1.818000
v -2.960000 -1.000000 6.263000
v -2.960000 -1.000000 4.818000
v -2.560000 3.000000 2.228000
v -2.560000 -1.000000 2.228000
v -2.560000 3.000000 2.305000
v -2.560000 3.000000 6.263000
v -2.560000 3.000000 4.818000
v -2.560000 -1.000000 3.945000
v -2.560000 3.000000 3.945000
v -2.560000 3.000000 -0.800000
v -2.560000 -1.000000 2.305000
v -2.560000 3.000000 3.178000
v -2.560000 -1.000000 -0.800000
v -2.560000 -1.000000 3.178000
v -2.560000 3.000000 3.263000
v -2.560000 -1.000000 3.263000
v -2.560000 3.000000 3.545000
v -2.560000 -1.000000 3.545000
v -2.560000 -1.000000 1.818000
v -2.560000 3.000000 1.818000
v -2.560000 -1.000000 6.263000
v -2.560000 -1.000000 4.818000
v -2.760001 -1.000000 3.945000
v -2.760001 3.000000 3.945000
v -2.760001 3.000000 -0.800000
v -2.760001 -1.000000 2.305000
v -2.760001 3.000000 3.178000
v -2.760001 -1.000000 -0.800000
v -2.760001 -1.000000 3.178000
v -2.760001 3.000000 3.263000
v -2.760001 -1.000000 3.263000
v -2.760001 3.000000 3.545000
v -2.760001 -1.000000 3.545000
v -2.760001 -1.000000 1.818000
v -2.760001 3.000000 1.818000
v -2.760001 -1.000000 6.263000
v -2.760001 -1.000000 4.818000
v -2.760001 3.000000 2.228000
v -2.760001 -1.000000 2.228000
v -2.760001 3.000000 2.305000
v -2.760001 3.000000 6.263000
v -2.760001 3.000000 4.818000
v -2.760000 2.535000 3.845000
v -2.760000 2.535000 3.545000
v -6.000000 0.910000 -1.800000
v -6.000000 2.333000 -1.800000
v -6.000000 0.010000 -1.800000
v -2.260000 3.000000 -1.800000
v -2.260000 -1.000000 -1.800000
v -4.960001 3.000000 -1.800000
v -4.960001 -1.000000 -1.800000
v -2.960000 3.000000 -1.800000
v -2.960000 -1.000000 -1.800000
v -2.560000 3.000000 -1.800000
v -2.560000 -1.000000 -1.800000
v -2.760001 3.000000 -1.800000
v -2.760001 -1.000000 -1.800000
v 0.400000 0.010000 -2.000000
v -6.000000 0.910000 -2.000000
v 0.400000 0.910000 -2.000000
v 0.400000 2.333000 -2.000000
v -6.000000 2.333000 -2.000000
v -6.000000 0.010000 -2.000000
v -2.260000 3.000000 -2.000000
v -2.260000 -1.000000 -2.000000
v -4.960001 3.000000 -2.000000
v -4.960001 -1.000000 -2.000000
v -2.960000 3.000000 -2.000000
v -2.960000 -1.000000 -2.000000
v -2.560000 3.000000 -2.000000
v -2.560000 -1.000000 -2.000000
v -2.760001 3.000000 -2.000000
v -2.760001 -1.000000 -2.000000
v -2.260000 0.010000 -2.400000
v -2.260000 0.910000 -2.400000
v -2.260000 2.333000 -2.400000
v -2.560000 0.010000 -2.400000
v -2.560000 0.910000 -2.400000
v -2.560000 2.333000 -2.400000
v -2.760000 0.010000 -2.400000
v -2.760000 0.910000 -2.400000
v -2.760000 2.333000 -2.400000
v -2.960000 0.010000 -2.400000
v -2.960000 0.910000 -2.400000
v -2.960000 2.333000 -2.400000
v -4.960000 2.333000 -1.800000
v -4.960000 0.010000 -2.400000
v -4.960000 0.910000 -2.400000
v -4.960000 2.333000 -2.400000
v -4.960000 0.910000 -1.800000
v -4.960000 2.535000 -1.800000
v 0.000000 2.535000 -0.800000
v 0.000000 2.535000 -1.800000
v -4.960000 2.535000 -0.800000
v -4.960000 0.910000 -0.800000
v -4.960000 2.333000 -0.800000
v -0.001000 0.010000 3.179000
v 0.000000 0.011000 3.177000
v -0.001000 0.009000 3.178000
v -2.759000 0.010000 0.000000
v -2.760000 0.010000 0.001000
v 0.000000 0.010000 0.001000
v -0.001000 0.010000 0.000000
v -2.960000 0.011000 0.178000
v -2.961000 0.010000 0.178000
v -4.959000 0.010000 0.178000
v -4.960000 0.011000 0.178000
v -2.759000 0.010000 1.525000
v -2.760000 0.010000 1.526000
v -2.760000 0.010000 1.244000
v -2.759000 0.010000 1.245000
v -2.560000 0.010000 1.524000
v -2.561000 0.010000 1.525000
v -2.561000 0.010000 1.245000
v -2.560000 0.010000 1.246000
v -2.260000 0.009000 1.525000
v -2.259000 0.010000 1.525000
v -2.259000 0.010000 1.245000
v -2.260000 0.009000 1.245000
v -0.499000 0.009000 3.178000
v -0.500000 0.009000 3.177000
v -0.501000 0.010000 3.179000
v -0.501000 0.010000 1.525000
v -0.500000 0.009000 1.525000
v -0.500000 0.009000 1.245000
v -0.501000 0.010000 1.245000
v -2.260000 0.009000 0.501000
v -2.259000 0.010000 0.501000
v -2.259000 0.009000 0.500000
v -0.501000 0.009000 0.500000
v -0.501000 0.010000 0.501000
v -0.500000 0.009000 0.501000
v -2.760000 0.001000 1.526000
v -2.759000 0.000000 1.526000
v -2.759000 0.001000 1.525000
v -2.261000 0.009000 2.228000
v -2.259000 0.010000 2.229000
v -2.260000 0.009000 2.227000
v -0.499000 0.000000 3.177000
v -0.500000 0.001000 3.177000
v -0.499000 0.001000 3.178000
v -0.001000 0.000000 3.177000
v -0.001000 0.001000 3.178000
v 0.000000 0.001000 3.177000
v -0.001000 0.000000 0.500000
v 0.000000 0.001000 0.500000
v 0.000000 0.001000 0.001000
v -0.001000 0.001000 0.000000
v -0.001000 0.000000 0.001000
v -2.560000 0.000000 0.001000
v -2.560000 0.001000 0.000000
v -2.759000 0.001000 0.000000
v -2.760000 0.001000 0.001000
v -2.759000 0.000000 0.001000
v -2.560000 0.010000 2.229000
v -2.560000 0.009000 2.228000
v -2.759000 0.010000 2.229000
v -2.759000 0.009000 2.228000
v -2.760000 0.011000 2.227000
v 0.000000 0.001000 1.525000
v -0.001000 0.000000 1.525000
v -2.561000 0.001000 1.525000
v -2.559000 0.000000 1.526000
v -2.560000 0.001000 1.524000
v 0.000000 0.001000 1.245000
v -0.001000 0.000000 1.245000
v -2.759000 0.000000 0.500000
v -2.760000 0.001000 0.500000
v -2.760000 0.001000 1.244000
v -2.759000 0.001000 1.245000
v -2.759000 0.000000 1.244000
v -2.561000 0.001000 1.245000
v -2.560000 0.001000 1.246000
v -2.559000 0.000000 1.244000
v -2.260000 0.000000 0.001000
v -2.260000 0.001000 0.000000
v -2.261000 0.000000 1.525000
v -2.260000 0.001000 1.525000
v -2.260000 0.001000 1.245000
v -2.261000 0.000000 1.245000
v -0.500000 0.000000 0.001000
v -0.500000 0.001000 0.000000
v -2.259000 0.001000 0.500000
v -2.261000 0.000000 0.499000
v -2.260000 0.001000 0.501000
v -0.500000 0.001000 1.525000
v -0.499000 0.000000 1.525000
v -0.499000 0.000000 1.245000
v -0.500000 0.001000 1.245000
v -0.501000 0.001000 0.500000
v -0.500000 0.001000 0.501000
v -0.499000 0.000000 0.499000
v -2.759000 2.730000 0.001000
v -2.760000 2.729000 0.001000
v -2.759000 2.729000 0.000000
v -2.760000 2.729000 1.526000
v -2.759000 2.729000 1.525000
v -2.759000 2.730000 1.526000
v 0.000000 2.729000 1.526000
v -0.001000 2.730000 1.526000
v -0.001000 2.729000 1.525000
v -2.560000 2.534000 1.524000
v -2.559000 2.535000 1.524000
v -2.561000 2.536000 1.525000
v -2.560000 2.534000 1.246000
v -2.561000 2.536000 1.245000
v -2.559000 2.535000 1.246000
v -0.500000 2.729000 0.000000
v -0.500000 2.730000 0.001000
v -2.759000 2.730000 0.500000
v -2.760000 2.729000 0.500000
v -0.001000 2.535000 0.000000
v 0.000000 2.535000 0.001000
v -0.001000 2.536000 1.525000
v -0.001000 2.535000 1.524000
v 0.000000 2.534000 1.526000
v -2.760000 2.535000 0.001000
v -2.759000 2.535000 0.000000
v -2.760000 2.535000 1.526000
v -2.759000 2.535000 1.525000
v -0.001000 2.535000 1.246000
v -0.001000 2.536000 1.245000
v 0.000000 2.534000 1.244000
v -2.560000 2.729000 1.525000
v -2.560000 2.730000 1.526000
v -2.759000 2.535000 1.245000
v -2.760000 2.535000 1.244000
v -2.560000 2.729000 1.245000
v -2.560000 2.730000 1.244000
v -0.001000 2.729000 1.245000
v -0.001000 2.730000 1.244000
v 0.000000 2.729000 1.244000
v -2.759000 2.730000 1.244000
v -2.759000 2.729000 1.245000
v -2.760000 2.729000 1.244000
v -2.560000 2.729000 0.000000
v -2.560000 2.730000 0.001000
v -2.260000 2.536000 1.245000
v -2.260000 2.535000 1.246000
v -2.260000 2.535000 1.524000
v -2.260000 2.536000 1.525000
v -2.260000 2.730000 1.244000
v -2.260000 2.729000 1.245000
v -2.260000 2.729000 1.525000
v -2.260000 2.730000 1.526000
v -2.260000 2.729000 0.000000
v -2.260000 2.730000 0.001000
v -0.500000 2.536000 1.525000
v -0.500000 2.535000 1.524000
v -0.500000 2.730000 1.526000
v -0.500000 2.729000 1.525000
v -0.500000 2.536000 1.245000
v -0.500000 2.535000 1.246000
v 0.000000 2.729000 3.178000
v -0.001000 2.730000 3.178000
v -0.500000 2.730000 1.244000
v -0.500000 2.729000 1.245000
v 0.000000 2.729000 0.001000
v -0.001000 2.730000 0.001000
v -0.001000 2.729000 0.000000
v 0.000000 2.729000 0.500000
v -0.001000 2.730000 0.500000
v -2.961000 2.730000 0.178000
v -2.960000 2.729000 0.178000
v -4.960000 2.729000 0.178000
v -4.959000 2.730000 0.178000
v 0.000000 0.910000 0.001000
v -0.001000 0.910000 0.000000
v -2.560000 0.910000 1.524000
v -2.561000 0.910000 1.525000
v -2.561000 0.910000 1.245000
v -2.560000 0.910000 1.246000
v -2.759000 0.910000 0.000000
v -2.760000 0.910000 0.001000
v -2.759000 0.910000 1.525000
v -2.760000 0.910000 1.526000
v -2.759000 0.910000 1.245000
v -2.760000 0.910000 1.244000
v 0.001000 0.910000 3.178000
v 0.000000 0.909000 3.178000
v -2.760000 2.333000 1.244000
v -2.759000 2.333000 1.245000
v -2.560000 2.333000 1.246000
v -2.561000 2.333000 1.245000
v -2.561000 2.333000 1.525000
v -2.560000 2.333000 1.524000
v 0.000000 2.334000 3.178000
v 0.001000 2.333000 3.178000
v -2.759000 2.333000 1.525000
v -2.760000 2.333000 1.526000
v -2.759000 2.333000 0.000000
v -2.760000 2.333000 0.001000
v 0.000000 2.333000 0.001000
v -0.001000 2.333000 0.000000
v -2.260000 0.009000 1.818000
v -2.259000 0.010000 1.818000
v -0.501000 0.010000 1.818000
v -0.500000 0.009000 1.818000
v -2.760000 0.001000 1.818000
v -2.759000 0.000000 1.818000
v -0.001000 0.000000 1.818000
v 0.000000 0.001000 1.818000
v -2.261000 0.000000 1.818000
v -2.260000 0.001000 1.818000
v -0.500000 0.001000 1.818000
v -0.499000 0.000000 1.818000
v -2.759000 2.730000 1.818000
v -2.760000 2.729000 1.818000
v 0.000000 2.729000 1.818000
v -0.001000 2.730000 1.818000
v 0.001000 0.910000 1.819000
v 0.001000 0.911000 1.818000
v 0.000000 0.909000 1.817000
v 0.001000 2.333000 1.819000
v 0.000000 2.334000 1.817000
v 0.001000 2.332000 1.818000
v -0.001000 0.010000 3.262999
v 0.000000 0.011000 3.262999
v 0.000000 2.729000 3.263000
v -0.001000 2.730000 3.263000
v 0.001000 0.910000 3.261999
v 0.000000 0.909000 3.263999
v 0.001000 0.911000 3.262999
v 0.001000 2.333000 3.261999
v 0.001000 2.332000 3.262999
v 0.000000 2.334000 3.263999
v 0.399000 0.910000 3.178000
v 0.400000 0.909000 3.178000
v 0.399000 2.333000 3.178000
v 0.400000 2.334000 3.178000
v 0.400000 0.909000 1.817000
v 0.399000 0.911000 1.818000
v 0.399000 0.910000 1.819000
v 0.399000 2.333000 1.819000
v 0.399000 2.332000 1.818000
v 0.400000 2.334000 1.817000
v 0.400000 2.334000 3.263999
v 0.399000 2.332000 3.262999
v 0.399000 2.333000 3.261999
v -2.760000 0.001000 2.227000
v -2.759000 0.001000 2.228000
v -2.759000 0.000000 2.227000
v -2.759000 2.730000 2.228000
v -2.760000 2.729000 2.228000
v 0.000000 2.729000 2.228000
v -0.001000 2.730000 2.228000
v -0.501000 0.010000 2.228000
v -0.500000 0.009000 2.228000
v -0.001000 0.000000 2.228000
v 0.000000 0.001000 2.228000
v -2.560000 0.001000 2.228000
v -2.560000 0.000000 2.227000
v -2.260000 0.001000 2.227000
v -2.261000 0.000000 2.227000
v -2.261000 0.001000 2.228000
v -0.500000 0.001000 2.228000
v -0.499000 0.000000 2.228000
v 0.000000 0.909000 2.228000
v 0.001000 0.910000 2.228000
v 0.001000 2.333000 2.228000
v 0.000000 2.334000 2.228000
v 0.399000 0.910000 2.228000
v 0.400000 0.909000 2.228000
v 0.400000 2.334000 2.228000
v 0.399000 2.333000 2.228000
v -2.760000 0.011000 2.304001
v -2.761000 0.011000 2.305001
v -2.759000 0.010000 2.306001
v -2.761000 2.729000 2.305000
v -2.760000 2.729000 2.304000
v -2.759000 2.730000 2.306000
v -2.760000 2.535000 2.304000
v -2.761000 2.535000 2.305000
v -0.001000 2.730000 2.305001
v 0.000000 2.729000 2.305001
v -2.761000 0.910000 2.305000
v -2.760000 0.910000 2.304000
v -2.760000 2.333000 2.304000
v -2.761000 2.333000 2.305000
v -0.501000 0.010000 2.305000
v -0.500000 0.009000 2.305000
v -0.001000 0.000000 2.305000
v 0.000000 0.001000 2.305000
v -0.500000 0.001000 2.305000
v -0.499000 0.000000 2.305000
v 0.000000 0.909000 2.305000
v 0.001000 0.910000 2.305000
v 0.001000 2.333000 2.305000
v 0.000000 2.334000 2.305000
v 0.399000 0.910000 2.305000
v 0.400000 0.909000 2.305000
v 0.400000 2.334000 2.305000
v 0.399000 2.333000 2.305000
v -2.959000 0.011000 2.305000
v -2.960000 0.011000 2.304000
v -2.961000 0.010000 2.306000
v -2.960000 2.535000 2.304000
v -2.959000 2.535000 2.305000
v -2.961000 2.730000 2.306000
v -2.960000 2.729000 2.304000
v -2.959000 2.729000 2.305000
v -2.959000 0.910000 2.305000
v -2.960000 0.910000 2.304000
v -2.959000 2.333000 2.305000
v -2.960000 2.333000 2.304000
v -4.959000 2.730000 2.306000
v -4.961000 2.729000 2.305000
v -4.960000 2.729000 2.304000
v -4.960000 2.535000 2.304000
v -4.961000 2.535000 2.305000
v -4.960000 0.011000 2.304000
v -4.961000 0.011000 2.305000
v -4.959000 0.010000 2.306000
v -4.961000 0.910000 2.305000
v -4.960000 0.910000 2.304000
v -4.960000 2.333000 2.304000
v -4.961000 2.333000 2.305000
v 0.399000 3.000000 3.178000
v 0.400000 2.999000 3.178000
v 0.400000 2.999000 -0.800000
v 0.399000 3.000000 -0.800000
v 0.400000 2.999000 2.228000
v 0.399000 3.000000 2.228000
v 0.399000 3.000000 2.305000
v 0.400000 2.999000 2.305000
v 0.400000 -0.999000 3.178000
v 0.399000 -1.000000 3.178000
v 0.399000 -1.000000 -0.800000
v 0.400000 -0.999000 -0.800000
v 0.399000 -1.000000 2.228000
v 0.400000 -0.999000 2.228000
v 0.400000 -0.999000 2.305000
v 0.399000 -1.000000 2.305000
v -5.999001 3.000000 -0.800000
v -6.000000 2.999000 -0.800000
v -6.000000 -0.999000 -0.800000
v -5.999001 -1.000000 -0.800000
v -2.760000 0.011000 3.545000
v -2.760000 0.010000 3.544000
v -2.959000 0.011000 3.545000
v -2.961000 0.010000 3.544000
v -2.960000 0.011000 3.546000
v -2.561000 0.011000 3.545000
v -2.560000 0.011000 3.546000
v -2.559000 0.010000 3.544000
v -2.560000 2.729000 3.545000
v -2.560000 2.730000 3.544000
v -0.001000 0.010000 3.545000
v 0.000000 0.011000 3.545000
v -0.001000 2.729000 3.545000
v -0.001000 2.730000 3.544000
v 0.000000 2.729000 3.544000
v -0.500000 2.730000 3.544000
v -0.500000 2.729000 3.545000
v -2.260000 2.729000 3.545000
v -2.260000 2.730000 3.544000
v -2.760000 2.730000 3.544000
v -2.760000 2.729000 3.545000
v -2.960000 2.730000 3.544000
v -2.960000 2.729000 3.545000
v -4.960000 2.729000 3.545000
v -4.960000 2.730000 3.544000
v -2.760000 0.010000 3.846000
v -2.760000 0.011000 3.845000
v -2.959000 0.011000 3.845000
v -2.960000 0.011000 3.844000
v -2.961000 0.010000 3.846000
v -2.561000 0.011000 3.845000
v -2.559000 0.010000 3.846000
v -2.560000 0.011000 3.844000
v -2.560000 2.730000 3.846000
v -2.560000 2.729000 3.845001
v -0.001000 0.010000 3.845000
v 0.000000 0.011000 3.845000
v -0.001000 2.729000 3.845001
v 0.000000 2.729000 3.846000
v -0.001000 2.730000 3.846000
v -0.500000 2.729000 3.845001
v -0.500000 2.730000 3.846000
v -2.260000 2.730000 3.846000
v -2.260000 2.729000 3.845001
v -2.760000 2.729000 3.845001
v -2.760000 2.730000 3.846000
v -2.960000 2.729000 3.845001
v -2.960000 2.730000 3.846000
v -4.960000 2.730000 3.846000
v -4.960000 2.729000 3.845001
v 0.399000 0.910000 3.262000
v 0.399000 0.911000 3.263000
v 0.400000 0.909000 3.264000
v 0.399000 3.000000 3.263000
v 0.400000 2.999000 3.263000
v 0.400000 -0.999000 3.263000
v 0.399000 -1.000000 3.263000
v 0.399000 3.000000 3.545000
v 0.400000 2.999000 3.545000
v 0.400000 -0.999000 3.545000
v 0.399000 -1.000000 3.545000
v 0.399000 3.000000 3.945000
v 0.400000 2.999000 3.945000
v 0.400000 -0.999000 3.945000
v 0.399000 -1.000000 3.945000
v 0.399000 2.333000 8.344999
v 0.400000 2.333000 8.343999
v -0.500000 0.010000 7.944000
v -0.500000 0.011000 7.945000
v 0.000000 0.011000 7.944000
v -0.001000 0.010000 7.944000
v -0.001000 0.011000 7.945000
v -0.001000 2.535000 7.945000
v 0.000000 2.535000 7.944000
v -0.001000 2.729000 7.945001
v -0.001000 2.730000 7.944001
v 0.000000 2.729000 7.944001
v -2.960000 2.730000 7.944001
v -2.960000 2.729000 7.945001
v -4.960000 2.729000 7.945001
v -4.960000 2.730000 7.944001
v 0.399000 0.011000 -0.800000
v 0.400000 0.009000 -0.799000
v 0.399000 0.010000 -0.801000
v 0.000000 0.910000 7.944000
v -0.001000 0.910000 7.945000
v 0.000000 2.333000 7.944000
v -0.001000 2.333000 7.945000
v -4.960000 2.333000 7.946001
v -4.960000 2.334000 7.945001
v 0.400000 0.910000 8.343999
v 0.399000 0.910000 8.344999
v 0.399000 2.999000 8.344999
v 0.400000 2.999000 8.343999
v 0.399000 3.000000 8.343999
v 0.399000 -0.999000 8.344999
v 0.399000 -1.000000 8.343999
v 0.400000 -0.999000 8.343999
v -6.000000 3.000000 8.343999
v -6.000000 2.999000 8.344999
v -6.000000 -0.999000 8.344999
v -6.000000 -1.000000 8.343999
v -0.500000 2.729000 7.945001
v -0.500000 2.730000 7.944001
v -2.260000 0.011000 7.946000
v -2.259000 0.011000 7.945000
v -2.261000 0.010000 7.944000
v -2.260000 2.729000 7.945001
v -2.260000 2.730000 7.944001
v -2.259000 0.910000 7.945000
v -2.260000 0.910000 7.946000
v -2.260000 2.332000 7.946000
v -2.261000 2.333000 7.946000
v -2.259000 2.334000 7.945000
v -2.960000 2.334000 7.945000
v -2.960000 2.333000 7.946000
v -2.760000 2.729000 7.945001
v -2.760000 2.730000 7.944001
v -2.760000 2.334000 7.945000
v -2.760000 2.333000 7.946000
v 0.400000 0.910000 -0.799000
v 0.399000 0.910000 -0.800000
v -2.560000 2.729000 7.945001
v -2.560000 2.730000 7.944001
v -2.560000 2.333000 7.946000
v -2.560000 2.334000 7.945000
v 0.399000 3.000000 1.818000
v 0.400000 2.999000 1.818000
v 0.400000 -0.999000 1.818000
v 0.399000 -1.000000 1.818000
v -6.000000 2.999000 1.817000
v -6.001000 2.999000 1.818000
v -5.999001 3.000000 1.819000
v -5.999001 -1.000000 1.819000
v -6.001000 -0.999000 1.818000
v -6.000000 -0.999000 1.817000
v -6.001000 0.910000 1.818000
v -6.000000 0.910000 1.817000
v 0.399000 2.332000 -0.800000
v 0.399000 2.333000 -0.801000
v 0.400000 2.334000 -0.799000
v -6.000000 2.334000 8.344999
v -6.000000 2.333000 8.343999
v -6.000000 2.333000 1.817000
v -6.001000 2.333000 1.818000
v 0.400000 0.909000 6.264000
v 0.399000 0.910000 6.262001
v 0.399000 0.911000 6.263000
v 0.001000 0.910000 4.819000
v 0.001000 0.911000 4.818000
v 0.000000 0.909000 4.817000
v 0.001000 2.332000 4.818000
v 0.001000 2.333000 4.819000
v 0.000000 2.334000 4.817000
v 0.000000 2.729000 4.818001
v -0.001000 2.730000 4.818001
v -0.001000 0.010000 4.818000
v 0.000000 0.011000 4.818000
v 0.001000 0.911000 6.263000
v 0.001000 0.910000 6.262001
v 0.000000 0.909000 6.264000
v -0.001000 2.730000 6.263001
v 0.000000 2.729000 6.263001
v 0.000000 0.011000 6.263000
v -0.001000 0.010000 6.263000
v 0.001000 2.332000 6.263000
v 0.000000 2.334000 6.264000
v 0.001000 2.333000 6.262001
v 0.399000 -1.000000 6.263000
v 0.400000 -0.999000 6.263000
v 0.400000 2.999000 6.263000
v 0.399000 3.000000 6.263000
v 0.399000 2.332000 6.263000
v 0.399000 2.333000 6.262000
v 0.400000 2.334000 6.264000
v 0.400000 -0.999000 4.818000
v 0.399000 -1.000000 4.818000
v 0.399000 3.000000 4.818000
v 0.400000 2.999000 4.818000
v 0.399000 2.332000 4.818000
v 0.400000 2.334000 4.817000
v 0.399000 2.333000 4.819000
v 0.400000 0.909000 4.817000
v 0.399000 0.911000 4.818000
v 0.399000 0.910000 4.819000
v -8.959000 0.010000 3.178000
v -8.960000 0.011000 3.178000
v -8.959000 2.730000 3.263000
v -8.960000 2.729000 3.263000
v -8.960000 2.729000 3.178000
v -8.959000 2.730000 3.178000
v -8.960000 0.910000 2.306000
v -8.959000 0.910000 2.305000
v -8.959000 2.333000 2.305000
v -8.960000 2.333000 2.306000
v -8.960000 0.011000 3.262999
v -8.959000 0.010000 3.262999
v -9.999000 -1.000000 3.945000
v -10.000000 -0.999000 3.945000
v -8.959000 2.729000 2.305000
v -8.959000 2.730000 2.306000
v -8.960000 2.729000 2.306000
v -8.959000 2.535000 2.305000
v -8.960000 2.535000 2.306000
v -8.959000 0.010000 2.306000
v -8.959000 0.011000 2.305000
v -8.960000 0.011000 2.306000
v -10.000000 2.999000 2.305000
v -9.999000 3.000000 2.305000
v -9.999000 3.000000 2.228000
v -10.000000 2.999000 2.228000
v -10.000000 2.999000 3.178000
v -9.999000 3.000000 3.178000
v -9.999000 -1.000000 2.305000
v -10.000000 -0.999000 2.305000
v -10.000000 -0.999000 2.228000
v -9.999000 -1.000000 2.228000
v -9.999000 -1.000000 3.178000
v -10.000000 -0.999000 3.178000
v -8.960000 0.011000 3.545000
v -8.959000 0.010000 3.545000
v -8.959000 2.536000 3.545000
v -8.959000 2.535000 3.546000
v -8.960000 2.534000 3.544000
v -8.959000 2.729000 3.545000
v -8.960000 2.729000 3.544000
v -8.959000 2.730000 3.544000
v -8.960000 0.011000 3.845000
v -8.959000 0.010000 3.845000
v -8.959000 2.536000 3.845001
v -8.960000 2.534000 3.846000
v -8.959000 2.535000 3.844001
v -8.959000 2.730000 3.846000
v -8.960000 2.729000 3.846000
v -8.959000 2.729000 3.845001
v -9.999000 -1.000000 3.263000
v -10.000000 -0.999000 3.263000
v -10.000000 2.999000 3.263000
v -9.999000 3.000000 3.263000
v -9.999000 -1.000000 3.545000
v -10.000000 -0.999000 3.545000
v -10.000000 2.999000 3.545000
v -9.999000 3.000000 3.545000
v -10.000000 2.999000 3.945000
v -9.999000 3.000000 3.945000
v -10.000000 0.910000 8.343999
v -9.999000 0.910000 8.344999
v -9.999000 -1.000000 8.343999
v -9.999000 -0.999000 8.344999
v -10.000000 -0.999000 8.343999
v -8.960000 2.333000 7.944001
v -8.959000 2.333000 7.945001
v -8.959000 0.910000 7.945001
v -8.960000 0.910000 7.944001
v -8.959000 0.010000 7.944000
v -8.960000 0.011000 7.944000
v -8.959000 0.011000 7.945000
v -8.960000 2.535000 7.944001
v -8.959000 2.535000 7.945001
v -8.959000 2.729000 7.945001
v -8.960000 2.729000 7.944001
v -8.959000 2.730000 7.944001
v -10.000000 -0.999000 6.263000
v -9.999000 -1.000000 6.263000
v -10.000000 2.999000 4.818000
v -9.999000 3.000000 4.818000
v -8.959000 0.010000 6.263000
v -8.960000 0.011000 6.263000
v -8.960000 2.729000 6.263001
v -8.959000 2.730000 6.263001
v -10.000000 0.910000 1.819000
v -9.999000 0.910000 1.818000
v -9.999000 2.333000 8.344999
v -10.000000 2.333000 8.343999
v -9.999000 2.999000 1.818000
v -10.000000 2.999000 1.819000
v -9.999000 3.000000 1.819000
v -9.999000 -1.000000 1.819000
v -10.000000 -0.999000 1.819000
v -9.999000 -0.999000 1.818000
v -9.999000 2.333000 1.818000
v -10.000000 2.333000 1.819000
v -9.999000 3.000000 8.343999
v -10.000000 2.999000 8.343999
v -9.999000 2.999000 8.344999
v -8.960000 0.011000 4.818000
v -8.959000 0.010000 4.818000
v -8.959000 2.730000 4.818001
v -8.960000 2.729000 4.818001
v -10.000000 -0.999000 4.818000
v -9.999000 -1.000000 4.818000
v -9.999000 3.000000 6.263000
v -10.000000 2.999000 6.263000
v -6.960000 2.729000 7.945001
v -6.960000 2.730000 7.944001
v -6.960000 2.729000 2.305000
v -6.960000 2.730000 2.306000
v -6.959000 2.333000 7.946001
v -6.960000 2.332000 7.946001
v -6.961000 2.334000 7.945001
v -6.960000 2.730000 3.544000
v -6.960000 2.729000 3.545000
v -6.960000 2.729000 3.845001
v -6.960000 2.730000 3.846000
v -6.961000 0.910000 7.945001
v -6.960000 0.910000 7.946001
v -6.961000 0.011000 7.945000
v -6.960000 0.011000 7.946000
v -6.959000 0.010000 7.944000
v -6.960000 0.010000 2.306000
v -6.960000 0.011000 2.305000
v -6.000000 0.009000 8.344999
v -6.000000 0.010000 8.343999
v 0.399000 0.010000 8.344999
v 0.400000 0.010000 8.343999
v -6.001000 0.010000 1.818000
v -6.000000 0.010000 1.817000
v -9.999000 0.010000 8.344999
v -10.000000 0.010000 8.343999
v -9.999000 0.010000 1.818000
v -10.000000 0.010000 1.819000
v -2.260000 -0.999000 8.344999
v -2.260000 -1.000000 8.343999
v -2.260000 3.000000 8.343999
v -2.260000 2.999000 8.344999
v -2.260000 2.332000 8.343999
v -2.259000 2.334000 8.344999
v -2.261000 2.333000 8.343999
v -2.259000 0.910000 8.344999
v -2.260000 0.910000 8.343999
v -2.261000 0.010000 8.343999
v -2.259000 0.009000 8.344999
v -2.260000 0.011000 8.343999
v -6.960001 -1.000000 1.819000
v -6.960001 -0.999000 1.818000
v -6.960001 3.000000 1.819000
v -6.960001 2.999000 1.818000
v -6.960001 2.999000 8.344999
v -6.960001 3.000000 8.343999
v -6.961000 0.910000 8.344999
v -6.960001 0.910000 8.343999
v -6.959001 2.333000 8.343999
v -6.961000 2.334000 8.344999
v -6.960001 2.332000 8.343999
v -6.960001 -1.000000 8.343999
v -6.960001 -0.999000 8.344999
v -6.959001 0.010000 8.343999
v -6.960001 0.011000 8.343999
v -6.961000 0.009000 8.344999
v -6.000001 2.730000 7.944001
v -6.000001 2.729000 7.945001
v -6.000001 2.729000 3.545000
v -6.000001 2.730000 3.544000
v -6.000001 0.011000 2.305000
v -6.000001 0.010000 2.306000
v -6.000001 2.729000 2.305000
v -6.000001 2.730000 2.306000
v -6.000001 2.334000 7.945001
v -6.000001 2.333000 7.946001
v -6.000001 2.729000 3.845001
v -6.000001 2.730000 3.846000
v -4.960001 -1.000000 8.343999
v -4.960001 -0.999000 8.344999
v -4.960001 2.999000 8.344999
v -4.960001 3.000000 8.343999
v -4.960001 2.333000 8.343999
v -4.960001 2.334000 8.344999
v -4.960001 0.009000 8.344999
v -4.960001 0.010000 8.343999
v -2.960000 0.009000 8.344999
v -2.960000 0.010000 8.343999
v -2.960000 -1.000000 8.343999
v -2.960000 -0.999000 8.344999
v -2.960000 2.999000 8.344999
v -2.960000 3.000000 8.343999
v -2.960000 2.333000 8.343999
v -2.960000 2.334000 8.344999
v -2.560000 0.010000 8.343999
v -2.560000 0.009000 8.344999
v -2.560000 -0.999000 8.344999
v -2.560000 -1.000000 8.343999
v -2.560000 3.000000 8.343999
v -2.560000 2.999000 8.344999
v -2.560000 2.334000 8.344999
v -2.560000 2.333000 8.343999
v -0.001000 2.729000 -0.200000
v -0.001000 2.730000 -0.201000
v 0.000000 2.729000 -0.201000
v -2.760001 -1.000000 8.343999
v -2.760001 -0.999000 8.344999
v -2.760001 2.999000 8.344999
v -2.760001 3.000000 8.343999
v -2.760000 2.729000 -0.201000
v -2.759000 2.730000 -0.201000
v -2.759000 2.729000 -0.200000
v -2.759000 0.011000 -0.200000
v -2.759000 0.010000 -0.201000
v -2.760000 0.011000 -0.201000
v -2.760001 2.333000 8.343999
v -2.760001 2.334000 8.344999
v -0.001000 0.010000 -0.201000
v -0.001000 0.011000 -0.200000
v 0.000000 0.011000 -0.201000
v -2.760001 0.010000 8.343999
v -2.760001 0.009000 8.344999
v -2.961000 2.535000 3.546000
v -2.959000 2.536000 3.545000
v -2.960000 2.534000 3.546000
v -4.960000 2.535000 3.546000
v -4.960000 2.536000 3.545000
v -6.960000 2.535000 3.546000
v -6.960000 2.536000 3.545000
v -6.000001 2.535000 3.546000
v -6.000001 2.536000 3.545000
v -2.559000 2.535000 3.546000
v -2.560000 2.534000 3.546000
v -2.561000 2.536000 3.545000
v -0.001000 2.535000 3.546000
v -0.001000 2.536000 3.545000
v 0.000000 2.534000 3.544000
v -0.500000 2.536000 3.545000
v -0.500000 2.535000 3.546000
v -2.260000 2.535000 3.546000
v -2.260000 2.536000 3.545000
v -2.559000 2.535000 3.844001
v -2.561000 2.536000 3.845001
v -2.560000 2.534000 3.844001
v -0.001000 2.535000 3.844001
v 0.000000 2.534000 3.846000
v -0.001000 2.536000 3.845001
v -0.500000 2.535000 3.844001
v -0.500000 2.536000 3.845001
v -2.260000 2.536000 3.845001
v -2.260000 2.535000 3.844001
v -2.961000 2.535000 3.844001
v -2.960000 2.534000 3.844001
v -2.959000 2.536000 3.845001
v -4.960000 2.536000 3.845001
v -4.960000 2.535000 3.844001
v -6.960000 2.536000 3.845001
v -6.960000 2.535000 3.844001
v -6.000001 2.535000 3.844001
v -6.000001 2.536000 3.845001
v -2.760000 0.011000 -1.801000
v -2.761000 0.011000 -1.800000
v -2.759000 0.010000 -1.799000
v -2.761000 2.729000 -1.800000
v -2.760000 2.729000 -1.801000
v -2.759000 2.730000 -1.799000
v -2.761000 2.729000 -0.800000
v -2.759000 2.730000 -0.801000
v -2.760000 2.729000 -0.799000
v -2.760000 0.011000 -0.799000
v -2.759000 0.010000 -0.801000
v -2.761000 0.011000 -0.800000
v -0.001000 2.730000 -0.800000
v 0.000000 2.729000 -0.800000
v 0.000000 0.011000 -0.799000
v 0.001000 0.011000 -0.800000
v -0.001000 0.010000 -0.801000
v -0.001000 2.730000 -1.800000
v 0.000000 2.729000 -1.800000
v 0.001000 0.011000 -1.800000
v 0.000000 0.011000 -1.801000
v -0.001000 0.010000 -1.799000
v -2.759000 0.011000 -2.000000
v -2.760000 0.011000 -1.999000
v -2.759000 0.010000 -1.999000
v -2.759000 2.730000 -1.999000
v -2.760000 2.729000 -1.999000
v -2.759000 2.729000 -2.000000
v -0.001000 2.729000 -2.000000
v 0.000000 2.729000 -1.999000
v -0.001000 2.730000 -1.999000
v 0.000000 0.011000 -1.999000
v -0.001000 0.011000 -2.000000
v -0.001000 0.010000 -1.999000
v 0.400000 2.999000 -1.800000
v 0.399000 3.000000 -1.800000
v 0.399000 -1.000000 -1.800000
v 0.400000 -0.999000 -1.800000
v -5.999001 3.000000 -1.800000
v -6.000000 2.999000 -1.800000
v -6.000000 -0.999000 -1.800000
v -5.999001 -1.000000 -1.800000
v 0.399000 0.011000 -1.800000
v 0.399000 0.010000 -1.799000
v 0.400000 0.009000 -1.801000
v 0.399000 0.910000 -1.800000
v 0.400000 0.910000 -1.801000
v 0.399000 2.332000 -1.800000
v 0.400000 2.334000 -1.801000
v 0.399000 2.333000 -1.799000
v 0.400000 2.999000 -2.000000
v 0.399000 3.000000 -2.000000
v 0.399000 -1.000000 -2.000000
v 0.400000 -0.999000 -2.000000
v -5.999001 3.000000 -2.000000
v -6.000000 2.999000 -2.000000
v -6.000000 -0.999000 -2.000000
v -5.999001 -1.000000 -2.000000
v 0.400000 2.999000 -2.399000
v 0.399000 2.999000 -2.400000
v 0.399000 3.000000 -2.399000
v 0.399000 -0.999000 -2.400000
v 0.400000 -0.999000 -2.399000
v 0.399000 -1.000000 -2.399000
v -5.999001 3.000000 -2.399000
v -5.999001 2.999000 -2.400000
v -6.000000 2.999000 -2.399000
v -6.000000 -0.999000 -2.399000
v -5.999001 -0.999000 -2.400000
v -5.999001 -1.000000 -2.399000
v 0.399000 0.010000 -2.400000
v 0.400000 0.010000 -2.399000
v 0.400000 0.910000 -2.399000
v 0.399000 0.910000 -2.400000
v 0.399000 2.333000 -2.400000
v 0.400000 2.333000 -2.399000
v -5.999001 2.333000 -2.400000
v -6.000000 2.333000 -2.399000
v -6.000000 0.010000 -2.399000
v -5.999001 0.010000 -2.400000
v -2.260000 2.999000 -2.400000
v -2.260000 3.000000 -2.399000
v -4.960001 3.000000 -2.399000
v -4.960001 2.999000 -2.400000
v -4.960001 -0.999000 -2.400000
v -4.960001 -1.000000 -2.399000
v -2.961000 0.910000 -2.000000
v -2.960000 0.910000 -1.999000
v -2.960000 -0.999000 -2.400000
v -2.960000 -1.000000 -2.399000
v -2.560000 2.999000 -2.400000
v -2.560000 3.000000 -2.399000
v -2.961000 2.729000 -2.000000
v -2.960000 2.729000 -1.999000
v -2.961000 2.730000 -1.999000
v -2.760001 2.999000 -2.400000
v -2.760001 3.000000 -2.399000
v -2.760001 -0.999000 -2.400000
v -2.760001 -1.000000 -2.399000
v -2.960000 0.011000 -1.999000
v -2.961000 0.011000 -2.000000
v -2.961000 0.010000 -1.999000
v -2.260000 -1.000000 -2.399000
v -2.260000 -0.999000 -2.400000
v -4.959000 0.010000 -1.999000
v -4.959000 0.011000 -2.000000
v -4.960000 0.011000 -1.999000
v -2.560000 -1.000000 -2.399000
v -2.560000 -0.999000 -2.400000
v -4.960000 2.535000 -1.999000
v -4.959000 2.535000 -2.000000
v -4.959000 2.730000 -1.999000
v -4.960000 2.729000 -1.999000
v -4.959000 2.729000 -2.000000
v -2.960000 3.000000 -2.399000
v -2.960000 2.999000 -2.400000
v -4.959000 0.910000 -2.000000
v -4.960000 0.910000 -1.999000
v -4.959000 2.333000 -2.000000
v -4.960000 2.333000 -1.999000
v -4.959000 2.730000 -1.800000
v -4.960000 2.729000 -1.800000
v -5.999000 0.910000 -2.400000
v -6.000000 0.910000 -2.399000
v -4.960000 0.011000 -1.800000
v -4.959000 0.010000 -1.800000
v -2.760000 0.910000 -0.201000
v -2.759000 0.910000 -0.200000
v -0.001000 0.910000 -0.200000
v 0.000000 0.910000 -0.201000
v 0.001000 0.910000 -1.800000
v 0.000000 0.910000 -1.801000
v -2.761000 0.910000 -0.800000
v -2.760000 0.910000 -0.799000
v -2.760000 0.910000 -1.801000
v -2.761000 0.910000 -1.800000
v 0.000000 0.910000 -0.799000
v 0.001000 0.910000 -0.800000
v 0.000000 0.910000 -1.999000
v -0.001000 0.910000 -2.000000
v -2.759000 0.910000 -2.000000
v -2.760000 0.910000 -1.999000
v -2.960000 0.910000 -0.799000
v -2.959000 0.910000 -0.800000
v -2.960000 2.729000 -0.799000
v -2.961000 2.730000 -0.801000
v -2.959000 2.729000 -0.800000
v -2.959000 0.910000 -1.800000
v -2.960000 0.910000 -1.801000
v -2.960000 0.011000 -1.801000
v -2.961000 0.010000 -1.799000
v -2.959000 0.011000 -1.800000
v -2.960000 2.333000 -0.799000
v -2.959000 2.333000 -0.800000
v -2.760000 2.333000 -0.201000
v -2.759000 2.333000 -0.200000
v -2.761000 2.333000 -0.800000
v -2.760000 2.333000 -0.799000
v -0.001000 2.333000 -0.200000
v 0.000000 2.333000 -0.201000
v 0.001000 2.332000 -0.800000
v 0.000000 2.334000 -0.799000
v 0.001000 2.333000 -0.801000
v -2.959000 2.333000 -1.800000
v -2.960000 2.333000 -1.801000
v -2.760000 2.333000 -1.801000
v -2.761000 2.333000 -1.800000
v -2.759000 2.333000 -2.000000
v -2.760000 2.333000 -1.999000
v 0.001000 2.332000 -1.800000
v 0.001000 2.333000 -1.799000
v 0.000000 2.334000 -1.801000
v 0.000000 2.333000 -1.999000
v -0.001000 2.333000 -2.000000
v -2.959000 2.535000 -0.800000
v -2.960000 2.535000 -0.799000
v -2.759000 2.535000 -0.200000
v -2.760000 2.535000 -0.201000
v -2.760000 2.535000 -0.799000
v -2.761000 2.535000 -0.800000
v -0.001000 2.535000 -0.200000
v 0.000000 2.535000 -0.201000
v -2.960000 2.535000 -1.801000
v -2.959000 2.535000 -1.800000
v -2.761000 2.535000 -1.800000
v -2.760000 2.535000 -1.801000
v -2.760000 2.535000 -1.999000
v -2.759000 2.535000 -2.000000
v 0.000000 2.535000 -1.999000
v -0.001000 2.535000 -2.000000
v -2.960000 0.011000 -0.799000
v -2.959000 0.011000 -0.800000
v -2.961000 0.010000 -0.801000
v -4.960000 0.011000 -0.800000
v -4.959000 0.010000 -0.800000
v -2.961000 2.730000 -1.799000
v -2.960000 2.729000 -1.801000
v -2.959000 2.729000 -1.800000
v -4.959000 2.730000 -0.800000
v -4.960000 2.729000 -0.800000
v -2.961000 2.333000 -2.000000
v -2.960000 2.333000 -1.999000
v -2.961000 2.535000 -2.000000
v -2.960000 2.535000 -1.999000
vn -0.0000 1.0000 -0.0000
vn -0.0000 -0.0000 1.0000
vn -0.0000 -1.0000 -0.0000
vn -1.0000 -0.0000 -0.0000
vn 1.0000 -0.0000 -0.0000
vn -0.0000 -0.0000 -1.0000
vn -0.9045 0.3016 -0.3015
vn 0.3015 0.9046 -0.3015
vn -0.5774 0.5774 -0.5773
vn 0.5773 0.5773 -0.5774
vn 0.5775 0.5773 0.5773
vn -0.3015 0.9045 -0.3016
vn 0.5774 0.5773 -0.5774
vn -0.5774 0.5773 -0.5774
vn -0.5774 0.5774 0.5774
vn 0.5774 0.5774 0.5773
vn 0.9045 0.3015 -0.3016
vn 0.3015 0.9045 0.3016
vn 0.5775 0.5773 -0.5773
vn 0.3015 0.9045 -0.3016
vn -0.3015 0.9045 -0.3015
vn 0.3015 0.9045 -0.3015
vn 0.5773 -0.5774 0.5773
vn 0.5774 -0.5774 0.5774
vn -0.5773 -0.5774 0.5774
vn 0.3016 -0.3015 0.9045
vn 0.3016 -0.3015 -0.9045
vn -0.9045 -0.3015 0.3015
vn -0.9045 -0.3016 -0.3015
vn -0.5773 -0.5773 -0.5774
vn 0.5774 -0.5774 -0.5774
vn -0.9046 0.3015 0.3015
vn -0.9045 0.3015 -0.3015
vn -0.9045 -0.3015 -0.3016
vn 0.9046 0.3015 0.3015
vn 0.9045 -0.3015 0.3015
vn 0.9045 -0.3015 -0.3015
vn 0.5774 0.5773 -0.5773
vn -0.5774 0.5773 -0.5773
vn 0.3015 -0.9045 0.3015
vn -0.3015 0.9045 0.3016
vn -0.3014 -0.9046 0.3014
vn 0.3014 -0.9046 0.3013
vn 0.3015 0.9046 0.3013
vn 0.3016 0.9045 -0.3015
vn -0.5772 -0.5775 -0.5773
vn 0.3015 0.9046 0.3014
vn -0.5773 -0.5773 0.5774
vn 0.9045 0.3015 -0.3015
vn -0.5773 0.5775 -0.5773
vn 0.5771 0.5781 0.5769
vn 0.5771 -0.5781 0.5768
vn -0.3019 0.9043 -0.3019
vn -0.3014 -0.3021 -0.9044
vn -0.3016 0.9045 -0.3016
vn -0.3016 -0.9045 -0.3016
vn 0.9046 -0.3015 -0.3014
vn 0.9046 0.3013 -0.3015
vn -0.9045 0.3016 0.3015
vn -0.9045 -0.3016 0.3015
vn -0.9046 0.3013 -0.3015
vn -0.9046 -0.3013 -0.3015
vn 0.9045 -0.3016 -0.3015
vn 0.9045 -0.3016 0.3015
vn 0.9045 0.3016 0.3015
vn 0.5772 -0.5774 0.5774
vn 0.5772 0.5774 0.5774
vn 0.9045 -0.3016 -0.3016
vn 0.5772 -0.5774 -0.5774
vn 0.9045 -0.3016 0.3016
vn -0.5771 -0.5780 0.5769
vn 0.5772 0.5774 -0.5774
vn -0.5773 0.5774 -0.5773
vn -0.5772 -0.5775 -0.5774
vn -0.5770 0.5781 0.5770
vn 0.3015 -0.3017 -0.9045
vn 0.3018 0.9044 -0.3016
vn -0.3015 -0.3021 0.9044
vn -0.3015 0.3020 0.9044
vn 0.3015 -0.3020 0.9044
vn 0.3015 0.3020 0.9044
vn -0.5773 -0.5774 -0.5774
vn 0.5773 -0.5774 -0.5773
vn 0.5774 0.5774 -0.5773
vn -0.3016 -0.3015 -0.9045
vn 0.3017 -0.3015 -0.9045
vn -0.9045 -0.3015 -0.3015
vn 0.3017 -0.3015 0.9045
vn -0.3016 -0.3015 0.9045
vn 0.3016 0.9045 0.3016
vn 0.3014 -0.9045 0.3016
vn 0.3016 -0.9045 -0.3016
vn -0.3015 0.9045 0.3015
vn 0.5774 0.5775 0.5772
vn 0.5773 -0.5775 0.5773
vn -0.5772 -0.5775 0.5773
vn -0.5773 0.5774 0.5773
vn 0.9046 0.3014 0.3015
vn 0.5774 -0.5773 -0.5774
vn -0.5774 0.5776 -0.5771
vn -0.5774 -0.5776 -0.5770
vn -0.5773 -0.5775 0.5773
vn -0.5774 0.5775 0.5772
vn 0.5771 0.5772 0.5777
vn -0.3016 -0.9045 -0.3014
vn -0.3016 0.9045 0.3016
vn -0.9046 -0.3015 -0.3014
vn -0.3015 -0.9045 0.3015
vn -0.0000 0.7071 -0.7071
vn 0.7072 -0.0000 -0.7071
vn 0.7071 -0.0000 -0.7072
vn -0.7071 0.7071 -0.0000
vn 0.7073 -0.0000 0.7070
vn 0.7071 0.7071 -0.0000
vn -0.7072 -0.0000 -0.7070
vn -0.0000 0.7071 0.7071
vn -0.0000 0.7071 0.7072
vn -0.0000 0.7071 -0.7072
vn -0.7071 -0.0000 -0.7071
vn 0.7071 -0.0000 -0.7071
vn -0.7071 -0.0000 0.7071
vn 0.7071 -0.0000 0.7071
vn 0.7073 -0.0000 -0.7070
vn 0.7070 -0.7072 -0.0000
vn 0.7072 -0.0000 0.7070
vn 0.7072 -0.0000 -0.7070
vn 0.7070 -0.0000 0.7072
vn -0.0000 -0.7071 -0.7071
vn -0.7072 -0.7070 -0.0000
vn -0.0000 -0.7071 0.7072
vn 0.7071 -0.7071 -0.0000
vn -0.0000 -0.7072 -0.7070
vn 0.7070 -0.0000 -0.7072
vn 0.7073 -0.7069 -0.0000
vn -0.0000 -0.7072 0.7070
vn -0.0000 -0.7071 0.7071
vn -0.0000 -0.7070 -0.7072
vn -0.7071 -0.7071 -0.0000
vn -0.7073 -0.7069 -0.0000
vn -0.0000 -0.7073 0.7069
vn 0.7072 -0.0000 0.7071
vn -0.7070 -0.7072 -0.0000
vn -0.7072 0.7070 -0.0000
vn 0.7072 0.7070 -0.0000
vn -0.0000 -0.7071 -0.7072
vn 0.7072 -0.7070 -0.0000
vn 0.7072 -0.7071 -0.0000
vn -0.0000 0.7070 -0.7072
vn -0.7072 -0.0000 -0.7071
vn -0.7069 -0.7073 -0.0000
vn -0.7072 -0.0000 0.7070
vn 0.7069 -0.0000 0.7073
vn 0.7070 -0.0000 0.7073
vn 0.7068 -0.0000 0.7074
vn -0.0000 0.7073 0.7069
vn 0.7072 0.7071 -0.0000
vn 0.7070 0.7073 -0.0000
vn -0.0000 0.7072 -0.7070
vn -0.0000 -0.7070 0.7072
vn -0.0000 0.7070 0.7072
vn -0.0000 -0.7069 0.7073
vn -0.0000 0.7076 0.7066
vn -0.0000 -0.7069 -0.7073
vn -0.0000 0.7069 -0.7073
vn 0.7073 -0.0000 0.7069
vn -0.0000 -0.7073 -0.7069
vn -0.0000 0.7074 -0.7068
vn -0.0000 -0.7073 -0.7070
vn -0.0000 -0.7068 -0.7074
vn 0.7070 0.7072 -0.0000
vn -0.7073 -0.0000 -0.7069
vn -0.7070 -0.0000 -0.7072
vn -0.7076 -0.0000 -0.7066
vn -0.0000 0.7077 0.7065
vn -0.0000 0.7068 -0.7074
vn -0.0000 0.7073 0.7070
vn -0.0000 -0.7068 0.7074
vn -0.7071 -0.7072 -0.0000
vn 0.7069 -0.7073 -0.0000
vn 0.7066 -0.0000 0.7076
vn -0.7069 0.7073 -0.0000
vn -0.7070 0.7072 -0.0000
vn -0.7070 -0.7073 -0.0000
vn 0.7073 -0.0000 -0.7069
vn 0.7071 -0.7072 -0.0000
vn -0.7079 -0.0000 0.7063
vn 0.7069 -0.0000 -0.7073
vn 0.7068 -0.7074 -0.0000
vn -0.7073 -0.0000 0.7069
vn -0.7074 -0.0000 0.7068
vn -0.7070 0.7073 -0.0000
vn -0.0000 -0.7073 0.7070
vn 0.7070 -0.0000 -0.7073
vn -0.7078 -0.0000 -0.7064
vn -0.0000 -0.7066 0.7076
vn -0.7072 -0.0000 0.7071
vn -0.0000 -0.7072 -0.7071
vn -0.0000 0.7072 -0.7071
vn -0.0000 0.7072 0.7070
vn -0.0000 -0.7076 -0.7066
vn -0.0000 0.7069 0.7073
vn -0.0000 0.7067 0.7075
vn -0.0000 -0.7067 0.7075
vn -0.0000 -0.7074 0.7068
vn -0.7070 -0.0000 0.7072
vn -0.7073 -0.0000 -0.7070
vn 0.7074 -0.0000 0.7068
vn -0.7074 -0.0000 -0.7069
vn -0.0000 0.0001 -1.0000
vn -0.7068 -0.7074 -0.0000
vn 0.7071 0.7072 -0.0000
vn 0.7070 -0.7073 -0.0000
vn -0.7069 -0.0000 0.7073
vn -0.0000 -0.7076 0.7066
vn -0.0000 0.7073 -0.7069
vn -0.7068 -0.0000 -0.7074
vn -0.7067 -0.0000 -0.7075
vn -0.0000 0.7068 0.7074
vn -0.0000 0.7073 -0.7070
vn -0.0000 -0.7077 0.7065
vn -0.0000 0.7072 0.7071
vn -0.7068 0.7074 -0.0000
vn 0.7066 -0.0000 -0.7076
vn 0.7064 -0.0000 0.7078
vn -0.7066 -0.0000 0.7076
vn 0.7068 -0.0000 -0.7074
vn -0.7068 -0.0000 0.7074
vn -0.7064 -0.0000 0.7078
vn -0.7065 -0.0000 -0.7078
vn -0.0000 0.7066 0.7076
vn -0.0000 -0.7070 0.7073
vn 0.7075 -0.0000 0.7067
vn -0.0000 -0.7070 -0.7073
vt 1.152892 -0.093734
vt 0.952892 -0.178734
vt 1.152892 -0.178734
vt 0.952892 -0.093734
vt -1.047108 -0.178734
vt 1.352892 1.504840
vt 1.652892 1.706840
vt 1.352892 1.706840
vt 3.412892 1.504840
vt 1.652892 1.504840
vt 3.412892 0.779265
vt 1.652891 -0.093735
vt 1.652891 0.779265
vt 1.352892 -0.093735
vt 1.352892 0.779265
vt 3.412892 -0.818160
vt 1.652892 0.081840
vt 1.652892 -0.818160
vt 1.839266 -0.818160
vt 2.584266 0.081840
vt 2.584266 -0.818160
vt 1.559266 -0.818160
vt 1.839266 0.081840
vt 1.352892 0.081840
vt 1.352892 -0.818160
vt 3.412892 0.081840
vt 2.584266 1.504840
vt 1.559266 0.081840
vt 1.839266 1.504840
vt 1.266266 0.081840
vt 0.856266 1.504840
vt 0.856266 0.081840
vt 1.266266 1.504840
vt 0.856266 1.706840
vt 0.952892 -0.093735
vt -1.047108 -0.178734
vt -1.047108 -0.093735
vt 1.152892 -0.178734
vt 0.952892 -0.178734
vt 3.412892 -0.093735
vt 1.652891 -0.178734
vt 1.352892 -0.178734
vt 1.352892 -0.093734
vt 1.652892 -0.178734
vt 1.652892 -0.093734
vt 1.352892 -0.178734
vt 1.652891 1.266266
vt 1.352892 0.856266
vt 1.352892 1.266266
vt 3.412892 1.266266
vt 1.652891 0.856266
vt 3.412892 0.856266
vt -1.047109 0.779265
vt -2.087109 0.856266
vt -1.047109 0.856266
vt -1.047109 -0.093734
vt -2.087109 0.779265
vt -2.087109 -0.093734
vt 3.412892 -0.460734
vt 3.412892 -0.178734
vt 1.652892 -0.460734
vt 3.412892 -0.760734
vt -0.460734 0.081840
vt -0.760734 1.504840
vt -0.460734 1.504840
vt -1.047109 -0.178735
vt -2.087109 -0.178735
vt -1.047109 -0.460734
vt -2.087109 -0.460734
vt -1.047109 -0.860734
vt -0.460734 0.081840
vt -0.860734 -0.818160
vt -0.460734 -0.818160
vt -0.460734 1.504840
vt -0.860734 0.081840
vt -1.047108 -3.178735
vt 0.952892 -4.860734
vt 0.952892 -3.178735
vt 1.152892 -4.860734
vt 1.152892 -3.178735
vt 1.352892 -4.860734
vt 1.352892 -3.178735
vt 0.779265 -0.818160
vt -0.093734 0.081840
vt 0.779265 0.081840
vt 0.856266 -0.818160
vt 0.856266 0.081840
vt -0.093734 -0.818160
vt -0.178735 0.081840
vt -0.178735 -0.818160
vt -0.460734 0.081840
vt -0.860734 0.081840
vt -1.047108 -0.760734
vt -2.087109 -1.733735
vt -1.047108 -1.733735
vt 1.652892 -0.760734
vt 3.412892 -1.733735
vt 1.652891 -1.733735
vt 3.412892 -3.178735
vt 3.412892 -1.733736
vt 1.652891 -3.178736
vt 1.652891 -1.733736
vt 1.352892 -1.733735
vt 1.652891 -3.178735
vt 1.152892 -1.733736
vt 0.952892 -3.178736
vt 0.952892 -1.733736
vt -1.047108 -3.178736
vt -1.047108 -1.733736
vt 1.352892 -1.733736
vt 1.152892 -3.178736
vt 1.152892 -1.733735
vt 0.952892 -1.733735
vt 1.352892 -3.178736
vt -2.087109 -1.733735
vt -1.047109 -3.178734
vt -1.047109 -1.733735
vt -2.087109 -0.860734
vt -0.093735 1.504840
vt -0.178734 0.081840
vt -0.093735 0.081840
vt -0.093735 1.706840
vt -0.178734 1.504840
vt -0.460734 1.504840
vt -0.178735 1.504840
vt -0.860734 1.504840
vt -0.460735 0.081840
vt -0.460735 1.504840
vt -0.760735 0.081840
vt -0.093734 1.504840
vt 0.779265 1.504840
vt -0.760735 1.504840
vt -1.733736 0.081840
vt -1.733736 1.504840
vt -3.178736 0.081840
vt -1.733736 1.706840
vt -3.178736 1.504840
vt -1.733735 0.081840
vt -3.178734 1.504840
vt -1.733735 1.504840
vt -2.087109 1.504840
vt -3.047108 0.081840
vt -2.087109 0.081840
vt -2.087109 -3.178736
vt -3.047108 -1.733736
vt -2.087109 -1.733736
vt -1.733735 -0.818160
vt -3.178734 0.081840
vt -2.087109 -0.178734
vt -3.047108 -0.093735
vt -2.087109 -0.093735
vt -2.087109 1.706840
vt -3.047108 1.504840
vt -3.047108 -3.178735
vt -2.087109 -3.178735
vt -2.087109 -0.460734
vt -3.047108 -0.760734
vt -2.087109 -0.760734
vt -3.047108 -1.733735
vt -2.087109 -0.178734
vt -3.047108 -0.460734
vt -3.047108 -0.178734
vt -1.047108 -0.460734
vt 1.652892 -0.860734
vt 1.352892 -0.860734
vt 1.652892 -1.733735
vt 1.352892 -3.178734
vt 1.652892 -0.460734
vt 1.352892 -0.460734
vt 1.652892 -0.178735
vt 1.352892 -0.178735
vt -3.047109 -0.093734
vt -3.047109 0.856266
vt -3.047109 -0.460734
vt -3.047109 0.779265
vt -3.047109 -0.860734
vt -3.047109 -1.733735
vt -3.047109 -0.178735
vt -3.047109 -3.178734
vt -2.087109 -3.178734
vt -2.087109 -4.860734
vt -1.047108 -4.860734
vt 0.952892 -0.860734
vt 0.952892 -3.178734
vt 0.952892 1.266266
vt 0.952892 0.856266
vt -1.047109 3.884266
vt 0.952892 3.884266
vt 0.952892 -0.460734
vt 0.952892 -0.178735
vt 0.952892 0.779265
vt -1.047109 1.266266
vt 1.152891 3.884266
vt 1.152891 1.266266
vt 1.152891 0.779265
vt 1.152891 0.856266
vt 1.152891 -0.093734
vt 1.152891 -0.178735
vt 1.152891 -0.460734
vt 1.152891 -0.860734
vt 1.152891 -3.178734
vt 1.152891 -1.733735
vt 1.652892 -3.178734
vt 1.652892 1.266266
vt 1.352892 0.856266
vt 1.652892 0.856266
vt 1.352892 3.884266
vt 1.652892 3.884266
vt 1.652892 0.779265
vt 1.352892 1.266266
vt 1.352892 0.779265
vt -1.047109 4.884265
vt 3.884266 1.504840
vt 4.884265 0.081840
vt 3.884266 0.081840
vt 0.952892 4.884265
vt 1.352892 4.884265
vt 4.884265 -0.818160
vt 3.884266 -0.818160
vt 1.152891 4.884265
vt 1.652892 4.884265
vt 0.952892 5.084266
vt 5.084266 -0.818160
vt 1.152891 5.084266
vt 1.352892 5.084266
vt 1.652892 5.084266
vt -1.047109 5.084266
vt 4.884265 1.504840
vt 5.084266 0.081840
vt 1.652891 -0.818160
vt 1.352891 0.081840
vt 1.652891 0.081840
vt 1.352891 1.504840
vt 1.652891 1.504840
vt 1.152891 1.504840
vt 1.352891 -0.818160
vt 1.152891 0.081840
vt 1.152891 -0.818160
vt 0.952892 0.081840
vt 0.952892 1.504840
vt 0.952892 -0.818160
vt -1.047108 0.081840
vt -1.047108 1.504840
vt 2.906266 0.081840
vt 2.906266 1.504840
vt 3.884266 1.706840
vt 2.906266 1.706840
vt 3.884266 0.081840
vt 4.884266 1.504840
vt 4.884266 1.706840
vt -0.094734 -0.818160
vt -0.092734 -0.817160
vt 3.413891 -0.819160
vt 3.412892 -0.819160
vt 3.412891 -0.818160
vt 2.583266 -0.819160
vt 2.583266 -0.818160
vt 2.584266 -0.819160
vt 3.411892 -0.819160
vt 3.411892 -0.818160
vt 1.152892 1.558266
vt 1.153892 1.558266
vt 1.153892 1.559266
vt 1.651892 -0.819160
vt 1.652892 -0.819160
vt -0.092734 -0.828160
vt -0.092734 -0.827160
vt -0.093734 -0.827160
vt 3.911891 -0.828160
vt 3.911891 -0.827160
vt 3.912891 -0.827160
vt 3.912892 -0.827160
vt 3.911892 -0.827160
vt 3.911891 -0.828160
vt 1.153892 -0.827160
vt 1.152892 -0.827160
vt 1.153892 -0.828160
vt 1.153892 -0.818160
vt 1.153892 -0.819160
vt 1.152892 -0.818160
vt 1.351892 1.559266
vt 1.353892 1.558266
vt 1.352892 1.560262
vt 1.840266 -0.827160
vt 1.839266 -0.827160
vt 1.840266 -0.828160
vt 1.839266 -0.827160
vt 1.838266 -0.827160
vt 1.839266 -0.828160
vt 1.653891 -0.827160
vt 1.652892 -0.828160
vt 1.652892 -0.827160
vt 2.584266 -0.827160
vt 2.583266 -0.827160
vt 2.584266 -0.828160
vt 3.083266 1.901840
vt 3.083265 1.900840
vt 3.084266 1.900840
vt 1.152892 1.900840
vt 1.153892 1.900840
vt 1.153892 1.901840
vt 3.912892 1.558266
vt 3.911892 1.558266
vt 3.911892 1.559266
vt 1.352892 1.705840
vt 1.353888 1.706840
vt 1.351892 1.707840
vt 1.838266 1.705840
vt 1.839266 1.706840
vt 1.838266 1.706840
vt 3.911892 1.707840
vt 3.911891 1.706840
vt 3.912892 1.706840
vt 3.911892 1.706840
vt 3.911892 1.707840
vt 3.912892 1.706840
vt 3.911891 1.900839
vt 3.911891 1.901839
vt 3.912892 1.900839
vt 1.153892 1.901840
vt 1.153892 1.900840
vt 1.152892 1.900840
vt 3.912892 3.083266
vt 3.911891 3.083266
vt 3.911892 3.084266
vt 3.913892 1.265266
vt 3.913892 1.266266
vt 3.912892 1.266266
vt 3.913891 1.265266
vt 3.912891 1.266266
vt 3.913891 1.266266
vt 3.913892 -0.177734
vt 3.912892 -0.178734
vt 3.913892 -0.178734
vt 3.913892 1.504840
vt 3.913891 1.503840
vt 3.912892 1.504840
vt 4.312892 0.081840
vt 4.311893 0.082840
vt 4.311892 0.081840
vt 4.311893 1.265266
vt 4.311892 1.266266
vt 4.312892 1.266266
vt 4.312892 1.504840
vt 4.311893 1.503840
vt 4.311892 1.504840
vt 0.857266 -0.827160
vt 0.856266 -0.827160
vt 0.857266 -0.828160
vt 0.857266 -0.827160
vt 0.857266 -0.828160
vt 0.856266 -0.827160
vt 0.780265 -0.817160
vt 0.779265 -0.817160
vt 0.779265 -0.818160
vt 0.779265 1.900840
vt 0.780265 1.900840
vt 0.779265 1.901840
vt 0.779266 -0.817160
vt 0.780266 -0.817160
vt 0.779266 -0.818160
vt 0.951892 0.778266
vt 0.952892 0.780266
vt 0.953886 0.779266
vt -1.046109 0.778266
vt -1.048108 0.779266
vt -1.047108 0.780265
vt 0.780266 -0.817160
vt 0.779266 -0.817160
vt 0.779266 -0.818160
vt 0.953891 -0.460734
vt 0.951892 -0.459734
vt 0.952892 -0.461730
vt -0.460734 -0.817160
vt -0.461734 -0.817160
vt -0.460734 -0.818160
vt 3.911891 -0.460735
vt 3.911892 -0.459735
vt 3.912891 -0.459735
vt 0.953892 -0.817160
vt 0.952892 -0.817160
vt 1.351892 -0.760734
vt 1.353892 -0.761734
vt 1.352892 -0.759738
vt -0.760735 1.900840
vt -0.761735 1.900840
vt -0.761735 1.901840
vt 4.311893 -0.177735
vt 4.311892 -0.178735
vt 4.312892 -0.178735
vt -4.859734 -0.817160
vt -4.859734 -0.818160
vt -4.860734 -0.817160
vt 3.911892 1.900840
vt 3.911891 1.901840
vt 3.912892 1.900840
vt 3.884266 -0.817160
vt 3.883266 -0.819160
vt 3.885264 -0.818160
vt -5.260734 2.170840
vt -5.259734 2.170840
vt -5.259733 2.171840
vt 4.311892 -5.260734
vt 4.311893 -5.259733
vt 4.312892 -5.259733
vt 1.652892 -0.817160
vt 1.653891 -0.817160
vt -4.861733 1.503840
vt -4.861734 1.504840
vt -4.860734 1.504840
vt -2.087109 1.267266
vt -2.088108 1.266266
vt -2.086109 1.265266
vt -2.088109 1.266266
vt -2.087109 1.267265
vt 4.311892 1.503840
vt 4.311892 1.504840
vt 4.312892 1.504840
vt -3.179735 0.080840
vt -3.177735 0.081840
vt -3.178735 0.082839
vt 3.913892 -1.734735
vt 3.913891 -1.733735
vt 3.912892 -1.733735
vt 3.913892 1.503840
vt 3.913892 1.504840
vt 3.912892 1.504840
vt 3.913892 0.082840
vt 3.913892 0.081840
vt 3.912892 0.081840
vt -3.178735 1.503840
vt -3.179735 1.505840
vt -3.177735 1.504840
vt -3.178735 1.503840
vt -3.177735 1.504840
vt -3.179734 1.505840
vt -1.733735 1.503840
vt -1.732735 1.505840
vt -1.734734 1.504840
vt -1.732735 0.080840
vt -1.733735 0.082840
vt -1.734734 0.081840
vt -5.046108 0.779266
vt -5.046108 0.778266
vt -5.047108 0.778266
vt -5.047109 0.778266
vt -5.046108 1.707840
vt -5.046108 1.706840
vt -5.047109 1.706840
vt -0.460735 1.900839
vt -0.459735 1.900840
vt -0.459735 1.901840
vt -5.046108 1.707840
vt -5.047109 1.706840
vt -5.046109 1.706840
vt -5.046109 -0.761735
vt -5.047109 -0.761735
vt -5.046108 -0.760735
vt -6.086108 -5.259733
vt -6.086108 -5.260733
vt -6.087109 -5.259733
vt -5.046108 -4.859735
vt -5.047109 -4.859734
vt -5.046108 -4.860734
vt -5.046109 1.900840
vt -5.047109 1.900840
vt -5.046108 1.901840
vt -6.086108 2.170840
vt -6.087108 2.170840
vt -6.086108 2.171840
vt -6.086109 1.265266
vt -6.087109 1.265265
vt -6.086108 1.266266
vt -6.087109 -5.259733
vt -6.086108 -5.260734
vt -3.046108 -4.861735
vt -3.047108 -4.861735
vt -3.047108 -4.860735
vt -3.048108 -4.860734
vt -3.047108 -4.861731
vt -3.046109 -4.859735
vt 1.652892 1.503840
vt 1.653892 1.505840
vt 1.651896 1.504840
vt 1.651892 -5.259732
vt 1.652892 -5.260734
vt 1.652892 -5.259733
vt -3.046109 1.504840
vt -3.048109 1.505840
vt -3.047109 1.503841
vt -3.046109 -5.259733
vt -3.047109 -5.259733
vt -3.047109 -5.260733
vt 3.911891 3.284266
vt 3.911891 3.285265
vt 3.912892 3.285266
vt 1.152892 3.285266
vt 1.153892 3.285265
vt 1.153892 3.284265
vt 1.153892 3.284266
vt 1.153891 3.285265
vt 1.152892 3.285265
vt 3.911892 3.285266
vt 3.911891 3.284266
vt 3.912891 3.285266
vt 0.951892 1.706840
vt 0.953892 1.707840
vt 0.952892 1.706840
vt -0.461735 1.706840
vt -0.461735 1.705840
vt -0.460735 1.706840
vt 3.911892 1.706840
vt 3.911891 1.707839
vt 1.353892 1.706840
vt 1.351892 1.707840
vt 1.352892 1.705840
vt -0.759735 1.706840
vt -0.761735 1.705840
vt -0.760735 1.707834
vt -0.759735 1.705840
vt -0.760735 1.706840
vt 1.152892 -0.817160
vt 1.151892 -0.817160
vt 1.151892 1.900840
vt 1.152892 1.900840
vt 1.152892 1.901840
vt 1.151892 3.884266
vt 1.153892 3.885265
vt 1.152892 3.883268
vt 1.152892 3.883265
vt 1.153892 3.885266
vt 1.152892 3.884266
vt 3.912892 3.883265
vt 3.913888 3.884265
vt 3.911892 3.885266
vt 4.884266 -0.817160
vt 4.885266 -0.817160
vt 4.884266 -0.818160
vt 5.084266 -0.817160
vt 5.083266 -0.817160
vt 5.083266 -0.818160
vt 1.153892 5.083266
vt 1.152892 5.083265
vt 1.153892 5.084266
vt 5.084265 1.900840
vt 5.083266 1.900840
vt 5.083266 1.901840
vt 5.083266 -0.817160
vt 5.084266 -0.817160
vt 4.311892 4.884265
vt 4.311892 4.883265
vt 4.312892 4.884265
vt 4.884265 1.503840
vt 4.885266 1.505840
vt 4.883265 1.504840
vt 5.483265 2.170840
vt 5.484267 2.170840
vt 5.483266 2.171840
vt 5.484266 -1.827160
vt 5.483266 -1.827160
vt 5.483266 -1.828160
vt -2.086109 5.483267
vt -2.086109 5.484267
vt -2.087109 5.483266
vt 5.483266 -1.827160
vt 5.484266 -1.827160
vt 5.084266 1.900840
vt 5.083266 1.900839
vt 5.083265 -0.817160
vt 5.084266 -0.817160
vt -1.046108 5.083265
vt -1.046108 5.084266
vt -1.047108 5.083266
vt -1.046108 5.083266
vt 0.952892 3.883266
vt 0.951892 3.885265
vt 0.953886 3.884265
vt 0.952892 4.885265
vt 0.951892 4.883266
vt 0.953886 4.884266
vt 3.884266 1.503840
vt 3.883265 1.505840
vt 3.885265 1.504840
vt 3.913891 1.503840
vt 3.913892 1.504840
vt 3.912892 1.504840
vt 0.952892 -0.817160
vt 0.953892 -0.817160
vt 0.952892 -0.818160
vt 0.952892 4.885266
vt 0.953886 4.884266
vt 3.911892 -0.818160
vt 1.840266 1.504840
vt 1.839266 1.504840
vt 1.839266 -0.818160
vt 1.559266 -0.819160
vt 1.559266 -0.818160
vt 1.266266 -0.819160
vt 1.266266 -0.818160
vt 1.153892 -0.818160
vt 1.153892 -0.827160
vt 1.352892 -0.818160
vt 1.839266 -0.819160
vt 1.559266 -0.819160
vt 1.266266 -0.818160
vt 1.839265 -0.819160
vt 2.583266 -0.819160
vt 1.653892 -0.819160
vt 1.652892 -0.819160
vt 3.413892 -0.828160
vt 3.413892 -0.827160
vt 3.912892 3.083266
vt 3.911892 2.584266
vt 3.912892 2.584266
vt 1.352892 -0.828160
vt 1.352892 -0.827160
vt 3.912891 1.559266
vt 3.911891 1.266266
vt 3.912892 1.266266
vt 3.912892 1.839266
vt 3.911891 1.559266
vt 1.152892 1.840266
vt 1.153891 2.584265
vt 1.152892 2.584266
vt 1.153892 1.840266
vt 1.351892 1.839266
vt 1.353892 1.840266
vt 1.652892 -0.828160
vt 1.652892 -0.827160
vt 3.412892 -0.828160
vt 3.412892 -0.827160
vt 1.839266 -0.827160
vt 1.559266 -0.828160
vt 1.559266 -0.827160
vt 1.266266 -0.828160
vt 1.266266 -0.827160
vt 1.559266 -0.827160
vt 1.559265 -0.828160
vt 1.266266 -0.828160
vt 3.911891 1.839265
vt 1.153892 3.083265
vt 1.152892 3.083266
vt 2.583266 -0.827160
vt 1.839266 -0.828160
vt 1.839266 -0.827160
vt 3.411892 -0.827160
vt 3.911891 -0.819160
vt 3.912892 -0.818160
vt -0.092734 -0.819160
vt 3.912892 -0.818160
vt 3.911892 -0.818160
vt 1.153892 -0.818160
vt 1.152892 -0.818160
vt 1.351892 -0.827160
vt 1.352892 -0.827160
vt 1.840266 -0.818160
vt 1.839266 -0.818160
vt 1.838266 1.504840
vt 1.351892 1.504840
vt 2.584266 1.901840
vt 3.912892 0.081840
vt 3.911892 0.081840
vt 1.153892 0.081840
vt 1.152892 0.081840
vt 1.152892 -0.818160
vt 1.153891 0.081840
vt 1.152892 0.081840
vt 1.840266 0.081840
vt 3.912892 1.900840
vt 3.911891 1.900840
vt 1.152892 1.706840
vt 1.153892 1.900840
vt 1.152892 1.900840
vt 1.152892 1.706840
vt 1.353892 1.706840
vt 1.652891 1.707840
vt 1.652891 1.706840
vt 3.911892 1.838266
vt 3.912892 1.559266
vt 3.911892 1.560266
vt 3.412891 1.707840
vt 3.412892 1.706840
vt 1.560266 1.706840
vt 1.352892 1.900840
vt 1.652891 1.901839
vt 1.652891 1.900840
vt 1.352892 1.901840
vt 1.840266 1.900839
vt 1.839266 1.706840
vt 1.840266 1.706840
vt 1.840266 1.901839
vt 2.584266 1.900840
vt 1.352892 1.900840
vt 1.352892 1.901840
vt 3.412892 1.901840
vt 3.412892 1.900840
vt 1.352891 1.900840
vt 3.412892 1.707840
vt 1.652891 1.707839
vt 3.912891 -0.093734
vt 3.911892 0.779265
vt 3.912891 0.779265
vt 1.652891 1.900840
vt 1.352891 1.901840
vt 1.652891 1.901840
vt 3.912892 2.584266
vt 1.652891 1.901840
vt 3.412891 1.900840
vt 3.911891 1.900840
vt 3.911892 1.901840
vt 3.911891 1.706840
vt 3.911891 2.584265
vt 3.912892 1.840266
vt 3.911891 1.840266
vt 3.412892 1.901840
vt 3.412892 1.900840
vt 3.911892 -0.093735
vt 3.912892 -0.178734
vt 3.911891 -0.178734
vt -1.046108 2.906266
vt 1.151892 0.779265
vt 1.153892 0.778265
vt 1.153892 1.504840
vt 1.152892 1.504840
vt 1.153891 1.504840
vt 1.152892 1.504840
vt 2.906266 -0.818160
vt 3.912891 1.504840
vt 3.911892 1.504840
vt 1.351892 -0.818160
vt 1.839266 0.081840
vt 1.838266 -0.818160
vt 1.838266 0.081840
vt 1.351892 0.081840
vt 1.153892 1.706840
vt 1.153892 1.706840
vt 3.912892 1.706840
vt 0.952892 1.900840
vt 0.953891 1.706840
vt 0.952892 1.706840
vt 0.856266 -0.818160
vt 0.856266 -0.819160
vt 1.152892 1.266266
vt 3.911891 0.856266
vt 3.912892 0.856266
vt 0.856266 -0.828160
vt 1.266266 1.901840
vt 1.558266 1.900840
vt 1.558266 1.901840
vt 3.912892 0.856266
vt 3.913891 0.856266
vt 3.912892 0.856266
vt 3.913891 0.856266
vt -0.178734 -0.817160
vt 3.912891 -0.093734
vt 3.913892 -0.093734
vt 3.913892 -0.177734
vt 3.912891 -0.093734
vt 3.913892 -0.093734
vt 4.312892 0.856266
vt 4.311892 1.265266
vt 4.311892 0.856266
vt 4.312892 0.856266
vt 4.311893 0.856266
vt 4.312891 -0.093734
vt 4.311892 -0.177734
vt 4.311893 -0.093734
vt 4.311893 1.266266
vt 1.152892 0.857266
vt 1.153892 1.266266
vt 0.856266 1.901840
vt 1.266266 1.900840
vt 3.912892 0.856266
vt 3.911892 1.266266
vt 0.779265 -0.818160
vt 0.779265 -0.819160
vt 3.911892 0.779265
vt 3.912891 0.779265
vt 1.352892 -0.819160
vt 0.779265 -0.827160
vt 0.779265 -0.828160
vt 3.913892 0.779265
vt 3.913891 0.779265
vt 4.311893 0.779265
vt 4.312892 0.779265
vt 4.312891 0.779265
vt 4.311892 0.779265
vt 1.153892 0.857266
vt 1.352892 0.857266
vt 1.651892 0.856266
vt 1.651892 0.857266
vt 0.857266 -0.819160
vt 0.856266 -0.818160
vt 0.856266 -0.819160
vt 0.857265 -0.817160
vt 0.855266 -0.818160
vt 0.856266 1.900840
vt 3.911892 0.856266
vt 3.911892 -0.092734
vt 3.912891 -0.092734
vt 4.311892 -0.093734
vt 4.312892 -0.093734
vt 0.780265 1.504840
vt 0.779265 0.081840
vt 0.780265 0.081840
vt 0.780265 1.706840
vt 0.779265 1.706840
vt 0.779266 0.081840
vt 0.780266 0.081840
vt 0.780266 1.706840
vt 0.779266 1.900840
vt 0.780266 1.900840
vt 0.779266 1.504840
vt 0.780266 1.504840
vt 0.779266 1.706840
vt 2.906266 -0.818160
vt 2.906266 -0.817160
vt 0.951892 2.906265
vt 0.779266 0.081840
vt 0.780266 1.504840
vt 0.779266 1.504840
vt 0.780266 0.081840
vt 0.780266 1.706840
vt 0.779266 1.706840
vt 0.780266 1.900840
vt 0.779266 1.900840
vt 0.953892 -0.817160
vt 1.151892 -0.817160
vt 4.312892 3.884266
vt 4.311892 1.266266
vt 4.312892 1.266266
vt 4.311892 0.779265
vt 4.312891 -0.093734
vt 3.883266 0.081840
vt 3.883266 1.505840
vt 4.311892 3.884266
vt 4.311892 0.856266
vt 4.311892 0.779265
vt 4.311892 -0.093734
vt -2.086109 3.884266
vt -2.086109 3.884266
vt -1.047108 -0.460735
vt 0.952892 -0.459735
vt 0.952892 -0.460735
vt 1.152892 -0.459735
vt 1.152892 -0.460735
vt 1.652892 -0.460735
vt 3.412892 -0.459735
vt 3.412892 -0.460735
vt 1.352892 -0.460735
vt 1.652891 -0.459735
vt 1.352892 -0.459735
vt 1.152892 -0.459734
vt 1.152892 -0.460734
vt 1.351892 -0.460734
vt -0.178734 -0.818160
vt -1.047108 1.901840
vt 0.952892 1.901840
vt 1.652892 1.901840
vt 3.412892 1.900840
vt 3.412892 1.901840
vt 1.652892 1.900840
vt 1.352892 1.900840
vt 0.953892 -0.760734
vt 1.152892 -0.761734
vt 1.152892 -0.760734
vt 1.353891 -0.459734
vt 1.352892 -0.461734
vt 0.952892 -0.759734
vt 0.951892 -0.761734
vt -0.760734 -0.818160
vt -0.460734 -0.817160
vt 4.312892 -0.178735
vt 4.311892 -0.178735
vt 4.311892 -0.460734
vt 4.312892 -0.460734
vt 4.312891 -0.460734
vt 4.311892 0.082840
vt 4.312892 0.081840
vt 4.311892 -0.860734
vt 4.312892 -0.860734
vt 4.312892 -0.860734
vt 4.311892 -0.460734
vt -2.087109 -5.260733
vt -1.047109 -5.259733
vt -1.047109 -5.260733
vt -2.087109 -5.259734
vt -1.047109 -5.260734
vt -1.047109 -5.259733
vt -4.860734 1.706840
vt -4.859735 1.504840
vt -4.859734 0.081840
vt -4.860734 0.081840
vt -1.047108 1.900840
vt 0.952892 1.901840
vt 0.952892 1.900840
vt -4.859735 1.900840
vt -4.859734 1.706840
vt 3.911892 -4.860734
vt 3.412892 -4.859734
vt 3.412892 -4.860734
vt -5.259733 0.081840
vt -5.260734 -0.818160
vt -5.259733 -0.818160
vt -5.260733 1.504840
vt -5.259733 1.504840
vt -5.260734 0.081840
vt -3.178736 1.901840
vt -3.178735 1.900840
vt 4.311892 -0.860734
vt 4.312892 -1.733734
vt 4.311892 -1.733735
vt 4.312892 -1.733735
vt -3.178735 -0.817160
vt -3.178735 -0.818160
vt 3.412891 1.900840
vt 1.652891 1.503840
vt 1.653891 0.081840
vt 1.652891 0.081840
vt 1.652891 1.900840
vt 1.652891 1.901840
vt 1.653891 -4.860734
vt 1.651891 -4.859734
vt 1.352891 1.901840
vt 1.352891 1.505840
vt 1.651891 1.504840
vt -2.088109 -0.818160
vt -2.087109 -1.827160
vt -2.088109 -1.827160
vt 0.952892 1.505840
vt -1.047108 1.504840
vt -1.047108 1.505840
vt -5.260734 -1.827160
vt -5.259733 -1.827160
vt -2.087109 1.901840
vt -3.047108 1.900840
vt -3.047108 1.901840
vt 1.152892 1.505840
vt 0.952892 1.504840
vt -3.047109 1.265266
vt -3.047109 1.266266
vt 1.152892 1.901840
vt 3.884266 0.081840
vt 4.311892 0.856266
vt -2.088109 2.170840
vt -2.087109 1.504840
vt -2.088109 1.504840
vt -2.088109 0.081840
vt -2.087109 -0.818160
vt -6.086108 1.266266
vt -3.047109 1.266266
vt -2.087109 0.081840
vt -3.047109 -5.260734
vt -3.047109 -5.259733
vt -1.047108 1.901840
vt -2.087110 1.900840
vt -2.087109 1.505840
vt -1.047109 1.504840
vt -1.047109 1.505840
vt 4.311892 1.503840
vt 4.311892 -1.734735
vt 4.311893 -1.733735
vt 3.913891 1.503840
vt -1.732735 1.505840
vt -1.733735 1.900840
vt -3.047108 0.779266
vt -3.047109 0.778266
vt -1.733735 -0.818160
vt -0.760734 -0.817160
vt -3.047109 -5.259733
vt -3.047109 -5.260734
vt -1.733735 0.082840
vt -1.732735 0.080840
vt -3.179734 0.080840
vt -1.734735 0.081840
vt -1.733736 1.901840
vt -1.733734 -0.817160
vt -1.047108 -0.459735
vt -2.087109 -0.460735
vt -2.087109 -0.459735
vt -3.047108 1.900840
vt -3.178735 0.082840
vt 4.311892 -3.178734
vt 4.312892 -3.178734
vt 4.311892 -5.259733
vt -2.087109 0.778266
vt -2.087110 0.779266
vt 4.312891 -3.178734
vt 4.311892 -3.178734
vt -5.047109 -0.093735
vt -5.046108 -0.178734
vt -5.047109 -0.178734
vt -5.047108 -0.178734
vt -5.046108 -0.093734
vt -5.047109 -0.093734
vt -5.046109 -0.093735
vt -5.047108 0.081840
vt -5.046108 1.504840
vt -5.047109 1.504840
vt -5.047109 -0.817160
vt -5.046108 0.081840
vt -5.046109 1.706840
vt -5.046108 1.900840
vt -6.086108 0.856266
vt -6.087109 0.779265
vt -6.086108 0.779265
vt -6.087108 -0.093734
vt -6.086109 -0.093734
vt -6.087109 0.856266
vt -6.087109 0.779265
vt -6.087108 -0.093734
vt -0.460735 1.707840
vt -5.046109 -0.178734
vt -5.047108 -0.460734
vt -5.046108 -0.460734
vt -5.046108 -0.459735
vt -5.047109 -0.760734
vt -0.761735 1.705840
vt -0.459735 1.705840
vt -6.086109 -0.178735
vt -6.087109 -0.178735
vt -6.086108 -0.178735
vt -6.086109 -0.460734
vt -6.087109 -0.460734
vt -6.086108 -0.460734
vt -6.086108 -0.860734
vt -6.087109 -0.460734
vt -6.087109 -0.860734
vt -6.087109 -1.827160
vt -6.086109 -0.818160
vt -6.087108 -0.818160
vt -5.046108 0.081840
vt -5.046108 -0.817160
vt -6.087109 -3.178734
vt -6.086108 -3.178735
vt -6.087108 -1.733734
vt -6.086109 -1.733735
vt -5.046108 -3.178735
vt -5.047108 -3.178735
vt -5.046107 -4.859735
vt -5.047109 -3.178735
vt -5.046108 -3.178736
vt -6.087109 0.081840
vt -6.086109 1.504840
vt -6.087108 1.504840
vt -6.086109 1.265266
vt -6.087109 0.856266
vt -6.086108 0.856266
vt -6.086109 1.504840
vt -6.087109 1.504840
vt -6.087109 0.081840
vt -6.086109 -0.818160
vt -6.087109 -0.818160
vt -6.086108 2.170840
vt -6.087109 2.170840
vt -6.086108 0.081840
vt -5.047109 -1.733734
vt -5.046108 -0.760734
vt -5.046109 -1.733736
vt -5.046109 -1.733735
vt -5.047109 -1.733736
vt -6.087108 -1.733734
vt -6.086108 -1.733735
vt -6.087109 -3.178735
vt -6.087109 -0.860734
vt -2.087109 0.779266
vt -2.087110 0.778266
vt -3.046108 1.504840
vt -2.087109 1.505840
vt -3.047109 -0.459735
vt -5.046108 -0.460735
vt -2.087109 1.900840
vt -2.087109 1.901840
vt -3.047108 0.778266
vt -3.048108 0.081840
vt -3.047108 -0.817160
vt -3.048108 -0.817160
vt -3.047108 1.503840
vt -6.086108 0.081840
vt -6.086109 -1.827160
vt -6.087109 -1.827160
vt 1.652892 -5.260734
vt 1.652892 -5.259733
vt 4.311892 -5.260734
vt 1.352892 -5.260734
vt 1.352892 -5.259732
vt 1.653892 0.081840
vt 1.652892 -0.817160
vt 1.653892 -0.819160
vt -2.087109 -5.260734
vt -2.087109 1.504840
vt -2.087109 -5.259733
vt -3.048109 0.081840
vt -3.047109 -0.817160
vt -3.047109 0.081840
vt -3.047108 -0.460735
vt -1.047109 1.900840
vt 0.952892 -5.259733
vt 0.952892 -5.260734
vt 0.952892 -5.260734
vt 0.952892 1.504840
vt 0.952892 1.505840
vt -1.047109 -5.260734
vt 0.952892 -5.260734
vt -1.047109 -5.259733
vt 1.152891 -5.259733
vt 1.152891 -5.260733
vt 1.152891 -5.260734
vt 1.152891 1.504840
vt 1.152891 1.505840
vt 1.152891 -5.259734
vt 1.152891 -5.260734
vt 1.652892 -5.259734
vt 1.352892 -5.259733
vt 1.352892 1.505840
vt 1.352892 1.504840
vt 0.952892 -5.259733
vt 1.153892 1.706840
vt 3.912892 -0.817160
vt 3.911891 0.081840
vt 3.912891 0.081840
vt 1.652891 -4.861734
vt -5.259733 1.503840
vt -3.046109 -5.259733
vt -1.047108 1.707839
vt -2.087109 1.706840
vt -2.087109 1.707840
vt -3.047108 1.706840
vt -3.047108 1.707840
vt 1.652892 1.706840
vt 3.412892 1.707840
vt 3.412891 1.706840
vt 1.652891 1.707839
vt -0.459735 1.900840
vt -0.460735 1.707840
vt -0.460735 1.900840
vt -1.047108 1.707840
vt 0.951892 1.706840
vt 0.953892 1.707840
vt 1.652891 1.707840
vt 3.412892 1.706840
vt 3.412892 1.707840
vt 1.652892 1.706840
vt 3.911892 1.706840
vt 3.911891 1.707840
vt -3.047108 1.707840
vt -2.087109 1.706840
vt -2.087109 1.707840
vt -1.047108 1.706840
vt -0.461735 1.706840
vt 0.952892 1.705840
vt -0.460734 -0.817160
vt -0.460735 1.706840
vt 1.351892 -0.817160
vt 1.352892 -0.817160
vt -0.759735 1.705840
vt -3.047108 1.706840
vt 4.884265 0.081840
vt 4.885266 0.081840
vt 1.151892 1.900840
vt 1.152892 1.706840
vt 1.151892 1.706840
vt 3.911891 3.884266
vt 1.151892 1.706840
vt 3.884266 -0.817160
vt 3.883265 0.081840
vt 3.884266 0.081840
vt 3.911891 4.884266
vt 3.912892 3.884265
vt 3.911891 5.084266
vt 5.083266 0.081840
vt 5.084266 0.081840
vt 5.084266 1.900840
vt 5.083266 1.706840
vt 5.084266 1.706840
vt 1.153892 5.084266
vt 3.911892 5.083266
vt 3.911891 5.084266
vt 3.911891 5.083266
vt 3.912891 4.884265
vt 3.912892 4.885266
vt 3.912892 5.083266
vt 1.152892 4.885266
vt 1.153892 4.883266
vt 1.152892 5.083266
vt 4.885266 0.081840
vt 4.884265 -0.817160
vt 4.884265 0.081840
vt -2.087109 4.884265
vt -2.087109 3.884266
vt 4.311893 4.884266
vt 4.312892 4.884266
vt 4.883265 -0.818160
vt 3.885266 1.504840
vt 4.312891 4.884265
vt 4.311892 4.884266
vt -2.086109 4.884266
vt -2.087109 3.884265
vt 4.312892 5.084266
vt 4.311892 5.084266
vt -2.086109 5.084266
vt -2.086109 4.884265
vt -2.087109 5.084265
vt -2.086109 5.084266
vt 5.483266 0.081840
vt 5.484266 1.504840
vt 5.483266 1.504840
vt 5.484266 -0.818160
vt 5.483266 -0.818160
vt 5.483266 -0.818160
vt 5.484266 -0.818160
vt -1.047109 5.483266
vt -1.047109 5.484266
vt -2.086109 5.483266
vt -1.047109 5.484266
vt 1.151892 4.884266
vt 5.083266 1.706840
vt 5.484266 0.081840
vt 5.484266 1.504840
vt 5.483266 2.170840
vt 5.484266 2.170840
vt 1.652892 5.484266
vt 4.311893 5.483266
vt 4.311892 5.484266
vt 0.953892 1.900840
vt 0.953892 1.706840
vt 0.952892 5.484266
vt 0.952892 5.483265
vt 1.152891 5.484266
vt 1.152891 5.483266
vt 1.352892 5.484266
vt 1.652892 5.483265
vt 1.352892 5.483266
vt 4.312892 5.483266
vt -2.087109 5.084266
vt 4.312892 5.084266
vt 4.311893 5.483267
vt 5.084266 1.504840
vt 5.083265 1.504840
vt 5.084265 0.081840
vt 5.083266 0.081840
vt 1.652891 5.483265
vt 4.311892 5.484266
vt 0.951892 5.083266
vt 0.952892 5.083266
vt 1.352892 5.483266
vt 1.652892 5.484266
vt -1.046108 4.884266
vt 4.884266 -0.817160
vt 4.884265 -0.818160
vt 5.084266 0.081840
vt 5.083266 0.081840
vt 5.083265 1.706840
vt 5.083266 1.900840
vt 5.084265 1.504840
vt 5.083265 1.504840
vt 0.951892 5.083266
vt 0.951892 5.084266
vt 0.952892 0.081840
vt 0.953892 0.081840
vt 3.884266 -0.817160
vt -1.047108 4.884265
vt -1.046108 3.884266
vt -1.047108 3.884266
vt 1.151891 -0.817160
vt 1.152892 0.081840
vt 1.153892 -0.817160
vt 1.152892 -0.817160
vt 3.911892 1.504840
vt 3.912892 1.504840
vt 4.884266 1.503840
vt 4.885266 1.505840
vt 1.151892 0.081840
vt 1.152892 -0.817160
vt 1.152892 0.081840
vt 5.083266 1.504840
vt 5.084266 1.504840
vt 5.084266 0.081840
vt 4.311892 3.885265
vt 3.913892 4.884266
vt 3.911892 4.883266
vt 1.152892 1.504840
vt 1.153892 0.081840
vt 0.952892 1.504840
vt 0.953891 0.081840
vt 0.953891 -0.817160
vt 1.153891 4.883265
vt 1.151892 1.504840
vt 0.953891 1.504840
vt 0.952892 0.081840
vt 1.151891 0.081840
vt 5.083265 1.706840
vt 5.084266 1.706840
vt 0.953891 1.504840
vt 1.153892 1.504840
vt 1.152892 1.504840
vt 3.911891 1.900840
vt 0.952892 1.504840
vt 1.151892 1.504840
vt 0.952892 2.906266
vt 3.883265 -0.817160
vt -1.047108 2.906266
vt 2.906266 -0.817160
vt 5.484266 0.081840
vt 5.483266 1.504840
vt 5.483266 0.081840
vt 0.952892 5.483266
vt 0.952892 5.484266
vt 1.152891 5.483265
vt 1.352891 5.484266
vt 3.913892 1.503840
vt 4.311892 1.503840
vt 4.311893 1.504840
vt 3.911891 -0.094734
vt 3.911891 -0.178734
vt 0.779265 0.080840
vt -0.093734 0.080840
vt -0.179734 0.080840
vt -0.092734 -0.827160
vt 3.083266 -0.827160
vt 3.083266 -0.818160
vt 3.083266 0.081840
vt 2.584266 -0.827160
vt 0.951892 2.906266
vt -1.046108 3.884266
vt -1.046108 2.906266
vt 0.951892 0.778266
vt -1.046108 0.778266
vt 1.558266 -0.818160
vt 1.266266 -0.818160
vt 1.558266 -0.827160
vt 1.351892 -0.818160
vt 1.153892 -0.827160
vt 1.153892 -0.818160
vt 1.560266 0.081840
vt 1.560266 -0.818160
vt 3.411892 1.266266
vt 1.653892 1.559266
vt 1.653892 1.266266
vt 3.411891 1.559266
vt 1.653892 1.839266
vt 3.411892 1.839266
vt 1.653892 2.583266
vt 3.411892 0.779265
vt 1.652892 0.779265
vt 3.411892 -0.094734
vt 1.352892 0.855266
vt 3.411892 0.856266
vt 1.653892 0.855265
vt 1.352892 -0.827160
vt 3.413892 0.779265
vt 3.413892 -0.092734
vt 3.413892 2.585266
vt 3.911892 3.083266
vt 3.412892 3.083266
vt 3.413891 1.839266
vt 1.352892 2.584266
vt 1.651891 2.585265
vt 1.352892 3.083266
vt 1.153892 0.855266
vt 1.153892 0.778265
vt 1.266266 -0.827160
vt 1.266266 -0.827160
vt 3.413892 1.559266
vt 3.413891 1.266266
vt 1.559266 -0.827160
vt 1.651892 1.559266
vt 1.651892 1.266266
vt 1.652892 3.083266
vt 1.153892 3.083266
vt 1.352891 2.584266
vt 1.153892 2.584266
vt 3.083266 1.706840
vt 2.584266 1.706840
vt 1.352892 1.558266
vt 1.558266 1.706840
vt 1.266266 1.706840
vt 1.558266 1.900840
vt 1.558266 1.705840
vt 3.412892 1.558266
vt 1.560266 1.705840
vt 1.560266 1.504840
vt 1.652892 1.560266
vt 1.353891 1.838266
vt 1.652891 1.838266
vt 1.351892 1.504840
vt 1.351892 1.707840
vt 3.412892 1.706840
vt 3.412891 3.083266
vt 3.412892 2.584266
vt 1.652892 3.083266
vt 1.652891 2.584266
vt 1.153892 1.840266
vt 1.352892 1.840266
vt 3.083266 1.900840
vt 3.083266 1.504840
vt 1.267266 1.505840
vt 1.559266 1.504840
vt 1.840266 1.705840
vt 3.412891 1.838266
vt 2.584266 1.504840
vt 1.558266 1.504840
vt 1.840266 1.900840
vt 2.584266 1.900840
vt 1.652891 1.558266
vt 1.652892 1.840266
vt 3.412892 1.840266
vt 1.352892 3.083266
vt 3.412891 1.560266
vt -0.093734 1.900840
vt -0.178734 1.706840
vt -0.178734 1.900840
vt 3.412892 -0.178734
vt -0.093734 1.706840
vt 0.779265 1.900840
vt 2.906266 1.900840
vt 3.883266 1.900840
vt 3.884266 1.900840
vt 2.906266 1.900840
vt 1.558266 0.081840
vt -0.093734 1.505840
vt 0.779265 1.505840
vt 3.413892 0.856266
vt 1.153892 0.856266
vt 1.267266 0.080840
vt 0.856266 0.080840
vt 3.913892 1.503840
vt 0.856266 1.505840
vt 3.911892 -0.460734
vt -0.179734 1.505840
vt -0.459735 1.705840
vt -0.178735 2.170840
vt -0.179734 1.505840
vt -0.093734 2.170840
vt 0.856266 0.080840
vt 1.266266 -0.818160
vt 1.267266 0.080840
vt 1.267266 1.505840
vt 1.266266 2.170840
vt 0.856266 1.505840
vt 3.884266 2.170840
vt -0.460734 2.170840
vt 0.856266 1.900840
vt 0.779265 -0.827160
vt 0.779265 2.170840
vt 1.151892 0.081840
vt 0.953892 1.706840
vt 1.151892 1.900840
vt 0.953892 1.900840
vt 1.151892 1.706840
vt 0.953892 1.504840
vt 1.151892 1.504840
vt 0.953891 0.081840
vt -1.048108 1.900840
vt -1.048108 1.706840
vt -1.048108 1.504840
vt -1.048108 0.081840
vt -2.087109 -0.817160
vt -1.048108 -0.817160
vt 4.884266 2.170840
vt 0.779265 -1.827160
vt -0.178735 -1.827160
vt -0.093734 -1.827160
vt 1.266266 -1.827160
vt 3.884265 -1.827160
vt 4.885266 -0.819160
vt 0.856266 -1.827160
vt 1.267266 2.170840
vt 3.884266 2.170840
vt 3.884265 -1.827160
vt 1.267266 -0.818160
vt 4.884265 -1.827160
vt 1.152892 1.706840
vt 1.351892 -0.817160
vt -0.461734 -0.817160
vt 1.352892 1.900840
vt -0.760734 0.081840
vt 3.911892 -0.760734
vt 3.911892 1.900840
vt 3.412892 1.900840
vt 1.652891 1.900840
vt 0.952892 1.900840
vt -1.047108 1.900840
vt -2.087109 1.900840
vt 1.652891 -0.761735
vt 1.352892 -0.761735
vt 1.152892 -0.761735
vt 3.911892 -1.733735
vt 3.911891 -0.761735
vt 3.412892 -0.761735
vt -1.733735 1.706840
vt 0.952892 -0.761735
vt -1.047108 -0.761735
vt -2.087109 -0.761735
vt -0.179734 0.080840
vt -0.460734 -1.827160
vt -0.860734 1.504840
vt -0.860734 -1.827160
vt -0.860734 2.170840
vt -1.733734 -1.827160
vt 4.311892 2.170840
vt 1.652892 2.170840
vt 4.311893 0.081840
vt 3.911891 -0.817160
vt 3.911892 0.081840
vt 3.911891 -4.859734
vt 3.911892 -3.178735
vt 3.412892 -0.817160
vt 3.911892 1.504840
vt -3.178735 1.706840
vt 3.911892 -3.178736
vt 3.412892 -4.859735
vt 3.412892 -3.178736
vt -1.047108 1.706840
vt -1.047108 -4.859735
vt 0.952892 -4.859735
vt 0.952892 1.706840
vt 3.913891 -0.817160
vt 4.311893 0.081840
vt 4.311892 -0.817160
vt -2.087110 -4.861735
vt -2.087109 -5.259734
vt -1.047108 -4.861735
vt 0.952892 -5.259733
vt 4.311893 -0.818160
vt -3.178735 -0.818160
vt -3.178734 -1.827160
vt 4.311892 -1.827160
vt -1.047109 2.170840
vt -2.087109 2.170840
vt -3.047109 2.170840
vt -2.087109 -1.827160
vt -1.047109 -0.819160
vt -2.087109 -0.819160
vt -3.047109 -1.827160
vt 1.652891 -4.859735
vt -4.861733 -0.817160
vt -5.259733 0.081840
vt -4.861733 0.081840
vt 1.352891 1.706840
vt 1.352891 -4.859735
vt 1.653891 1.505840
vt 1.652891 1.706840
vt 1.651891 -4.861733
vt 1.352891 -4.861734
vt 0.952892 -4.861734
vt 1.152892 -4.859735
vt 1.152892 -4.861734
vt 3.913892 0.081840
vt -3.047109 2.170840
vt -3.047109 -0.818160
vt -3.047109 1.504840
vt 1.267266 0.081840
vt -3.047109 0.081840
vt 1.267266 1.504840
vt 4.311892 4.883265
vt 3.913892 3.885266
vt 3.913892 4.883266
vt -1.733735 -0.818160
vt 3.913892 -3.177735
vt 4.311892 -3.177734
vt 3.911892 -1.733736
vt -1.733735 2.170840
vt -0.178734 -0.817160
vt -0.093735 -0.817160
vt 0.778266 0.081840
vt 0.778266 -0.817160
vt -3.047108 -0.178734
vt -0.093734 1.900840
vt -0.178734 1.706840
vt 0.778266 1.900840
vt 0.778266 1.706840
vt 0.778266 1.504840
vt -5.046109 -0.817160
vt -3.047108 -0.817160
vt -0.460734 -0.817160
vt -0.860734 -1.827160
vt -0.460734 -1.827160
vt -3.047108 1.900840
vt -0.093734 2.170840
vt 0.779265 2.170840
vt 0.856266 2.170840
vt 1.265266 1.504840
vt 1.265266 2.170840
vt -0.178735 2.170840
vt 0.856266 -1.827160
vt 1.265266 -1.827160
vt 1.265266 -0.818160
vt -0.093734 -1.827160
vt -0.760734 -0.817160
vt -5.046108 -0.461735
vt -3.047108 -0.759735
vt -5.046109 -0.759735
vt -3.047108 1.900840
vt -1.733735 -0.817160
vt -0.761735 1.900840
vt -3.047108 -0.761735
vt -0.178735 -1.827160
vt -0.460734 2.170840
vt -0.860734 2.170840
vt -5.259734 1.504840
vt -3.048109 -0.819160
vt -3.178734 -0.818160
vt -5.259733 0.081840
vt -6.086109 -1.827160
vt -3.178734 -1.827160
vt -5.259733 -0.818160
vt -3.048108 1.505840
vt -3.178736 1.706840
vt -4.859735 1.504840
vt -4.859735 0.081840
vt -3.178735 -0.817160
vt -3.178736 1.900840
vt -4.859735 1.706840
vt -3.047109 -4.859735
vt -3.047108 -3.178736
vt -1.733734 -1.827160
vt -3.178734 2.170840
vt -1.733736 1.900840
vt 1.265266 0.081840
vt -5.259733 2.170840
vt -3.047109 -1.827160
vt -2.087109 -4.859735
vt -4.861734 1.503840
vt -4.861735 0.081840
vt -5.259734 -0.817160
vt -4.861734 -0.817160
vt 1.352892 -0.819160
vt 1.652892 -1.827160
vt 1.352892 2.170840
vt -1.047109 -1.827160
vt 0.952892 -0.819160
vt 0.952892 2.170840
vt 0.952892 -1.827160
vt 1.152891 -0.819160
vt 1.152891 2.170840
vt 1.152891 -1.827160
vt 1.153892 1.900840
vt 3.285266 1.900840
vt 3.285266 1.706840
vt 3.285265 1.706840
vt 3.883266 1.900840
vt 3.285265 1.900840
vt 3.285266 -0.817160
vt 3.883265 0.081840
vt 3.285266 0.081840
vt 3.883266 -0.817160
vt 0.951892 -0.461735
vt -1.047108 -0.759735
vt -1.047108 -0.461735
vt -2.087109 -0.759735
vt -2.087109 -0.461735
vt -3.047108 -0.461735
vt 1.652892 -0.759735
vt 1.353891 -0.461735
vt 1.652892 -0.461735
vt 3.911892 -0.461735
vt 3.412891 -0.759735
vt 3.412891 -0.461735
vt 4.885266 0.081840
vt 4.885266 1.706840
vt 5.083266 1.900840
vt 4.885266 1.900840
vt 0.953892 1.900840
vt 3.884265 1.900840
vt 4.884266 1.900840
vt 3.913892 -0.817160
vt 4.311893 0.081840
vt 3.913892 0.081840
vt 1.153891 -0.817160
vt 3.911891 0.081840
vt 1.153892 0.081840
vt 5.084267 2.170840
vt 5.084266 -1.827160
vt 4.884265 2.170840
vt 5.084266 -1.827160
vt 5.084266 2.170840
vt 4.311892 1.504840
vt 4.311892 -0.818160
vt -1.047109 2.170840
vt -2.086109 1.504840
vt -2.086109 2.170840
vt -1.047109 -1.827160
vt -2.086109 -0.818160
vt -1.047108 -0.818160
vt 4.311892 0.081840
vt -2.086108 0.081840
vt 1.352892 2.170840
vt 0.952892 2.170840
vt 0.951892 0.081840
vt -1.046108 1.504840
vt -1.046108 0.081840
vt -1.046108 -0.817160
vt 4.885266 1.504840
vt 1.152891 2.170840
vt 0.951892 1.900840
vt -1.046108 1.706840
vt 0.951892 1.706840
vt 1.352891 -1.827160
vt 1.652891 -1.827160
vt 4.884266 0.081840
vt 3.883265 1.504840
vt 3.285265 1.504840
vt 3.285266 1.504840
vt 4.885266 1.504840
vt 3.911891 1.504840
vt 1.153892 1.504840
vt 3.883266 1.504840
vt 3.883265 1.706840
vt 1.653892 -0.818160
vt 1.153892 1.839266
vt 1.352892 1.838266
vt -0.093734 -0.819160
vt 1.839266 1.900839
vt 3.911892 1.901840
vt 4.312892 -0.178734
vt -4.860735 1.900840
vt -4.859735 1.901840
vt 4.311892 1.504840
vt 4.311892 1.503840
vt -1.734735 1.504840
vt -1.733735 1.503840
vt -5.047109 -0.459735
vt -0.759735 1.706840
vt -5.047109 -0.817160
vt -5.047109 -4.859735
vt -6.087109 1.265266
vt 1.652892 0.081840
vt 3.911892 -0.817160
vt -5.259733 1.504840
vt -3.047109 -5.259733
vt -2.086109 5.484266
vt 0.952892 1.900840
vt 4.883265 1.504840
vt 3.913892 1.504840
vt 3.083266 -0.827160
vt 3.883266 0.081840
vt 1.351892 -0.827160
vt 1.560266 -0.827160
vt 3.411892 2.583266
vt 1.651892 -0.827160
vt 1.651892 1.839266
vt 1.353891 1.560266
vt 4.884265 -1.827160
vt 1.267266 -1.827160
vt -0.759734 -0.817160
vt -3.178734 2.170840
vt 3.911892 -4.859735
vt 1.651892 -5.259733
vt 4.311892 -3.177735
vt 4.311892 -1.734735
vt -0.178734 1.900840
vt -4.859735 1.900840
vt -5.259734 1.503840
vt 1.352892 -1.827160
vt 3.883265 -0.817160
vt 0.951892 -0.759735
vt 1.353891 -0.759735
vt 3.911891 -0.759735
vt 4.311892 -0.817160
vt 3.911892 -0.817160
vt -2.086109 -1.827160
vt 0.951892 1.504840
vt 4.885266 -0.817160
vt 0.951892 -0.817160
vt 1.152891 -1.827160
vt -1.046109 1.900840
s 0
usemtl White
f 43/6/2 18/7/2 19/8/2
f 42/9/2 18/7/2 45/10/2
f 82/11/3 24/12/3 87/13/3
f 87/13/3 25/14/3 83/15/3
f 10/16/2 32/17/2 9/18/2
f 5/19/4 34/20/4 11/21/4
f 4/22/4 37/23/4 5/19/4
f 9/18/2 36/24/2 7/25/2
f 35/26/2 45/10/2 32/17/2
f 37/23/4 41/27/4 34/20/4
f 3/28/4 44/29/4 37/23/4
f 36/24/2 45/10/2 43/6/2
f 57/30/5 77/31/5 76/32/5
f 58/33/5 73/34/5 77/31/5
f 30/35/3 71/36/3 27/37/3
f 30/35/3 68/38/3 69/39/3
f 22/40/3 67/41/3 24/12/3
f 24/12/3 64/42/3 25/14/3
f 25/14/3 68/38/3 14/1/3
f 54/47/3 75/48/3 56/49/3
f 55/50/3 80/51/3 54/47/3
f 80/51/3 83/15/3 75/48/3
f 74/52/3 87/13/3 80/51/3
f 278/53/3 92/54/3 291/55/3
f 281/56/3 93/57/3 278/53/3
f 290/55/1 90/57/1 292/53/1
f 292/53/1 88/58/1 279/56/1
f 97/63/4 103/64/4 98/65/4
f 88/58/1 282/66/1 279/56/1
f 105/67/1 284/68/1 282/66/1
f 109/69/1 276/70/1 284/68/1
f 107/71/5 208/72/5 210/73/5
f 108/74/5 104/75/5 107/71/5
f 216/83/4 169/84/4 170/85/4
f 217/86/4 170/85/4 171/87/4
f 215/88/4 176/89/4 169/84/4
f 218/90/4 177/91/4 176/89/4
f 219/73/4 167/92/4 177/91/4
f 140/100/3 149/101/3 139/102/3
f 143/105/3 147/106/3 137/107/3
f 137/107/3 146/108/3 136/109/3
f 142/110/3 156/111/3 143/105/3
f 139/102/3 155/114/3 142/110/3
f 159/115/1 293/116/1 294/117/1
f 111/118/1 294/117/1 276/70/1
f 164/119/5 165/120/5 161/121/5
f 163/122/5 166/123/5 164/119/5
f 176/89/4 182/124/4 183/125/4
f 177/91/4 168/126/4 182/124/4
f 166/123/5 173/127/5 165/120/5
f 172/128/5 175/129/5 173/127/5
f 169/84/4 183/125/4 186/130/4
f 171/87/4 185/131/4 184/31/4
f 170/85/4 186/130/4 185/131/4
f 174/132/5 188/133/5 175/129/5
f 180/134/5 178/135/5 188/133/5
f 189/136/5 190/137/5 180/134/5
f 191/138/4 187/139/4 192/140/4
f 167/92/4 192/140/4 168/126/4
f 274/141/2 205/142/2 265/143/2
f 273/144/3 203/145/3 264/146/3
f 221/147/4 181/148/4 191/138/4
f 271/149/3 201/150/3 263/151/3
f 270/152/2 206/153/2 274/141/2
f 214/72/4 191/138/4 167/92/4
f 222/164/3 334/103/3 320/165/3
f 240/166/3 333/167/3 334/103/3
f 235/168/3 320/165/3 330/169/3
f 233/170/3 330/169/3 328/171/3
f 230/45/3 328/171/3 326/43/3
f 90/57/1 258/172/1 88/58/1
f 93/57/3 256/173/3 92/54/3
f 112/118/3 254/174/3 110/69/3
f 91/58/3 257/175/3 93/57/3
f 109/69/1 250/176/1 111/118/1
f 111/118/1 249/177/1 159/115/1
f 110/69/3 248/178/3 106/67/3
f 105/67/1 251/174/1 109/69/1
f 159/115/1 246/179/1 158/180/1
f 157/180/3 245/177/3 160/115/3
f 106/67/3 252/172/3 91/58/3
f 160/115/3 255/176/3 112/118/3
f 88/58/1 247/178/1 105/67/1
f 89/54/1 259/175/1 90/57/1
f 71/36/3 263/151/3 27/37/3
f 146/108/3 264/146/3 136/109/3
f 281/56/3 106/67/3 91/58/3
f 283/66/3 110/69/3 106/67/3
f 285/68/3 112/118/3 110/69/3
f 289/117/3 157/180/3 160/115/3
f 275/70/3 160/115/3 112/118/3
f 276/70/1 299/113/1 301/183/1
f 294/117/1 298/184/1 299/113/1
f 312/185/1 290/55/1 295/186/1
f 311/185/3 280/187/3 305/188/3
f 284/68/1 301/183/1 309/189/1
f 282/66/1 309/189/1 307/190/1
f 279/56/1 307/190/1 304/4/1
f 297/191/1 279/56/1 304/4/1
f 296/186/3 286/192/3 311/185/3
f 295/186/1 292/53/1 297/191/1
f 306/4/3 278/53/3 303/191/3
f 303/191/3 291/55/3 296/186/3
f 302/188/1 287/192/1 312/185/1
f 337/193/1 312/185/1 347/194/1
f 338/195/3 296/186/3 351/196/3
f 341/197/3 303/191/3 338/195/3
f 350/196/1 297/191/1 352/195/1
f 351/196/3 311/185/3 346/194/3
f 352/195/1 304/4/1 339/197/1
f 304/4/1 342/198/1 339/197/1
f 307/190/1 344/199/1 342/198/1
f 309/189/1 336/200/1 344/199/1
f 346/194/3 305/188/3 340/193/3
f 347/194/1 295/186/1 350/196/1
f 299/113/1 353/201/1 354/202/1
f 301/183/1 354/202/1 336/200/1
f 306/4/3 283/66/3 281/56/3
f 308/190/3 285/68/3 283/66/3
f 310/189/3 275/70/3 285/68/3
f 314/113/3 288/116/3 289/117/3
f 300/183/3 289/117/3 275/70/3
f 321/165/1 241/166/1 223/164/1
f 319/103/1 238/203/1 241/166/1
f 237/204/1 315/205/1 225/206/1
f 236/204/3 325/207/3 229/208/3
f 329/169/1 223/164/1 234/168/1
f 327/171/1 234/168/1 232/170/1
f 324/43/1 232/170/1 228/45/1
f 231/209/1 324/43/1 228/45/1
f 227/206/3 331/210/3 236/204/3
f 225/206/1 317/211/1 231/209/1
f 230/45/3 323/211/3 226/209/3
f 226/209/3 316/205/3 227/206/3
f 224/208/1 332/210/1 237/204/1
f 326/43/3 343/198/3 341/197/3
f 328/171/3 345/199/3 343/198/3
f 330/169/3 335/200/3 345/199/3
f 334/103/3 348/201/3 349/202/3
f 320/165/3 349/202/3 335/200/3
f 335/200/3 314/113/3 300/183/3
f 349/202/3 313/184/3 314/113/3
f 345/199/3 300/183/3 310/189/3
f 343/198/3 310/189/3 308/190/3
f 341/197/3 308/190/3 306/4/3
f 336/200/1 319/103/1 321/165/1
f 354/202/1 318/167/1 319/103/1
f 332/210/1 350/196/1 315/205/1
f 331/210/3 340/193/3 325/207/3
f 344/199/1 321/165/1 329/169/1
f 342/198/1 329/169/1 327/171/1
f 339/197/1 327/171/1 324/43/1
f 317/211/1 339/197/1 324/43/1
f 316/205/3 346/194/3 331/210/3
f 315/205/1 352/195/1 317/211/1
f 326/43/3 338/195/3 323/211/3
f 323/211/3 351/196/3 316/205/3
f 322/207/1 347/194/1 332/210/1
f 302/188/1 362/212/1 277/187/1
f 130/213/4 357/214/4 124/215/4
f 337/193/1 364/216/1 302/188/1
f 340/193/3 367/217/3 325/207/3
f 124/215/4 359/218/4 207/219/4
f 224/208/1 366/217/1 322/207/1
f 280/187/3 365/216/3 305/188/3
f 305/188/3 369/220/3 340/193/3
f 322/207/1 368/220/1 337/193/1
f 325/207/3 361/221/3 229/208/3
f 363/212/3 381/222/3 365/216/3
f 357/214/4 375/223/4 359/218/4
f 368/220/1 380/222/1 364/216/1
f 365/216/3 385/224/3 369/220/3
f 360/221/1 382/225/1 366/217/1
f 367/217/3 377/226/3 361/221/3
f 366/217/1 384/224/1 368/220/1
f 369/220/3 383/225/3 367/217/3
f 364/216/1 378/227/1 362/212/1
f 358/228/4 371/229/4 357/214/4
f 386/230/6 390/231/6 387/232/6
f 387/232/6 391/233/6 388/234/6
f 390/231/6 394/235/6 391/233/6
f 389/236/6 393/237/6 390/231/6
f 392/238/6 396/239/6 393/237/6
f 393/237/6 397/240/6 394/235/6
f 395/241/6 400/242/6 396/239/6
f 396/239/6 401/243/6 397/240/6
f 39/244/5 408/213/5 48/245/5
f 48/245/5 406/246/5 29/247/5
f 407/248/5 398/249/5 408/213/5
f 408/213/5 403/250/5 406/246/5
f 409/251/7 410/252/7 411/88/7
f 459/272/15 460/273/15 461/274/15
f 464/275/16 465/276/16 466/277/16
f 481/284/19 482/285/19 483/286/19
f 484/287/20 485/288/20 486/289/20
f 505/296/23 506/297/23 507/298/23
f 508/299/24 509/300/24 510/301/24
f 511/302/25 512/303/25 513/304/25
f 514/305/26 515/306/26 516/307/26
f 517/308/27 518/309/27 519/310/27
f 526/311/28 527/312/28 528/313/28
f 533/314/29 534/315/29 535/316/29
f 542/317/30 543/318/30 544/319/30
f 545/320/31 546/321/31 547/322/31
f 570/323/25 571/324/25 572/325/25
f 623/326/32 624/327/32 625/328/32
f 626/329/28 627/330/28 628/331/28
f 633/332/33 634/333/33 635/334/33
f 636/335/34 637/336/34 638/337/34
f 643/338/35 644/339/35 645/340/35
f 646/341/36 647/342/36 648/343/36
f 649/344/37 650/345/37 651/346/37
f 652/347/38 653/348/38 654/349/38
f 678/353/18 679/354/18 680/355/18
f 681/356/40 682/357/40 683/358/40
f 706/359/41 707/360/41 708/361/41
f 711/362/42 712/363/42 713/364/42
f 718/365/43 719/366/43 720/367/43
f 723/368/44 724/369/44 725/370/44
f 755/374/45 756/375/45 757/376/45
f 762/377/46 763/378/46 764/379/46
f 777/380/41 778/381/41 779/241/41
f 787/385/48 788/386/48 789/387/48
f 800/388/49 801/389/49 802/390/49
f 819/391/50 820/392/50 821/393/50
f 824/394/46 825/395/46 826/396/46
f 831/397/49 832/398/49 833/399/49
f 842/400/51 843/401/51 844/402/51
f 845/403/52 846/404/52 847/405/52
f 854/406/53 855/407/53 856/230/53
f 861/408/54 862/409/54 863/410/54
f 880/411/55 881/412/55 882/413/55
f 883/413/56 884/414/56 885/415/56
f 888/416/57 889/417/57 890/418/57
f 895/419/58 896/420/58 897/421/58
f 898/422/59 899/423/59 900/424/59
f 901/425/60 902/426/60 903/427/60
f 908/428/61 909/429/61 910/430/61
f 915/431/62 916/432/62 917/433/62
f 922/434/63 923/435/63 924/436/63
f 929/437/64 930/438/64 931/439/64
f 932/440/65 933/441/65 934/442/65
f 949/443/66 950/444/66 951/445/66
f 971/447/68 972/448/68 973/449/68
f 974/450/69 975/451/69 976/452/69
f 979/453/70 980/454/70 981/455/70
f 982/456/66 983/457/66 984/458/66
f 997/459/71 998/460/71 999/461/71
f 1009/465/69 1010/466/69 1011/467/69
f 1024/468/73 1025/469/73 1026/470/73
f 1027/471/74 1028/472/74 1029/473/74
f 1032/459/75 1033/474/75 1034/475/75
f 1047/476/76 1048/477/76 1049/478/76
f 1075/482/78 1076/483/78 1077/484/78
f 1091/488/80 1092/489/80 1093/490/80
f 1135/494/82 1136/495/82 1137/496/82
f 1142/497/83 1143/498/83 1144/499/83
f 1145/500/84 1146/501/84 1147/502/84
f 1150/503/73 1151/504/73 1152/505/73
f 1155/506/85 1156/507/85 1157/508/85
f 1164/509/86 1165/510/86 1166/511/86
f 1167/512/87 1168/513/87 1169/316/87
f 1174/514/88 1175/515/88 1176/516/88
f 1177/517/60 1178/518/60 1179/519/60
f 1184/517/89 1185/520/89 1186/521/89
f 1193/522/90 1194/523/90 1195/280/90
f 1196/524/91 1197/525/91 1198/526/91
f 1199/527/92 1200/528/92 1201/529/92
f 1202/530/20 1203/531/20 1204/532/20
f 1207/533/21 1208/534/21 1209/535/21
f 1212/536/93 1213/537/93 1214/538/93
f 1215/539/94 1216/540/94 1217/541/94
f 1218/542/95 1219/543/95 1220/544/95
f 1221/545/96 1222/546/96 1223/547/96
f 1224/548/97 1225/549/97 1226/541/97
f 1235/550/98 1236/551/98 1237/552/98
f 1240/553/36 1241/554/36 1242/555/36
f 1251/556/10 1252/557/10 1253/558/10
f 1254/559/99 1255/560/99 1256/561/99
f 1257/562/100 1258/563/100 1259/564/100
f 1260/565/101 1261/566/101 1262/561/101
f 1285/567/102 1286/568/102 1287/547/102
f 1292/569/103 1293/570/103 1294/541/103
f 1304/574/66 1305/573/66 1306/572/66
f 1337/575/105 1338/576/105 1339/577/105
f 1353/581/107 1354/582/107 1355/583/107
f 1362/584/28 1363/585/28 1364/586/28
f 1383/587/12 1384/588/12 1385/589/12
f 1388/579/108 1389/590/108 1390/591/108
f 589/23/110 593/593/110 594/594/110
f 420/600/113 445/276/113 447/601/113
f 464/275/116 462/615/116 463/616/116
f 463/616/116 487/628/116 488/629/116
f 488/629/116 493/630/116 494/631/116
f 494/631/116 461/274/116 460/273/116
f 460/273/121 414/650/121 415/651/121
f 465/276/122 412/652/122 413/653/122
f 424/25/122 474/654/122 476/655/122
f 426/595/120 485/288/120 484/287/120
f 482/285/123 422/656/123 423/657/123
f 596/29/120 517/308/120 595/658/120
f 514/305/122 597/659/122 598/6/122
f 522/660/124 506/297/124 505/296/124
f 415/651/121 579/661/121 580/662/121
f 413/653/125 585/663/125 586/664/125
f 421/665/125 587/666/125 588/667/125
f 423/657/126 590/668/126 589/23/126
f 526/311/121 511/669/121 513/670/121
f 529/671/127 507/672/127 506/673/127
f 531/674/127 509/300/127 508/299/127
f 519/675/128 550/676/128 551/677/128
f 533/678/129 528/679/129 527/680/129
f 527/312/130 560/681/130 561/682/130
f 515/683/131 517/308/131 519/310/131
f 540/684/132 554/685/132 555/686/132
f 541/687/128 546/321/128 545/320/128
f 547/688/133 538/689/133 539/690/133
f 544/319/119 534/315/119 542/317/119
f 545/691/134 523/692/134 522/660/134
f 510/301/135 536/693/135 537/694/135
f 513/670/135 562/695/135 563/696/135
f 548/697/136 505/301/136 507/672/136
f 551/677/137 564/698/137 565/682/137
f 515/306/135 553/699/135 516/307/135
f 556/686/135 537/694/135 536/693/135
f 566/700/138 686/701/138 687/702/138
f 558/703/136 549/704/136 548/697/136
f 561/682/136 553/699/136 552/677/136
f 563/696/135 557/705/135 556/686/135
f 565/682/128 534/315/128 533/314/128
f 573/706/138 571/324/138 570/323/138
f 559/707/136 520/708/136 521/695/136
f 521/695/136 572/709/136 571/710/136
f 524/711/121 570/669/121 572/709/121
f 574/712/139 544/713/139 543/714/139
f 555/686/128 568/715/128 569/716/128
f 569/716/132 543/318/132 542/317/132
f 567/717/138 631/718/138 632/719/138
f 720/367/131 578/720/131 718/365/131
f 711/362/140 681/721/140 683/722/140
f 588/667/141 601/723/141 602/724/141
f 586/664/122 603/725/122 604/726/122
f 418/727/114 723/368/114 725/370/114
f 580/662/121 605/728/121 606/729/121
f 581/24/127 425/730/127 424/25/127
f 583/731/126 427/732/126 426/595/126
f 594/594/133 539/690/133 538/689/133
f 596/29/110 584/733/110 583/731/110
f 598/6/141 582/734/141 581/24/141
f 602/724/125 532/735/125 531/674/125
f 604/726/125 530/736/125 529/671/125
f 606/729/121 525/737/121 524/711/121
f 1337/738/115 1367/739/115 1368/740/115
f 619/747/131 508/748/131 510/749/131
f 621/619/142 512/303/142 511/302/142
f 623/326/143 670/750/143 671/751/143
f 673/752/138 626/329/138 672/753/138
f 624/428/121 627/427/121 625/430/121
f 409/251/112 630/754/112 410/252/112
f 592/755/112 633/332/112 591/756/112
f 636/757/142 599/758/142 600/759/142
f 638/337/119 635/428/119 634/430/119
f 675/760/144 645/761/144 674/762/144
f 646/341/131 676/763/131 677/764/131
f 648/344/122 644/339/122 643/338/122
f 642/765/124 651/766/124 641/767/124
f 651/346/145 637/336/145 636/335/145
f 647/342/135 626/329/135 628/331/135
f 624/327/116 645/761/116 644/768/116
f 655/771/146 620/772/146 619/747/146
f 657/773/142 622/774/142 621/619/142
f 671/751/112 698/778/112 699/782/112
f 673/752/142 700/783/142 701/778/142
f 675/760/114 702/784/114 703/785/114
f 677/764/147 704/786/147 705/787/147
f 470/794/110 652/347/110 471/795/110
f 678/353/114 469/796/114 471/795/114
f 655/771/131 682/357/131 656/797/131
f 687/702/138 658/798/138 657/773/138
f 699/782/112 592/755/112 591/756/112
f 701/778/150 600/759/150 599/758/150
f 703/785/114 639/801/114 640/802/114
f 705/787/131 642/765/131 641/767/131
f 690/803/122 688/804/122 689/805/122
f 689/805/122 679/354/122 678/353/122
f 684/806/125 691/131/125 690/803/125
f 682/357/125 685/807/125 684/806/125
f 707/360/121 714/808/121 715/809/121
f 709/810/151 713/811/151 712/812/151
f 715/809/121 716/813/121 717/814/121
f 717/814/151 710/815/151 709/810/151
f 417/816/112 707/360/112 416/817/112
f 575/818/138 712/363/138 711/362/138
f 726/819/152 728/820/152 729/821/152
f 724/369/153 727/822/153 726/819/153
f 729/821/154 721/823/154 722/824/154
f 722/824/152 720/825/152 719/826/152
f 706/827/155 680/280/155 679/828/155
f 732/829/114 876/830/114 877/831/114
f 734/763/156 736/832/156 737/786/156
f 737/786/157 730/801/157 731/833/157
f 870/834/120 888/581/120 890/835/120
f 740/836/131 878/831/131 879/830/131
f 742/837/131 744/785/131 745/838/131
f 745/838/131 738/802/131 739/839/131
f 746/840/143 880/411/143 882/413/143
f 885/415/138 749/841/138 883/413/138
f 773/842/128 771/843/128 772/844/128
f 772/844/132 769/845/132 770/846/132
f 767/847/132 765/848/132 766/849/132
f 758/850/145 768/851/145 767/847/145
f 766/849/128 763/378/128 762/377/128
f 770/846/132 759/852/132 758/850/132
f 632/719/138 764/379/138 763/378/138
f 760/376/112 630/754/112 629/856/112
f 798/857/136 796/738/136 797/858/136
f 797/858/135 794/322/135 795/526/135
f 792/859/159 790/860/159 791/861/159
f 783/687/130 793/862/130 792/859/130
f 791/861/136 787/394/136 789/710/136
f 795/526/135 784/863/135 783/687/135
f 785/871/112 761/872/112 760/376/112
f 800/388/156 640/802/156 639/801/156
f 739/839/131 805/873/131 806/874/131
f 731/833/114 803/874/114 804/873/114
f 804/873/144 807/875/144 808/876/144
f 809/877/131 806/874/131 805/873/131
f 801/878/120 649/344/120 802/879/120
f 801/389/148 633/332/148 635/334/148
f 808/876/157 811/880/157 812/881/157
f 813/882/146 810/883/146 809/877/146
f 850/884/161 1111/885/161 1112/886/161
f 848/887/162 1113/888/162 1114/889/162
f 822/890/119 836/891/119 837/410/119
f 837/410/119 834/892/119 835/893/119
f 829/894/163 827/895/163 828/896/163
f 822/890/119 826/897/119 823/898/119
f 835/893/119 819/391/119 821/393/119
f 840/902/113 1063/903/113 1064/904/113
f 843/401/165 815/905/165 816/906/165
f 816/906/165 841/907/165 840/902/165
f 826/897/129 911/908/129 912/909/129
f 814/910/131 925/911/131 926/912/131
f 812/881/157 927/912/157 928/913/157
f 820/392/112 913/914/112 914/915/112
f 825/395/166 852/916/166 853/695/166
f 861/917/119 859/918/119 860/919/119
f 860/919/119 855/407/119 854/406/119
f 853/695/132 857/920/132 858/921/132
f 858/921/145 872/697/145 873/924/145
f 875/925/128 862/926/128 874/233/128
f 1065/927/119 885/928/119 884/929/119
f 864/930/163 838/931/163 839/932/163
f 1064/904/113 845/933/113 847/934/113
f 1099/935/168 1043/936/168 1044/937/168
f 868/938/132 865/939/132 864/930/132
f 884/414/128 1083/940/128 1084/941/128
f 873/924/132 866/525/132 867/942/132
f 875/925/169 869/724/169 868/938/169
f 828/896/169 867/942/169 866/525/169
f 870/834/120 831/397/120 871/943/120
f 877/831/170 735/944/170 734/763/170
f 879/830/131 743/760/131 742/837/131
f 881/945/171 893/946/171 894/947/171
f 886/948/172 1066/949/172 1065/927/172
f 1024/950/158 1085/940/158 1086/951/158
f 894/947/173 887/952/173 886/948/173
f 1032/459/174 1087/953/174 1088/954/174
f 830/955/137 1100/956/137 1099/935/137
f 891/957/159 1115/958/159 1116/959/159
f 922/434/120 895/419/120 897/421/120
f 896/420/114 932/440/114 934/442/114
f 897/878/175 909/429/175 908/428/175
f 929/960/140 902/426/140 901/425/140
f 899/423/176 934/961/176 933/962/176
f 923/346/166 915/963/166 917/335/166
f 903/964/138 917/433/138 916/432/138
f 904/965/129 789/387/129 788/386/129
f 950/444/136 1045/966/136 1046/967/136
f 906/968/112 786/969/112 785/871/112
f 998/460/177 1094/970/177 1095/971/177
f 899/972/121 903/964/121 900/973/121
f 910/974/112 898/975/112 900/973/112
f 912/909/178 905/976/178 904/965/178
f 914/915/112 907/977/112 906/968/112
f 774/978/128 1101/979/128 1102/980/128
f 982/467/136 1052/981/136 1053/937/136
f 916/432/119 908/982/119 910/974/119
f 918/983/131 847/405/131 846/404/131
f 920/984/114 844/985/114 843/405/114
f 926/912/131 919/988/131 918/983/131
f 928/913/114 921/989/114 920/984/114
f 931/439/124 924/436/124 923/435/124
f 933/441/122 930/438/122 929/437/122
f 939/990/179 937/991/179 938/992/179
f 951/445/124 940/996/124 939/990/124
f 941/997/180 943/998/180 944/999/180
f 956/1000/180 942/1001/180 941/997/180
f 944/999/154 952/1002/154 953/449/154
f 953/449/152 949/1003/152 951/466/152
f 959/1004/181 957/1005/181 958/1006/181
f 958/1006/182 961/1007/182 962/1008/182
f 965/1009/142 963/1006/142 964/1010/142
f 964/1010/183 967/1008/183 968/1011/183
f 971/1012/184 975/451/184 974/450/184
f 976/1016/179 938/992/179 937/991/179
f 983/466/165 979/453/165 984/1003/165
f 972/509/185 980/1018/185 973/1019/185
f 985/1020/150 968/1011/150 967/1008/150
f 962/1008/181 987/1021/181 988/1022/181
f 989/1023/183 986/1021/183 985/1020/183
f 988/1022/181 991/1024/181 992/1025/181
f 947/1026/150 990/1027/150 989/1023/150
f 992/1025/182 993/1028/182 994/1026/182
f 999/1029/186 1067/1030/186 1068/1031/186
f 1002/1032/120 1000/999/120 1001/998/120
f 1006/1033/184 1003/997/184 1002/1032/184
f 1001/998/126 1007/449/126 1008/448/126
f 1008/448/187 1010/466/187 1009/465/187
f 997/459/183 1012/1034/183 1013/1035/183
f 994/1026/182 1014/1036/182 1015/1037/182
f 1011/1040/188 1018/1041/188 1019/1042/188
f 995/1043/189 1022/1044/189 1023/1045/189
f 1026/1046/112 960/1047/112 959/1004/112
f 1028/472/142 966/1048/142 965/1009/142
f 1025/469/171 1030/1049/171 1031/1050/171
f 1020/1051/172 1069/1052/172 1070/1053/172
f 1023/1045/190 1034/1054/190 1033/1055/190
f 1031/1050/149 1021/1056/149 1020/1051/149
f 1037/1059/179 983/457/179 982/456/179
f 1019/1042/179 1038/1061/179 1037/1059/179
f 1013/1035/150 1039/1062/150 1040/1063/150
f 1041/1035/191 1033/474/191 1032/459/191
f 1015/1037/181 1042/1064/181 1041/1035/181
f 1040/1063/183 948/1065/183 947/1026/183
f 1044/937/128 1009/465/128 1011/467/128
f 1046/967/192 1105/1066/192 1106/1067/192
f 1047/1068/166 1107/1069/166 1108/141/166
f 1050/1070/128 974/1071/128 976/1016/128
f 1053/937/136 1109/1072/136 1110/1073/136
f 1054/1075/193 1057/1076/193 1056/1077/193
f 1054/1075/184 1048/1078/184 1055/142/184
f 1068/1031/186 996/1079/186 995/1043/186
f 1070/1053/194 1029/1080/194 1028/1081/194
f 1071/1082/195 846/404/195 845/403/195
f 1073/1083/162 842/1084/162 844/985/162
f 1078/1087/196 1082/1088/196 1081/1089/196
f 1075/482/189 1078/1087/189 1076/483/189
f 1084/941/197 1027/471/197 1029/473/197
f 881/412/198 1085/940/198 882/413/198
f 1088/954/162 849/1090/162 848/887/162
f 891/957/140 1091/488/140 892/1091/140
f 1095/971/161 851/887/161 850/884/161
f 1089/1093/122 1093/490/122 1092/489/122
f 1089/1093/122 1097/1094/122 1090/1095/122
f 1102/980/128 1051/1096/128 1050/1070/128
f 1106/1067/135 719/366/135 718/365/135
f 1108/141/200 839/932/200 838/931/200
f 1110/1073/136 799/1097/136 798/857/136
f 1112/886/161 1121/1098/161 1122/1099/161
f 1114/889/162 1123/1100/162 1124/1098/162
f 1116/959/161 1125/1101/161 1126/1102/161
f 1122/1099/135 1138/1106/135 1139/1107/135
f 1124/1098/162 1140/1108/162 1141/1106/162
f 1126/1102/135 1148/1109/135 1149/1110/135
f 1129/1085/159 1072/1113/159 1071/1082/159
f 1131/1114/162 1074/1082/162 1073/1083/162
f 1133/1115/195 1077/484/195 1076/483/195
f 1139/1107/203 1130/1114/203 1129/1085/203
f 1141/1106/162 1132/1085/162 1131/1114/162
f 1149/1110/177 1134/1116/177 1133/1115/177
f 1142/525/133 1369/1118/133 1370/674/133
f 1146/501/109 1151/504/109 1150/503/109
f 1152/1119/119 1321/1120/119 1322/1121/119
f 1136/495/128 1144/499/128 1143/498/128
f 1075/1123/139 862/409/139 861/408/139
f 1091/1124/131 1048/477/131 1047/476/131
f 1155/506/128 1159/1125/128 1156/507/128
f 1159/1125/128 1162/1126/128 1163/1127/128
f 1163/1127/128 1160/1128/128 1161/1129/128
f 1172/1130/137 1170/1131/137 1171/1132/137
f 1164/675/128 1173/1133/128 1172/1130/128
f 1171/1132/137 1168/513/137 1167/512/137
f 764/1134/119 1168/1135/119 762/1136/119
f 1187/1137/136 1184/1138/136 1186/1139/136
f 1182/1140/135 1180/1141/135 1181/1142/135
f 1182/1140/204 1174/514/204 1183/1143/204
f 1181/1142/136 1177/1144/136 1179/1145/136
f 1189/1146/136 1191/1147/136 1192/1148/136
f 1192/1148/136 1188/1149/136 1187/1137/136
f 788/386/121 1179/519/121 1178/518/121
f 1167/1150/129 1178/518/129 1177/517/129
f 1185/1151/205 777/380/205 1186/1139/205
f 752/1152/119 1157/510/119 1156/1153/119
f 755/374/110 1165/510/110 756/375/110
f 1176/516/127 780/1154/127 782/1155/127
f 1165/510/179 1174/517/179 1176/1156/179
f 1185/520/150 1155/1150/150 1157/510/150
f 1161/1129/128 972/448/128 971/447/128
f 979/453/136 1190/1157/136 1189/1146/136
f 1213/537/121 1323/1158/121 1324/1159/121
f 1150/503/112 1207/533/112 1209/535/112
f 1199/1160/126 1371/1161/126 1372/1162/126
f 1146/501/114 1202/530/114 1147/502/114
f 1143/498/146 1201/529/146 1200/528/146
f 1205/1163/129 1137/496/129 1136/495/129
f 1197/525/125 1377/1164/125 1378/674/125
f 1208/1165/119 1329/1166/119 1330/1167/119
f 1210/1168/138 1206/1169/138 1205/1163/138
f 1221/1170/136 1218/542/136 1220/544/136
f 1225/549/121 1331/1171/121 1332/1172/121
f 1220/1173/125 1379/1174/125 1380/1175/125
f 1215/1176/116 1226/1177/116 1225/1178/116
f 1223/1179/142 1211/1180/142 1210/1168/142
f 1226/1177/112 1213/1181/112 1224/1182/112
f 1197/1183/146 1218/542/146 1198/1184/146
f 1193/1183/114 1217/542/114 1216/1185/114
f 1240/553/122 1239/1186/122 1241/554/122
f 1235/1187/122 1239/1186/122 1238/1188/122
f 1233/1189/138 749/841/138 748/1190/138
f 741/829/131 1229/1191/131 1230/1192/131
f 832/398/114 1236/1193/114 833/399/114
f 1242/555/124 890/835/124 889/1194/124
f 733/836/114 1227/1195/114 1228/1196/114
f 1231/1197/112 747/1198/112 746/840/112
f 1228/1196/144 1243/1199/144 1244/1200/144
f 1245/1200/131 1230/1192/131 1229/1191/131
f 1247/1201/143 1232/1189/143 1231/1197/143
f 1234/1202/138 1249/1203/138 1250/1204/138
f 1265/1205/120 1267/1206/120 1268/1207/120
f 1255/560/120 1263/1208/120 1264/1209/120
f 1261/566/119 1271/1210/119 1272/1211/119
f 1258/563/148 1275/1212/148 1276/1213/148
f 1262/1214/128 1277/1215/128 1278/1212/128
f 1388/579/135 1196/1216/135 1198/1184/135
f 1286/568/151 1395/1175/151 1396/1217/151
f 1264/1209/120 1266/1218/120 1265/1205/120
f 1268/1207/120 1252/557/120 1251/556/120
f 1269/1219/206 1259/1220/206 1258/1221/206
f 1273/1222/109 1253/1223/109 1252/1224/109
f 1390/1225/205 1375/508/205 1376/1226/205
f 1278/1212/128 1281/1227/128 1282/1228/128
f 1282/1228/128 1290/1229/128 1291/1230/128
f 1283/1231/118 1274/1232/118 1273/1222/118
f 1288/1229/109 1284/1233/109 1283/1231/109
f 1251/1234/170 1244/1200/170 1243/1199/170
f 1248/1235/182 1257/562/182 1259/564/182
f 1246/1236/131 1256/1237/131 1255/1234/131
f 1260/564/138 1250/1204/138 1249/1203/138
f 1396/1217/205 1393/1238/205 1394/1239/205
f 1394/1239/196 1279/1240/196 1280/1241/196
f 1295/1242/128 1254/1243/128 1256/1237/128
f 1293/570/151 1280/1241/151 1279/1240/151
f 1389/590/150 1287/1244/150 1286/1245/150
f 1300/1246/132 1296/1247/132 1295/1242/132
f 1313/1248/185 1305/573/185 1304/574/185
f 1297/541/114 1317/1249/114 1318/1250/114
f 1299/569/207 1309/1251/207 1310/1252/207
f 1302/1253/125 1306/1173/125 1305/1254/125
f 1310/1252/207 1311/1255/207 1312/1256/207
f 1312/1256/125 1303/1175/125 1302/1253/125
f 1304/574/135 1285/1258/135 1287/1244/135
f 1384/588/115 1335/1259/115 1336/1260/115
f 1318/1250/114 1386/1261/114 1387/219/114
f 1314/1262/131 1391/1263/131 1392/1264/131
f 1385/589/109 1204/1265/109 1203/280/109
f 1319/1266/126 1145/1267/126 1147/1268/126
f 1322/1121/119 1351/1269/119 1352/1270/119
f 1324/1159/121 1362/1271/121 1364/1272/121
f 1325/1273/126 1202/1274/126 1204/1265/126
f 1327/1275/125 1194/523/125 1193/522/125
f 1353/581/119 1329/1166/119 1354/582/119
f 1332/1172/121 1365/1276/121 1366/1277/121
f 1333/1278/127 1216/540/127 1215/539/127
f 1208/534/148 833/1279/148 1209/535/148
f 1236/551/199 1212/1280/199 1214/1281/199
f 1347/1282/120 1320/1283/120 1319/1266/120
f 1345/1284/119 1336/1260/119 1335/1259/119
f 1340/1285/151 1342/587/151 1344/1286/151
f 1195/1287/199 1344/580/199 1343/579/199
f 1200/528/128 1339/577/128 1338/576/128
f 1349/1288/120 1326/1275/120 1325/1273/120
f 1352/1270/119 1373/312/119 1374/316/119
f 1356/1289/196 1341/1290/196 1340/1285/196
f 1358/724/141 1328/1291/141 1327/1275/141
f 1360/1238/141 1334/1241/141 1333/1278/141
f 1366/1277/121 1381/1292/121 1382/1293/121
f 1368/740/115 1346/1294/115 1345/1284/115
f 1370/674/126 1348/1295/126 1347/1282/126
f 1372/1162/133 1350/1296/133 1349/1288/133
f 1374/316/119 1135/1297/119 1137/396/119
f 1376/1226/151 1357/1298/151 1356/1289/151
f 1378/674/125 1359/1299/125 1358/724/125
f 1380/1175/127 1361/1256/127 1360/1238/127
f 1382/1293/121 1222/546/121 1221/545/121
f 575/818/138 1337/575/138 576/1300/138
f 1383/1301/112 417/816/112 416/817/112
f 1392/1264/131 578/720/131 577/1302/131
f 1387/219/114 419/1303/114 418/727/114
f 1315/1304/119 1270/1305/119 1269/1219/119
f 1272/1211/208 1316/1306/208 1315/1304/208
f 1276/1213/109 1307/1307/109 1308/1308/109
f 1308/1308/109 1289/1309/109 1288/1229/109
f 1291/1230/128 1301/1310/128 1300/1246/128
f 1364/1272/138 1355/583/138 1354/582/138
f 1353/1311/132 889/417/132 888/416/132
f 1363/585/130 1240/1312/130 1242/1313/130
f 410/252/4 698/1316/4 84/83/4
f 592/1317/4 630/754/4 634/1318/4
f 84/83/4 456/1319/4 410/252/4
f 7/25/2 585/663/2 412/652/2
f 12/21/5 465/1320/5 413/1321/5
f 412/652/2 463/616/2 7/25/2
f 413/1321/5 33/20/5 12/21/5
f 11/21/4 579/1322/4 414/1321/4
f 10/16/2 460/273/2 415/651/2
f 414/1321/4 458/1323/4 11/21/4
f 415/651/2 35/26/2 10/16/2
f 38/244/4 1383/1301/4 416/817/4
f 416/817/4 715/809/4 38/244/4
f 39/244/5 723/368/5 419/1303/5
f 419/1303/5 407/248/5 39/244/5
f 425/730/2 587/666/2 420/600/2
f 420/600/2 474/654/2 425/730/2
f 421/1329/5 57/30/5 49/1330/5
f 49/1330/5 445/1331/5 421/1329/5
f 12/21/5 590/668/5 422/656/5
f 426/1332/6 482/1333/6 423/1334/6
f 422/656/5 480/293/5 12/21/5
f 423/1334/6 583/734/6 426/1332/6
f 427/732/5 581/1335/5 424/1336/5
f 424/1336/5 485/288/5 427/732/5
f 11/21/4 477/285/4 5/19/4
f 7/25/2 488/629/2 9/18/2
f 471/795/5 57/30/5 76/32/5
f 678/353/5 76/32/5 689/805/5
f 49/1330/5 652/347/5 611/1362/5
f 4/22/4 614/1363/4 50/1330/4
f 5/19/4 472/1366/4 4/22/4
f 9/18/2 494/631/2 10/16/2
f 505/1370/3 21/1371/3 522/1372/3
f 529/1373/5 523/692/5 20/1374/5
f 530/736/2 548/697/2 507/672/2
f 516/307/2 509/300/2 532/735/2
f 537/1375/3 619/770/3 510/262/3
f 531/1376/5 620/772/5 52/1377/5
f 53/1377/4 511/1378/4 528/1379/4
f 526/311/2 563/696/2 560/681/2
f 512/303/3 55/50/3 562/1380/3
f 553/699/2 536/693/2 516/307/2
f 595/658/5 514/1381/5 598/1382/5
f 552/1383/3 519/1384/3 551/1385/3
f 597/659/2 532/735/2 601/723/2
f 550/676/6 540/684/6 555/686/6
f 596/1386/6 538/1118/6 518/1387/6
f 518/1387/6 546/321/6 540/684/6
f 524/711/2 520/708/2 17/1388/2
f 18/7/2 520/708/2 558/703/2
f 521/1389/3 574/712/3 26/1390/3
f 559/1391/3 26/1390/3 23/1392/3
f 20/1374/5 547/688/5 539/690/5
f 545/1393/3 21/1371/3 541/1394/3
f 42/9/2 524/711/2 17/1388/2
f 15/1374/4 570/1395/4 525/1373/4
f 41/27/4 525/1373/4 605/1396/4
f 627/1397/4 528/1379/4 46/1398/4
f 44/29/4 528/1379/4 535/1399/4
f 527/680/3 565/1400/3 533/678/3
f 604/1396/5 20/1374/5 40/1401/5
f 43/6/2 530/736/2 603/725/2
f 602/1402/5 52/1377/5 58/33/5
f 41/27/4 535/1399/4 15/1374/4
f 15/1374/4 544/1403/4 573/1404/4
f 564/698/6 542/317/6 534/315/6
f 557/1405/3 56/49/3 537/1375/3
f 40/1401/5 539/690/5 593/593/5
f 541/1394/3 23/1392/3 554/1406/3
f 26/1390/3 543/714/3 568/1407/3
f 549/1408/3 23/1392/3 21/1371/3
f 19/8/2 558/703/2 548/697/2
f 561/1409/3 551/1385/3 565/1400/3
f 550/676/6 569/716/6 564/698/6
f 560/681/2 556/686/2 553/699/2
f 23/1392/3 568/1407/3 554/1406/3
f 562/1380/3 54/47/3 557/1405/3
f 686/701/3 22/40/3 82/11/3
f 566/1410/4 65/1411/4 631/1412/4
f 567/717/3 66/1413/3 22/40/3
f 16/1414/4 687/1415/4 86/807/4
f 575/818/3 1391/1263/3 1338/576/3
f 28/247/4 712/812/4 576/1416/4
f 575/818/3 718/365/3 578/720/3
f 1337/1417/4 28/247/4 576/1416/4
f 29/247/5 1392/1418/5 577/1419/5
f 577/1419/5 721/823/5 29/247/5
f 580/662/2 42/9/2 35/26/2
f 34/20/4 605/1396/4 579/1322/4
f 584/733/5 598/1382/5 581/1335/5
f 582/734/2 601/723/2 587/666/2
f 583/734/6 594/723/6 596/1386/6
f 586/1322/5 40/1401/5 33/20/5
f 36/24/2 603/725/2 585/663/2
f 588/1420/5 58/33/5 57/30/5
f 33/20/5 593/593/5 590/668/5
f 633/332/1 639/801/1 591/756/1
f 591/756/1 702/784/1 699/782/1
f 599/1421/4 65/1411/4 16/1414/4
f 600/759/3 651/766/3 636/757/3
f 700/783/3 641/767/3 600/759/3
f 599/1421/4 86/807/4 701/1422/4
f 50/1330/4 662/352/4 78/86/4
f 56/49/3 655/1424/3 619/770/3
f 52/1377/5 656/797/5 73/34/5
f 79/34/4 621/772/4 53/1377/4
f 622/774/3 74/52/3 55/50/3
f 4/22/4 625/1425/4 3/28/4
f 671/751/1 645/761/1 623/326/1
f 625/1425/4 46/1398/4 3/28/4
f 50/1330/4 670/1426/4 625/1425/4
f 624/428/2 647/960/2 628/1427/2
f 626/329/3 677/764/3 672/753/3
f 673/1428/4 53/1377/4 627/1397/4
f 634/1318/4 761/872/4 97/63/4
f 65/1411/4 764/1134/4 631/1412/4
f 632/719/3 765/848/3 66/1413/3
f 637/336/6 801/878/6 635/428/6
f 634/1318/4 98/65/4 638/1430/4
f 638/1430/4 1169/1431/4 65/1411/4
f 640/1317/5 126/83/5 703/1316/5
f 640/1317/5 209/90/5 128/88/5
f 642/1421/5 804/1432/5 649/1433/5
f 704/1422/5 731/1434/5 642/1421/5
f 675/1435/5 211/1436/5 643/1437/5
f 832/398/5 643/1437/5 211/1436/5
f 870/834/5 648/1438/5 643/1437/5
f 877/1439/5 676/1440/5 648/1438/5
f 732/1441/5 648/1438/5 890/835/5
f 649/1433/5 808/1442/5 108/74/5
f 107/71/5 649/1433/5 108/74/5
f 655/1424/3 83/15/3 683/722/3
f 73/34/5 682/357/5 684/806/5
f 86/807/4 657/1443/4 79/34/4
f 658/798/3 82/11/3 74/52/3
f 78/86/4 695/1444/4 84/83/4
f 699/782/1 674/762/1 671/751/1
f 84/83/4 670/1426/4 78/86/4
f 701/1422/4 79/34/4 673/1428/4
f 672/753/3 705/787/3 700/783/3
f 703/1316/5 123/86/5 675/1435/5
f 676/1440/5 737/1445/5 704/1422/5
f 688/1446/2 706/827/2 679/828/2
f 30/35/3 683/722/3 14/1/3
f 710/1447/2 681/1448/2 713/1449/2
f 683/722/3 25/14/3 14/1/3
f 77/31/5 684/806/5 690/803/5
f 685/1450/2 716/1451/2 691/1452/2
f 76/32/5 690/803/5 689/805/5
f 691/1452/2 714/1453/2 688/1446/2
f 47/245/4 709/810/4 28/247/4
f 711/362/3 27/37/3 718/365/3
f 38/244/4 717/814/4 47/245/4
f 27/37/3 1106/1067/3 718/365/3
f 719/1454/2 270/152/2 722/1455/2
f 29/247/5 728/820/5 48/245/5
f 722/1455/2 274/141/2 729/1456/2
f 726/1457/2 1103/1458/2 724/1459/2
f 48/245/5 727/822/5 39/244/5
f 729/1456/2 265/143/2 726/1457/2
f 736/832/1 228/45/1 730/801/1
f 228/45/1 803/874/1 730/801/1
f 733/836/1 237/204/1 876/830/1
f 733/836/1 360/221/1 224/208/1
f 890/835/5 1227/1460/5 732/1441/5
f 735/944/1 231/209/1 736/832/1
f 876/830/1 225/206/1 735/944/1
f 739/839/3 226/209/3 745/838/3
f 128/88/5 744/1461/5 126/83/5
f 739/839/3 233/170/3 230/45/3
f 128/88/5 805/1462/5 738/1463/5
f 879/830/3 229/208/3 740/836/3
f 878/1464/5 832/398/5 211/1436/5
f 229/208/3 1229/1191/3 740/836/3
f 741/1465/5 1237/1466/5 832/398/5
f 745/838/3 227/206/3 742/837/3
f 742/837/3 236/204/3 879/830/3
f 123/86/5 744/1461/5 743/1467/5
f 123/86/5 878/1464/5 211/1436/5
f 130/213/4 880/1468/4 747/1469/4
f 747/1469/4 358/228/4 130/213/4
f 287/192/1 746/840/1 882/413/1
f 277/187/1 1231/1197/1 746/840/1
f 286/192/3 749/841/3 280/187/3
f 749/841/3 363/212/3 280/187/3
f 748/1470/4 1066/1471/4 207/219/4
f 207/219/4 1233/1472/4 748/1470/4
f 356/1473/6 752/380/6 1156/507/6
f 755/1474/6 356/1473/6 1166/1387/6
f 754/1475/4 1185/520/4 1157/510/4
f 1176/1156/5 756/375/5 1165/510/5
f 758/1476/6 1173/1133/6 1166/1387/6
f 64/42/3 769/845/3 68/38/3
f 67/41/3 759/852/3 64/42/3
f 1166/1387/6 770/525/6 758/1476/6
f 761/872/4 102/1477/4 97/63/4
f 762/1479/6 1170/1131/6 766/1480/6
f 766/1480/6 1173/1133/6 767/1481/6
f 66/1413/3 768/851/3 67/41/3
f 770/525/6 1156/507/6 772/1482/6
f 68/38/3 771/843/3 69/39/3
f 772/1482/6 1159/1125/6 773/1483/6
f 69/39/3 774/978/3 71/36/3
f 774/978/3 271/149/3 71/36/3
f 773/1483/6 1163/1127/6 1101/1484/6
f 355/1473/2 780/1154/2 1175/515/2
f 777/380/2 355/1473/2 1186/1139/2
f 784/863/2 1182/1140/2 793/862/2
f 792/1485/3 142/110/3 783/1486/3
f 794/322/2 1175/515/2 784/863/2
f 783/1486/3 143/105/3 795/1487/3
f 786/969/4 900/973/4 102/1477/4
f 790/860/2 1179/1145/2 787/394/2
f 789/1489/3 140/100/3 791/1490/3
f 788/386/4 134/1491/4 904/965/4
f 793/862/2 1181/1142/2 790/860/2
f 791/1490/3 139/102/3 792/1485/3
f 1186/1139/2 794/322/2 796/738/2
f 795/1487/3 137/107/3 797/1492/3
f 796/738/2 1187/1137/2 1186/1139/2
f 797/1492/3 136/109/3 798/1493/3
f 136/109/3 1110/1494/3 798/1493/3
f 1109/1072/2 1187/1137/2 799/1097/2
f 802/1495/5 210/73/5 209/90/5
f 232/170/1 807/875/1 803/874/1
f 806/874/3 235/168/3 233/170/3
f 209/90/5 809/1496/5 805/1462/5
f 808/1442/5 72/1497/5 108/74/5
f 234/168/1 811/880/1 807/875/1
f 810/883/3 222/164/3 235/168/3
f 210/73/5 813/1498/5 809/1496/5
f 812/1499/5 930/438/5 72/1497/5
f 223/164/1 927/912/1 811/880/1
f 814/910/3 240/166/3 222/164/3
f 208/72/5 925/1500/5 813/1498/5
f 1076/483/2 842/1501/2 1074/1502/2
f 895/419/5 816/906/5 840/902/5
f 924/436/5 843/401/5 816/906/5
f 815/346/2 1078/1087/2 841/1503/2
f 821/1504/6 119/26/6 835/1505/6
f 818/1508/6 859/918/6 119/26/6
f 910/974/4 819/391/4 834/892/4
f 837/1509/6 118/1388/6 822/314/6
f 912/909/4 823/898/4 826/897/4
f 916/432/4 823/898/4 145/1510/4
f 822/314/6 852/916/6 824/394/6
f 911/1511/3 853/1512/3 153/1513/3
f 828/896/6 116/1514/6 829/894/6
f 147/106/3 830/1515/3 146/108/3
f 156/111/3 827/1516/3 147/106/3
f 866/525/6 122/1517/6 828/896/6
f 116/1514/6 1100/956/6 829/894/6
f 830/1515/3 273/144/3 146/108/3
f 1209/535/1 1236/551/1 1214/1281/1
f 1208/1518/6 871/1519/6 831/1520/6
f 835/1505/6 120/9/6 837/1509/6
f 910/974/4 836/891/4 916/432/4
f 839/932/6 262/152/6 116/1514/6
f 1108/1521/3 1115/1105/3 892/1522/3
f 122/1517/6 839/932/6 116/1514/6
f 838/1523/3 1125/1524/3 1115/1105/3
f 1078/1087/2 1063/1525/2 841/1503/2
f 895/419/5 1064/904/5 212/1526/5
f 238/203/1 844/985/1 921/989/1
f 212/1526/5 847/934/5 919/1527/5
f 918/983/3 1072/1113/3 239/203/3
f 1081/1089/2 845/1528/2 1063/1525/2
f 891/957/2 1113/1529/2 849/1530/2
f 158/180/1 1088/954/1 848/887/1
f 891/957/2 1087/1531/2 1092/489/2
f 158/180/1 1114/889/1 293/116/1
f 850/1532/2 1117/1533/2 1061/1534/2
f 288/116/3 851/887/3 157/180/3
f 851/887/3 253/179/3 157/180/3
f 1061/1534/2 1095/1535/2 850/1532/2
f 118/1388/6 857/920/6 852/916/6
f 153/1513/3 858/1536/3 149/101/3
f 854/1537/4 1079/1538/4 860/1539/4
f 857/920/6 127/1540/6 872/697/6
f 149/101/3 873/1541/3 155/114/3
f 860/1539/4 1075/1123/4 861/408/4
f 120/9/6 859/918/6 863/1542/6
f 121/1543/6 875/925/6 127/1540/6
f 862/1544/3 1134/1114/3 874/1545/3
f 118/1388/6 863/1542/6 121/1543/6
f 125/674/6 864/930/6 122/1517/6
f 865/1546/3 1148/1106/3 1125/1524/3
f 872/697/6 125/674/6 866/525/6
f 155/114/3 867/1547/3 156/111/3
f 127/1540/6 868/938/6 125/674/6
f 869/1548/3 1134/1114/3 1148/1106/3
f 1330/1549/6 888/416/6 871/1519/6
f 290/55/1 882/413/1 89/54/1
f 894/947/6 1086/1550/6 881/945/6
f 89/54/1 1085/940/1 244/173/1
f 884/929/6 260/1551/6 1065/927/6
f 92/54/3 1083/940/3 883/413/3
f 291/55/3 883/413/3 286/192/3
f 886/948/6 243/1552/6 894/947/6
f 207/219/4 887/1553/4 124/215/4
f 1065/927/6 242/1554/6 886/948/6
f 124/215/4 893/1555/4 130/213/4
f 1242/1556/3 1355/1557/3 1363/1558/3
f 1108/1521/3 1091/1124/3 1047/476/3
f 932/440/5 212/1526/5 213/1559/5
f 909/1560/1 934/961/1 898/422/1
f 915/963/6 897/878/6 908/428/6
f 899/428/2 929/960/2 901/425/2
f 907/977/4 910/974/4 900/973/4
f 102/1477/4 903/964/4 103/64/4
f 902/422/3 923/1561/3 917/1560/3
f 903/964/4 145/1510/4 134/1491/4
f 1178/518/4 903/964/4 134/1491/4
f 905/1562/3 153/1513/3 140/100/3
f 904/965/4 145/1510/4 912/909/4
f 213/1559/5 919/1527/5 925/1500/5
f 926/912/3 239/203/3 240/166/3
f 241/166/1 921/989/1 927/912/1
f 928/1563/5 924/436/5 930/438/5
f 72/1497/5 932/440/5 104/75/5
f 208/72/5 932/440/5 213/1559/5
f 161/121/5 945/1564/5 936/1565/5
f 941/1566/5 936/1565/5 956/1567/5
f 202/1568/3 940/996/3 201/150/3
f 939/1569/5 162/1570/5 163/122/5
f 162/1570/5 975/451/5 973/1019/5
f 1050/1070/3 937/991/3 202/1568/3
f 951/1571/5 163/122/5 953/1572/5
f 201/150/3 950/444/3 1046/967/3
f 944/1573/5 161/121/5 941/1566/5
f 205/142/2 955/1574/2 1060/1575/2
f 206/153/2 942/1001/2 205/142/2
f 953/1572/5 164/119/5 944/1573/5
f 200/1128/2 943/998/2 206/153/2
f 165/120/5 969/1576/5 945/1564/5
f 255/176/3 989/1023/3 254/174/3
f 948/1577/4 221/147/4 214/72/4
f 245/177/3 947/1026/3 255/176/3
f 990/1578/4 214/72/4 219/73/4
f 1045/1579/2 952/1002/2 200/1128/2
f 259/175/1 962/1008/1 258/172/1
f 185/131/4 961/1580/4 957/1581/4
f 244/173/1 958/1006/1 259/175/1
f 184/31/4 957/1581/4 960/1582/4
f 1085/940/1 959/1004/1 244/173/1
f 1031/1583/4 960/1582/4 1025/1584/4
f 258/172/1 988/1022/1 247/178/1
f 186/130/4 987/1585/4 961/1580/4
f 257/175/3 966/1048/3 256/173/3
f 964/1461/4 215/88/4 216/83/4
f 965/1586/4 216/83/4 217/86/4
f 252/172/3 963/1006/3 257/175/3
f 1028/1587/4 217/86/4 1070/1588/4
f 256/173/3 1027/471/3 1083/940/3
f 968/1589/4 218/90/4 215/88/4
f 248/178/3 967/1008/3 252/172/3
f 173/127/5 977/1590/5 969/1576/5
f 973/1019/5 174/132/5 172/128/5
f 972/1591/3 1190/1592/3 981/1593/3
f 166/123/5 973/1019/5 172/128/5
f 1051/1594/6 971/447/6 974/1003/6
f 175/129/5 1035/1595/5 977/1590/5
f 980/1018/5 180/134/5 174/132/5
f 984/1003/2 1189/1146/2 1052/981/2
f 983/1596/5 189/136/5 980/1018/5
f 203/145/3 982/456/3 1053/1597/3
f 986/1598/4 219/73/4 218/90/4
f 254/174/3 985/1020/3 248/178/3
f 247/178/1 992/1025/1 251/174/1
f 183/125/4 991/1599/4 987/1585/4
f 251/174/1 994/1026/1 250/176/1
f 182/124/4 993/1600/4 991/1599/4
f 250/176/1 1015/1037/1 249/177/1
f 168/126/4 1014/1563/4 993/1600/4
f 181/148/4 1023/1601/4 187/139/4
f 1089/1093/2 1067/1030/2 1098/1602/2
f 1089/1093/2 1022/1044/2 996/1079/2
f 220/1603/4 995/1604/4 181/148/4
f 1098/1602/2 998/1605/2 1095/1535/2
f 1012/1606/4 1068/1607/4 220/1603/4
f 1094/970/3 1013/1035/3 253/179/3
f 1049/1608/6 1008/448/6 199/1128/6
f 179/1609/5 1000/1610/5 190/137/5
f 1054/1075/6 1001/998/6 1049/1608/6
f 190/137/5 1003/1611/5 178/135/5
f 1056/1077/6 1002/1032/6 1054/1075/6
f 178/135/5 1005/391/5 1017/1612/5
f 199/1128/6 1009/465/6 1043/936/6
f 1018/1613/5 1007/1614/5 179/1609/5
f 1044/1615/3 1019/1042/3 204/1616/3
f 253/179/3 1040/1063/3 245/177/3
f 1039/1617/4 220/1603/4 221/147/4
f 249/177/1 1041/1035/1 246/179/1
f 192/140/4 1042/1618/4 1014/1563/4
f 188/133/5 1017/1612/5 1035/1595/5
f 204/1616/3 1037/1059/3 203/145/3
f 1038/1619/5 179/1609/5 189/136/5
f 1020/1620/4 184/31/4 1031/1583/4
f 1070/1588/4 171/87/4 1020/1620/4
f 242/1554/6 1030/1049/6 243/1552/6
f 260/1551/6 1021/1056/6 242/1554/6
f 187/139/4 1033/1621/4 1042/1618/4
f 1092/489/2 1034/1054/2 1022/1044/2
f 243/1552/6 1024/468/6 1086/1550/6
f 1084/1622/6 1069/1052/6 260/1551/6
f 246/179/1 1032/459/1 1088/954/1
f 1099/1623/3 204/1616/3 273/144/3
f 262/152/6 1043/936/6 1100/956/6
f 263/151/3 1046/967/3 1106/1067/3
f 1105/1072/2 200/1128/2 270/152/2
f 1107/1069/6 199/1128/6 262/152/6
f 1048/1624/5 1090/1604/5 1055/1625/5
f 1102/980/3 202/1568/3 271/149/3
f 1101/1484/6 1161/1129/6 1051/1594/6
f 264/146/3 1053/1597/3 1110/1494/3
f 1052/981/2 1192/1148/2 1109/1072/2
f 1055/1625/5 1097/1626/5 1057/1627/5
f 265/143/2 1060/1575/2 1103/1458/2
f 1128/1628/2 1071/1629/2 1081/1089/2
f 239/203/3 1130/1114/3 333/167/3
f 318/167/1 1073/1083/1 238/203/1
f 1133/1115/2 1074/1502/2 1132/1630/2
f 1112/1631/2 1119/1632/2 1117/1533/2
f 313/184/3 1111/885/3 288/116/3
f 293/116/1 1124/1098/1 298/184/1
f 1116/959/2 1123/1633/2 1113/1529/2
f 1122/1634/2 1154/1635/2 1119/1632/2
f 348/201/3 1121/1098/3 313/184/3
f 298/184/1 1141/1106/1 353/201/1
f 1126/1102/2 1140/1636/2 1123/1633/2
f 1139/1637/2 1128/1628/2 1154/1635/2
f 333/167/3 1138/1106/3 348/201/3
f 353/201/1 1131/1114/1 318/167/1
f 1149/1110/2 1132/1630/2 1140/1636/2
f 1135/1297/6 1369/1118/6 1144/1638/6
f 1143/498/3 1205/1163/3 1136/495/3
f 1137/1639/4 404/246/4 1374/1640/4
f 1370/1641/5 1201/1642/5 1142/1643/5
f 1150/503/1 1203/531/1 1146/501/1
f 1147/1644/5 1326/1645/5 1319/1646/5
f 1321/1120/6 1145/1267/6 1320/1283/6
f 1322/1646/4 1207/1647/4 1152/1644/4
f 1155/1648/3 1188/1649/3 1158/1650/3
f 1158/1650/3 1191/1651/3 1162/1652/3
f 1162/1652/3 1190/1592/3 1160/1653/3
f 1183/1654/3 1164/1655/3 1172/1656/3
f 1167/1657/3 1180/1658/3 1171/1659/3
f 1169/1431/4 103/64/4 1178/518/4
f 1183/1654/3 1171/1659/3 1180/1658/3
f 1214/1281/1 1217/542/1 1195/1287/1
f 1209/535/1 1195/1287/1 1203/531/1
f 1193/537/5 1334/1241/5 1327/1660/5
f 1328/1291/2 1344/1286/2 1194/523/2
f 1343/579/1 1203/531/1 1195/1287/1
f 1210/1168/3 1218/542/3 1223/1179/3
f 1196/524/2 1376/1226/2 1377/1164/2
f 1200/528/3 1210/1168/3 1205/1163/3
f 1378/1661/5 1219/1662/5 1197/1663/5
f 1200/528/3 1388/579/3 1198/1184/3
f 1372/1162/6 1339/1664/6 1199/1160/6
f 1325/1273/6 1384/588/6 1336/1260/6
f 405/250/4 1206/1665/4 1211/1666/4
f 1211/1666/4 1381/1292/4 405/250/4
f 1212/1667/2 1238/1668/2 1323/1669/2
f 1324/1159/4 1224/548/4 1213/537/4
f 1215/1670/2 1332/1671/2 1333/1672/2
f 1380/1118/2 1221/1297/2 1220/1638/2
f 1241/554/5 1243/1673/5 1227/1460/5
f 1228/1196/1 376/226/1 360/221/1
f 1237/1466/5 1246/1674/5 370/223/5
f 361/221/3 1245/1200/3 1229/1191/3
f 362/212/1 1247/1201/1 1231/1197/1
f 1232/1675/4 374/1277/4 358/228/4
f 359/218/4 1249/1676/4 1233/1472/4
f 1234/1202/3 379/227/3 363/212/3
f 1239/1186/5 370/223/5 372/229/5
f 1240/1312/2 1323/1669/2 1238/1668/2
f 1239/1186/5 373/1277/5 1241/554/5
f 373/1277/5 1251/556/5 1243/1673/5
f 1244/1200/1 1274/1232/1 376/226/1
f 1246/1674/5 1264/1209/5 370/223/5
f 377/226/3 1256/1237/3 1245/1200/3
f 378/227/1 1257/562/1 1247/1201/1
f 1248/1677/4 1270/1305/4 374/1277/4
f 375/223/4 1260/565/4 1249/1676/4
f 1250/1204/3 1278/1212/3 379/227/3
f 1267/1678/6 1273/1502/6 1252/1501/6
f 1254/1528/6 386/230/6 1263/1679/6
f 1276/1680/6 1269/1681/6 1258/1682/6
f 1277/1683/6 1272/1684/6 399/1685/6
f 370/223/5 1265/1205/5 372/229/5
f 1263/1679/6 387/232/6 1266/1686/6
f 1266/1686/6 388/234/6 1267/1678/6
f 372/229/5 1268/1207/5 373/1277/5
f 374/1277/4 1316/1306/4 371/229/4
f 401/243/6 1315/1687/6 1269/1681/6
f 371/229/4 1271/1210/4 375/223/4
f 399/1685/6 1315/1687/6 400/242/6
f 376/226/1 1284/1233/1 382/225/1
f 388/234/6 1283/1688/6 1273/1502/6
f 380/222/1 1275/1212/1 378/227/1
f 1308/1689/6 401/243/6 1276/1680/6
f 379/227/3 1282/1228/3 381/222/3
f 1281/1634/6 399/1685/6 395/241/6
f 1279/1690/2 1311/1691/2 1309/1692/2
f 1292/569/4 1341/1660/4 1280/1241/4
f 1298/1693/2 1279/1690/2 1309/1692/2
f 1357/1694/4 1280/1241/4 1341/1660/4
f 381/222/3 1291/1230/3 385/224/3
f 392/238/6 1281/1634/6 395/241/6
f 382/225/1 1289/1309/1 384/224/1
f 391/233/6 1288/1695/6 1283/1688/6
f 1285/1696/2 1303/1697/2 1395/1698/2
f 1389/1663/4 1396/1217/4 1375/1661/4
f 1313/1248/3 1287/1244/3 1388/579/3
f 384/224/1 1307/1307/1 380/222/1
f 394/235/6 1308/1689/6 1288/1695/6
f 385/224/3 1300/1246/3 383/225/3
f 1301/1699/6 392/238/6 389/236/6
f 1296/1700/6 389/236/6 386/230/6
f 383/225/3 1295/1242/3 377/226/3
f 1317/1249/5 1310/1252/5 402/1701/5
f 398/249/5 1302/1253/5 403/250/5
f 403/250/5 1305/1254/5 1314/1666/5
f 1311/1691/2 1395/1698/2 1303/1697/2
f 402/1701/5 1312/1256/5 398/249/5
f 406/246/5 1314/1666/5 1392/1418/5
f 1391/1263/3 1388/579/3 1338/576/3
f 1386/1261/5 402/1701/5 407/248/5
f 1319/1646/5 1350/1702/5 1347/1703/5
f 1351/1269/6 1320/1283/6 1348/1295/6
f 1352/1704/4 1329/1166/4 1322/1646/4
f 1324/1159/4 1365/1276/4 1331/1171/4
f 1325/1273/6 1346/1294/6 1349/1288/6
f 1327/1660/5 1361/1256/5 1358/1705/5
f 1359/1299/2 1340/1285/2 1328/1291/2
f 1333/1672/2 1366/1706/2 1360/1707/2
f 1345/1708/4 38/244/4 47/245/4
f 1368/1709/4 47/245/4 28/247/4
f 1349/1288/6 1367/739/6 1372/1162/6
f 1347/1703/5 1371/1709/5 1370/1641/5
f 1373/312/6 1348/1295/6 1369/1118/6
f 1374/1640/4 1354/582/4 1352/1704/4
f 404/246/4 1364/1272/4 1354/582/4
f 1375/1661/4 1394/1239/4 1357/1694/4
f 1377/1164/2 1356/1289/2 1359/1299/2
f 1358/1705/5 1379/1174/5 1378/1661/5
f 1360/1707/2 1382/312/2 1380/1118/2
f 1364/1272/4 1381/1292/4 1365/1276/4
f 43/6/2 45/10/2 18/7/2
f 42/9/2 17/1388/2 18/7/2
f 82/11/3 22/40/3 24/12/3
f 87/13/3 24/12/3 25/14/3
f 10/16/2 35/26/2 32/17/2
f 5/19/4 37/23/4 34/20/4
f 4/22/4 3/28/4 37/23/4
f 9/18/2 32/17/2 36/24/2
f 35/26/2 42/9/2 45/10/2
f 37/23/4 44/29/4 41/27/4
f 3/28/4 46/1398/4 44/29/4
f 36/24/2 32/17/2 45/10/2
f 57/30/5 58/33/5 77/31/5
f 58/33/5 52/1377/5 73/34/5
f 30/35/3 69/39/3 71/36/3
f 30/35/3 14/1/3 68/38/3
f 22/40/3 66/1413/3 67/41/3
f 24/12/3 67/41/3 64/42/3
f 25/14/3 64/42/3 68/38/3
f 54/47/3 80/51/3 75/48/3
f 55/50/3 74/52/3 80/51/3
f 80/51/3 87/13/3 83/15/3
f 74/52/3 82/11/3 87/13/3
f 278/53/3 93/57/3 92/54/3
f 281/56/3 91/58/3 93/57/3
f 290/55/1 89/54/1 90/57/1
f 292/53/1 90/57/1 88/58/1
f 97/63/4 102/1477/4 103/64/4
f 88/58/1 105/67/1 282/66/1
f 105/67/1 109/69/1 284/68/1
f 109/69/1 111/118/1 276/70/1
f 107/71/5 104/75/5 208/72/5
f 108/74/5 72/1497/5 104/75/5
f 216/83/4 215/88/4 169/84/4
f 217/86/4 216/83/4 170/85/4
f 215/88/4 218/90/4 176/89/4
f 218/90/4 219/73/4 177/91/4
f 219/73/4 214/72/4 167/92/4
f 140/100/3 153/1513/3 149/101/3
f 143/105/3 156/111/3 147/106/3
f 137/107/3 147/106/3 146/108/3
f 142/110/3 155/114/3 156/111/3
f 139/102/3 149/101/3 155/114/3
f 159/115/1 158/180/1 293/116/1
f 111/118/1 159/115/1 294/117/1
f 164/119/5 166/123/5 165/120/5
f 163/122/5 162/1570/5 166/123/5
f 176/89/4 177/91/4 182/124/4
f 177/91/4 167/92/4 168/126/4
f 166/123/5 172/128/5 173/127/5
f 172/128/5 174/132/5 175/129/5
f 169/84/4 176/89/4 183/125/4
f 171/87/4 170/85/4 185/131/4
f 170/85/4 169/84/4 186/130/4
f 174/132/5 180/134/5 188/133/5
f 180/134/5 190/137/5 178/135/5
f 189/136/5 179/1609/5 190/137/5
f 191/138/4 181/148/4 187/139/4
f 167/92/4 191/138/4 192/140/4
f 274/141/2 206/153/2 205/142/2
f 273/144/3 204/1616/3 203/145/3
f 221/147/4 220/1603/4 181/148/4
f 271/149/3 202/1568/3 201/150/3
f 270/152/2 200/1128/2 206/153/2
f 214/72/4 221/147/4 191/138/4
f 222/164/3 240/166/3 334/103/3
f 240/166/3 239/203/3 333/167/3
f 235/168/3 222/164/3 320/165/3
f 233/170/3 235/168/3 330/169/3
f 230/45/3 233/170/3 328/171/3
f 90/57/1 259/175/1 258/172/1
f 93/57/3 257/175/3 256/173/3
f 112/118/3 255/176/3 254/174/3
f 91/58/3 252/172/3 257/175/3
f 109/69/1 251/174/1 250/176/1
f 111/118/1 250/176/1 249/177/1
f 110/69/3 254/174/3 248/178/3
f 105/67/1 247/178/1 251/174/1
f 159/115/1 249/177/1 246/179/1
f 157/180/3 253/179/3 245/177/3
f 106/67/3 248/178/3 252/172/3
f 160/115/3 245/177/3 255/176/3
f 88/58/1 258/172/1 247/178/1
f 89/54/1 244/173/1 259/175/1
f 71/36/3 271/149/3 263/151/3
f 146/108/3 273/144/3 264/146/3
f 281/56/3 283/66/3 106/67/3
f 283/66/3 285/68/3 110/69/3
f 285/68/3 275/70/3 112/118/3
f 289/117/3 288/116/3 157/180/3
f 275/70/3 289/117/3 160/115/3
f 276/70/1 294/117/1 299/113/1
f 294/117/1 293/116/1 298/184/1
f 312/185/1 287/192/1 290/55/1
f 311/185/3 286/192/3 280/187/3
f 284/68/1 276/70/1 301/183/1
f 282/66/1 284/68/1 309/189/1
f 279/56/1 282/66/1 307/190/1
f 297/191/1 292/53/1 279/56/1
f 296/186/3 291/55/3 286/192/3
f 295/186/1 290/55/1 292/53/1
f 306/4/3 281/56/3 278/53/3
f 303/191/3 278/53/3 291/55/3
f 302/188/1 277/187/1 287/192/1
f 337/193/1 302/188/1 312/185/1
f 338/195/3 303/191/3 296/186/3
f 341/197/3 306/4/3 303/191/3
f 350/196/1 295/186/1 297/191/1
f 351/196/3 296/186/3 311/185/3
f 352/195/1 297/191/1 304/4/1
f 304/4/1 307/190/1 342/198/1
f 307/190/1 309/189/1 344/199/1
f 309/189/1 301/183/1 336/200/1
f 346/194/3 311/185/3 305/188/3
f 347/194/1 312/185/1 295/186/1
f 299/113/1 298/184/1 353/201/1
f 301/183/1 299/113/1 354/202/1
f 306/4/3 308/190/3 283/66/3
f 308/190/3 310/189/3 285/68/3
f 310/189/3 300/183/3 275/70/3
f 314/113/3 313/184/3 288/116/3
f 300/183/3 314/113/3 289/117/3
f 321/165/1 319/103/1 241/166/1
f 319/103/1 318/167/1 238/203/1
f 237/204/1 332/210/1 315/205/1
f 236/204/3 331/210/3 325/207/3
f 329/169/1 321/165/1 223/164/1
f 327/171/1 329/169/1 234/168/1
f 324/43/1 327/171/1 232/170/1
f 231/209/1 317/211/1 324/43/1
f 227/206/3 316/205/3 331/210/3
f 225/206/1 315/205/1 317/211/1
f 230/45/3 326/43/3 323/211/3
f 226/209/3 323/211/3 316/205/3
f 224/208/1 322/207/1 332/210/1
f 326/43/3 328/171/3 343/198/3
f 328/171/3 330/169/3 345/199/3
f 330/169/3 320/165/3 335/200/3
f 334/103/3 333/167/3 348/201/3
f 320/165/3 334/103/3 349/202/3
f 335/200/3 349/202/3 314/113/3
f 349/202/3 348/201/3 313/184/3
f 345/199/3 335/200/3 300/183/3
f 343/198/3 345/199/3 310/189/3
f 341/197/3 343/198/3 308/190/3
f 336/200/1 354/202/1 319/103/1
f 354/202/1 353/201/1 318/167/1
f 332/210/1 347/194/1 350/196/1
f 331/210/3 346/194/3 340/193/3
f 344/199/1 336/200/1 321/165/1
f 342/198/1 344/199/1 329/169/1
f 339/197/1 342/198/1 327/171/1
f 317/211/1 352/195/1 339/197/1
f 316/205/3 351/196/3 346/194/3
f 315/205/1 350/196/1 352/195/1
f 326/43/3 341/197/3 338/195/3
f 323/211/3 338/195/3 351/196/3
f 322/207/1 337/193/1 347/194/1
f 302/188/1 364/216/1 362/212/1
f 130/213/4 358/228/4 357/214/4
f 337/193/1 368/220/1 364/216/1
f 340/193/3 369/220/3 367/217/3
f 124/215/4 357/214/4 359/218/4
f 224/208/1 360/221/1 366/217/1
f 280/187/3 363/212/3 365/216/3
f 305/188/3 365/216/3 369/220/3
f 322/207/1 366/217/1 368/220/1
f 325/207/3 367/217/3 361/221/3
f 363/212/3 379/227/3 381/222/3
f 357/214/4 371/229/4 375/223/4
f 368/220/1 384/224/1 380/222/1
f 365/216/3 381/222/3 385/224/3
f 360/221/1 376/226/1 382/225/1
f 367/217/3 383/225/3 377/226/3
f 366/217/1 382/225/1 384/224/1
f 369/220/3 385/224/3 383/225/3
f 364/216/1 380/222/1 378/227/1
f 358/228/4 374/1277/4 371/229/4
f 386/230/6 389/236/6 390/231/6
f 387/232/6 390/231/6 391/233/6
f 390/231/6 393/237/6 394/235/6
f 389/236/6 392/238/6 393/237/6
f 392/238/6 395/241/6 396/239/6
f 393/237/6 396/239/6 397/240/6
f 395/241/6 399/1685/6 400/242/6
f 396/239/6 400/242/6 401/243/6
f 39/244/5 407/248/5 408/213/5
f 48/245/5 408/213/5 406/246/5
f 407/248/5 402/1701/5 398/249/5
f 408/213/5 398/249/5 403/250/5
f 589/23/110 590/668/110 593/593/110
f 420/600/122 421/665/122 445/276/122
f 464/275/116 466/277/116 462/615/116
f 463/616/116 462/615/116 487/628/116
f 488/629/116 487/628/116 493/630/116
f 494/631/116 493/630/116 461/274/116
f 460/273/121 459/272/121 414/650/121
f 465/276/125 464/275/125 412/652/125
f 424/25/122 425/730/122 474/654/122
f 426/595/120 427/732/120 485/288/120
f 482/285/120 481/284/120 422/656/120
f 596/29/184 518/309/184 517/308/184
f 514/305/165 516/307/165 597/659/165
f 522/660/131 523/692/131 506/297/131
f 415/651/121 414/650/121 579/661/121
f 413/653/125 412/652/125 585/663/125
f 421/665/125 420/600/125 587/666/125
f 423/657/126 422/656/126 590/668/126
f 526/311/121 528/313/121 511/669/121
f 529/671/125 530/736/125 507/672/125
f 531/674/125 532/735/125 509/300/125
f 519/675/128 518/1387/128 550/676/128
f 533/678/142 535/620/142 528/679/142
f 527/312/135 526/311/135 560/681/135
f 515/683/131 514/1381/131 517/308/131
f 540/684/145 541/687/145 554/685/145
f 541/687/132 540/684/132 546/321/132
f 547/688/126 546/1714/126 538/689/126
f 544/319/119 535/316/119 534/315/119
f 545/691/188 547/688/188 523/692/188
f 510/301/135 509/300/135 536/693/135
f 513/670/130 512/1715/130 562/695/130
f 548/697/136 549/704/136 505/301/136
f 551/677/132 550/676/132 564/698/132
f 515/306/136 552/677/136 553/699/136
f 556/686/136 557/705/136 537/694/136
f 566/700/150 567/717/150 686/701/150
f 558/703/136 559/707/136 549/704/136
f 561/682/136 560/681/136 553/699/136
f 563/696/136 562/695/136 557/705/136
f 565/682/128 564/698/128 534/315/128
f 573/706/150 574/712/150 571/324/150
f 559/707/136 558/703/136 520/708/136
f 521/695/136 520/708/136 572/709/136
f 524/711/121 525/737/121 570/669/121
f 574/712/210 573/706/210 544/713/210
f 555/686/128 554/685/128 568/715/128
f 569/716/128 568/715/128 543/318/128
f 567/717/138 566/700/138 631/718/138
f 720/367/131 577/1302/131 578/720/131
f 711/362/161 713/364/161 681/721/161
f 588/667/141 587/666/141 601/723/141
f 586/664/122 585/663/122 603/725/122
f 418/727/114 419/1303/114 723/368/114
f 580/662/121 579/661/121 605/728/121
f 581/24/125 582/734/125 425/730/125
f 583/731/133 584/733/133 427/732/133
f 594/594/126 593/593/126 539/690/126
f 596/29/110 595/658/110 584/733/110
f 598/6/141 597/659/141 582/734/141
f 602/724/127 601/723/127 532/735/127
f 604/726/127 603/725/127 530/736/127
f 606/729/121 605/728/121 525/737/121
f 1337/738/172 1339/1664/172 1367/739/172
f 619/747/131 620/772/131 508/748/131
f 621/619/142 622/774/142 512/303/142
f 623/326/182 625/328/182 670/750/182
f 673/752/142 627/330/142 626/329/142
f 624/428/121 628/1427/121 627/427/121
f 409/251/112 629/856/112 630/754/112
f 592/755/112 634/333/112 633/332/112
f 636/757/138 638/333/138 599/758/138
f 638/337/119 637/336/119 635/428/119
f 675/760/211 643/343/211 645/761/211
f 646/341/124 648/343/124 676/763/124
f 648/344/122 647/960/122 644/339/122
f 642/765/131 649/1716/131 651/766/131
f 651/346/166 650/345/166 637/336/166
f 647/342/135 646/341/135 626/329/135
f 624/327/116 623/326/116 645/761/116
f 655/771/146 656/797/146 620/772/146
f 657/773/129 658/798/129 622/774/129
f 671/751/112 670/750/112 698/778/112
f 673/752/138 672/753/138 700/783/138
f 675/760/156 674/762/156 702/784/156
f 677/764/124 676/763/124 704/786/124
f 470/794/110 653/348/110 652/347/110
f 678/353/114 680/355/114 469/796/114
f 655/771/131 683/358/131 682/357/131
f 687/702/142 686/701/142 658/798/142
f 699/782/112 698/778/112 592/755/112
f 701/778/138 700/783/138 600/759/138
f 703/785/114 702/784/114 639/801/114
f 705/787/212 704/786/212 642/765/212
f 690/803/122 691/131/122 688/804/122
f 689/805/122 688/804/122 679/354/122
f 684/806/127 685/807/127 691/131/127
f 682/357/125 681/356/125 685/807/125
f 707/360/121 706/359/121 714/808/121
f 709/810/213 710/815/213 713/811/213
f 715/809/121 714/808/121 716/813/121
f 717/814/151 716/813/151 710/815/151
f 417/816/112 708/361/112 707/360/112
f 575/818/138 576/1300/138 712/363/138
f 726/819/165 727/822/165 728/820/165
f 724/369/165 723/368/165 727/822/165
f 729/821/125 728/820/125 721/823/125
f 722/824/207 721/823/207 720/825/207
f 706/827/201 708/241/201 680/280/201
f 732/829/114 733/836/114 876/830/114
f 734/763/170 735/944/170 736/832/170
f 737/786/114 736/832/114 730/801/114
f 870/834/120 871/943/120 888/581/120
f 740/836/147 741/829/147 878/831/147
f 742/837/147 743/760/147 744/785/147
f 745/838/131 744/785/131 738/802/131
f 746/840/112 747/1198/112 880/411/112
f 885/415/138 748/1190/138 749/841/138
f 773/842/128 774/978/128 771/843/128
f 772/844/137 771/843/137 769/845/137
f 767/847/137 768/851/137 765/848/137
f 758/850/166 759/852/166 768/851/166
f 766/849/128 765/848/128 763/378/128
f 770/846/137 769/845/137 759/852/137
f 632/719/138 631/718/138 764/379/138
f 760/376/112 761/872/112 630/754/112
f 798/857/136 799/1097/136 796/738/136
f 797/858/159 796/738/159 794/322/159
f 792/859/159 793/862/159 790/860/159
f 783/687/140 784/863/140 793/862/140
f 791/861/136 790/860/136 787/394/136
f 795/526/159 794/322/159 784/863/159
f 785/871/112 786/969/112 761/872/112
f 800/388/170 802/390/170 640/802/170
f 739/839/131 738/802/131 805/873/131
f 731/833/114 730/801/114 803/874/114
f 804/873/170 803/874/170 807/875/170
f 809/877/131 810/883/131 806/874/131
f 801/878/120 650/345/120 649/344/120
f 801/389/148 800/388/148 633/332/148
f 808/876/144 807/875/144 811/880/144
f 813/882/131 814/910/131 810/883/131
f 850/884/214 851/887/214 1111/885/214
f 848/887/160 849/1090/160 1113/888/160
f 822/890/119 823/898/119 836/891/119
f 837/410/119 836/891/119 834/892/119
f 829/894/166 830/955/166 827/895/166
f 822/890/119 824/1717/119 826/897/119
f 835/893/119 834/892/119 819/391/119
f 840/902/113 841/907/113 1063/903/113
f 843/401/125 842/400/125 815/905/125
f 816/906/125 815/905/125 841/907/125
f 826/897/142 825/1718/142 911/908/142
f 814/910/131 813/882/131 925/911/131
f 812/881/114 811/880/114 927/912/114
f 820/392/112 819/391/112 913/914/112
f 825/395/137 824/394/137 852/916/137
f 861/917/119 863/1542/119 859/918/119
f 860/919/119 859/918/119 855/407/119
f 853/695/169 852/916/169 857/920/169
f 858/921/145 857/920/145 872/697/145
f 875/925/163 863/1542/163 862/926/163
f 1065/927/119 1066/949/119 885/928/119
f 864/930/163 865/939/163 838/931/163
f 1064/904/113 1063/903/113 845/933/113
f 1099/935/163 1100/956/163 1043/936/163
f 868/938/132 869/724/132 865/939/132
f 884/414/128 883/413/128 1083/940/128
f 873/924/169 872/697/169 866/525/169
f 875/925/132 874/233/132 869/724/132
f 828/896/132 827/895/132 867/942/132
f 870/834/120 832/398/120 831/397/120
f 877/831/144 876/830/144 735/944/144
f 879/830/131 878/831/131 743/760/131
f 881/945/216 880/1530/216 893/946/216
f 886/948/172 887/952/172 1066/949/172
f 1024/950/158 1026/1046/158 1085/940/158
f 894/947/217 893/946/217 887/952/217
f 1032/459/218 1034/475/218 1087/953/218
f 830/955/137 829/894/137 1100/956/137
f 891/957/214 892/1091/214 1115/958/214
f 922/434/120 924/436/120 895/419/120
f 896/420/114 895/419/114 932/440/114
f 897/878/219 896/340/219 909/429/219
f 929/960/177 931/1719/177 902/426/177
f 899/423/218 898/422/218 934/961/218
f 923/346/166 922/1720/166 915/963/166
f 903/964/138 902/1721/138 917/433/138
f 904/965/142 905/976/142 789/387/142
f 950/444/136 949/443/136 1045/966/136
f 906/968/112 907/977/112 786/969/112
f 998/460/220 997/459/220 1094/970/220
f 899/972/121 901/1722/121 903/964/121
f 910/974/112 909/420/112 898/975/112
f 912/909/178 911/908/178 905/976/178
f 914/915/112 913/914/112 907/977/112
f 774/978/128 773/842/128 1101/979/128
f 982/467/136 984/1003/136 1052/981/136
f 916/432/119 915/431/119 908/982/119
f 918/983/131 919/988/131 847/405/131
f 920/984/114 921/989/114 844/985/114
f 926/912/131 925/911/131 919/988/131
f 928/913/114 927/912/114 921/989/114
f 931/439/147 930/438/147 924/436/147
f 933/441/122 932/440/122 930/438/122
f 939/990/179 940/996/179 937/991/179
f 951/445/124 950/444/124 940/996/124
f 941/997/122 942/1001/122 943/998/122
f 956/1000/165 955/1574/165 942/1001/165
f 944/999/125 943/998/125 952/1002/125
f 953/449/152 952/1002/152 949/1003/152
f 959/1004/182 960/1047/182 957/1005/182
f 958/1006/222 957/1005/222 961/1007/222
f 965/1009/150 966/1048/150 963/1006/150
f 964/1010/183 963/1006/183 967/1008/183
f 971/1012/223 973/1019/223 975/451/223
f 976/1016/179 975/1723/179 938/992/179
f 983/466/224 980/454/224 979/453/224
f 972/509/179 981/1724/179 980/1018/179
f 985/1020/150 986/1021/150 968/1011/150
f 962/1008/181 961/1007/181 987/1021/181
f 989/1023/183 990/1027/183 986/1021/183
f 988/1022/182 987/1021/182 991/1024/182
f 947/1026/142 948/1065/142 990/1027/142
f 992/1025/222 991/1024/222 993/1028/222
f 999/1029/225 998/1605/225 1067/1030/225
f 1002/1032/223 1003/997/223 1000/999/223
f 1006/1033/223 1005/1725/223 1003/997/223
f 1001/998/226 1000/999/226 1007/449/226
f 1008/448/187 1007/449/187 1010/466/187
f 997/459/183 999/461/183 1012/1034/183
f 994/1026/222 993/1028/222 1014/1036/222
f 1011/1040/124 1010/1726/124 1018/1041/124
f 995/1043/227 996/1079/227 1022/1044/227
f 1026/1046/181 1025/1727/181 960/1047/181
f 1028/472/150 1027/471/150 966/1048/150
f 1025/469/216 1024/468/216 1030/1049/216
f 1020/1051/172 1021/1056/172 1069/1052/172
f 1023/1045/213 1022/1044/213 1034/1054/213
f 1031/1050/217 1030/1049/217 1021/1056/217
f 1037/1059/185 1038/1061/185 983/457/185
f 1019/1042/179 1018/1041/179 1038/1061/179
f 1013/1035/142 1012/1034/142 1039/1062/142
f 1041/1035/191 1042/1064/191 1033/474/191
f 1015/1037/181 1014/1036/181 1042/1064/181
f 1040/1063/183 1039/1062/183 948/1065/183
f 1044/937/128 1043/936/128 1009/465/128
f 1046/967/136 1045/966/136 1105/1066/136
f 1047/1068/163 1049/1608/163 1107/1069/163
f 1050/1070/128 1051/1096/128 974/1071/128
f 1053/937/136 1052/981/136 1109/1072/136
f 1054/1075/184 1055/142/184 1057/1076/184
f 1054/1075/133 1049/1608/133 1048/1078/133
f 1068/1031/228 1067/1030/228 996/1079/228
f 1070/1053/229 1069/1052/229 1029/1080/229
f 1071/1082/214 1072/1113/214 846/404/214
f 1073/1083/230 1074/1082/230 842/1084/230
f 1078/1087/189 1079/1728/189 1082/1088/189
f 1075/482/189 1079/1728/189 1078/1087/189
f 1084/941/197 1083/940/197 1027/471/197
f 881/412/109 1086/951/109 1085/940/109
f 1088/954/201 1087/953/201 849/1090/201
f 891/957/231 1092/489/231 1091/488/231
f 1095/971/214 1094/970/214 851/887/214
f 1089/1093/232 1090/1095/232 1093/490/232
f 1089/1093/165 1098/1602/165 1097/1094/165
f 1102/980/128 1101/979/128 1051/1096/128
f 1106/1067/136 1105/1066/136 719/366/136
f 1108/141/137 1107/1069/137 839/932/137
f 1110/1073/136 1109/1072/136 799/1097/136
f 1112/886/214 1111/885/214 1121/1098/214
f 1114/889/201 1113/888/201 1123/1100/201
f 1116/959/214 1115/958/214 1125/1101/214
f 1122/1099/214 1121/1098/214 1138/1106/214
f 1124/1098/199 1123/1100/199 1140/1108/199
f 1126/1102/214 1125/1101/214 1148/1109/214
f 1129/1085/214 1130/1114/214 1072/1113/214
f 1131/1114/117 1132/1085/117 1074/1082/117
f 1133/1115/220 1134/1116/220 1077/484/220
f 1139/1107/214 1138/1106/214 1130/1114/214
f 1141/1106/218 1140/1108/218 1132/1085/218
f 1149/1110/214 1148/1109/214 1134/1116/214
f 1142/525/126 1144/1638/126 1369/1118/126
f 1146/501/109 1145/500/109 1151/504/109
f 1152/1119/119 1151/1729/119 1321/1120/119
f 1136/495/128 1135/494/128 1144/499/128
f 1075/1123/183 1077/1730/183 862/409/183
f 1091/1124/131 1093/1731/131 1048/477/131
f 1155/506/128 1158/1149/128 1159/1125/128
f 1159/1125/128 1158/1149/128 1162/1126/128
f 1163/1127/128 1162/1126/128 1160/1128/128
f 1172/1130/137 1173/1133/137 1170/1131/137
f 1164/675/137 1166/1387/137 1173/1133/137
f 1171/1132/128 1170/1131/128 1168/513/128
f 764/1134/119 1169/1431/119 1168/1135/119
f 1187/1137/136 1188/1149/136 1184/1138/136
f 1182/1140/159 1183/1143/159 1180/1141/159
f 1182/1140/161 1175/515/161 1174/514/161
f 1181/1142/159 1180/1141/159 1177/1144/159
f 1189/1146/136 1190/1157/136 1191/1147/136
f 1192/1148/136 1191/1147/136 1188/1149/136
f 788/386/121 787/385/121 1179/519/121
f 1167/1150/178 1169/1431/178 1178/518/178
f 1185/1151/196 778/381/196 777/380/196
f 752/1152/172 754/1475/172 1157/510/172
f 755/374/133 1166/511/133 1165/510/133
f 1176/516/125 1175/515/125 780/1154/125
f 1165/510/134 1164/509/134 1174/517/134
f 1185/520/139 1184/517/139 1155/1150/139
f 1161/1129/163 1160/1128/163 972/448/163
f 979/453/136 981/455/136 1190/1157/136
f 1213/537/121 1212/536/121 1323/1158/121
f 1150/503/112 1152/505/112 1207/533/112
f 1199/1160/126 1201/673/126 1371/1161/126
f 1146/501/114 1203/531/114 1202/530/114
f 1143/498/131 1142/497/131 1201/529/131
f 1205/1163/178 1206/1169/178 1137/496/178
f 1197/525/125 1196/524/125 1377/1164/125
f 1208/1165/119 1207/1647/119 1329/1166/119
f 1210/1168/138 1211/1180/138 1206/1169/138
f 1221/1170/136 1223/1179/136 1218/542/136
f 1225/549/121 1224/548/121 1331/1171/121
f 1220/1173/127 1219/1662/127 1379/1174/127
f 1215/1176/116 1217/542/116 1226/1177/116
f 1223/1179/142 1222/1182/142 1211/1180/142
f 1226/1177/112 1214/1281/112 1213/1181/112
f 1197/1183/179 1219/543/179 1218/542/179
f 1193/1183/114 1195/1287/114 1217/542/114
f 1240/553/122 1238/1188/122 1239/1186/122
f 1235/1187/122 1237/1466/122 1239/1186/122
f 1233/1189/138 1234/1202/138 749/841/138
f 741/829/131 740/836/131 1229/1191/131
f 832/398/114 1237/1466/114 1236/1193/114
f 1242/555/185 1241/554/185 890/835/185
f 733/836/114 732/829/114 1227/1195/114
f 1231/1197/112 1232/1189/112 747/1198/112
f 1228/1196/157 1227/1195/157 1243/1199/157
f 1245/1200/146 1246/1236/146 1230/1192/146
f 1247/1201/182 1248/1235/182 1232/1189/182
f 1234/1202/129 1233/1189/129 1249/1203/129
f 1265/1205/120 1266/1218/120 1267/1206/120
f 1255/560/120 1254/559/120 1263/1208/120
f 1261/566/119 1260/565/119 1271/1210/119
f 1258/563/109 1257/562/109 1275/1212/109
f 1262/1214/233 1261/1732/233 1277/1215/233
f 1388/579/136 1390/591/136 1196/1216/136
f 1286/568/151 1285/567/151 1395/1175/151
f 1264/1209/120 1263/1208/120 1266/1218/120
f 1268/1207/120 1267/1206/120 1252/557/120
f 1269/1219/172 1270/1305/172 1259/1220/172
f 1273/1222/109 1274/1232/109 1253/1223/109
f 1390/1225/151 1389/1733/151 1375/508/151
f 1278/1212/128 1277/1215/128 1281/1227/128
f 1282/1228/128 1281/1227/128 1290/1229/128
f 1283/1231/158 1284/1233/158 1274/1232/158
f 1288/1229/109 1289/1309/109 1284/1233/109
f 1251/1234/144 1253/1223/144 1244/1200/144
f 1248/1235/143 1247/1201/143 1257/562/143
f 1246/1236/131 1245/1200/131 1256/1237/131
f 1260/564/138 1262/1214/138 1250/1204/138
f 1396/1217/151 1395/1175/151 1393/1238/151
f 1394/1239/196 1393/1238/196 1279/1240/196
f 1295/1242/128 1296/1247/128 1254/1243/128
f 1293/570/151 1292/569/151 1280/1241/151
f 1389/590/129 1388/579/129 1287/1244/129
f 1300/1246/137 1301/1310/137 1296/1247/137
f 1313/1248/185 1314/1262/185 1305/573/185
f 1297/541/114 1299/569/114 1317/1249/114
f 1299/569/127 1298/539/127 1309/1251/127
f 1302/1253/127 1303/1175/127 1306/1173/127
f 1310/1252/152 1309/1251/152 1311/1255/152
f 1312/1256/125 1311/1255/125 1303/1175/125
f 1304/574/136 1306/572/136 1285/1258/136
f 1384/588/115 1383/587/115 1335/1259/115
f 1318/1250/114 1317/1249/114 1386/1261/114
f 1314/1262/131 1313/1248/131 1391/1263/131
f 1385/589/109 1384/588/109 1204/1265/109
f 1319/1266/133 1320/1283/133 1145/1267/133
f 1322/1121/119 1321/1120/119 1351/1269/119
f 1324/1159/121 1323/1158/121 1362/1271/121
f 1325/1273/126 1326/1275/126 1202/1274/126
f 1327/1275/125 1328/1291/125 1194/523/125
f 1353/581/119 1330/1167/119 1329/1166/119
f 1332/1172/121 1331/1171/121 1365/1276/121
f 1333/1278/125 1334/1241/125 1216/540/125
f 1208/534/109 831/836/109 833/1279/109
f 1236/551/116 1235/550/116 1212/1280/116
f 1347/1282/120 1348/1295/120 1320/1283/120
f 1345/1284/119 1346/1294/119 1336/1260/119
f 1340/1285/151 1341/1290/151 1342/587/151
f 1195/1287/116 1194/1216/116 1344/580/116
f 1200/528/128 1199/527/128 1339/577/128
f 1349/1288/120 1350/1296/120 1326/1275/120
f 1352/1270/119 1351/1269/119 1373/312/119
f 1356/1289/196 1357/1298/196 1341/1290/196
f 1358/724/141 1359/1299/141 1328/1291/141
f 1360/1238/141 1361/1256/141 1334/1241/141
f 1366/1277/121 1365/1276/121 1381/1292/121
f 1368/740/115 1367/739/115 1346/1294/115
f 1370/674/133 1369/1118/133 1348/1295/133
f 1372/1162/126 1371/1161/126 1350/1296/126
f 1374/316/119 1373/312/119 1135/1297/119
f 1376/1226/151 1375/508/151 1357/1298/151
f 1378/674/127 1377/1164/127 1359/1299/127
f 1380/1175/125 1379/1174/125 1361/1256/125
f 1382/1293/121 1381/1292/121 1222/546/121
f 575/818/142 1338/576/142 1337/575/142
f 1383/1301/112 1385/219/112 417/816/112
f 1392/1264/131 1391/1263/131 578/720/131
f 1387/219/114 1386/1261/114 419/1303/114
f 1315/1304/173 1316/1306/173 1270/1305/173
f 1272/1211/208 1271/1210/208 1316/1306/208
f 1276/1213/109 1275/1212/109 1307/1307/109
f 1308/1308/109 1307/1307/109 1289/1309/109
f 1291/1230/145 1290/1229/145 1301/1310/145
f 1364/1272/138 1363/1734/138 1355/583/138
f 1353/1311/128 1355/1735/128 889/417/128
f 1363/585/135 1362/584/135 1240/1312/135
f 410/252/4 592/1317/4 698/1316/4
f 592/1317/4 410/252/4 630/754/4
f 84/83/4 695/1444/4 456/1319/4
f 7/25/2 36/24/2 585/663/2
f 12/21/5 480/293/5 465/1320/5
f 412/652/2 464/275/2 463/616/2
f 413/1321/5 586/1322/5 33/20/5
f 11/21/4 34/20/4 579/1322/4
f 10/16/2 494/631/2 460/273/2
f 414/1321/4 459/1736/4 458/1323/4
f 415/651/2 580/662/2 35/26/2
f 38/244/4 1335/1737/4 1383/1301/4
f 416/817/4 707/360/4 715/809/4
f 39/244/5 727/822/5 723/368/5
f 419/1303/5 1386/1261/5 407/248/5
f 425/730/2 582/734/2 587/666/2
f 420/600/2 447/601/2 474/654/2
f 421/1329/5 588/1420/5 57/30/5
f 49/1330/5 611/1362/5 445/1331/5
f 12/21/5 33/20/5 590/668/5
f 426/1332/6 484/1738/6 482/1333/6
f 422/656/5 481/284/5 480/293/5
f 423/1334/6 589/666/6 583/734/6
f 427/732/5 584/733/5 581/1335/5
f 424/1336/5 476/1739/5 485/288/5
f 11/21/4 458/1323/4 477/285/4
f 7/25/2 463/616/2 488/629/2
f 471/795/5 49/1330/5 57/30/5
f 678/353/5 471/795/5 76/32/5
f 49/1330/5 471/795/5 652/347/5
f 4/22/4 472/1366/4 614/1363/4
f 5/19/4 477/285/4 472/1366/4
f 9/18/2 488/629/2 494/631/2
f 505/1370/3 549/1408/3 21/1371/3
f 529/1373/5 506/297/5 523/692/5
f 530/736/2 19/8/2 548/697/2
f 516/307/2 536/693/2 509/300/2
f 537/1375/3 56/49/3 619/770/3
f 531/1376/5 508/748/5 620/772/5
f 53/1377/4 621/772/4 511/1378/4
f 526/311/2 513/670/2 563/696/2
f 512/303/3 622/774/3 55/50/3
f 553/699/2 556/686/2 536/693/2
f 595/658/5 517/308/5 514/1381/5
f 552/1383/3 515/1743/3 519/1384/3
f 597/659/2 516/307/2 532/735/2
f 550/676/6 518/1387/6 540/684/6
f 596/1386/6 594/723/6 538/1118/6
f 518/1387/6 538/1118/6 546/321/6
f 524/711/2 572/709/2 520/708/2
f 18/7/2 17/1388/2 520/708/2
f 521/1389/3 571/324/3 574/712/3
f 559/1391/3 521/1389/3 26/1390/3
f 20/1374/5 523/692/5 547/688/5
f 545/1393/3 522/1372/3 21/1371/3
f 42/9/2 606/729/2 524/711/2
f 15/1374/4 573/1404/4 570/1395/4
f 41/27/4 15/1374/4 525/1373/4
f 627/1397/4 53/1377/4 528/1379/4
f 44/29/4 46/1398/4 528/1379/4
f 527/680/3 561/1409/3 565/1400/3
f 604/1396/5 529/1373/5 20/1374/5
f 43/6/2 19/8/2 530/736/2
f 602/1402/5 531/1376/5 52/1377/5
f 41/27/4 44/29/4 535/1399/4
f 15/1374/4 535/1399/4 544/1403/4
f 564/698/6 569/716/6 542/317/6
f 557/1405/3 54/47/3 56/49/3
f 40/1401/5 20/1374/5 539/690/5
f 541/1394/3 21/1371/3 23/1392/3
f 26/1390/3 574/712/3 543/714/3
f 549/1408/3 559/1391/3 23/1392/3
f 19/8/2 18/7/2 558/703/2
f 561/1409/3 552/1383/3 551/1385/3
f 550/676/6 555/686/6 569/716/6
f 560/681/2 563/696/2 556/686/2
f 23/1392/3 26/1390/3 568/1407/3
f 562/1380/3 55/50/3 54/47/3
f 686/701/3 567/717/3 22/40/3
f 566/1410/4 16/1414/4 65/1411/4
f 567/717/3 632/719/3 66/1413/3
f 16/1414/4 566/1410/4 687/1415/4
f 575/818/3 578/720/3 1391/1263/3
f 28/247/4 709/810/4 712/812/4
f 575/818/3 711/362/3 718/365/3
f 1337/1417/4 1368/1709/4 28/247/4
f 29/247/5 406/246/5 1392/1418/5
f 577/1419/5 720/825/5 721/823/5
f 580/662/2 606/729/2 42/9/2
f 34/20/4 41/27/4 605/1396/4
f 584/733/5 595/658/5 598/1382/5
f 582/734/2 597/659/2 601/723/2
f 583/734/6 589/666/6 594/723/6
f 586/1322/5 604/1396/5 40/1401/5
f 36/24/2 43/6/2 603/725/2
f 588/1420/5 602/1402/5 58/33/5
f 33/20/5 40/1401/5 593/593/5
f 633/332/1 800/388/1 639/801/1
f 591/756/1 639/801/1 702/784/1
f 599/1421/4 638/1430/4 65/1411/4
f 600/759/3 641/767/3 651/766/3
f 700/783/3 705/787/3 641/767/3
f 599/1421/4 16/1414/4 86/807/4
f 50/1330/4 614/1363/4 662/352/4
f 56/49/3 75/48/3 655/1424/3
f 52/1377/5 620/772/5 656/797/5
f 79/34/4 657/1443/4 621/772/4
f 622/774/3 658/798/3 74/52/3
f 4/22/4 50/1330/4 625/1425/4
f 671/751/1 674/762/1 645/761/1
f 625/1425/4 627/1397/4 46/1398/4
f 50/1330/4 78/86/4 670/1426/4
f 624/428/2 644/339/2 647/960/2
f 626/329/3 646/341/3 677/764/3
f 673/1428/4 79/34/4 53/1377/4
f 634/1318/4 630/754/4 761/872/4
f 65/1411/4 1169/1431/4 764/1134/4
f 632/719/3 763/378/3 765/848/3
f 637/336/6 650/345/6 801/878/6
f 634/1318/4 97/63/4 98/65/4
f 638/1430/4 98/65/4 1169/1431/4
f 640/1317/5 128/88/5 126/83/5
f 640/1317/5 802/1495/5 209/90/5
f 642/1421/5 731/1434/5 804/1432/5
f 704/1422/5 737/1445/5 731/1434/5
f 675/1435/5 123/86/5 211/1436/5
f 832/398/5 870/834/5 643/1437/5
f 870/834/5 890/835/5 648/1438/5
f 877/1439/5 734/1582/5 676/1440/5
f 732/1441/5 877/1439/5 648/1438/5
f 649/1433/5 804/1432/5 808/1442/5
f 107/71/5 802/1495/5 649/1433/5
f 655/1424/3 75/48/3 83/15/3
f 73/34/5 656/797/5 682/357/5
f 86/807/4 687/1415/4 657/1443/4
f 658/798/3 686/701/3 82/11/3
f 78/86/4 662/352/4 695/1444/4
f 699/782/1 702/784/1 674/762/1
f 84/83/4 698/1316/4 670/1426/4
f 701/1422/4 86/807/4 79/34/4
f 672/753/3 677/764/3 705/787/3
f 703/1316/5 126/83/5 123/86/5
f 676/1440/5 734/1582/5 737/1445/5
f 688/1446/2 714/1453/2 706/827/2
f 30/35/3 711/362/3 683/722/3
f 710/1447/2 685/1450/2 681/1448/2
f 683/722/3 83/15/3 25/14/3
f 77/31/5 73/34/5 684/806/5
f 685/1450/2 710/1447/2 716/1451/2
f 76/32/5 77/31/5 690/803/5
f 691/1452/2 716/1451/2 714/1453/2
f 47/245/4 717/814/4 709/810/4
f 711/362/3 30/35/3 27/37/3
f 38/244/4 715/809/4 717/814/4
f 27/37/3 263/151/3 1106/1067/3
f 719/1454/2 1105/1072/2 270/152/2
f 29/247/5 721/823/5 728/820/5
f 722/1455/2 270/152/2 274/141/2
f 726/1457/2 265/143/2 1103/1458/2
f 48/245/5 728/820/5 727/822/5
f 729/1456/2 274/141/2 265/143/2
f 736/832/1 231/209/1 228/45/1
f 228/45/1 232/170/1 803/874/1
f 733/836/1 224/208/1 237/204/1
f 733/836/1 1228/1196/1 360/221/1
f 890/835/5 1241/554/5 1227/1460/5
f 735/944/1 225/206/1 231/209/1
f 876/830/1 237/204/1 225/206/1
f 739/839/3 230/45/3 226/209/3
f 128/88/5 738/1463/5 744/1461/5
f 739/839/3 806/874/3 233/170/3
f 128/88/5 209/90/5 805/1462/5
f 879/830/3 236/204/3 229/208/3
f 878/1464/5 741/1465/5 832/398/5
f 229/208/3 361/221/3 1229/1191/3
f 741/1465/5 1230/1744/5 1237/1466/5
f 745/838/3 226/209/3 227/206/3
f 742/837/3 227/206/3 236/204/3
f 123/86/5 126/83/5 744/1461/5
f 123/86/5 743/1467/5 878/1464/5
f 130/213/4 893/1555/4 880/1468/4
f 747/1469/4 1232/1675/4 358/228/4
f 287/192/1 277/187/1 746/840/1
f 277/187/1 362/212/1 1231/1197/1
f 286/192/3 883/413/3 749/841/3
f 749/841/3 1234/1202/3 363/212/3
f 748/1470/4 885/1745/4 1066/1471/4
f 207/219/4 359/218/4 1233/1472/4
f 356/1473/6 750/1274/6 752/380/6
f 755/1474/6 750/1274/6 356/1473/6
f 754/1475/4 778/1746/4 1185/520/4
f 1176/1156/5 782/1746/5 756/375/5
f 758/1476/6 767/1481/6 1173/1133/6
f 64/42/3 759/852/3 769/845/3
f 67/41/3 768/851/3 759/852/3
f 1166/1387/6 356/1473/6 770/525/6
f 761/872/4 786/969/4 102/1477/4
f 762/1479/6 1168/513/6 1170/1131/6
f 766/1480/6 1170/1131/6 1173/1133/6
f 66/1413/3 765/848/3 768/851/3
f 770/525/6 356/1473/6 1156/507/6
f 68/38/3 769/845/3 771/843/3
f 772/1482/6 1156/507/6 1159/1125/6
f 69/39/3 771/843/3 774/978/3
f 774/978/3 1102/980/3 271/149/3
f 773/1483/6 1159/1125/6 1163/1127/6
f 355/1473/2 776/1274/2 780/1154/2
f 777/380/2 776/1274/2 355/1473/2
f 784/863/2 1175/515/2 1182/1140/2
f 792/1485/3 139/102/3 142/110/3
f 794/322/2 355/1473/2 1175/515/2
f 783/1486/3 142/110/3 143/105/3
f 786/969/4 907/977/4 900/973/4
f 790/860/2 1181/1142/2 1179/1145/2
f 789/1489/3 905/1562/3 140/100/3
f 788/386/4 1178/518/4 134/1491/4
f 793/862/2 1182/1140/2 1181/1142/2
f 791/1490/3 140/100/3 139/102/3
f 1186/1139/2 355/1473/2 794/322/2
f 795/1487/3 143/105/3 137/107/3
f 796/738/2 799/1097/2 1187/1137/2
f 797/1492/3 137/107/3 136/109/3
f 136/109/3 264/146/3 1110/1494/3
f 1109/1072/2 1192/1148/2 1187/1137/2
f 802/1495/5 107/71/5 210/73/5
f 232/170/1 234/168/1 807/875/1
f 806/874/3 810/883/3 235/168/3
f 209/90/5 210/73/5 809/1496/5
f 808/1442/5 812/1499/5 72/1497/5
f 234/168/1 223/164/1 811/880/1
f 810/883/3 814/910/3 222/164/3
f 210/73/5 208/72/5 813/1498/5
f 812/1499/5 928/1563/5 930/438/5
f 223/164/1 241/166/1 927/912/1
f 814/910/3 926/912/3 240/166/3
f 208/72/5 213/1559/5 925/1500/5
f 1076/483/2 815/346/2 842/1501/2
f 895/419/5 924/436/5 816/906/5
f 924/436/5 920/1747/5 843/401/5
f 815/346/2 1076/483/2 1078/1087/2
f 821/1504/6 818/1508/6 119/26/6
f 818/1508/6 855/407/6 859/918/6
f 910/974/4 913/914/4 819/391/4
f 837/1509/6 120/9/6 118/1388/6
f 912/909/4 145/1510/4 823/898/4
f 916/432/4 836/891/4 823/898/4
f 822/314/6 118/1388/6 852/916/6
f 911/1511/3 825/1748/3 853/1512/3
f 828/896/6 122/1517/6 116/1514/6
f 147/106/3 827/1516/3 830/1515/3
f 156/111/3 867/1547/3 827/1516/3
f 866/525/6 125/674/6 122/1517/6
f 116/1514/6 262/152/6 1100/956/6
f 830/1515/3 1099/1623/3 273/144/3
f 1209/535/1 833/1279/1 1236/551/1
f 1208/1518/6 1330/1549/6 871/1519/6
f 835/1505/6 119/26/6 120/9/6
f 910/974/4 834/892/4 836/891/4
f 839/932/6 1107/1069/6 262/152/6
f 1108/1521/3 838/1523/3 1115/1105/3
f 122/1517/6 864/930/6 839/932/6
f 838/1523/3 865/1546/3 1125/1524/3
f 1078/1087/2 1081/1089/2 1063/1525/2
f 895/419/5 840/902/5 1064/904/5
f 238/203/1 1073/1083/1 844/985/1
f 212/1526/5 1064/904/5 847/934/5
f 918/983/3 846/404/3 1072/1113/3
f 1081/1089/2 1071/1629/2 845/1528/2
f 891/957/2 1116/959/2 1113/1529/2
f 158/180/1 246/179/1 1088/954/1
f 891/957/2 849/1530/2 1087/1531/2
f 158/180/1 848/887/1 1114/889/1
f 850/1532/2 1112/1631/2 1117/1533/2
f 288/116/3 1111/885/3 851/887/3
f 851/887/3 1094/970/3 253/179/3
f 1061/1534/2 1098/1602/2 1095/1535/2
f 118/1388/6 121/1543/6 857/920/6
f 153/1513/3 853/1512/3 858/1536/3
f 854/1537/4 1082/1626/4 1079/1538/4
f 857/920/6 121/1543/6 127/1540/6
f 149/101/3 858/1536/3 873/1541/3
f 860/1539/4 1079/1538/4 1075/1123/4
f 120/9/6 119/26/6 859/918/6
f 121/1543/6 863/1542/6 875/925/6
f 862/1544/3 1077/1749/3 1134/1114/3
f 118/1388/6 120/9/6 863/1542/6
f 125/674/6 868/938/6 864/930/6
f 865/1546/3 869/1548/3 1148/1106/3
f 872/697/6 127/1540/6 125/674/6
f 155/114/3 873/1541/3 867/1547/3
f 127/1540/6 875/925/6 868/938/6
f 869/1548/3 874/1545/3 1134/1114/3
f 1330/1549/6 1353/1311/6 888/416/6
f 290/55/1 287/192/1 882/413/1
f 894/947/6 243/1552/6 1086/1550/6
f 89/54/1 882/413/1 1085/940/1
f 884/929/6 1084/1622/6 260/1551/6
f 92/54/3 256/173/3 1083/940/3
f 291/55/3 92/54/3 883/413/3
f 886/948/6 242/1554/6 243/1552/6
f 207/219/4 1066/1471/4 887/1553/4
f 1065/927/6 260/1551/6 242/1554/6
f 124/215/4 887/1553/4 893/1555/4
f 1242/1556/3 889/1279/3 1355/1557/3
f 1108/1521/3 892/1522/3 1091/1124/3
f 932/440/5 895/419/5 212/1526/5
f 909/1560/1 896/1750/1 934/961/1
f 915/963/6 922/1720/6 897/878/6
f 899/428/2 933/339/2 929/960/2
f 907/977/4 913/914/4 910/974/4
f 102/1477/4 900/973/4 903/964/4
f 902/422/3 931/1751/3 923/1561/3
f 903/964/4 916/432/4 145/1510/4
f 1178/518/4 103/64/4 903/964/4
f 905/1562/3 911/1511/3 153/1513/3
f 904/965/4 134/1491/4 145/1510/4
f 213/1559/5 212/1526/5 919/1527/5
f 926/912/3 918/983/3 239/203/3
f 241/166/1 238/203/1 921/989/1
f 928/1563/5 920/1747/5 924/436/5
f 72/1497/5 930/438/5 932/440/5
f 208/72/5 104/75/5 932/440/5
f 161/121/5 165/120/5 945/1564/5
f 941/1566/5 161/121/5 936/1565/5
f 202/1568/3 937/991/3 940/996/3
f 939/1569/5 938/1752/5 162/1570/5
f 162/1570/5 938/1752/5 975/451/5
f 1050/1070/3 976/1016/3 937/991/3
f 951/1571/5 939/1569/5 163/122/5
f 201/150/3 940/996/3 950/444/3
f 944/1573/5 164/119/5 161/121/5
f 205/142/2 942/1001/2 955/1574/2
f 206/153/2 943/998/2 942/1001/2
f 953/1572/5 163/122/5 164/119/5
f 200/1128/2 952/1002/2 943/998/2
f 165/120/5 173/127/5 969/1576/5
f 255/176/3 947/1026/3 989/1023/3
f 948/1577/4 1039/1617/4 221/147/4
f 245/177/3 1040/1063/3 947/1026/3
f 990/1578/4 948/1577/4 214/72/4
f 1045/1579/2 949/1003/2 952/1002/2
f 259/175/1 958/1006/1 962/1008/1
f 185/131/4 186/130/4 961/1580/4
f 244/173/1 959/1004/1 958/1006/1
f 184/31/4 185/131/4 957/1581/4
f 1085/940/1 1026/1046/1 959/1004/1
f 1031/1583/4 184/31/4 960/1582/4
f 258/172/1 962/1008/1 988/1022/1
f 186/130/4 183/125/4 987/1585/4
f 257/175/3 963/1006/3 966/1048/3
f 964/1461/4 968/1589/4 215/88/4
f 965/1586/4 964/1461/4 216/83/4
f 252/172/3 967/1008/3 963/1006/3
f 1028/1587/4 965/1586/4 217/86/4
f 256/173/3 966/1048/3 1027/471/3
f 968/1589/4 986/1598/4 218/90/4
f 248/178/3 985/1020/3 967/1008/3
f 173/127/5 175/129/5 977/1590/5
f 973/1019/5 980/1018/5 174/132/5
f 972/1591/3 1160/1653/3 1190/1592/3
f 166/123/5 162/1570/5 973/1019/5
f 1051/1594/6 1161/1129/6 971/447/6
f 175/129/5 188/133/5 1035/1595/5
f 980/1018/5 189/136/5 180/134/5
f 984/1003/2 979/453/2 1189/1146/2
f 983/1596/5 1038/1619/5 189/136/5
f 203/145/3 1037/1059/3 982/456/3
f 986/1598/4 990/1578/4 219/73/4
f 254/174/3 989/1023/3 985/1020/3
f 247/178/1 988/1022/1 992/1025/1
f 183/125/4 182/124/4 991/1599/4
f 251/174/1 992/1025/1 994/1026/1
f 182/124/4 168/126/4 993/1600/4
f 250/176/1 994/1026/1 1015/1037/1
f 168/126/4 192/140/4 1014/1563/4
f 181/148/4 995/1604/4 1023/1601/4
f 1089/1093/2 996/1079/2 1067/1030/2
f 1089/1093/2 1092/489/2 1022/1044/2
f 220/1603/4 1068/1607/4 995/1604/4
f 1098/1602/2 1067/1030/2 998/1605/2
f 1012/1606/4 999/934/4 1068/1607/4
f 1094/970/3 997/459/3 1013/1035/3
f 1049/1608/6 1001/998/6 1008/448/6
f 179/1609/5 1007/1614/5 1000/1610/5
f 1054/1075/6 1002/1032/6 1001/998/6
f 190/137/5 1000/1610/5 1003/1611/5
f 1056/1077/6 1006/1033/6 1002/1032/6
f 178/135/5 1003/1611/5 1005/391/5
f 199/1128/6 1008/448/6 1009/465/6
f 1018/1613/5 1010/1753/5 1007/1614/5
f 1044/1615/3 1011/1040/3 1019/1042/3
f 253/179/3 1013/1035/3 1040/1063/3
f 1039/1617/4 1012/1606/4 220/1603/4
f 249/177/1 1015/1037/1 1041/1035/1
f 192/140/4 187/139/4 1042/1618/4
f 188/133/5 178/135/5 1017/1612/5
f 204/1616/3 1019/1042/3 1037/1059/3
f 1038/1619/5 1018/1613/5 179/1609/5
f 1020/1620/4 171/87/4 184/31/4
f 1070/1588/4 217/86/4 171/87/4
f 242/1554/6 1021/1056/6 1030/1049/6
f 260/1551/6 1069/1052/6 1021/1056/6
f 187/139/4 1023/1601/4 1033/1621/4
f 1092/489/2 1087/1531/2 1034/1054/2
f 243/1552/6 1030/1049/6 1024/468/6
f 1084/1622/6 1029/1080/6 1069/1052/6
f 246/179/1 1041/1035/1 1032/459/1
f 1099/1623/3 1044/1615/3 204/1616/3
f 262/152/6 199/1128/6 1043/936/6
f 263/151/3 201/150/3 1046/967/3
f 1105/1072/2 1045/1579/2 200/1128/2
f 1107/1069/6 1049/1608/6 199/1128/6
f 1048/1624/5 1093/1754/5 1090/1604/5
f 1102/980/3 1050/1070/3 202/1568/3
f 1101/1484/6 1163/1127/6 1161/1129/6
f 264/146/3 203/145/3 1053/1597/3
f 1052/981/2 1189/1146/2 1192/1148/2
f 1055/1625/5 1090/1604/5 1097/1626/5
f 265/143/2 205/142/2 1060/1575/2
f 1128/1628/2 1129/1755/2 1071/1629/2
f 239/203/3 1072/1113/3 1130/1114/3
f 318/167/1 1131/1114/1 1073/1083/1
f 1133/1115/2 1076/483/2 1074/1502/2
f 1112/1631/2 1122/1634/2 1119/1632/2
f 313/184/3 1121/1098/3 1111/885/3
f 293/116/1 1114/889/1 1124/1098/1
f 1116/959/2 1126/1102/2 1123/1633/2
f 1122/1634/2 1139/1637/2 1154/1635/2
f 348/201/3 1138/1106/3 1121/1098/3
f 298/184/1 1124/1098/1 1141/1106/1
f 1126/1102/2 1149/1110/2 1140/1636/2
f 1139/1637/2 1129/1755/2 1128/1628/2
f 333/167/3 1130/1114/3 1138/1106/3
f 353/201/1 1141/1106/1 1131/1114/1
f 1149/1110/2 1133/1115/2 1132/1630/2
f 1135/1297/6 1373/312/6 1369/1118/6
f 1143/498/3 1200/528/3 1205/1163/3
f 1137/1639/4 1206/1665/4 404/246/4
f 1370/1641/5 1371/1709/5 1201/1642/5
f 1150/503/1 1209/535/1 1203/531/1
f 1147/1644/5 1202/1756/5 1326/1645/5
f 1321/1120/6 1151/1729/6 1145/1267/6
f 1322/1646/4 1329/1166/4 1207/1647/4
f 1155/1648/3 1184/1757/3 1188/1649/3
f 1158/1650/3 1188/1649/3 1191/1651/3
f 1162/1652/3 1191/1651/3 1190/1592/3
f 1183/1654/3 1174/1758/3 1164/1655/3
f 1167/1657/3 1177/1759/3 1180/1658/3
f 1169/1431/4 98/65/4 103/64/4
f 1183/1654/3 1172/1656/3 1171/1659/3
f 1214/1281/1 1226/1177/1 1217/542/1
f 1209/535/1 1214/1281/1 1195/1287/1
f 1193/537/5 1216/540/5 1334/1241/5
f 1328/1291/2 1340/1285/2 1344/1286/2
f 1343/579/1 1385/576/1 1203/531/1
f 1210/1168/3 1198/1184/3 1218/542/3
f 1196/524/2 1390/1225/2 1376/1226/2
f 1200/528/3 1198/1184/3 1210/1168/3
f 1378/1661/5 1379/1174/5 1219/1662/5
f 1200/528/3 1338/576/3 1388/579/3
f 1372/1162/6 1367/739/6 1339/1664/6
f 1325/1273/6 1204/1265/6 1384/588/6
f 405/250/4 404/246/4 1206/1665/4
f 1211/1666/4 1222/546/4 1381/1292/4
f 1212/1667/2 1235/1760/2 1238/1668/2
f 1324/1159/4 1331/1171/4 1224/548/4
f 1215/1670/2 1225/1761/2 1332/1671/2
f 1380/1118/2 1382/312/2 1221/1297/2
f 1241/554/5 373/1277/5 1243/1673/5
f 1228/1196/1 1244/1200/1 376/226/1
f 1237/1466/5 1230/1744/5 1246/1674/5
f 361/221/3 377/226/3 1245/1200/3
f 362/212/1 378/227/1 1247/1201/1
f 1232/1675/4 1248/1677/4 374/1277/4
f 359/218/4 375/223/4 1249/1676/4
f 1234/1202/3 1250/1204/3 379/227/3
f 1239/1186/5 1237/1466/5 370/223/5
f 1240/1312/2 1362/584/2 1323/1669/2
f 1239/1186/5 372/229/5 373/1277/5
f 373/1277/5 1268/1207/5 1251/556/5
f 1244/1200/1 1253/1223/1 1274/1232/1
f 1246/1674/5 1255/560/5 1264/1209/5
f 377/226/3 1295/1242/3 1256/1237/3
f 378/227/1 1275/1212/1 1257/562/1
f 1248/1677/4 1259/1220/4 1270/1305/4
f 375/223/4 1271/1210/4 1260/565/4
f 1250/1204/3 1262/1214/3 1278/1212/3
f 1267/1678/6 388/234/6 1273/1502/6
f 1254/1528/6 1296/1700/6 386/230/6
f 1276/1680/6 401/243/6 1269/1681/6
f 1277/1683/6 1261/1762/6 1272/1684/6
f 370/223/5 1264/1209/5 1265/1205/5
f 1263/1679/6 386/230/6 387/232/6
f 1266/1686/6 387/232/6 388/234/6
f 372/229/5 1265/1205/5 1268/1207/5
f 374/1277/4 1270/1305/4 1316/1306/4
f 401/243/6 400/242/6 1315/1687/6
f 371/229/4 1316/1306/4 1271/1210/4
f 399/1685/6 1272/1684/6 1315/1687/6
f 376/226/1 1274/1232/1 1284/1233/1
f 388/234/6 391/233/6 1283/1688/6
f 380/222/1 1307/1307/1 1275/1212/1
f 1308/1689/6 397/240/6 401/243/6
f 379/227/3 1278/1212/3 1282/1228/3
f 1281/1634/6 1277/1683/6 399/1685/6
f 1279/1690/2 1393/1763/2 1311/1691/2
f 1292/569/4 1342/1764/4 1341/1660/4
f 1298/1693/2 1293/1765/2 1279/1690/2
f 1357/1694/4 1394/1239/4 1280/1241/4
f 381/222/3 1282/1228/3 1291/1230/3
f 392/238/6 1290/1766/6 1281/1634/6
f 382/225/1 1284/1233/1 1289/1309/1
f 391/233/6 394/235/6 1288/1695/6
f 1285/1696/2 1306/1767/2 1303/1697/2
f 1389/1663/4 1286/568/4 1396/1217/4
f 1313/1248/3 1304/574/3 1287/1244/3
f 384/224/1 1289/1309/1 1307/1307/1
f 394/235/6 397/240/6 1308/1689/6
f 385/224/3 1291/1230/3 1300/1246/3
f 1301/1699/6 1290/1766/6 392/238/6
f 1296/1700/6 1301/1699/6 389/236/6
f 383/225/3 1300/1246/3 1295/1242/3
f 1317/1249/5 1299/569/5 1310/1252/5
f 398/249/5 1312/1256/5 1302/1253/5
f 403/250/5 1302/1253/5 1305/1254/5
f 1311/1691/2 1393/1763/2 1395/1698/2
f 402/1701/5 1310/1252/5 1312/1256/5
f 406/246/5 403/250/5 1314/1666/5
f 1391/1263/3 1313/1248/3 1388/579/3
f 1386/1261/5 1317/1249/5 402/1701/5
f 1319/1646/5 1326/1645/5 1350/1702/5
f 1351/1269/6 1321/1120/6 1320/1283/6
f 1352/1704/4 1354/582/4 1329/1166/4
f 1324/1159/4 1364/1272/4 1365/1276/4
f 1325/1273/6 1336/1260/6 1346/1294/6
f 1327/1660/5 1334/1241/5 1361/1256/5
f 1359/1299/2 1356/1289/2 1340/1285/2
f 1333/1672/2 1332/1671/2 1366/1706/2
f 1345/1708/4 1335/1737/4 38/244/4
f 1368/1709/4 1345/1708/4 47/245/4
f 1349/1288/6 1346/1294/6 1367/739/6
f 1347/1703/5 1350/1702/5 1371/1709/5
f 1373/312/6 1351/1269/6 1348/1295/6
f 1374/1640/4 404/246/4 1354/582/4
f 404/246/4 405/250/4 1364/1272/4
f 1375/1661/4 1396/1217/4 1394/1239/4
f 1377/1164/2 1376/1226/2 1356/1289/2
f 1358/1705/5 1361/1256/5 1379/1174/5
f 1360/1707/2 1366/1706/2 1382/312/2
f 1364/1272/4 405/250/4 1381/1292/4
usemtl Concrete
f 445/261/11 446/262/11 447/263/11
f 474/281/18 475/282/18 476/283/18
f 459/612/112 457/613/112 458/614/112
f 472/617/112 613/618/112 614/619/112
f 474/281/117 446/262/117 475/282/117
f 477/620/112 473/621/112 472/617/112
f 481/622/114 479/623/114 480/624/114
f 483/625/118 484/626/118 486/627/118
f 486/627/114 476/283/114 475/282/114
f 458/614/112 478/640/112 477/620/112
f 480/624/114 466/641/114 465/642/114
f 611/743/114 446/262/114 445/261/114
f 614/619/112 661/744/112 662/745/112
f 652/769/114 612/770/114 611/743/114
f 662/745/112 694/777/112 695/778/112
f 654/788/148 663/205/148 664/789/148
f 664/789/109 667/790/109 666/791/109
f 695/778/112 454/799/112 456/800/112
f 51/49/1 446/262/1 612/770/1
f 454/799/1 697/1351/1 451/1352/1
f 504/1353/1 461/1354/1 493/1355/1
f 500/1356/1 457/613/1 504/1353/1
f 13/1357/1 466/641/1 479/623/1
f 496/1358/1 462/1359/1 13/1357/1
f 473/621/1 500/1356/1 499/1364/1
f 613/618/1 499/1364/1 618/1365/1
f 489/1367/1 486/627/1 475/282/1
f 615/1368/1 475/282/1 51/49/1
f 483/625/1 13/1357/1 479/623/1
f 486/627/1 496/1358/1 13/1357/1
f 496/1358/1 493/1355/1 487/1369/1
f 664/789/1 612/770/1 654/788/1
f 661/744/1 618/1365/1 669/1423/1
f 666/791/1 51/49/1 664/789/1
f 694/777/1 669/1423/1 697/1351/1
f 459/612/112 461/1354/112 457/613/112
f 472/617/112 473/621/112 613/618/112
f 474/281/199 447/263/199 446/262/199
f 477/620/112 478/640/112 473/621/112
f 481/622/114 483/625/114 479/623/114
f 483/625/158 482/1711/158 484/626/158
f 486/627/114 485/1712/114 476/283/114
f 458/614/112 457/613/112 478/640/112
f 480/624/114 479/623/114 466/641/114
f 611/743/114 612/770/114 446/262/114
f 614/619/112 613/618/112 661/744/112
f 652/769/114 654/788/114 612/770/114
f 662/745/112 661/744/112 694/777/112
f 654/788/109 653/1424/109 663/205/109
f 664/789/109 663/205/109 667/790/109
f 695/778/112 694/777/112 454/799/112
f 51/49/1 475/282/1 446/262/1
f 454/799/1 694/777/1 697/1351/1
f 504/1353/1 457/613/1 461/1354/1
f 500/1356/1 478/640/1 457/613/1
f 13/1357/1 462/1359/1 466/641/1
f 496/1358/1 487/1369/1 462/1359/1
f 473/621/1 478/640/1 500/1356/1
f 613/618/1 473/621/1 499/1364/1
f 489/1367/1 492/1742/1 486/627/1
f 615/1368/1 489/1367/1 475/282/1
f 483/625/1 486/627/1 13/1357/1
f 486/627/1 492/1742/1 496/1358/1
f 496/1358/1 504/1353/1 493/1355/1
f 664/789/1 51/49/1 612/770/1
f 661/744/1 613/618/1 618/1365/1
f 666/791/1 615/1368/1 51/49/1
f 694/777/1 661/744/1 669/1423/1
usemtl Floor
f 1/1/1 60/2/1 59/3/1
f 2/4/1 70/5/1 60/2/1
f 6/43/1 62/44/1 8/45/1
f 1/1/1 61/46/1 6/43/1
f 8/45/1 85/15/1 6/43/1
f 62/44/1 95/59/1 63/60/1
f 94/61/1 100/62/1 95/59/1
f 144/76/1 114/77/1 150/78/1
f 150/78/1 113/79/1 151/80/1
f 151/80/1 115/81/1 152/82/1
f 101/93/1 268/94/1 131/95/1
f 99/96/1 138/97/1 100/62/1
f 141/98/1 148/99/1 138/97/1
f 135/103/1 154/104/1 141/98/1
f 133/112/1 152/82/1 135/103/1
f 132/113/1 151/80/1 133/112/1
f 131/95/1 150/78/1 132/113/1
f 268/94/1 198/154/1 269/155/1
f 267/156/1 195/157/1 261/158/1
f 261/158/1 197/159/1 268/94/1
f 266/160/1 196/161/1 267/156/1
f 129/151/1 194/162/1 266/160/1
f 70/5/1 267/156/1 96/163/1
f 31/37/1 266/160/1 70/5/1
f 96/163/1 261/158/1 101/93/1
f 131/95/1 269/155/1 144/76/1
f 144/76/1 272/181/1 117/182/1
f 432/253/8 433/254/8 434/255/8
f 439/256/9 440/257/9 441/258/9
f 442/259/10 443/260/10 444/254/10
f 448/264/12 449/18/12 450/265/12
f 451/266/13 452/267/13 453/268/13
f 454/269/14 455/270/14 456/271/14
f 469/278/17 470/279/17 471/280/17
f 495/290/21 496/291/21 497/292/21
f 502/293/22 503/294/22 504/295/22
f 665/350/39 666/351/39 667/352/39
f 752/371/12 753/372/12 754/373/12
f 780/382/47 781/383/47 782/384/47
f 954/444/67 955/443/67 956/446/67
f 1004/462/72 1005/463/72 1006/464/72
f 1056/479/77 1057/480/77 1058/481/77
f 1080/485/79 1081/486/79 1082/487/79
f 1096/491/81 1097/492/81 1098/493/81
f 1297/571/104 1298/572/104 1299/573/104
f 1342/578/106 1343/579/106 1344/580/106
f 409/592/109 432/253/109 434/255/109
f 442/258/111 503/294/111 502/293/111
f 430/595/112 428/596/112 429/597/112
f 429/597/112 607/598/112 608/599/112
f 467/602/109 470/279/109 469/278/109
f 437/603/114 435/597/114 436/604/114
f 436/604/114 609/605/114 610/598/114
f 440/257/112 431/606/112 430/595/112
f 444/607/114 438/19/114 437/603/114
f 441/608/109 443/260/109 442/259/109
f 495/290/115 439/609/115 441/608/115
f 455/270/109 451/610/109 453/611/109
f 491/632/112 489/633/112 490/634/112
f 490/634/112 615/635/112 616/636/112
f 500/289/114 498/637/114 499/638/114
f 499/638/114 617/636/114 618/639/114
f 497/643/112 492/644/112 491/632/112
f 500/289/114 503/294/114 501/645/114
f 496/291/109 502/646/109 504/630/109
f 456/271/119 411/647/119 410/648/119
f 433/649/120 453/268/120 452/267/120
f 610/598/114 659/741/114 660/742/114
f 616/636/112 666/351/112 665/350/112
f 618/639/114 668/348/114 669/746/114
f 660/742/114 692/775/114 693/776/114
f 467/602/109 448/264/109 468/779/109
f 669/746/114 696/780/114 697/781/114
f 608/599/112 450/792/112 449/793/112
f 450/792/149 667/352/149 448/794/149
f 433/649/114 692/775/114 434/88/114
f 697/781/114 452/267/114 451/266/114
f 751/853/158 752/371/158 750/854/158
f 755/855/158 751/853/158 750/854/158
f 777/864/160 775/865/160 776/866/160
f 775/865/160 780/382/160 776/866/160
f 782/384/114 757/867/114 756/868/114
f 778/869/112 753/372/112 779/870/112
f 821/899/164 817/900/164 818/901/164
f 855/922/167 817/900/167 856/923/167
f 1004/462/109 1056/479/109 1058/481/109
f 1104/986/116 724/366/116 1103/987/116
f 945/993/170 935/994/170 936/995/170
f 954/444/170 936/995/170 935/994/170
f 946/1013/170 969/1014/170 970/1015/170
f 977/1017/170 970/1015/170 969/1014/170
f 1005/463/170 1016/1038/170 1017/1039/170
f 1035/1057/170 978/1058/170 977/1017/170
f 1017/1039/170 1036/1060/170 1035/1057/170
f 1059/1074/116 955/443/116 954/444/116
f 1128/1085/162 1080/485/162 1127/1086/162
f 1096/491/176 1061/1090/176 1062/1092/176
f 1104/986/199 1060/966/199 1059/1074/199
f 1057/480/114 1096/491/114 1058/481/114
f 1117/1103/201 1062/1092/201 1061/1090/201
f 1119/1104/201 1118/1105/201 1117/1103/201
f 1128/1085/202 1153/1111/202 1154/1112/202
f 1154/1112/199 1120/1117/199 1119/1104/199
f 1080/485/112 854/1122/112 856/923/112
f 1298/572/116 1294/1257/116 1293/1258/116
f 1342/578/112 1294/1257/112 1343/579/112
f 409/1314/1 63/60/1 629/1315/1
f 411/647/6 453/611/6 432/253/6
f 417/1324/1 1387/1325/1 418/1326/1
f 708/1327/1 418/1326/1 725/1328/1
f 609/1337/1 429/1338/1 608/1339/1
f 428/596/4 616/636/4 607/598/4
f 435/1340/1 430/1341/1 429/1338/1
f 431/606/4 490/634/4 428/596/4
f 438/1342/1 440/1343/1 430/1341/1
f 439/256/4 491/632/4 431/606/4
f 8/45/1 692/1344/1 81/1345/1
f 434/1346/1 62/44/1 63/60/1
f 433/649/5 696/780/5 693/776/5
f 610/598/5 498/637/5 436/604/5
f 436/604/5 501/645/5 437/603/5
f 437/603/5 503/294/5 444/607/5
f 442/259/6 495/290/6 441/608/6
f 81/1345/1 467/1347/1 85/15/1
f 607/598/4 665/350/4 450/792/4
f 659/1348/1 608/1339/1 449/1349/1
f 448/264/6 663/1350/6 468/779/6
f 692/1344/1 449/1349/1 81/1345/1
f 468/779/209 653/275/209 470/279/209
f 85/15/1 469/1360/1 680/1361/1
f 660/742/5 617/636/5 610/598/5
f 63/60/1 760/1429/1 629/1315/1
f 693/776/5 668/348/5 660/742/5
f 2/4/1 680/1361/1 708/1327/1
f 6/43/1 680/1361/1 1/1/1
f 2/4/1 725/1328/1 31/37/1
f 31/37/1 1104/986/1 129/151/1
f 61/46/1 751/853/1 757/867/1
f 60/2/1 751/853/1 59/3/1
f 96/163/1 779/870/1 753/372/1
f 70/5/1 753/372/1 60/2/1
f 757/867/1 99/96/1 94/61/1
f 62/44/1 757/867/1 94/61/1
f 95/59/1 785/1478/1 760/1429/1
f 775/865/1 132/113/1 133/112/1
f 775/865/1 135/103/1 781/383/1
f 779/870/1 131/95/1 132/113/1
f 781/383/1 141/98/1 99/96/1
f 100/62/1 906/1488/1 785/1478/1
f 148/99/1 820/1506/1 914/1507/1
f 154/104/1 817/900/1 148/99/1
f 115/81/1 1080/485/1 856/923/1
f 152/82/1 856/923/1 154/104/1
f 138/97/1 914/1507/1 906/1488/1
f 193/150/1 946/1013/1 194/162/1
f 1059/1074/1 935/994/1 193/150/1
f 194/162/1 970/1015/1 196/161/1
f 196/161/1 978/1058/1 195/157/1
f 195/157/1 1036/1060/1 197/159/1
f 198/154/1 1004/462/1 1058/481/1
f 197/159/1 1016/1038/1 198/154/1
f 269/155/1 1058/481/1 272/181/1
f 1096/491/1 272/181/1 1058/481/1
f 1104/986/1 193/150/1 129/151/1
f 272/181/1 1118/1105/1 117/182/1
f 117/182/1 1120/1117/1 114/77/1
f 114/77/1 1153/1111/1 113/79/1
f 113/79/1 1127/1086/1 115/81/1
f 1318/1248/1 1294/1257/1 1297/571/1
f 1385/576/1 1318/1248/1 1387/1325/1
f 1/1/1 2/4/1 60/2/1
f 2/4/1 31/37/1 70/5/1
f 6/43/1 61/46/1 62/44/1
f 1/1/1 59/3/1 61/46/1
f 8/45/1 81/1345/1 85/15/1
f 62/44/1 94/61/1 95/59/1
f 94/61/1 99/96/1 100/62/1
f 144/76/1 117/182/1 114/77/1
f 150/78/1 114/77/1 113/79/1
f 151/80/1 113/79/1 115/81/1
f 101/93/1 261/158/1 268/94/1
f 99/96/1 141/98/1 138/97/1
f 141/98/1 154/104/1 148/99/1
f 135/103/1 152/82/1 154/104/1
f 133/112/1 151/80/1 152/82/1
f 132/113/1 150/78/1 151/80/1
f 131/95/1 144/76/1 150/78/1
f 268/94/1 197/159/1 198/154/1
f 267/156/1 196/161/1 195/157/1
f 261/158/1 195/157/1 197/159/1
f 266/160/1 194/162/1 196/161/1
f 129/151/1 193/150/1 194/162/1
f 70/5/1 266/160/1 267/156/1
f 31/37/1 129/151/1 266/160/1
f 96/163/1 267/156/1 261/158/1
f 131/95/1 268/94/1 269/155/1
f 144/76/1 269/155/1 272/181/1
f 409/592/148 411/647/148 432/253/148
f 442/258/120 444/607/120 503/294/120
f 430/595/112 431/606/112 428/596/112
f 429/597/112 428/596/112 607/598/112
f 467/602/148 468/779/148 470/279/148
f 437/603/114 438/19/114 435/597/114
f 436/604/114 435/597/114 609/605/114
f 440/257/112 439/256/112 431/606/112
f 444/607/114 443/257/114 438/19/114
f 441/608/109 440/1710/109 443/260/109
f 495/290/172 497/292/172 439/609/172
f 455/270/109 454/269/109 451/610/109
f 491/632/112 492/644/112 489/633/112
f 490/634/112 489/633/112 615/635/112
f 500/289/114 501/645/114 498/637/114
f 499/638/114 498/637/114 617/636/114
f 497/643/112 496/295/112 492/644/112
f 500/289/114 504/295/114 503/294/114
f 496/291/109 495/290/109 502/646/109
f 456/271/119 455/270/119 411/647/119
f 433/649/120 432/1713/120 453/268/120
f 610/598/114 609/605/114 659/741/114
f 616/636/112 615/635/112 666/351/112
f 618/639/114 617/636/114 668/348/114
f 660/742/114 659/741/114 692/775/114
f 467/602/198 449/18/198 448/264/198
f 669/746/114 668/348/114 696/780/114
f 608/599/112 607/598/112 450/792/112
f 450/792/149 665/350/149 667/352/149
f 433/649/114 693/776/114 692/775/114
f 697/781/114 696/780/114 452/267/114
f 751/853/109 753/372/109 752/371/109
f 755/855/109 757/867/109 751/853/109
f 777/864/116 779/870/116 775/865/116
f 775/865/160 781/383/160 780/382/160
f 782/384/114 781/383/114 757/867/114
f 778/869/112 754/373/112 753/372/112
f 821/899/215 820/1506/215 817/900/215
f 855/922/148 818/901/148 817/900/148
f 1004/462/164 1006/464/164 1056/479/164
f 1104/986/221 725/1328/221 724/366/221
f 945/993/157 946/1013/157 935/994/157
f 954/444/170 956/446/170 936/995/170
f 946/1013/157 945/993/157 969/1014/157
f 977/1017/170 978/1058/170 970/1015/170
f 1005/463/170 1004/462/170 1016/1038/170
f 1035/1057/157 1036/1060/157 978/1058/157
f 1017/1039/170 1016/1038/170 1036/1060/170
f 1059/1074/116 1060/966/116 955/443/116
f 1128/1085/230 1081/486/230 1080/485/230
f 1096/491/199 1098/493/199 1061/1090/199
f 1104/986/117 1103/987/117 1060/966/117
f 1057/480/114 1097/492/114 1096/491/114
f 1117/1103/162 1118/1105/162 1062/1092/162
f 1119/1104/162 1120/1117/162 1118/1105/162
f 1128/1085/162 1127/1086/162 1153/1111/162
f 1154/1112/162 1153/1111/162 1120/1117/162
f 1080/485/112 1082/487/112 854/1122/112
f 1298/572/199 1297/571/199 1294/1257/199
f 1342/578/112 1292/1245/112 1294/1257/112
f 409/1314/1 434/1346/1 63/60/1
f 411/647/6 455/270/6 453/611/6
f 417/1324/1 1385/576/1 1387/1325/1
f 708/1327/1 417/1324/1 418/1326/1
f 609/1337/1 435/1340/1 429/1338/1
f 428/596/4 490/634/4 616/636/4
f 435/1340/1 438/1342/1 430/1341/1
f 431/606/4 491/632/4 490/634/4
f 438/1342/1 443/1740/1 440/1343/1
f 439/256/4 497/643/4 491/632/4
f 8/45/1 434/1346/1 692/1344/1
f 434/1346/1 8/45/1 62/44/1
f 433/649/5 452/267/5 696/780/5
f 610/598/5 617/636/5 498/637/5
f 436/604/5 498/637/5 501/645/5
f 437/603/5 501/645/5 503/294/5
f 442/259/6 502/646/6 495/290/6
f 81/1345/1 449/1349/1 467/1347/1
f 607/598/4 616/636/4 665/350/4
f 659/1348/1 609/1337/1 608/1339/1
f 448/264/6 667/1741/6 663/1350/6
f 692/1344/1 659/1348/1 449/1349/1
f 468/779/6 663/1350/6 653/275/6
f 85/15/1 467/1347/1 469/1360/1
f 660/742/5 668/348/5 617/636/5
f 63/60/1 95/59/1 760/1429/1
f 693/776/5 696/780/5 668/348/5
f 2/4/1 1/1/1 680/1361/1
f 6/43/1 85/15/1 680/1361/1
f 2/4/1 708/1327/1 725/1328/1
f 31/37/1 725/1328/1 1104/986/1
f 61/46/1 59/3/1 751/853/1
f 60/2/1 753/372/1 751/853/1
f 96/163/1 101/93/1 779/870/1
f 70/5/1 96/163/1 753/372/1
f 757/867/1 781/383/1 99/96/1
f 62/44/1 61/46/1 757/867/1
f 95/59/1 100/62/1 785/1478/1
f 775/865/1 779/870/1 132/113/1
f 775/865/1 133/112/1 135/103/1
f 779/870/1 101/93/1 131/95/1
f 781/383/1 135/103/1 141/98/1
f 100/62/1 138/97/1 906/1488/1
f 148/99/1 817/900/1 820/1506/1
f 154/104/1 856/923/1 817/900/1
f 115/81/1 1127/1086/1 1080/485/1
f 152/82/1 115/81/1 856/923/1
f 138/97/1 148/99/1 914/1507/1
f 193/150/1 935/994/1 946/1013/1
f 1059/1074/1 954/444/1 935/994/1
f 194/162/1 946/1013/1 970/1015/1
f 196/161/1 970/1015/1 978/1058/1
f 195/157/1 978/1058/1 1036/1060/1
f 198/154/1 1016/1038/1 1004/462/1
f 197/159/1 1036/1060/1 1016/1038/1
f 269/155/1 198/154/1 1058/481/1
f 1096/491/1 1062/1092/1 272/181/1
f 1104/986/1 1059/1074/1 193/150/1
f 272/181/1 1062/1092/1 1118/1105/1
f 117/182/1 1118/1105/1 1120/1117/1
f 114/77/1 1120/1117/1 1153/1111/1
f 113/79/1 1153/1111/1 1127/1086/1
f 1318/1248/1 1343/579/1 1294/1257/1
f 1385/576/1 1343/579/1 1318/1248/1
o Window
v -1.202999 2.433859 1.284223
v 0.255000 0.900000 1.818001
v 0.255000 2.332999 1.818001
v 0.255001 0.960000 2.480500
v 0.255001 2.272999 2.480500
v 0.255000 0.960000 1.878004
v 0.255000 2.272999 1.878004
v 0.235001 0.960000 2.480500
v 0.235001 2.272999 2.480500
v 0.235000 0.960000 1.878004
v 0.235000 2.272999 1.878004
v 0.235000 0.940000 1.858004
v 0.185000 0.940000 1.858004
v 0.185000 0.900000 1.818001
v 0.235000 2.292999 1.858004
v 0.185000 2.292999 2.500500
v 0.185000 2.292999 1.858004
v 0.185000 2.332999 1.818001
v 0.235001 1.000000 2.440500
v 0.235000 1.000000 1.918004
v 0.235001 2.232999 2.440500
v 0.235000 2.232999 1.918004
v 0.185000 0.920000 2.520500
v 0.185000 0.920000 1.838004
v 0.185000 2.312999 1.838004
v 0.185000 2.312999 2.520500
v 0.165000 1.000000 2.440500
v 0.165000 1.000000 1.918004
v 0.165000 2.232999 1.918004
v 0.165000 2.232999 2.440500
v 0.185000 0.940000 2.500500
v 0.235001 0.940000 2.500500
v 0.235001 2.292999 2.500500
v 0.165000 0.920000 2.520500
v 0.165000 0.920000 1.838004
v 0.165000 2.312999 1.838004
v 0.165000 2.312999 2.520500
v 0.210000 0.990000 2.450500
v 0.210000 2.242999 2.450500
v 0.190000 2.242999 1.908004
v 0.210000 2.232999 2.440500
v 0.210000 2.232999 1.918004
v 0.210000 1.000000 2.440500
v 0.210000 1.000000 1.918004
v 0.190000 2.232999 2.440500
v 0.190000 2.232999 1.918004
v 0.190000 1.000000 2.440500
v 0.190000 1.000000 1.918004
v 0.210000 0.990000 1.908008
v 0.210000 2.242999 1.908008
v 0.190000 0.990000 1.908008
v 0.190000 0.990000 2.450505
v 0.190000 2.242999 2.450505
v 0.255001 0.900000 3.263004
v 0.255001 2.332999 3.263004
v 0.255001 0.900000 2.540500
v 0.255001 2.332999 2.540500
v 0.255001 0.960000 3.203004
v 0.255001 2.272999 3.203004
v 0.255001 0.960000 2.600500
v 0.255001 2.272999 2.600500
v 0.235001 0.960000 3.203004
v 0.235001 2.272999 3.203004
v 0.235001 0.960000 2.600500
v 0.235001 2.272999 2.600500
v 0.185000 0.940000 2.580500
v 0.185000 0.900000 2.540500
v 0.235001 2.292999 2.580500
v 0.185001 2.332999 3.263004
v 0.185000 0.900000 3.263004
v 0.185000 2.292999 3.223004
v 0.185000 2.292999 2.580500
v 0.185000 2.332999 2.540500
v 0.235001 1.000000 3.163004
v 0.235001 1.000000 2.640500
v 0.235001 2.232999 3.163004
v 0.235001 2.232999 2.640500
v 0.185000 0.920000 3.243004
v 0.185000 0.920000 2.560500
v 0.185000 2.312999 2.560500
v 0.185000 2.312999 3.243004
v 0.165000 1.000000 3.163004
v 0.165000 1.000000 2.640500
v 0.165000 2.232999 2.640500
v 0.165000 2.232999 3.163004
v 0.185000 0.940000 3.223004
v 0.235001 0.940000 3.223004
v 0.235001 0.940000 2.580500
v 0.235001 2.292999 3.223004
v 0.165000 0.920000 3.243004
v 0.165000 0.920000 2.560500
v 0.165000 2.312999 2.560500
v 0.165000 2.312999 3.243004
v 0.210000 2.242999 2.630500
v 0.190000 0.990000 2.630500
v 0.190001 2.242999 3.173003
v 0.210001 2.232999 3.163004
v 0.210000 2.232999 2.640500
v 0.210001 1.000000 3.163004
v 0.210000 1.000000 2.640500
v 0.190001 2.232999 3.163004
v 0.190000 2.232999 2.640500
v 0.190001 1.000000 3.163004
v 0.190000 1.000000 2.640500
v 0.210000 0.990000 2.630500
v 0.210001 0.990000 3.173003
v 0.210001 2.242999 3.173003
v 0.190000 2.242999 2.630500
v 0.190001 0.990000 3.173003
vn -0.0000 -0.0000 1.0000
vn 1.0000 -0.0000 -0.0000
vn -0.0000 -0.0000 -1.0000
vn -0.0000 -1.0000 -0.0000
vn -0.0000 1.0000 -0.0000
vn -1.0000 -0.0000 -0.0000
vn -0.0002 -0.0000 -1.0000
vn -0.0002 -0.0000 1.0000
vt 0.528143 1.156499
vt 0.548143 -0.156500
vt 0.548143 1.156499
vt 0.500002 1.216499
vt 0.560002 -0.156500
vt 0.560002 1.156499
vt 0.500002 -0.216500
vt 1.162499 -0.156500
vt 1.222501 -0.216500
vt 1.162499 1.156499
vt 0.528143 -0.156500
vt 0.548143 1.156499
vt 0.548143 -0.156500
vt 0.528143 0.560002
vt 0.548143 1.162499
vt 0.548143 0.560002
vt 0.528143 1.162499
vt 1.182499 -0.176500
vt 0.528143 1.182499
vt 0.478143 0.540002
vt 0.528143 0.540002
vt 0.540002 -0.176500
vt 0.548143 0.500002
vt 0.478143 1.222501
vt 0.548143 1.222501
vt 0.540002 1.176499
vt 1.182499 1.176499
vt 0.478143 -0.176500
vt 0.528143 1.176499
vt 0.528143 -0.176500
vt 0.478143 1.176499
vt 0.528143 -0.176500
vt 0.528143 1.176499
vt 1.222501 1.216499
vt 0.548143 -0.216500
vt 0.478143 1.216499
vt 0.548143 1.216499
vt 0.478143 0.500002
vt 0.458143 1.116499
vt 0.483143 -0.116500
vt 0.483143 1.116499
vt 0.478143 -0.196500
vt 0.458143 1.196499
vt 0.478143 1.196499
vt 0.520002 -0.196500
vt 1.202499 1.196499
vt 0.520002 1.196499
vt 1.202499 -0.196500
vt 0.458143 1.122499
vt 0.483143 0.600002
vt 0.483143 1.122499
vt 0.478143 0.520002
vt 0.458143 1.202499
vt 0.478143 1.202499
vt 0.478143 1.196499
vt 0.458143 -0.196500
vt 0.478143 -0.196500
vt 0.458143 0.520002
vt 0.600002 -0.116500
vt 1.122499 -0.116500
vt 1.122499 1.116499
vt 0.600002 1.116499
vt 0.483143 -0.116500
vt 0.458143 1.116499
vt 0.483143 1.116499
vt 0.458143 0.600002
vt 0.503143 0.600002
vt 0.528143 1.122499
vt 0.528143 0.600002
vt 0.528143 -0.116500
vt 0.503143 1.116499
vt 0.528143 1.116499
vt 0.503143 1.122499
vt 0.503143 1.116499
vt 0.528143 -0.116500
vt 0.528143 1.116499
vt 0.503143 0.590002
vt 0.483143 1.132499
vt 0.503143 1.132499
vt 0.503143 -0.126500
vt 0.483143 1.126499
vt 0.503143 1.126499
vt 0.483143 1.126499
vt 0.503143 -0.126500
vt 0.503143 1.126499
vt 1.132499 1.126499
vt 0.590002 1.126499
vt 0.590002 -0.126500
vt 1.132499 -0.126500
vt 0.589998 -0.126500
vt 1.132494 1.126499
vt 0.589998 1.126499
vt 1.132494 -0.126500
vt 0.528143 1.156499
vt 0.548143 -0.156500
vt -0.222501 1.216499
vt -0.162501 -0.156500
vt -0.162501 1.156499
vt -0.222501 -0.216500
vt 0.440002 -0.156500
vt 0.500002 -0.216500
vt 0.440002 1.156499
vt 0.528143 -0.156500
vt 0.548143 1.156499
vt 0.548143 -0.156500
vt 0.528143 -0.162501
vt 0.548143 0.440002
vt 0.548143 -0.162501
vt 0.528143 0.440002
vt 0.460002 -0.176500
vt 0.528143 0.460002
vt 0.478143 -0.182501
vt 0.528143 -0.182501
vt -0.182501 -0.176500
vt 0.548143 -0.222501
vt 0.478143 0.500002
vt -0.182501 1.176499
vt 0.460002 1.176499
vt 0.478143 -0.176500
vt 0.528143 1.176499
vt 0.528143 -0.176500
vt 0.478143 1.176499
vt 0.528143 -0.176500
vt 0.548143 -0.216500
vt 0.478143 1.216499
vt 0.548143 1.216499
vt 0.478143 -0.222501
vt 0.548143 1.216499
vt 0.478143 -0.216500
vt 0.548143 -0.216500
vt 0.458143 1.116499
vt 0.483143 -0.116500
vt 0.483143 1.116499
vt 0.478143 -0.196500
vt 0.458143 1.196499
vt -0.202501 -0.196500
vt -0.202501 1.196499
vt 0.480002 1.196499
vt 0.480002 -0.196500
vt 0.483143 0.400002
vt 0.458143 -0.122501
vt 0.483143 -0.122501
vt 0.478143 -0.202501
vt 0.458143 0.480002
vt 0.478143 0.480002
vt 0.478143 1.196499
vt 0.458143 -0.196500
vt 0.478143 -0.196500
vt 0.458143 -0.202501
vt -0.122501 -0.116500
vt 0.400002 -0.116500
vt 0.400002 1.116499
vt -0.122501 1.116499
vt 0.483143 -0.116500
vt 0.458143 1.116499
vt 0.483143 1.116499
vt 0.503143 -0.122501
vt 0.528143 0.400002
vt 0.528143 -0.122501
vt 0.528143 -0.116500
vt 0.503143 1.116499
vt 0.528143 1.116499
vt 0.503143 1.116499
vt 0.528143 -0.116500
vt 0.528143 1.116499
vt 0.483143 -0.132501
vt 0.503143 0.410002
vt 0.503143 -0.132501
vt 0.503143 -0.126500
vt 0.483143 1.126499
vt 0.503143 1.126499
vt 0.483143 0.410002
vt 0.483143 1.126499
vt 0.503143 -0.126500
vt 0.503143 1.126499
vt -0.132501 1.126499
vt -0.132501 -0.126500
vt 0.410002 -0.126500
vt 0.410002 1.126499
vt 0.528143 -0.156500
vt 0.478143 1.182499
vt 0.478143 -0.176500
vt 0.478143 -0.216500
vt 0.458143 -0.116500
vt 0.458143 -0.196500
vt 0.458143 -0.116500
vt 0.503143 -0.116500
vt 0.503143 -0.116500
vt 0.483143 0.590002
vt 0.483143 -0.126500
vt 0.483143 -0.126500
vt 0.528143 -0.156500
vt 0.528143 1.156499
vt 0.478143 0.460002
vt 0.478143 -0.222501
vt 0.478143 1.176499
vt 0.478143 -0.176500
vt 0.478143 -0.216500
vt 0.478143 1.216499
vt 0.458143 -0.116500
vt 0.458143 -0.196500
vt 0.458143 0.400002
vt 0.458143 1.196499
vt 0.458143 -0.116500
vt 0.503143 0.400002
vt 0.503143 -0.116500
vt 0.503143 -0.116500
vt 0.483143 -0.126500
vt 0.483143 -0.126500
s 0
usemtl Plastic
f 1407/1768/234 1402/1769/234 1403/1770/234
f 1453/1771/235 1400/1772/235 1401/1773/235
f 1452/1774/235 1402/1775/235 1400/1772/235
f 1398/1776/235 1403/1777/235 1402/1775/235
f 1403/1777/235 1453/1771/235 1401/1773/235
f 1404/1778/236 1401/1779/236 1400/1780/236
f 1405/1781/237 1403/1782/237 1401/1783/237
f 1406/1784/238 1400/1783/238 1402/1782/238
f 1408/1785/239 1404/1772/239 1406/1775/239
f 1408/1786/238 1427/1787/238 1428/1788/238
f 1409/1785/239 1463/1774/239 1427/1789/239
f 1452/1790/237 1410/1791/237 1398/1792/237
f 1429/1793/239 1407/1777/239 1405/1773/239
f 1411/1794/239 1406/1775/239 1407/1777/239
f 1404/1772/239 1429/1793/239 1405/1773/239
f 1427/1795/236 1429/1796/236 1428/1797/236
f 1413/1798/234 1408/1799/234 1411/1800/234
f 1412/1787/237 1411/1786/237 1429/1788/237
f 1410/1776/239 1413/1794/239 1414/1801/239
f 1469/1771/239 1413/1794/239 1412/1793/239
f 1412/1793/239 1463/1774/239 1469/1771/239
f 1398/1802/236 1414/1803/236 1399/1804/236
f 1399/1792/238 1469/1805/238 1453/1790/238
f 1425/1806/234 1444/1807/234 1442/1808/234
f 1420/1809/236 1432/1810/236 1421/1811/236
f 1412/1793/235 1419/1812/235 1427/1789/235
f 1412/1793/235 1421/1813/235 1422/1814/235
f 1409/1785/235 1421/1813/235 1413/1794/235
f 1409/1785/235 1419/1812/235 1420/1815/235
f 1424/1816/238 1443/1817/238 1444/1818/238
f 1419/1819/237 1431/1820/237 1420/1821/237
f 1422/1822/234 1430/1823/234 1419/1824/234
f 1421/1821/238 1433/1825/238 1422/1819/238
f 1415/1826/235 1408/1785/235 1416/1827/235
f 1418/1828/235 1429/1793/235 1417/1829/235
f 1416/1827/235 1411/1794/235 1418/1828/235
f 1417/1829/235 1428/1789/235 1415/1826/235
f 1423/1826/239 1431/1815/239 1430/1812/239
f 1426/1829/239 1432/1813/239 1425/1828/239
f 1425/1828/239 1431/1815/239 1424/1827/239
f 1423/1826/239 1433/1814/239 1426/1829/239
f 1443/1830/236 1426/1831/236 1441/1832/236
f 1426/1833/237 1442/1818/237 1441/1817/237
f 1437/1834/237 1418/1835/237 1417/1836/237
f 1415/1837/236 1437/1838/236 1417/1839/236
f 1440/1840/238 1415/1836/238 1416/1835/238
f 1438/1841/234 1416/1842/234 1418/1843/234
f 1435/1844/237 1436/1845/237 1446/1846/237
f 1434/1847/240 1449/1848/240 1435/1849/240
f 1447/1845/238 1434/1844/238 1445/1846/238
f 1436/1850/241 1445/1851/241 1446/1852/241
f 1446/1853/239 1437/1829/239 1435/1854/239
f 1435/1854/239 1439/1826/239 1434/1855/239
f 1445/1856/239 1439/1826/239 1440/1827/239
f 1446/1853/239 1440/1827/239 1438/1828/239
f 1436/1853/235 1441/1829/235 1442/1828/235
f 1448/1855/235 1441/1829/235 1449/1854/235
f 1447/1856/235 1443/1826/235 1448/1855/235
f 1436/1853/235 1444/1827/235 1447/1856/235
f 1461/1861/234 1456/1862/234 1457/1779/234
f 1451/1863/235 1454/1864/235 1455/1865/235
f 1450/1866/235 1456/1867/235 1454/1864/235
f 1452/1868/235 1457/1869/235 1456/1867/235
f 1453/1771/235 1455/1865/235 1457/1869/235
f 1458/1870/236 1455/1871/236 1454/1872/236
f 1459/1873/237 1457/1874/237 1455/1875/237
f 1460/1876/238 1454/1875/238 1456/1874/238
f 1484/1877/239 1458/1864/239 1460/1867/239
f 1484/1878/238 1482/1879/238 1483/1880/238
f 1462/1877/239 1466/1866/239 1482/1881/239
f 1450/1882/237 1463/1883/237 1452/1790/237
f 1485/1884/239 1461/1869/239 1459/1865/239
f 1464/1885/239 1460/1867/239 1461/1869/239
f 1458/1864/239 1485/1884/239 1459/1865/239
f 1482/1886/236 1485/1887/236 1483/1888/236
f 1468/1889/234 1484/1890/234 1464/1796/234
f 1467/1879/237 1464/1878/237 1485/1880/237
f 1462/1877/239 1469/1771/239 1463/1868/239
f 1469/1771/239 1467/1884/239 1465/1863/239
f 1467/1884/239 1466/1866/239 1465/1863/239
f 1452/1891/236 1469/1892/236 1453/1893/236
f 1453/1790/238 1465/1894/238 1451/1882/238
f 1451/1895/234 1466/1896/234 1450/1897/234
f 1480/1898/234 1500/1899/234 1498/1900/234
f 1475/1901/236 1488/1902/236 1476/1822/236
f 1467/1884/235 1474/1903/235 1482/1881/235
f 1468/1885/235 1477/1904/235 1467/1884/235
f 1462/1877/235 1476/1905/235 1468/1885/235
f 1462/1877/235 1474/1903/235 1475/1906/235
f 1500/1907/238 1478/1908/238 1499/1909/238
f 1474/1910/237 1487/1911/237 1475/1912/237
f 1477/1913/234 1486/1914/234 1474/1915/234
f 1476/1912/238 1489/1916/238 1477/1910/238
f 1470/1917/235 1484/1877/235 1471/1918/235
f 1473/1919/235 1485/1884/235 1472/1920/235
f 1471/1918/235 1464/1885/235 1473/1919/235
f 1472/1920/235 1483/1881/235 1470/1917/235
f 1478/1917/239 1487/1906/239 1486/1903/239
f 1481/1920/239 1488/1905/239 1480/1919/239
f 1480/1919/239 1487/1906/239 1479/1918/239
f 1478/1917/239 1489/1904/239 1481/1920/239
f 1499/1921/236 1481/1922/236 1497/1923/236
f 1481/1908/237 1498/1907/237 1497/1909/237
f 1493/1924/237 1473/1925/237 1472/1926/237
f 1470/1927/236 1493/1928/236 1472/1929/236
f 1471/1925/238 1495/1924/238 1470/1926/238
f 1494/1930/234 1471/1931/234 1473/1932/234
f 1492/1933/237 1490/1934/237 1503/1935/237
f 1502/1936/236 1492/1937/236 1503/1938/236
f 1491/1939/238 1502/1935/238 1501/1934/238
f 1504/1940/234 1501/1941/234 1490/1942/234
f 1503/1943/239 1494/1919/239 1493/1920/239
f 1503/1943/239 1495/1917/239 1502/1944/239
f 1502/1944/239 1496/1918/239 1501/1945/239
f 1501/1945/239 1494/1919/239 1490/1946/239
f 1492/1943/235 1498/1919/235 1504/1946/235
f 1505/1944/235 1497/1920/235 1492/1943/235
f 1505/1944/235 1500/1918/235 1499/1917/235
f 1504/1946/235 1500/1918/235 1491/1945/235
f 1407/1768/234 1406/1947/234 1402/1769/234
f 1453/1771/235 1452/1774/235 1400/1772/235
f 1452/1774/235 1398/1776/235 1402/1775/235
f 1398/1776/235 1399/1801/235 1403/1777/235
f 1403/1777/235 1399/1801/235 1453/1771/235
f 1404/1778/236 1405/1861/236 1401/1779/236
f 1405/1781/237 1407/1784/237 1403/1782/237
f 1406/1784/238 1404/1781/238 1400/1783/238
f 1408/1785/239 1428/1789/239 1404/1772/239
f 1408/1786/238 1409/1948/238 1427/1787/238
f 1409/1785/239 1410/1776/239 1463/1774/239
f 1452/1790/237 1463/1883/237 1410/1791/237
f 1429/1793/239 1411/1794/239 1407/1777/239
f 1411/1794/239 1408/1785/239 1406/1775/239
f 1404/1772/239 1428/1789/239 1429/1793/239
f 1427/1795/236 1412/1889/236 1429/1796/236
f 1413/1798/234 1409/1949/234 1408/1799/234
f 1412/1787/237 1413/1948/237 1411/1786/237
f 1410/1776/239 1409/1785/239 1413/1794/239
f 1469/1771/239 1414/1801/239 1413/1794/239
f 1412/1793/239 1427/1789/239 1463/1774/239
f 1398/1802/236 1410/1950/236 1414/1803/236
f 1399/1792/238 1414/1791/238 1469/1805/238
f 1425/1806/234 1424/1951/234 1444/1807/234
f 1420/1809/236 1431/1952/236 1432/1810/236
f 1412/1793/235 1422/1814/235 1419/1812/235
f 1412/1793/235 1413/1794/235 1421/1813/235
f 1409/1785/235 1420/1815/235 1421/1813/235
f 1409/1785/235 1427/1789/235 1419/1812/235
f 1424/1816/238 1423/1833/238 1443/1817/238
f 1419/1819/237 1430/1825/237 1431/1820/237
f 1422/1822/234 1433/1902/234 1430/1823/234
f 1421/1821/238 1432/1820/238 1433/1825/238
f 1415/1826/235 1428/1789/235 1408/1785/235
f 1418/1828/235 1411/1794/235 1429/1793/235
f 1416/1827/235 1408/1785/235 1411/1794/235
f 1417/1829/235 1429/1793/235 1428/1789/235
f 1423/1826/239 1424/1827/239 1431/1815/239
f 1426/1829/239 1433/1814/239 1432/1813/239
f 1425/1828/239 1432/1813/239 1431/1815/239
f 1423/1826/239 1430/1812/239 1433/1814/239
f 1443/1830/236 1423/1953/236 1426/1831/236
f 1426/1833/237 1425/1816/237 1442/1818/237
f 1437/1834/237 1438/1840/237 1418/1835/237
f 1415/1837/236 1439/1954/236 1437/1838/236
f 1440/1840/238 1439/1834/238 1415/1836/238
f 1438/1841/234 1440/1955/234 1416/1842/234
f 1435/1844/237 1449/1956/237 1436/1845/237
f 1434/1847/240 1448/1957/240 1449/1848/240
f 1447/1845/238 1448/1956/238 1434/1844/238
f 1436/1850/234 1447/1958/234 1445/1851/234
f 1446/1853/239 1438/1828/239 1437/1829/239
f 1435/1854/239 1437/1829/239 1439/1826/239
f 1445/1856/239 1434/1855/239 1439/1826/239
f 1446/1853/239 1445/1856/239 1440/1827/239
f 1436/1853/235 1449/1854/235 1441/1829/235
f 1448/1855/235 1443/1826/235 1441/1829/235
f 1447/1856/235 1444/1827/235 1443/1826/235
f 1436/1853/235 1442/1828/235 1444/1827/235
f 1461/1861/234 1460/1959/234 1456/1862/234
f 1451/1863/235 1450/1866/235 1454/1864/235
f 1450/1866/235 1452/1868/235 1456/1867/235
f 1452/1868/235 1453/1771/235 1457/1869/235
f 1453/1771/235 1451/1863/235 1455/1865/235
f 1458/1870/236 1459/1960/236 1455/1871/236
f 1459/1873/237 1461/1876/237 1457/1874/237
f 1460/1876/238 1458/1873/238 1454/1875/238
f 1484/1877/239 1483/1881/239 1458/1864/239
f 1484/1878/238 1462/1961/238 1482/1879/238
f 1462/1877/239 1463/1868/239 1466/1866/239
f 1450/1882/237 1466/1962/237 1463/1883/237
f 1485/1884/239 1464/1885/239 1461/1869/239
f 1464/1885/239 1484/1877/239 1460/1867/239
f 1458/1864/239 1483/1881/239 1485/1884/239
f 1482/1886/236 1467/1963/236 1485/1887/236
f 1468/1889/234 1462/1964/234 1484/1890/234
f 1467/1879/237 1468/1961/237 1464/1878/237
f 1462/1877/239 1468/1885/239 1469/1771/239
f 1469/1771/239 1468/1885/239 1467/1884/239
f 1467/1884/239 1482/1881/239 1466/1866/239
f 1452/1891/236 1463/1965/236 1469/1892/236
f 1453/1790/238 1469/1883/238 1465/1894/238
f 1451/1895/234 1465/1966/234 1466/1896/234
f 1480/1898/234 1479/1967/234 1500/1899/234
f 1475/1901/236 1487/1968/236 1488/1902/236
f 1467/1884/235 1477/1904/235 1474/1903/235
f 1468/1885/235 1476/1905/235 1477/1904/235
f 1462/1877/235 1475/1906/235 1476/1905/235
f 1462/1877/235 1482/1881/235 1474/1903/235
f 1500/1907/238 1479/1969/238 1478/1908/238
f 1474/1910/237 1486/1916/237 1487/1911/237
f 1477/1913/234 1489/1970/234 1486/1914/234
f 1476/1912/238 1488/1911/238 1489/1916/238
f 1470/1917/235 1483/1881/235 1484/1877/235
f 1473/1919/235 1464/1885/235 1485/1884/235
f 1471/1918/235 1484/1877/235 1464/1885/235
f 1472/1920/235 1485/1884/235 1483/1881/235
f 1478/1917/239 1479/1918/239 1487/1906/239
f 1481/1920/239 1489/1904/239 1488/1905/239
f 1480/1919/239 1488/1905/239 1487/1906/239
f 1478/1917/239 1486/1903/239 1489/1904/239
f 1499/1921/236 1478/1971/236 1481/1922/236
f 1481/1908/237 1480/1969/237 1498/1907/237
f 1493/1924/237 1494/1972/237 1473/1925/237
f 1470/1927/236 1495/1973/236 1493/1928/236
f 1471/1925/238 1496/1972/238 1495/1924/238
f 1494/1930/234 1496/1974/234 1471/1931/234
f 1492/1933/237 1504/1939/237 1490/1934/237
f 1502/1936/236 1505/1975/236 1492/1937/236
f 1491/1939/238 1505/1933/238 1502/1935/238
f 1504/1940/234 1491/1976/234 1501/1941/234
f 1503/1943/239 1490/1946/239 1494/1919/239
f 1503/1943/239 1493/1920/239 1495/1917/239
f 1502/1944/239 1495/1917/239 1496/1918/239
f 1501/1945/239 1496/1918/239 1494/1919/239
f 1492/1943/235 1497/1920/235 1498/1919/235
f 1505/1944/235 1499/1917/235 1497/1920/235
f 1505/1944/235 1491/1945/235 1500/1918/235
f 1504/1946/235 1498/1919/235 1500/1918/235
usemtl Glass
f 1434/1857/235 1446/1858/235 1435/1859/235
f 1449/1859/239 1447/1860/239 1448/1857/239
f 1503/1943/235 1501/1945/235 1490/1946/235
f 1492/1943/239 1491/1945/239 1505/1944/239
f 1434/1857/235 1445/1860/235 1446/1858/235
f 1449/1859/239 1436/1858/239 1447/1860/239
f 1503/1943/235 1502/1944/235 1501/1945/235
f 1492/1943/239 1504/1946/239 1491/1945/239
o Plane.001
v -0.598000 0.010000 3.302000
v -0.600000 0.012000 3.302000
v -0.598000 0.012000 3.300000
v -0.002000 0.010000 3.302000
v -0.002000 0.012000 3.300000
v 0.000000 0.012000 3.302000
v -0.002000 0.890000 3.302000
v 0.000000 0.888000 3.302000
v -0.002000 0.888000 3.300000
v -0.600000 0.888000 3.302000
v -0.598000 0.890000 3.302000
v -0.598000 0.888000 3.300000
v -0.598000 0.010000 3.316000
v -0.598000 0.012000 3.318000
v -0.600000 0.012000 3.316000
v -0.002000 0.012000 3.318000
v -0.002000 0.010000 3.316000
v 0.000000 0.012000 3.316000
v -0.600000 0.888000 3.316000
v -0.600000 0.892000 3.320000
v -0.600000 0.890000 3.318000
v -0.600000 0.892000 3.316000
v 0.000000 0.892000 3.316000
v 0.000000 0.888000 3.320000
v -0.002000 0.890000 3.318000
v 0.000000 0.888000 3.316000
v -0.600000 0.892000 0.602000
v -0.598000 0.892000 0.600000
v -0.598000 0.890000 0.602000
v -0.598000 0.908000 3.318000
v -0.598000 0.910000 3.316000
v -0.600000 0.908000 3.316000
v -0.002000 0.910000 3.316000
v -0.002000 0.908000 3.318000
v 0.000000 0.908000 3.316000
v -0.598000 0.910000 0.602000
v -0.598000 0.908000 0.600000
v -0.600000 0.908000 0.602000
v -0.002000 0.892000 0.000000
v 0.000000 0.892000 0.002000
v -0.002000 0.890000 0.002000
v -0.002000 0.908000 0.000000
v -0.002000 0.910000 0.002000
v 0.000000 0.908000 0.002000
v 0.001414 0.891414 0.600000
v -0.002000 0.890000 0.602000
v -0.002000 0.890000 0.600000
v -0.002000 0.890000 0.598000
v 0.001414 0.908586 0.600000
v -0.002000 0.910000 0.598000
v -0.002000 0.910000 0.600000
v -0.002000 0.910000 0.602000
v -2.758000 0.892000 0.000000
v -2.758000 0.890000 0.002000
v -2.760000 0.892000 0.002000
v -2.758000 0.908000 0.000000
v -2.760000 0.908000 0.002000
v -2.758000 0.910000 0.002000
v -2.758000 0.892000 0.600000
v -2.760000 0.892000 0.598000
v -2.758000 0.890000 0.598000
v -2.758000 0.908000 0.600000
v -2.758000 0.910000 0.598000
v -2.760000 0.908000 0.598000
vn -0.5774 -0.5773 -0.5773
vn 0.5774 -0.5773 -0.5774
vn 0.5774 0.5773 -0.5774
vn -0.5774 0.5774 -0.5774
vn -0.5773 -0.5774 0.5773
vn 0.5773 -0.5774 0.5773
vn -1.0000 -0.0000 -0.0000
vn 0.7071 -0.0000 0.7071
vn -0.5773 -0.5773 -0.5774
vn -0.5773 0.5774 0.5773
vn 0.5774 0.5773 0.5773
vn -0.5774 0.5773 -0.5774
vn 0.5773 -0.5774 -0.5774
vn 0.5774 0.5774 -0.5773
vn 0.3827 -0.9239 -0.0000
vn 0.3827 0.9239 -0.0000
vn -0.5773 0.5773 -0.5774
vn -0.5773 -0.5773 0.5775
vn -0.5773 0.5773 0.5774
vn -0.0000 -0.7072 -0.7070
vn -0.7071 -0.0000 -0.7071
vn -0.0000 0.7071 -0.7071
vn 0.7071 -0.0000 -0.7071
vn -0.0000 -0.7071 0.7071
vn -0.7071 -0.0000 0.7071
vn 0.7071 -0.7071 -0.0000
vn -0.7071 -0.7071 -0.0000
vn -0.9847 0.1231 -0.1231
vn -0.0000 0.7071 0.7071
vn -0.7071 0.7071 -0.0000
vn 0.9879 0.1098 0.1098
vn 0.3836 0.9235 -0.0018
vn -0.7070 -0.0000 0.7072
vn -0.0005 0.7071 0.7071
vn -0.0000 -0.7071 -0.7071
vn -0.0000 -1.0000 -0.0000
vn 0.7071 0.7071 -0.0000
vn -0.0024 -0.7071 -0.7071
vn 0.3822 -0.9241 -0.0010
vn -1.0000 -0.0000 -0.0007
vn -0.0024 0.7071 -0.7071
vn 0.3829 0.9238 0.0004
vn -0.0000 -0.0000 -1.0000
vn 1.0000 -0.0000 -0.0000
vn 0.0187 0.7163 -0.6975
vn 0.7203 0.4905 -0.4905
vn -0.0000 -0.0000 1.0000
vn 1.0000 -0.0001 -0.0007
vn -0.0000 1.0000 -0.0000
vn 1.0000 0.0003 0.0033
vn -0.0000 -0.7071 -0.7072
vn -0.0000 0.7072 -0.7070
vn -0.0000 -0.7071 0.7072
vn -1.0000 -0.0023 0.0023
vn -0.7044 0.7044 -0.0880
vn 0.3836 -0.9235 -0.0018
vn -0.7070 -0.0000 -0.7072
vn -0.0005 -0.7071 0.7071
vn 0.9899 -0.0000 -0.1414
vn 0.7065 0.7077 0.0013
vn -0.9879 0.1097 0.1098
vn -0.0000 0.9899 0.1414
vn -0.0000 -0.0023 1.0000
vn -1.0000 -0.0007 -0.0007
vn 0.7661 0.6427 -0.0000
vn 1.0000 -0.0000 0.0034
vn 0.7118 -0.7024 -0.0000
vt 0.562000 -0.946000
vt 0.560000 -0.946000
vt 0.562000 -0.944000
vt 1.158000 -0.946000
vt 1.158000 -0.944000
vt 1.160000 -0.946001
vt -0.946000 0.640000
vt -0.946001 0.638000
vt -0.944000 0.638000
vt -0.946000 0.638005
vt -0.946001 0.640000
vt -0.944000 0.638000
vt 0.562000 -0.960000
vt 0.562000 -0.962000
vt 0.560000 -0.960000
vt 1.158000 -0.962000
vt 1.158000 -0.960000
vt 1.160000 -0.960000
vt -0.960000 0.639999
vt -0.962000 0.640000
vt -0.960000 0.642000
vt 1.160000 -0.960000
vt 1.158000 -0.962000
vt 1.753999 0.642000
vt 1.756000 0.642000
vt 1.754000 0.640000
vt 0.562000 -0.960000
vt 0.560000 -0.960000
vt 1.158000 -0.960000
vt 1.158000 -0.962000
vt 1.160000 -0.960000
vt 0.562000 1.753999
vt 0.562000 1.756000
vt 0.560000 1.754000
vt 2.355999 0.642000
vt 2.354000 0.642000
vt 2.354000 0.640000
vt 1.158000 2.356000
vt 1.158000 2.354000
vt 1.160000 2.354000
vt 1.160000 1.756000
vt 1.158000 1.756000
vt 1.158000 1.757999
vt 1.158000 1.756000
vt 1.158000 1.754000
vt -1.598000 0.642000
vt -1.598000 0.640000
vt -1.600000 0.642000
vt 2.355999 0.658000
vt 2.353999 0.658000
vt 2.354000 0.660000
vt 1.756000 0.642000
vt 1.758000 0.642000
vt 1.758000 0.640000
vt -1.598000 1.755999
vt -1.598000 1.758000
vt -1.600000 1.757999
vt -0.944000 -0.238000
vt -0.946000 -0.238000
vt 1.158000 -0.946000
vt 0.562000 -0.944000
vt 0.562000 -0.946000
vt -0.946000 -0.238000
vt 0.562000 -0.238000
vt 0.560000 0.638000
vt 0.560000 -0.238000
vt -0.964000 0.642000
vt 1.754000 0.658000
vt 0.000000 0.000000
vt 2.355999 0.658000
vt 1.758000 0.640000
vt 2.353999 0.642000
vt 1.756000 0.658000
vt 1.757999 0.658000
vt 1.758000 0.660000
vt -1.598000 2.355999
vt 1.158000 0.642000
vt 1.158000 0.640000
vt -1.598000 1.758000
vt 1.158000 -0.238000
vt 1.160000 0.638000
vt 1.158000 0.640000
vt -0.960000 0.638000
vt 0.562000 1.753999
vt -0.962000 0.658000
vt -0.960000 0.658000
vt 0.562000 0.638000
vt 1.158000 -0.238000
vt 0.562000 -0.238000
vt -0.960000 -0.238000
vt 0.560000 0.640000
vt 0.560000 0.642000
vt 1.158000 0.658000
vt 0.560000 -0.962000
vt 1.158000 1.754000
vt 1.753999 0.640000
vt 1.756000 0.660000
vt -0.960000 0.658000
vt 0.562000 0.658000
vt 1.158000 0.640000
vt 0.562000 0.642000
vt -1.598000 0.658000
vt 1.158000 0.658000
vt 1.757999 0.660000
vt 1.756000 0.640000
vt -1.598000 2.354000
vt 1.158000 0.660000
vt 1.160000 -0.962000
vt 1.158000 -0.944000
vt -0.944000 -0.238000
vt 2.354000 0.658000
vt 1.756000 0.641414
vt -1.598000 2.354000
vt -1.598000 1.756000
vt 1.160000 -0.238000
vt -0.960000 0.640000
vt 1.158000 0.638000
vt 0.562000 0.658000
vt 1.754000 0.660000
vt -0.964000 0.638000
vt -1.598000 0.658000
s 0
usemtl H1386-ST40
f 1528/1998/249 1530/1999/249 1531/1994/249
f 1532/2000/250 1533/2001/250 1534/2002/250
f 1535/1990/251 1536/2003/251 1537/2004/251
f 1538/2005/252 1539/2006/252 1540/2007/252
f 1541/2008/253 1542/2009/253 1543/2010/253
f 1544/2011/254 1545/2012/254 1546/2013/254
f 1547/2014/255 1548/2015/255 1549/2016/255
f 1550/2017/256 1552/2018/256 1553/2019/256
f 1554/2017/257 1556/2020/257 1557/2021/257
f 1558/2022/250 1559/2023/250 1560/2024/250
f 1561/2025/258 1562/2026/258 1563/2027/258
f 1564/2028/259 1565/2029/259 1566/2030/259
f 1567/2031/260 1568/2032/260 1569/2033/260
f 1539/2006/270 1536/2003/270 1535/1990/270
f 1541/2008/271 1537/2004/271 1536/2003/271
f 1543/2044/262 1533/2001/262 1532/2000/262
f 1528/2045/272 1539/2045/272 1529/2045/272
f 1547/2046/264 1545/2012/264 1544/2011/264
f 1549/2045/273 1555/2045/273 1554/2045/273
f 1545/2012/267 1553/2047/267 1546/2013/267
f 1562/2026/262 1558/2011/262 1560/2048/262
f 1567/2049/274 1565/2029/274 1564/2028/274
f 1563/2027/271 1569/2050/271 1568/2051/271
f 1566/2030/268 1560/2048/268 1559/2013/268
f 1561/2052/263 1548/2015/263 1547/2014/263
f 1556/2020/275 1568/2032/275 1567/2031/275
f 1559/2023/276 1544/2053/276 1546/2054/276
f 1552/2018/277 1566/2055/277 1553/2019/277
f 1552/2018/279 1534/2060/279 1533/2009/279
f 1550/2045/280 1529/2045/280 1551/2045/280
f 1527/1997/281 1534/2002/281 1524/1995/281
f 1541/2008/282 1556/2020/282 1542/2009/282
f 1557/2021/283 1540/2007/283 1554/2017/283
f 1527/1997/266 1535/2061/266 1537/2062/266
f 1530/2058/288 1539/2069/288 1526/2067/288
f 1526/2070/277 1534/2060/277 1551/2071/277
f 1537/2062/248 1532/2000/248 1527/1997/248
f 1551/2072/289 1556/2073/289 1540/2074/289
f 1542/2075/284 1552/2076/284 1533/2077/284
f 1557/2021/290 1536/2003/290 1538/2005/290
f 1544/2053/284 1561/2078/284 1547/2079/284
f 1555/2080/291 1552/2081/291 1545/2012/291
f 1553/2019/277 1559/2082/277 1546/2015/277
f 1548/2015/290 1568/2032/290 1555/2019/290
f 1556/2083/288 1564/2022/288 1552/2076/288
f 1560/2048/248 1569/2050/248 1562/2026/248
f 1528/1998/276 1529/2084/276 1530/1999/276
f 1550/2017/256 1551/2071/256 1552/2018/256
f 1554/2017/257 1555/2019/257 1556/2020/257
f 1539/2006/270 1538/2005/270 1536/2003/270
f 1541/2008/271 1543/2010/271 1537/2004/271
f 1543/2044/262 1542/2049/262 1533/2001/262
f 1528/2045/249 1540/2045/249 1539/2045/249
f 1547/2046/264 1549/2087/264 1545/2012/264
f 1549/2045/278 1548/2045/278 1555/2045/278
f 1545/2012/297 1550/2088/297 1553/2047/297
f 1562/2026/298 1561/2025/298 1558/2011/298
f 1567/2049/266 1569/2050/266 1565/2029/266
f 1563/2027/271 1562/2026/271 1569/2050/271
f 1566/2030/268 1565/2029/268 1560/2048/268
f 1561/2052/263 1563/2089/263 1548/2015/263
f 1556/2020/290 1555/2019/290 1568/2032/290
f 1559/2023/276 1558/2022/276 1544/2053/276
f 1552/2018/299 1564/2090/299 1566/2055/299
f 1552/2018/277 1551/2071/277 1534/2060/277
f 1550/2045/301 1530/2045/301 1529/2045/301
f 1527/1997/268 1532/2000/268 1534/2002/268
f 1541/2008/290 1557/2021/290 1556/2020/290
f 1557/2021/278 1538/2005/278 1540/2007/278
f 1527/1997/302 1526/1996/302 1535/2061/302
f 1530/2058/266 1529/2057/266 1539/2069/266
f 1539/2069/288 1535/2094/288 1526/2067/288
f 1551/2071/277 1530/1999/277 1526/2070/277
f 1526/2070/305 1527/1991/305 1534/2060/305
f 1537/2062/248 1543/2044/248 1532/2000/248
f 1551/2072/285 1552/2081/285 1556/2073/285
f 1556/2073/306 1557/2095/306 1540/2074/306
f 1540/2074/289 1529/2096/289 1551/2072/289
f 1542/2075/284 1556/2083/284 1552/2076/284
f 1557/2021/290 1541/2008/290 1536/2003/290
f 1544/2053/284 1558/2022/284 1561/2078/284
f 1545/2012/307 1549/2087/307 1555/2080/307
f 1555/2080/285 1556/2073/285 1552/2081/285
f 1552/2081/308 1553/2047/308 1545/2012/308
f 1553/2019/277 1566/2055/277 1559/2082/277
f 1548/2015/290 1563/2089/290 1568/2032/290
f 1556/2083/288 1567/2097/288 1564/2022/288
f 1560/2048/248 1565/2029/248 1569/2050/248
usemtl U702-PM
f 1506/1977/242 1507/1978/242 1508/1979/242
f 1509/1980/243 1510/1981/243 1511/1982/243
f 1512/1983/244 1513/1984/244 1514/1985/244
f 1515/1986/245 1516/1987/245 1517/1988/245
f 1518/1989/246 1519/1990/246 1520/1991/246
f 1521/1992/247 1522/1993/247 1523/1994/247
f 1524/1995/248 1526/1996/248 1527/1997/248
f 1510/1981/261 1506/1977/261 1508/1979/261
f 1515/1986/262 1508/2034/262 1507/2035/262
f 1512/2036/263 1517/2037/263 1516/2038/263
f 1511/2039/264 1514/1985/264 1513/1984/264
f 1522/1993/265 1519/1990/265 1518/1989/265
f 1519/2040/266 1524/2041/266 1520/2042/266
f 1523/1994/267 1509/1980/267 1511/1982/267
f 1507/1978/268 1518/1989/268 1520/1991/268
f 1516/1987/269 1526/1996/269 1525/2043/269
f 1521/2056/249 1531/2057/249 1530/2058/249
f 1512/1983/278 1531/2059/278 1513/1984/278
f 1509/1980/277 1518/1989/277 1506/1977/277
f 1517/2063/284 1510/2064/284 1508/2065/284
f 1515/1986/248 1520/2066/248 1525/2043/248
f 1513/1984/285 1523/2066/285 1511/2039/285
f 1516/2038/286 1530/1999/286 1531/1994/286
f 1521/2056/287 1526/2067/287 1525/2068/287
f 1524/1995/285 1525/2043/285 1526/1996/285
f 1510/1981/292 1509/1980/292 1506/1977/292
f 1515/1986/262 1517/1988/262 1508/2034/262
f 1512/2036/293 1514/2085/293 1517/2037/293
f 1511/2039/264 1510/2086/264 1514/1985/264
f 1522/1993/294 1521/1992/294 1519/1990/294
f 1519/2040/295 1525/2068/295 1524/2041/295
f 1523/1994/267 1522/1993/267 1509/1980/267
f 1507/1978/268 1506/1977/268 1518/1989/268
f 1516/1987/296 1515/1986/296 1526/1996/296
f 1521/2056/249 1523/2091/249 1531/2057/249
f 1512/1983/300 1528/2092/300 1531/2059/300
f 1509/1980/277 1522/1993/277 1518/1989/277
f 1517/2063/284 1514/2093/284 1510/2064/284
f 1515/1986/248 1507/2035/248 1520/2066/248
f 1513/1984/285 1531/2059/285 1523/2066/285
f 1531/1994/303 1512/2036/303 1516/2038/303
f 1516/2038/290 1526/2070/290 1530/1999/290
f 1525/2068/304 1519/2040/304 1521/2056/304
f 1521/2056/288 1530/2058/288 1526/2067/288
o Plane.002
v -2.760000 0.102000 0.620000
v -2.758000 0.102000 0.618000
v -2.758000 0.100000 0.620000
v -2.760000 0.102000 1.216000
v -2.758000 0.100000 1.216000
v -2.758000 0.102000 1.218000
v -2.182000 0.102000 1.218000
v -2.182000 0.100000 1.216000
v -2.180000 0.102000 1.216000
v -2.180000 0.102000 0.620000
v -2.182000 0.100000 0.620000
v -2.182000 0.102000 0.618000
v -2.181414 0.118000 0.616586
v -2.180000 0.120000 0.620000
v -2.182000 0.118000 0.618000
v -2.180000 0.116000 0.620000
v -2.760000 2.691998 0.620000
v -2.760000 2.695998 0.620000
v -2.758000 2.693998 0.618000
v -2.760000 2.695998 0.616000
v -2.760000 2.695998 1.220000
v -2.760000 2.691998 1.220000
v -2.760000 2.693998 1.218000
v -2.760000 2.691998 1.216000
v -2.181414 2.693998 1.219414
v -2.180000 2.691998 1.216000
v -2.182000 2.693998 1.218000
v -2.180000 2.695998 1.216000
v -2.760000 2.709998 0.620000
v -2.758000 2.711998 0.620000
v -2.758000 2.709998 0.618000
v -2.760000 2.709998 1.216000
v -2.758000 2.709998 1.218000
v -2.758000 2.711998 1.216000
v -2.182000 2.709998 1.218000
v -2.180000 2.709998 1.216000
v -2.182000 2.711998 1.216000
v -2.180000 2.709998 0.620000
v -2.182000 2.709998 0.618000
v -2.182000 2.711998 0.620000
v -2.760000 1.706003 1.220000
v -2.760000 1.710003 1.216000
v -2.760000 1.708003 1.218000
v -2.760000 1.710003 1.220000
v -2.180000 1.710003 1.216000
v -2.180000 1.706003 1.220000
v -2.182000 1.708003 1.218000
v -2.180000 1.706003 1.216000
v -2.760000 2.215000 1.216000
v -2.760000 2.219000 1.220000
v -2.758000 2.217000 1.218000
v -2.760000 2.219000 1.216000
v -2.180000 2.219000 1.220000
v -2.180000 2.215000 1.216000
v -2.180000 2.217000 1.218000
v -2.180000 2.215000 1.220000
v -2.182000 1.708003 1.202000
v -2.182000 1.710003 1.200000
v -2.180000 1.710003 1.202000
v -2.758000 1.708003 1.202000
v -2.760000 1.710003 1.202000
v -2.758000 1.710003 1.200000
v -2.182000 2.217000 1.202000
v -2.180000 2.215000 1.202000
v -2.182000 2.215000 1.200000
v -2.758000 2.217000 1.202000
v -2.758000 2.215000 1.200000
v -2.760000 2.215000 1.202000
v -2.760000 1.708003 0.620000
v -2.760000 1.710003 0.620000
v -2.758000 1.708003 0.618000
v -2.760000 1.706003 0.620000
v -2.180000 1.706003 0.616000
v -2.180000 1.710003 0.620000
v -2.180000 1.708003 0.618000
v -2.180000 1.710003 0.616000
v -2.180000 2.215000 0.620000
v -2.180000 2.219000 0.616000
v -2.182000 2.217000 0.618000
v -2.180000 2.219000 0.620000
v -2.182000 1.708003 0.634000
v -2.180000 1.710003 0.634000
v -2.182000 1.710003 0.636000
v -2.758000 1.708003 0.634000
v -2.758000 1.710003 0.636000
v -2.760000 1.710003 0.634000
v -2.182000 2.217000 0.634000
v -2.182000 2.215000 0.636000
v -2.180000 2.215000 0.634000
v -2.758000 2.217000 0.634000
v -2.760000 2.215000 0.634000
v -2.758000 2.215000 0.636000
v -2.760000 2.219000 0.616000
v -2.760000 2.215000 0.620000
v -2.760000 2.217000 0.618000
v -2.760000 2.215000 0.616000
v -2.180000 2.235000 1.216000
v -2.182000 2.235000 1.218000
v -2.758000 2.235000 1.218000
v -2.760000 2.235000 1.216000
v -2.182000 2.235000 0.618000
v -2.180000 2.235000 0.620000
v -2.758000 2.235000 0.618000
v -2.760000 2.235000 0.620000
v -2.180000 2.251000 1.220000
v -2.180000 2.255000 1.220000
v -2.180000 2.253000 1.218000
v -2.180000 2.255000 1.216000
v -2.758586 2.253000 0.616586
v -2.760000 2.251000 0.620000
v -2.758000 2.253000 0.618000
v -2.760000 2.255000 0.620000
v -2.760000 2.255000 1.202000
v -2.758000 2.255000 1.200000
v -2.758000 2.253000 1.202000
v -2.180000 2.255000 1.202000
v -2.182000 2.253000 1.202000
v -2.182000 2.255000 1.200000
v -2.760000 2.691998 1.202000
v -2.758000 2.693998 1.202000
v -2.758000 2.691998 1.200000
v -2.180000 2.691998 1.202000
v -2.182000 2.691998 1.200000
v -2.182000 2.693998 1.202000
v -2.760000 2.255000 1.220000
v -2.760000 2.251000 1.220000
v -2.760000 2.253000 1.218000
v -2.760000 2.251000 1.216000
v -2.760000 2.255000 0.634000
v -2.758000 2.253000 0.634000
v -2.758000 2.255000 0.636000
v -2.180000 2.255000 0.634000
v -2.182000 2.255000 0.636000
v -2.182000 2.253000 0.634000
v -2.760000 2.691998 0.634000
v -2.758000 2.691998 0.636000
v -2.758000 2.693998 0.634000
v -2.180000 2.691998 0.634000
v -2.182000 2.693998 0.634000
v -2.182000 2.691998 0.636000
v -2.181414 2.693998 0.616586
v -2.180000 2.695998 0.620000
v -2.182000 2.693998 0.618000
v -2.180000 2.691998 0.620000
v -2.181414 2.253000 0.616586
v -2.180000 2.255000 0.620000
v -2.182000 2.253000 0.618000
v -2.180000 2.251000 0.620000
v -2.162000 2.237000 0.622000
v -2.162000 2.239000 0.620000
v -2.160000 2.239000 0.622000
v -2.160000 2.239000 1.214000
v -2.162000 2.239000 1.216000
v -2.162000 2.237000 1.214000
v -2.162000 2.709998 0.622000
v -2.160000 2.707998 0.622000
v -2.162000 2.707998 0.620000
v -2.160000 2.707998 1.214000
v -2.162000 2.709998 1.214000
v -2.162000 2.707998 1.216000
v -2.176000 2.709998 1.214000
v -2.178000 2.707998 1.214000
v -2.176000 2.707998 1.216000
v -2.176000 2.709998 0.622000
v -2.176000 2.707998 0.620000
v -2.178000 2.707998 0.622000
v -2.176000 2.237000 1.214000
v -2.176000 2.239000 1.216000
v -2.178000 2.239000 1.214000
v -2.176000 2.237000 0.622000
v -2.178000 2.239000 0.622000
v -2.176000 2.239000 0.620000
v -2.758000 1.690003 0.618000
v -2.760000 1.690003 0.620000
v -2.182000 1.690003 1.218000
v -2.180000 1.690003 1.216000
v -2.180000 1.690003 0.620000
v -2.182000 1.690003 0.618000
v -2.760000 0.670000 0.620000
v -2.760000 0.674000 0.620000
v -2.758000 0.672000 0.618000
v -2.760000 0.674000 0.616000
v -2.760000 0.674000 1.220000
v -2.760000 0.670000 1.220000
v -2.760000 0.672000 1.218000
v -2.760000 0.670000 1.216000
v -2.181414 0.672000 1.219414
v -2.180000 0.670000 1.216000
v -2.182000 0.672000 1.218000
v -2.180000 0.674000 1.216000
v -2.760000 0.690000 0.620000
v -2.758000 0.690000 0.618000
v -2.758000 0.690000 1.218000
v -2.760000 0.690000 1.216000
v -2.180000 0.690000 1.216000
v -2.182000 0.690000 1.218000
v -2.760000 0.116000 0.620000
v -2.760000 0.120000 0.620000
v -2.758000 0.118000 0.618000
v -2.760000 0.120000 0.616000
v -2.180000 0.674000 0.620000
v -2.180000 0.670000 0.620000
v -2.182000 0.672000 0.618000
v -2.180000 0.670000 0.616000
v -2.182000 0.118000 0.634000
v -2.180000 0.120000 0.634000
v -2.182000 0.120000 0.636000
v -2.758000 0.118000 0.634000
v -2.758000 0.120000 0.636000
v -2.760000 0.120000 0.634000
v -2.182000 0.672000 0.634000
v -2.182000 0.670000 0.636000
v -2.180000 0.670000 0.634000
v -2.758000 0.672000 0.634000
v -2.760000 0.670000 0.634000
v -2.758000 0.670000 0.636000
v -2.760000 0.120000 1.220000
v -2.760000 0.116000 1.220000
v -2.760000 0.118000 1.218000
v -2.760000 0.116000 1.216000
v -2.180000 0.116000 1.216000
v -2.180000 0.120000 1.216000
v -2.182000 0.118000 1.218000
v -2.180000 0.120000 1.220000
v -2.182000 0.118000 1.202000
v -2.182000 0.120000 1.200000
v -2.180000 0.120000 1.202000
v -2.758000 0.118000 1.202000
v -2.760000 0.120000 1.202000
v -2.758000 0.120000 1.200000
v -2.182000 0.672000 1.202000
v -2.180000 0.670000 1.202000
v -2.182000 0.670000 1.200000
v -2.758000 0.672000 1.202000
v -2.758000 0.670000 1.200000
v -2.760000 0.670000 1.202000
v -2.176000 0.102000 1.214000
v -2.176000 0.104000 1.216000
v -2.178000 0.104000 1.214000
v -2.176000 0.102000 0.622000
v -2.178000 0.104000 0.622000
v -2.176000 0.104000 0.620000
v -2.176000 0.688000 1.214000
v -2.178000 0.686000 1.214000
v -2.176000 0.686000 1.216000
v -2.176000 0.688000 0.622000
v -2.176000 0.686000 0.620000
v -2.178000 0.686000 0.622000
v -2.162000 0.102000 1.214000
v -2.160000 0.104000 1.214000
v -2.162000 0.104000 1.216000
v -2.162000 0.102000 0.622000
v -2.162000 0.104000 0.620000
v -2.160000 0.104000 0.622000
v -2.162000 0.688000 1.214000
v -2.162000 0.686000 1.216000
v -2.160000 0.686000 1.214000
v -2.162000 0.688000 0.622000
v -2.160000 0.686000 0.622000
v -2.162000 0.686000 0.620000
v -2.162000 1.692003 0.622000
v -2.162000 1.694003 0.620000
v -2.160000 1.694003 0.622000
v -2.162000 1.692003 1.214000
v -2.160000 1.694003 1.214000
v -2.162000 1.694003 1.216000
v -2.160000 2.231000 0.622000
v -2.162000 2.231000 0.620000
v -2.162000 2.233000 0.622000
v -2.160000 2.231000 1.214000
v -2.162000 2.233000 1.214000
v -2.162000 2.231000 1.216000
v -2.176000 2.233000 1.214000
v -2.178000 2.231000 1.214000
v -2.176000 2.231000 1.216000
v -2.176000 2.233000 0.622000
v -2.176000 2.231000 0.620000
v -2.178000 2.231000 0.622000
v -2.176000 1.692003 1.214000
v -2.176000 1.694003 1.216000
v -2.178000 1.694003 1.214000
v -2.176000 1.692003 0.622000
v -2.178000 1.694003 0.622000
v -2.176000 1.694003 0.620000
v -2.180000 0.690000 0.620000
v -2.182000 0.690000 0.618000
v -2.760000 0.706000 0.616000
v -2.760000 0.710000 0.616000
v -2.760000 0.708000 0.618000
v -2.760000 0.710000 0.620000
v -2.180000 0.706000 1.220000
v -2.180000 0.710000 1.220000
v -2.180000 0.708000 1.218000
v -2.180000 0.710000 1.216000
v -2.180000 0.710000 0.620000
v -2.180000 0.706000 0.620000
v -2.182000 0.708000 0.618000
v -2.180000 0.706000 0.616000
v -2.180000 1.270003 1.216000
v -2.180000 1.274003 1.216000
v -2.182000 1.272003 1.218000
v -2.180000 1.274003 1.220000
v -2.758000 1.290003 1.218000
v -2.760000 1.290003 1.216000
v -2.760000 1.270003 0.616000
v -2.760000 1.274003 0.616000
v -2.760000 1.272003 0.618000
v -2.760000 1.274003 0.620000
v -2.180000 1.274003 0.620000
v -2.180000 1.270003 0.620000
v -2.182000 1.272003 0.618000
v -2.180000 1.270003 0.616000
v -2.182000 0.708000 0.634000
v -2.180000 0.710000 0.634000
v -2.182000 0.710000 0.636000
v -2.758000 0.708000 0.634000
v -2.758000 0.710000 0.636000
v -2.760000 0.710000 0.634000
v -2.182000 1.272003 0.634000
v -2.182000 1.270003 0.636000
v -2.180000 1.270003 0.634000
v -2.758000 1.272003 0.634000
v -2.760000 1.270003 0.634000
v -2.758000 1.270003 0.636000
v -2.758586 0.708000 1.219414
v -2.760000 0.710000 1.216000
v -2.758000 0.708000 1.218000
v -2.760000 0.706000 1.216000
v -2.758586 1.272003 1.219414
v -2.760000 1.274003 1.216000
v -2.758000 1.272003 1.218000
v -2.760000 1.270003 1.216000
v -2.182000 0.708000 1.202000
v -2.182000 0.710000 1.200000
v -2.180000 0.710000 1.202000
v -2.758000 0.708000 1.202000
v -2.760000 0.710000 1.202000
v -2.758000 0.710000 1.200000
v -2.182000 1.272003 1.202000
v -2.180000 1.270003 1.202000
v -2.182000 1.270003 1.200000
v -2.758000 1.272003 1.202000
v -2.758000 1.270003 1.200000
v -2.760000 1.270003 1.202000
v -2.760000 1.290003 0.620000
v -2.758000 1.290003 0.618000
v -2.182000 1.290003 1.218000
v -2.180000 1.290003 1.216000
v -2.180000 1.290003 0.620000
v -2.182000 1.290003 0.618000
v -2.180000 1.306003 1.220000
v -2.180000 1.310003 1.220000
v -2.180000 1.308003 1.218000
v -2.180000 1.310003 1.216000
v -2.180000 1.310003 0.620000
v -2.180000 1.306003 0.620000
v -2.182000 1.308003 0.618000
v -2.180000 1.306003 0.616000
v -2.180000 1.670003 1.216000
v -2.180000 1.674003 1.216000
v -2.182000 1.672003 1.218000
v -2.180000 1.674003 1.220000
v -2.180000 1.674003 0.616000
v -2.180000 1.670003 0.616000
v -2.180000 1.672003 0.618000
v -2.180000 1.670003 0.620000
v -2.760000 1.690003 1.216000
v -2.758000 1.690003 1.218000
v -2.758586 1.308003 1.219414
v -2.760000 1.310003 1.216000
v -2.758000 1.308003 1.218000
v -2.760000 1.306003 1.216000
v -2.758586 1.672003 1.219414
v -2.760000 1.674003 1.216000
v -2.758000 1.672003 1.218000
v -2.760000 1.670003 1.216000
v -2.182000 1.308003 1.202000
v -2.182000 1.310003 1.200000
v -2.180000 1.310003 1.202000
v -2.758000 1.308003 1.202000
v -2.760000 1.310003 1.202000
v -2.758000 1.310003 1.200000
v -2.182000 1.672003 1.202000
v -2.180000 1.670003 1.202000
v -2.182000 1.670003 1.200000
v -2.758000 1.672003 1.202000
v -2.758000 1.670003 1.200000
v -2.760000 1.670003 1.202000
v -2.758586 1.308003 0.616586
v -2.760000 1.306003 0.620000
v -2.758000 1.308003 0.618000
v -2.760000 1.310003 0.620000
v -2.758586 1.672003 0.616586
v -2.760000 1.670003 0.620000
v -2.758000 1.672003 0.618000
v -2.760000 1.674003 0.620000
v -2.182000 1.308003 0.634000
v -2.180000 1.310003 0.634000
v -2.182000 1.310003 0.636000
v -2.758000 1.308003 0.634000
v -2.758000 1.310003 0.636000
v -2.760000 1.310003 0.634000
v -2.182000 1.672003 0.634000
v -2.182000 1.670003 0.636000
v -2.180000 1.670003 0.634000
v -2.758000 1.672003 0.634000
v -2.760000 1.670003 0.634000
v -2.758000 1.670003 0.636000
v -2.182000 1.910003 1.200000
v -2.182000 1.908003 1.198000
v -2.180000 1.910003 1.198000
v -2.758000 1.910003 1.200000
v -2.760000 1.910003 1.198000
v -2.758000 1.908003 1.198000
v -2.182000 1.910003 0.636000
v -2.180000 1.910003 0.638000
v -2.182000 1.908003 0.638000
v -2.758000 1.910003 0.636000
v -2.758000 1.908003 0.638000
v -2.760000 1.910003 0.638000
v -2.182000 1.924003 1.200000
v -2.180000 1.924003 1.198000
v -2.182000 1.926003 1.198000
v -2.758000 1.924003 1.200000
v -2.758000 1.926003 1.198000
v -2.760000 1.924003 1.198000
v -2.182000 1.924003 0.636000
v -2.182000 1.926003 0.638000
v -2.180000 1.924003 0.638000
v -2.758000 1.924003 0.636000
v -2.760000 1.924003 0.638000
v -2.758000 1.926003 0.638000
vn -0.5773 -0.5774 -0.5773
vn -0.5773 -0.5774 0.5774
vn 0.5774 -0.5774 0.5773
vn 0.5774 -0.5774 -0.5773
vn 0.5615 0.7941 0.2328
vn 0.0001 0.7070 0.7072
vn 1.0000 -0.0000 -0.0000
vn 0.5616 -0.7941 -0.2326
vn -0.5774 0.5773 -0.5773
vn -0.5774 0.5773 0.5773
vn 0.5774 0.5773 0.5773
vn 0.5774 0.5773 -0.5773
vn 0.7070 -0.0000 0.7072
vn -0.7071 -0.0000 0.7071
vn -1.0000 -0.0000 -0.0000
vn 0.5773 -0.5774 -0.5774
vn -0.5773 -0.5775 -0.5773
vn 0.5772 0.5774 -0.5774
vn -0.5772 0.5774 -0.5774
vn -0.7071 -0.0000 -0.7071
vn 0.7072 -0.0000 -0.7070
vn 0.5773 -0.5774 0.5774
vn -0.5773 -0.5774 0.5773
vn 0.5772 0.5774 0.5774
vn -0.5772 0.5774 0.5774
vn -0.5616 -0.7940 0.2326
vn 0.5773 -0.5774 -0.5773
vn 0.5773 -0.5774 0.5773
vn 0.5616 0.7940 0.2326
vn 0.5615 0.7941 0.2326
vn 0.5772 -0.5774 -0.5774
vn 0.5772 -0.5774 0.5774
vn 0.5773 0.5774 -0.5773
vn 0.5773 0.5774 0.5773
vn -0.5773 0.5774 0.5774
vn -0.5773 0.5773 -0.5774
vn -0.5772 -0.5774 0.5775
vn -0.5772 -0.5774 -0.5775
vn -0.0000 0.7070 0.7072
vn 0.5614 -0.7942 -0.2326
vn -0.0000 -0.7070 0.7072
vn 0.5773 0.5774 0.5774
vn -0.5774 0.5774 0.5773
vn -0.0000 0.7070 -0.7072
vn 0.5774 -0.5774 -0.5772
vn -0.5774 0.5775 -0.5772
vn -0.5773 -0.5773 -0.5774
vn 0.5774 -0.5774 0.5772
vn -0.5772 -0.5774 0.5774
vn -0.0000 1.0000 -0.0000
vn -0.5774 -0.5774 0.5772
vn -0.5774 0.5774 0.5772
vn -0.5614 0.7941 -0.2328
vn -0.5613 0.7942 -0.2328
vn -0.5774 -0.5774 -0.5772
vn -0.5774 0.5774 -0.5772
vn -0.5615 -0.7941 0.2328
vn -0.5773 -0.5775 0.5773
vn -0.7071 -0.7071 -0.0000
vn -0.0000 -0.7071 0.7071
vn 0.7071 -0.7071 -0.0000
vn -0.0000 -0.7071 -0.7071
vn 0.9065 -0.0700 -0.4164
vn -0.7072 0.7070 -0.0000
vn -0.0000 0.7071 0.7071
vn 0.7072 0.7070 -0.0000
vn -0.0000 0.7071 -0.7071
vn -0.7072 -0.0000 -0.7070
vn 0.9065 0.0700 0.4165
vn -0.7043 0.0880 0.7045
vn 1.0000 -0.0000 -0.0001
vn -0.7070 -0.0000 -0.7072
vn 0.6047 0.7775 0.1728
vn 0.7071 0.7071 -0.0000
vn -0.9847 -0.1231 -0.1231
vn 1.0000 -0.0000 0.0001
vn 0.9847 -0.1231 0.1231
vn 0.7070 -0.0000 -0.7072
vn 0.7071 -0.0000 0.7071
vn 0.9239 -0.0000 -0.3827
vn -0.7072 0.7071 -0.0000
vn -0.7070 -0.7072 -0.0000
vn 0.7072 -0.7071 -0.0000
vn 0.9087 0.0620 0.4127
vn -0.7049 0.0783 0.7049
vn -0.7072 -0.0000 0.7071
vn 0.9899 -0.0000 0.1415
vn 0.7071 -0.0000 -0.7071
vn 0.9899 -0.0000 -0.1415
vn -0.9939 -0.0000 -0.1105
vn -0.7071 0.7071 -0.0000
vn -0.7070 -0.0000 0.7072
vn 0.7072 -0.0000 0.7071
vn -0.9939 -0.0000 0.1105
vn -0.9239 -0.0000 0.3827
vn 0.7072 -0.0000 -0.7071
vn 0.7049 -0.0783 0.7050
vn -0.7071 -0.7072 -0.0000
vn -0.9239 -0.0000 -0.3826
vn -0.7070 0.7072 -0.0000
vn -0.7072 -0.0000 0.7070
vn -0.7047 -0.7095 -0.0047
vn -0.9847 -0.1231 0.1231
vn -0.7071 -0.0000 -0.7072
vn -0.9847 0.1231 0.1231
vn -0.9879 0.1098 -0.1098
vn 0.9879 0.1098 0.1100
vn -1.0000 0.0033 -0.0033
vn -0.9879 -0.1098 0.1098
vn 0.9239 -0.0000 0.3827
vn -1.0000 -0.0000 -0.0001
vn -0.9847 0.1231 -0.1231
vn -1.0000 -0.0032 -0.0032
vn -0.7072 -0.7070 -0.0000
vn 0.9879 -0.1098 -0.1098
vn 0.7083 -0.0026 0.7060
vn -1.0000 -0.0000 0.0002
vn -0.7049 -0.0783 -0.7050
vn 0.7049 -0.0783 0.7049
vn -0.9087 -0.0620 0.4127
vn -1.0000 -0.0033 0.0033
vn 1.0000 -0.0000 -0.0033
vn 1.0000 0.0035 -0.0035
vn 0.7071 -0.7072 -0.0000
vn -0.9087 0.0620 -0.4127
vn 0.7049 0.0783 -0.7049
vn 0.9847 -0.1231 -0.1231
vn 0.9847 0.1231 0.1231
vn -0.0000 -1.0000 -0.0000
vn 0.0035 -0.0000 -1.0000
vn -0.0035 -0.0000 1.0000
vn -0.0194 -0.7166 0.6972
vn -0.0000 -0.0000 -1.0000
vn -0.0034 0.0046 -1.0000
vn -0.0000 0.0046 1.0000
vn -0.0000 -0.0000 1.0000
vn 0.0034 -0.0040 1.0000
vn -0.0034 -0.0040 -1.0000
vn -0.0038 0.1236 0.9923
vn -0.0035 -0.0000 -1.0000
vn 0.0196 0.7069 0.7070
vn -0.5918 -0.5700 0.5700
vn 0.0194 0.7166 0.6972
vn -0.0217 -0.6960 0.7177
vn 0.0196 0.7070 0.7070
vn 0.5929 -0.5694 -0.5694
vn -0.0034 -0.0036 1.0000
vn 0.4158 -0.8165 -0.4006
vn 0.0196 -0.7070 -0.7070
vn -0.0034 -0.0055 1.0000
vn 0.0035 0.0055 -1.0000
vn 0.5615 -0.7941 0.2328
vn 0.5615 0.7941 -0.2326
vn -0.0000 -0.7070 -0.7072
vn -0.5615 0.7941 0.2326
vn 0.5618 -0.7939 0.2325
vn 0.5616 -0.7940 0.2326
vn -0.5614 -0.7941 -0.2328
vn -0.5615 0.7941 0.2328
vn 0.7070 0.7072 -0.0000
vn 0.6985 -0.6985 -0.1553
vn 0.9847 0.1231 -0.1231
vn 0.7072 -0.0000 0.7070
vn -0.7035 -0.7036 0.1005
vn -0.9088 -0.0620 -0.4127
vn -0.9939 -0.0000 -0.1104
vn -0.7072 -0.7071 -0.0000
vn -0.0000 -0.7071 -0.7072
vn 0.7070 -0.7072 -0.0000
vn 0.7072 0.7071 -0.0000
vn -0.9879 0.1098 0.1100
vn -0.9899 -0.0000 0.1415
vn -0.7072 -0.0000 -0.7071
vn 0.9879 -0.1098 0.1098
vn -0.9239 -0.0000 0.3826
vn -0.9239 -0.0000 -0.3827
vn 0.9065 0.0700 -0.4165
vn -1.0000 -0.0039 -0.0040
vn -0.7048 0.0783 -0.7050
vn 0.7049 0.0783 0.7050
vn 0.7094 0.7047 -0.0047
vn 0.9087 -0.0620 -0.4128
vn 0.9879 -0.1098 0.1100
vn 1.0000 0.0032 0.0032
vn 0.7049 -0.0783 -0.7049
vn -0.7048 -0.0783 0.7050
vn 0.9879 0.1098 -0.1098
vn 0.7083 0.0026 -0.7059
vn -1.0000 -0.0036 -0.0036
vn -0.7094 0.7048 0.0047
vn -0.9879 -0.1098 -0.1100
vn -0.9087 0.0620 0.4127
vn -1.0000 -0.0000 -0.0002
vn 0.7071 0.7072 -0.0000
vn -0.9087 -0.0620 -0.4127
vn -0.0000 0.1414 -0.9899
vn -0.0000 0.1414 0.9899
vn -0.0000 -0.0036 -1.0000
vn -0.0000 -0.9899 -0.1414
vn -0.0035 -1.0000 -0.0033
vn 0.7037 -0.0064 -0.7104
vn 0.0034 -0.0046 -1.0000
vn -0.7042 0.0056 0.7100
vn 0.7042 -0.0056 0.7100
vn -0.0034 0.0040 1.0000
vn 0.0035 1.0000 0.0033
vn -0.0035 1.0000 -0.0033
vn -0.0035 -1.0000 0.0033
vn 0.0035 -1.0000 -0.0033
vn -0.0000 0.0039 -1.0000
vn -0.7043 -0.0056 -0.7099
vn 0.5242 0.6021 -0.6022
vn -0.0001 1.0000 -0.0000
vn 0.0001 1.0000 -0.0000
vn -0.0000 0.1240 -0.9923
vn -0.0000 -0.9939 -0.1104
vn -0.0000 1.0000 -0.0033
vn -0.0000 0.9899 -0.1414
vn -0.0000 0.0036 1.0000
vn -0.0000 0.1240 0.9923
vn -0.0000 1.0000 0.0033
vn 0.7094 0.7048 -0.0047
vn -0.5929 -0.5694 0.5694
vn -0.7045 -0.0050 0.7096
vn 0.0034 0.0036 1.0000
vn -0.0000 -1.0000 0.0033
vn -0.0000 0.9939 0.1104
vn -0.0000 -0.1240 -0.9923
vn -0.7071 -0.0000 0.7072
vn -0.7031 -0.0078 0.7111
vn 0.0034 0.0055 1.0000
vn 0.7082 0.7060 -0.0024
vn -0.7031 0.0078 -0.7111
vn -0.0035 -0.0055 -1.0000
vn 0.7083 -0.7060 0.0024
vt 0.172376 -0.897668
vt 0.174376 -0.897668
vt 0.174376 -0.899668
vt 0.172376 0.202000
vt 0.174376 0.202000
vt 0.174376 0.200000
vt 0.750376 0.199999
vt 0.750376 0.202000
vt 0.752376 0.201999
vt 0.752376 0.798000
vt 0.750376 0.798000
vt 0.750376 0.800000
vt 0.800000 -0.881668
vt 0.800000 -0.881668
vt 0.798000 -0.883445
vt 0.172376 1.694330
vt 0.174376 1.694330
vt 0.172376 1.696330
vt 0.172376 1.696330
vt 0.172376 1.692330
vt 0.200000 1.694330
vt 0.200000 1.694330
vt 0.201999 1.696329
vt 0.172376 0.798000
vt 0.174376 0.798000
vt 0.174376 0.799999
vt 0.172376 1.710330
vt 0.174376 1.710330
vt 0.174376 1.712330
vt 0.750376 1.710330
vt 0.752376 1.710330
vt 0.750376 1.712330
vt 0.752376 1.710330
vt 0.750376 1.710330
vt 0.750376 1.712330
vt 0.172376 0.200000
vt 0.172376 0.198000
vt 0.201999 0.708340
vt 0.200000 0.708335
vt 0.201999 0.706336
vt 0.201999 1.217327
vt 0.200000 1.217332
vt 0.201999 1.219331
vt 0.199999 1.217332
vt 0.200000 1.217332
vt 0.198000 1.215332
vt 0.750376 0.708335
vt 0.750376 0.710335
vt 0.752376 0.710335
vt 0.174376 0.216000
vt 0.172376 0.216000
vt 0.174376 0.218000
vt 0.216000 1.217332
vt 0.216000 1.215332
vt 0.218000 1.215332
vt 0.174376 1.217332
vt 0.174376 1.215332
vt 0.172376 1.215332
vt 0.172376 0.708335
vt 0.174376 0.708335
vt 0.172376 0.706546
vt 0.801996 0.706338
vt 0.800000 0.708335
vt 0.801634 0.709970
vt 0.798000 1.215332
vt 0.799999 1.217332
vt 0.798000 1.218967
vt 0.784000 0.708335
vt 0.783999 0.710335
vt 0.782000 0.710335
vt 0.174376 0.708335
vt 0.174376 0.710335
vt 0.172376 0.710335
vt 0.750376 1.217332
vt 0.750376 1.215332
vt 0.752376 1.215332
vt 0.784000 1.217332
vt 0.783999 1.215332
vt 0.782000 1.215332
vt 0.801996 1.219329
vt 0.799999 1.217332
vt 0.801635 1.215696
vt 0.200000 1.251332
vt 0.200000 1.253332
vt 0.202000 1.255331
vt 0.173790 0.800000
vt 0.172376 0.798000
vt 0.172376 1.255332
vt 0.174376 1.255332
vt 0.174376 1.253332
vt 0.752376 0.216000
vt 0.750375 0.216000
vt 0.750376 0.218000
vt 0.216000 1.692330
vt 0.216000 1.694330
vt 0.218000 1.692330
vt 0.752376 1.692330
vt 0.750376 1.692330
vt 0.750376 1.694330
vt 0.172376 1.255332
vt 0.172376 1.253332
vt 0.172376 1.251333
vt 0.783999 1.255332
vt 0.784000 1.253332
vt 0.782000 1.255332
vt 0.752376 1.255332
vt 0.750376 1.255332
vt 0.750376 1.253332
vt 0.172376 1.692330
vt 0.174376 1.692330
vt 0.174376 1.694330
vt 0.783999 1.692330
vt 0.783999 1.694330
vt 0.782000 1.692330
vt 0.750961 0.800000
vt 0.750376 0.799999
vt 0.752376 0.798000
vt 0.800000 1.253332
vt 0.799999 1.253332
vt 0.798000 1.251333
vt 0.770375 1.237332
vt 0.770375 1.239332
vt 0.772376 1.239332
vt 0.203999 1.239332
vt 0.201999 1.239332
vt 0.203999 1.237332
vt 0.770375 0.796000
vt 0.772376 0.796000
vt 0.770375 0.798000
vt 0.772376 0.203999
vt 0.770376 0.203999
vt 0.770375 0.201999
vt 0.203999 1.710330
vt 0.203999 1.708330
vt 0.201999 1.708330
vt 0.756376 0.796000
vt 0.756376 0.798000
vt 0.754376 0.796000
vt 0.756376 1.237332
vt 0.756376 1.239332
vt 0.754376 1.239332
vt 0.796000 1.237332
vt 0.796000 1.239332
vt 0.798000 1.239332
vt 0.172376 -0.329661
vt 0.174376 -0.327668
vt 0.172376 -0.325668
vt 0.172376 -0.327663
vt 0.172376 -0.327668
vt 0.172376 -0.329668
vt 0.200000 -0.327668
vt 0.200000 -0.327668
vt 0.202000 -0.325668
vt 0.172376 -0.883463
vt 0.174376 -0.881668
vt 0.172376 -0.879668
vt 0.752376 -0.325852
vt 0.750376 -0.327668
vt 0.752376 -0.329668
vt 0.784000 -0.881668
vt 0.784000 -0.879668
vt 0.782000 -0.879668
vt 0.174376 -0.881668
vt 0.174376 -0.879668
vt 0.172376 -0.879668
vt 0.750376 -0.327668
vt 0.750375 -0.329668
vt 0.784000 -0.327668
vt 0.784000 -0.329661
vt 0.782000 -0.329668
vt 0.172376 -0.879668
vt 0.172376 -0.881668
vt 0.172376 -0.883667
vt 0.752376 -0.883463
vt 0.750376 -0.881668
vt 0.752376 -0.879668
vt 0.750376 -0.881668
vt 0.750376 -0.879668
vt 0.752376 -0.879668
vt 0.172376 0.216000
vt 0.216000 -0.327668
vt 0.216000 -0.329668
vt 0.218000 -0.329668
vt 0.174376 -0.327668
vt 0.174376 -0.329668
vt 0.172376 -0.329668
vt 0.756376 -0.897668
vt 0.756376 -0.895668
vt 0.754376 -0.895668
vt 0.796000 -0.897668
vt 0.796000 -0.895668
vt 0.798000 -0.895668
vt 0.203999 -0.311668
vt 0.203999 -0.313668
vt 0.201999 -0.313668
vt 0.756376 -0.311668
vt 0.756376 -0.313668
vt 0.754376 -0.313668
vt 0.203999 -0.897668
vt 0.203999 -0.895668
vt 0.201999 -0.895668
vt 0.770376 0.796000
vt 0.770375 0.798000
vt 0.772376 0.796000
vt 0.770375 -0.311668
vt 0.770375 -0.313668
vt 0.772376 -0.313668
vt 0.796000 -0.311668
vt 0.796000 -0.313668
vt 0.798000 -0.313668
vt 0.770376 0.796000
vt 0.770375 0.203999
vt 0.772376 0.203999
vt 0.770375 0.202000
vt 0.796000 1.231332
vt 0.798000 1.231332
vt 0.796000 1.233332
vt 0.203999 1.231332
vt 0.203999 1.233332
vt 0.201999 1.231332
vt 0.203999 1.233332
vt 0.203999 1.231332
vt 0.202000 1.231332
vt 0.756376 1.233332
vt 0.756376 1.231332
vt 0.754376 1.231332
vt 0.756376 0.203999
vt 0.756376 0.202000
vt 0.754376 0.203999
vt 0.796000 0.692335
vt 0.796000 0.694335
vt 0.798000 0.694335
vt 0.172376 -0.293668
vt 0.172376 -0.291668
vt 0.172376 -0.289668
vt 0.752376 -0.293668
vt 0.752376 -0.291668
vt 0.752376 -0.289668
vt 0.750376 -0.291668
vt 0.752376 -0.293668
vt 0.752376 0.272335
vt 0.750375 0.272335
vt 0.752376 0.274335
vt 0.172376 0.270335
vt 0.172376 0.272335
vt 0.172376 0.274334
vt 0.752376 0.274151
vt 0.750376 0.272335
vt 0.752376 0.270335
vt 0.784000 -0.291668
vt 0.783999 -0.289675
vt 0.782000 -0.289668
vt 0.174376 -0.291668
vt 0.174376 -0.289668
vt 0.172376 -0.289668
vt 0.750376 0.272335
vt 0.750375 0.270335
vt 0.752376 0.270335
vt 0.784000 0.272335
vt 0.784000 0.270335
vt 0.782000 0.270335
vt 0.173790 0.200000
vt 0.174376 0.200000
vt 0.174376 0.200000
vt 0.750376 -0.291668
vt 0.750376 -0.289668
vt 0.752376 -0.289668
vt 0.174376 0.216000
vt 0.750382 0.216000
vt 0.752376 0.216000
vt 0.750376 0.218000
vt 0.174376 0.272335
vt 0.174376 0.270335
vt 0.172376 0.270335
vt 0.752376 0.306335
vt 0.752376 0.308335
vt 0.752376 0.310335
vt 0.752376 0.308335
vt 0.750376 0.308335
vt 0.752376 0.306335
vt 0.752376 0.672335
vt 0.750376 0.672335
vt 0.752376 0.674335
vt 0.752376 0.670335
vt 0.174376 0.199999
vt 0.172376 0.201999
vt 0.750375 0.308335
vt 0.750376 0.310335
vt 0.174376 0.216000
vt 0.216000 0.672335
vt 0.216000 0.670335
vt 0.218000 0.670335
vt 0.174376 0.672335
vt 0.174376 0.670335
vt 0.172376 0.670335
vt 0.174376 0.799999
vt 0.799999 0.672335
vt 0.800000 0.672335
vt 0.798000 0.674334
vt 0.784000 0.308335
vt 0.784000 0.310324
vt 0.782000 0.310335
vt 0.174376 0.308335
vt 0.174376 0.310335
vt 0.172376 0.310335
vt 0.750375 0.670335
vt 0.752376 0.670335
vt 0.784000 0.672335
vt 0.784000 0.670335
vt 0.782000 0.670335
vt 0.750376 0.220000
vt 0.752376 0.219999
vt 0.174376 0.910335
vt 0.172376 0.910335
vt 0.174376 0.908335
vt 0.782000 0.910335
vt 0.779999 0.910335
vt 0.780000 0.908335
vt 0.174376 0.782000
vt 0.174376 0.779999
vt 0.172376 0.780000
vt 0.218000 0.924335
vt 0.220000 0.924335
vt 0.219999 0.926335
vt 0.174376 0.218000
vt 0.174376 0.220000
vt 0.172376 0.220000
vt 0.750376 0.781999
vt 0.750376 0.779999
vt 0.752376 0.780000
vt 0.782000 0.924335
vt 0.780000 0.924335
vt 0.780000 0.926335
vt 0.172376 0.798000
vt 0.174376 0.798000
vt 0.800000 -0.897668
vt 0.000000 0.000000
vt 0.172376 0.201999
vt 0.174376 0.202000
vt 0.750376 0.200000
vt 0.750376 0.202000
vt 0.752376 0.202000
vt 0.750376 0.798000
vt 0.174376 1.710330
vt 0.200000 1.710330
vt 0.174376 0.708335
vt 0.750376 1.217332
vt 0.172376 0.710335
vt 0.198001 0.706336
vt 0.216000 0.710327
vt 0.202000 1.215332
vt 0.172376 0.201999
vt 0.216000 1.217332
vt 0.198001 1.219331
vt 0.750376 0.708335
vt 0.750375 0.710335
vt 0.174376 1.217332
vt 0.174376 1.215332
vt 0.798000 0.710335
vt 0.784000 1.217332
vt 0.784000 1.215332
vt 0.798000 1.251332
vt 0.800000 1.235332
vt 0.798004 1.235332
vt 0.174376 1.692330
vt 0.752376 1.255332
vt 0.750375 1.255332
vt 0.216000 1.253332
vt 0.198989 1.254343
vt 0.216000 1.255332
vt 0.752376 1.692330
vt 0.750376 1.692330
vt 0.174376 1.255332
vt 0.798000 1.255332
vt 0.800000 1.694330
vt 0.798000 1.692330
vt 0.784000 1.253332
vt 0.784000 1.255332
vt 0.796000 1.710330
vt 0.203999 1.237332
vt 0.203999 1.239332
vt 0.796000 1.708330
vt 0.798000 1.708330
vt 0.203999 1.708330
vt 0.756376 1.239332
vt 0.756376 0.203999
vt 0.756376 0.201999
vt 0.796000 1.239332
vt 0.798000 1.708330
vt 0.770375 1.239332
vt 0.796000 1.237332
vt 0.172376 -0.325668
vt 0.174376 -0.309668
vt 0.200000 -0.309668
vt 0.174376 -0.309668
vt 0.172376 -0.309668
vt 0.750376 -0.881668
vt 0.750375 -0.879668
vt 0.174376 -0.329668
vt 0.798000 -0.879668
vt 0.784000 -0.881668
vt 0.783999 -0.879668
vt 0.174376 -0.881668
vt 0.750375 -0.329668
vt 0.174376 -0.879668
vt 0.172376 -0.879668
vt 0.203999 -0.897668
vt 0.203999 -0.895668
vt 0.796000 -0.311668
vt 0.796000 -0.313668
vt 0.796000 -0.897668
vt 0.203999 -0.311668
vt 0.796000 -0.895668
vt 0.756376 -0.313668
vt 0.770375 -0.897668
vt 0.770375 -0.895668
vt 0.756376 0.796000
vt 0.770375 -0.313668
vt 0.796000 1.233332
vt 0.203999 0.692335
vt 0.203999 0.694335
vt 0.795999 1.231332
vt 0.201999 0.694335
vt 0.770376 1.231332
vt 0.756376 1.231332
vt 0.756376 0.796000
vt 0.796000 0.694335
vt 0.770375 1.233332
vt 0.770375 1.231332
vt 0.750376 -0.309668
vt 0.750376 -0.291668
vt 0.750376 -0.289668
vt 0.174376 0.272335
vt 0.752376 -0.289668
vt 0.174376 0.270335
vt 0.798329 0.270335
vt 0.784000 0.272335
vt 0.784000 0.270335
vt 0.174376 -0.291668
vt 0.750376 0.270335
vt 0.174376 -0.289668
vt 0.172376 -0.289668
vt 0.172376 0.201999
vt 0.216000 0.272335
vt 0.201999 0.270335
vt 0.200000 0.272335
vt 0.750375 0.290335
vt 0.750376 0.290335
vt 0.752376 0.290335
vt 0.174376 0.308335
vt 0.750376 0.670335
vt 0.174376 0.310335
vt 0.172376 0.310335
vt 0.216000 0.672335
vt 0.201999 0.670335
vt 0.200000 0.672335
vt 0.798000 0.670335
vt 0.800000 0.308335
vt 0.798000 0.310335
vt 0.750376 0.308335
vt 0.750376 0.310335
vt 0.174376 0.672335
vt 0.752376 0.310335
vt 0.174376 0.670335
vt 0.784000 0.308335
vt 0.784000 0.310335
vt 0.174376 0.218000
vt 0.750376 0.782000
vt 0.750376 0.779999
vt 0.174376 0.219999
vt 0.172376 0.219999
vt 0.750376 0.219999
vt 0.752376 0.219999
vt 0.174376 0.779999
vt 0.218000 0.910335
vt 0.219999 0.910335
vt 0.782000 0.924335
vt 0.779999 0.924335
vt 0.174376 0.924335
vt 0.782000 0.910335
vt 0.779999 0.910335
vt 0.202000 -0.883423
vt 0.802000 -0.879668
vt 0.200000 -0.881668
vt 0.198000 -0.879668
vt 0.750375 -0.897668
vt 0.752376 -0.897668
vt 0.200000 -0.897668
vt 0.752376 0.201999
vt 0.750376 0.200000
vt 0.752376 1.696330
vt 0.172376 1.215332
vt 0.172376 0.710335
vt 0.797999 1.215332
vt 0.200000 1.235332
vt 0.201999 1.235332
vt 0.750375 1.235332
vt 0.752376 1.219332
vt 0.172376 0.200000
vt 0.202000 1.251332
vt 0.752376 1.251332
vt 0.752376 1.235332
vt 0.201996 1.235332
vt 0.200000 1.694330
vt 0.202000 1.692330
vt 0.752376 0.201999
vt 0.216000 1.694330
vt 0.201999 1.692330
vt 0.216000 1.692330
vt 0.801369 1.253332
vt 0.800000 1.692330
vt 0.801999 1.696330
vt 0.174376 0.799999
vt 0.174369 0.784000
vt 0.172376 0.800000
vt 0.798380 1.255332
vt 0.198000 0.706335
vt 0.798000 0.708335
vt 0.798000 0.706335
vt 0.174376 0.690335
vt 0.172376 0.690335
vt 0.752375 0.708335
vt 0.750379 0.690335
vt 0.752376 0.708335
vt 0.752376 0.706335
vt 0.750375 0.690335
vt 0.752376 0.690335
vt 0.172376 0.708335
vt 0.174372 0.690335
vt 0.750376 0.200000
vt 0.750382 0.800000
vt 0.752376 -0.309668
vt 0.800000 -0.327668
vt 0.802000 -0.325668
vt 0.752376 -0.879668
vt 0.750961 -0.327668
vt 0.172376 -0.881668
vt 0.202000 -0.329668
vt 0.216000 -0.327668
vt 0.202000 -0.329668
vt 0.750376 -0.309668
vt 0.201999 -0.293668
vt 0.200000 -0.291668
vt 0.172376 0.799999
vt 0.798000 0.274335
vt 0.800000 0.290335
vt 0.800000 0.272335
vt 0.752376 0.290335
vt 0.752376 0.274335
vt 0.172376 0.274335
vt 0.174376 0.290335
vt 0.172376 0.290335
vt 0.800000 -0.289668
vt 0.802000 -0.293668
vt 0.800000 -0.291668
vt 0.798000 -0.289668
vt 0.174376 0.784000
vt 0.201999 0.270335
vt 0.201999 -0.289668
vt 0.750375 0.216000
vt 0.750375 0.200000
vt 0.752376 0.200000
vt 0.172376 0.306335
vt 0.174376 0.290335
vt 0.201999 0.306335
vt 0.200000 0.290335
vt 0.200000 0.308335
vt 0.174376 0.800000
vt 0.800000 0.690335
vt 0.752376 0.690335
vt 0.752376 0.674335
vt 0.172376 0.674335
vt 0.172376 0.690335
vt 0.201999 0.670335
vt 0.201999 0.310335
vt 0.216000 0.308335
vt 0.802000 0.674335
vt 0.800000 0.310335
vt 0.802000 0.306335
vt 0.750376 0.784000
vt 0.752376 0.798000
vt 0.752376 0.799999
vt 0.798000 -0.897668
vt 0.752376 -0.883668
vt 0.202000 -0.897668
vt 0.750376 0.200000
vt 0.174376 0.800000
vt 0.172376 0.200000
vt 0.752376 -0.879668
vt 0.784000 -0.329668
vt 0.798000 -0.329668
vt 0.798000 1.696330
vt 0.201999 1.710330
vt 0.798000 1.710330
vt 0.750376 1.694330
vt 0.172376 0.198000
vt 0.784000 1.692330
vt 0.750376 0.784000
vt 0.752376 1.253332
vt 0.198329 1.251661
vt 0.798000 1.696330
vt 0.750376 0.708335
vt 0.174376 1.217332
vt 0.202000 0.710335
vt 0.216000 1.215340
vt 0.216000 0.710335
vt 0.750376 0.200000
vt 0.750376 0.216000
vt 0.201999 0.690335
vt 0.798000 0.690335
vt 0.798000 0.690335
vt 0.750376 1.235332
vt 0.752376 1.217332
vt 0.174376 0.200000
vt 0.750376 0.216000
vt 0.752376 0.198000
vt 0.752376 0.200000
vt 0.784000 0.710335
vt 0.801990 1.219323
vt 0.174376 1.235332
vt 0.172376 1.217332
vt 0.174376 0.784000
vt 0.750376 0.800000
vt 0.174376 1.235332
vt 0.798000 1.235332
vt 0.172376 1.251332
vt 0.174376 0.784000
vt 0.770376 0.796000
vt 0.756376 0.203999
vt 0.770375 1.708330
vt 0.756376 1.708330
vt 0.756376 1.708330
vt 0.202000 0.674335
vt 0.202000 0.674335
vt 0.798000 -0.325668
vt 0.201999 -0.309668
vt 0.798000 -0.309668
vt 0.750375 -0.327668
vt 0.216000 -0.879668
vt 0.198000 -0.883668
vt 0.798000 -0.309668
vt 0.201999 -0.309668
vt 0.201999 -0.879668
vt 0.802000 -0.289668
vt 0.798000 -0.293668
vt 0.198000 -0.289668
vt 0.770376 0.203999
vt 0.756376 0.796000
vt 0.756376 0.694335
vt 0.770375 0.694335
vt 0.172376 0.802000
vt 0.801682 0.274017
vt 0.172376 0.270335
vt 0.216000 0.270335
vt 0.198401 0.273934
vt 0.752376 0.200000
vt 0.202000 0.274335
vt 0.798000 0.290335
vt 0.201999 0.290335
vt 0.201999 0.290335
vt 0.798000 0.306335
vt 0.798000 0.290335
vt 0.202000 0.274335
vt 0.174376 0.308335
vt 0.172376 0.306335
vt 0.216000 -0.289668
vt 0.201999 -0.289668
vt 0.198000 0.310335
vt 0.172376 0.670335
vt 0.198409 0.673926
vt 0.798401 0.670335
vt 0.750376 0.799999
vt 0.752376 0.802000
vt 0.216000 0.310335
vt 0.201999 0.310335
vt 0.750376 0.924335
vt 0.750376 0.910335
vt 0.220000 0.924335
vt 0.219999 0.910335
vt 0.174376 0.924335
vt 0.750376 0.910335
vt 0.174376 0.910335
vt 0.172376 1.692526
vt 0.198008 1.255324
vt 0.172376 1.253332
vt 0.172376 -0.329491
vt 0.752376 -0.329668
vt 0.172376 -0.289844
vt 0.752376 -0.289844
vt 0.752376 0.270335
vt 0.172376 0.202000
vt 0.752376 0.310159
vt 0.752376 0.670511
vt 0.172376 1.710330
vt 0.216000 0.708335
vt 0.201999 1.239332
vt 0.798000 1.239332
vt 0.172376 -0.329668
vt 0.798000 -0.881668
vt 0.798000 -0.313668
vt 0.201999 -0.313668
vt 0.201999 0.694335
vt 0.203999 0.694335
vt 0.172376 0.270335
vt 0.798000 0.272335
vt 0.216000 0.270335
vt 0.216000 0.670335
vt 0.752376 0.780000
vt 0.172376 0.780000
vt 0.172376 0.924335
vt 0.750961 1.694330
vt 0.172376 1.219332
vt 0.750961 1.253332
vt 0.172376 0.784000
vt 0.198286 0.710048
vt 0.752376 -0.329668
vt 0.216000 -0.329668
vt 0.173790 0.272335
vt 0.172376 0.784000
vt 0.173790 0.308335
vt 0.173790 0.672335
vt 0.216000 0.310335
vt 0.752376 0.784000
vt 0.750375 -0.897668
vt 0.174376 -0.897668
vt 0.750376 0.800000
vt 0.198000 1.692330
vt 0.798000 1.710330
vt 0.216000 1.255332
vt 0.752376 0.706335
vt 0.752376 0.800000
vt 0.752376 1.219332
vt 0.174376 0.216000
vt 0.770375 0.203999
vt 0.802000 0.670335
vt 0.198000 -0.329668
vt 0.752376 -0.325668
vt 0.802000 -0.329668
vt 0.216000 -0.879668
vt 0.770375 -0.895668
vt 0.784000 -0.289668
vt 0.172376 -0.289668
vt 0.802000 0.270335
vt 0.784000 0.670335
s 0
usemtl U702-ST9
f 1570/2098/309 1571/2099/309 1572/2100/309
f 1573/2101/310 1574/2102/310 1575/2103/310
f 1576/2104/311 1577/2105/311 1578/2106/311
f 1579/2107/312 1580/2108/312 1581/2109/312
f 1582/2110/313 1584/2111/313 1585/2112/313
f 1586/2113/314 1588/2114/314 1589/2115/314
f 1590/2116/315 1592/2113/315 1593/2117/315
f 1594/2118/316 1596/2119/316 1597/2120/316
f 1598/2121/317 1599/2122/317 1600/2123/317
f 1601/2124/318 1602/2125/318 1603/2126/318
f 1604/2127/319 1605/2128/319 1606/2129/319
f 1607/2130/320 1608/2131/320 1609/2132/320
f 1610/2133/315 1612/2133/315 1613/2134/315
f 1614/2135/321 1616/2136/321 1617/2137/321
f 1618/2138/322 1620/2139/322 1621/2140/322
f 1622/2141/323 1624/2142/323 1625/2143/323
f 1626/2144/324 1627/2145/324 1628/2146/324
f 1629/2147/325 1630/2148/325 1631/2149/325
f 1632/2150/326 1633/2151/326 1634/2152/326
f 1635/2153/327 1636/2154/327 1637/2155/327
f 1638/2156/328 1640/2157/328 1641/2158/328
f 1642/2159/323 1644/2160/323 1645/2161/323
f 1646/2162/329 1648/2163/329 1649/2164/329
f 1650/2165/330 1651/2166/330 1652/2167/330
f 1653/2168/331 1654/2169/331 1655/2170/331
f 1656/2171/332 1657/2172/332 1658/2173/332
f 1659/2174/333 1660/2175/333 1661/2176/333
f 1662/2177/315 1664/2178/315 1665/2179/315
f 1674/2180/315 1676/2181/315 1677/2182/315
f 1678/2183/334 1680/2123/334 1681/2184/334
f 1682/2185/309 1683/2186/309 1684/2187/309
f 1685/2188/335 1686/2189/335 1687/2190/335
f 1688/2191/327 1689/2192/327 1690/2193/327
f 1691/2194/326 1692/2195/326 1693/2196/326
f 1694/2197/315 1696/2198/315 1697/2199/315
f 1698/2200/331 1699/2201/331 1700/2202/331
f 1701/2203/336 1702/2204/336 1703/2205/336
f 1704/2206/333 1705/2207/333 1706/2208/333
f 1707/2209/332 1708/2210/332 1709/2211/332
f 1710/2212/337 1712/2213/337 1713/2214/337
f 1714/2215/338 1716/2216/338 1717/2217/338
f 1748/2242/347 1750/2243/347 1751/2244/347
f 1752/2245/323 1754/2246/323 1755/2247/323
f 1756/2248/348 1758/2249/348 1759/2250/348
f 1766/2251/347 1768/2252/347 1769/2253/347
f 1770/2254/349 1772/2255/349 1773/2256/349
f 1774/2257/311 1775/2258/311 1776/2259/311
f 1777/2260/331 1778/2261/331 1779/2262/331
f 1780/2263/350 1781/2264/350 1782/2256/350
f 1783/2265/351 1784/2266/351 1785/2267/351
f 1786/2268/315 1788/2269/315 1789/2270/315
f 1790/2271/352 1792/2272/352 1793/2273/352
f 1794/2274/353 1795/2275/353 1796/2276/353
f 1797/2147/309 1798/2277/309 1799/2149/309
f 1800/2278/341 1801/2279/341 1802/2280/341
f 1803/2281/354 1804/2282/354 1805/2283/354
f 1856/2330/358 1858/2331/358 1859/2332/358
f 1860/2333/358 1862/2334/358 1863/2335/358
f 1864/2334/349 1866/2336/349 1867/2337/349
f 1868/2338/352 1870/2339/352 1871/2340/352
f 1894/2359/361 1896/2360/361 1897/2101/361
f 1898/2359/362 1900/2361/362 1901/2101/362
f 1902/2362/335 1903/2363/335 1904/2364/335
f 1905/2365/363 1906/2277/363 1907/2149/363
f 1908/2366/341 1909/2367/341 1910/2368/341
f 1911/2369/364 1912/2370/364 1913/2371/364
f 1920/2372/358 1922/2373/358 1923/2374/358
f 1924/2375/349 1926/2376/349 1927/2377/349
f 1928/2378/352 1930/2379/352 1931/2380/352
f 1932/2380/358 1934/2378/358 1935/2381/358
f 1938/2359/361 1940/2382/361 1941/2383/361
f 1942/2359/361 1944/2361/361 1945/2101/361
f 1946/2384/312 1947/2385/312 1948/2374/312
f 1949/2386/363 1950/2277/363 1951/2149/363
f 1952/2387/341 1953/2388/341 1954/2389/341
f 1955/2390/364 1956/2391/364 1957/2392/364
f 1958/2183/365 1960/2393/365 1961/2184/365
f 1962/2394/365 1964/2395/365 1965/2396/365
f 1966/2397/311 1967/2398/311 1968/2399/311
f 1969/2400/359 1970/2401/359 1971/2402/359
f 1972/2379/342 1973/2403/342 1974/2404/342
f 1975/2405/360 1976/2406/360 1977/2407/360
f 1978/2368/330 1979/2408/330 1980/2409/330
f 1981/2410/366 1982/2411/366 1983/2412/366
f 1984/2413/324 1985/2414/324 1986/2415/324
f 1987/2416/309 1988/2417/309 1989/2418/309
f 1990/2419/342 1991/2420/342 1992/2421/342
f 1993/2422/360 1994/2423/360 1995/2424/360
f 1996/2425/341 1997/2426/341 1998/2427/341
f 1999/2428/364 2000/2429/364 2001/2430/364
f 1574/2102/367 1570/2431/367 1572/2432/367
f 1575/2103/368 1577/2105/368 1576/2104/368
f 1580/2108/369 1578/2106/369 1577/2105/369
f 1572/2432/370 1581/2109/370 1580/2108/370
f 1585/2112/371 1581/2433/371 1582/2110/371
f 1591/2434/323 1587/2434/323 1586/2434/323
f 1601/2435/372 1599/2122/372 1598/2121/372
f 1603/2436/373 1604/2437/373 1606/2438/373
f 1607/2214/374 1606/2438/374 1605/2439/374
f 1600/2123/375 1609/2440/375 1608/2109/375
f 1587/2116/376 1600/2441/376 1588/2114/376
f 1597/2120/377 1604/2442/377 1594/2118/377
f 1592/2113/378 1602/2125/378 1601/2124/378
f 1623/2434/379 1615/2434/379 1614/2434/379
f 1610/2434/323 1618/2434/323 1611/2434/323
f 1629/2443/370 1627/2145/370 1626/2144/370
f 1636/2154/375 1632/2444/375 1634/2172/375
f 1634/2172/329 1628/2146/329 1627/2145/329
f 1637/2155/380 1631/2169/380 1630/2445/380
f 1615/2446/381 1628/2447/381 1616/2136/381
f 1632/2150/382 1623/2448/382 1633/2151/382
f 1611/2449/383 1629/2147/383 1612/2133/383
f 1635/2450/367 1620/2139/367 1619/2451/367
f 1642/2434/384 1646/2434/384 1643/2434/384
f 1654/2169/368 1650/2452/368 1652/2453/368
f 1659/2454/373 1657/2172/373 1656/2171/373
f 1658/2173/321 1652/2453/321 1651/2146/321
f 1661/2455/322 1655/2170/322 1654/2169/322
f 1643/2456/385 1650/2165/385 1644/2160/385
f 1648/2163/374 1656/2457/374 1658/2458/374
f 1638/2434/323 1655/2434/323 1639/2434/323
f 1679/2459/380 1672/2460/380 1673/2461/380
f 1683/2186/328 1688/2117/328 1690/2462/328
f 1685/2463/386 1692/2195/386 1691/2194/386
f 1684/2187/370 1687/2464/370 1686/2205/370
f 1690/2462/375 1693/2196/375 1692/2195/375
f 1684/2465/367 1694/2466/367 1682/2467/367
f 1698/2197/322 1705/2207/322 1704/2206/322
f 1702/2204/387 1707/2468/387 1709/2469/387
f 1700/2470/368 1703/2205/368 1702/2204/368
f 1706/2208/373 1709/2469/373 1708/2196/373
f 1715/2471/388 1710/2472/388 1713/2473/388
f 1708/2210/382 1713/2473/382 1712/2472/382
f 1703/2474/369 1715/2471/369 1701/2475/369
f 1753/2434/323 1749/2434/323 1748/2434/323
f 1749/2489/328 1761/2490/328 1750/2243/328
f 1759/2250/392 1765/2491/392 1756/2248/392
f 1754/2246/393 1762/2492/393 1763/2493/393
f 1778/2261/368 1774/2494/368 1776/2495/368
f 1783/2281/373 1781/2264/373 1780/2263/373
f 1782/2256/387 1776/2495/387 1775/2276/387
f 1785/2496/394 1779/2262/394 1778/2261/394
f 1767/2497/367 1777/2498/367 1779/2499/367
f 1780/2434/395 1771/2434/395 1770/2434/395
f 1797/2500/370 1795/2275/370 1794/2274/370
f 1804/2282/375 1800/2255/375 1802/2501/375
f 1802/2501/396 1796/2276/396 1795/2275/396
f 1805/2283/380 1799/2502/380 1798/2503/380
f 1794/2434/397 1791/2434/397 1790/2434/397
f 1786/2434/398 1797/2434/398 1787/2434/398
f 1865/2434/315 1861/2434/315 1860/2434/315
f 1865/2337/396 1855/2527/396 1866/2336/396
f 1874/2434/402 1891/2434/402 1875/2434/402
f 1898/2434/403 1895/2434/403 1894/2434/403
f 1905/2536/370 1903/2363/370 1902/2362/370
f 1912/2370/375 1908/2353/375 1910/2537/375
f 1910/2537/404 1904/2364/404 1903/2363/404
f 1913/2371/328 1907/2538/328 1906/2539/328
f 1895/2540/367 1905/2365/367 1896/2360/367
f 1911/2541/399 1901/2542/399 1900/2543/399
f 1925/2434/315 1921/2434/315 1920/2434/315
f 1925/2372/396 1919/2544/396 1926/2376/396
f 1922/2373/405 1916/2545/405 1917/2546/405
f 1933/2434/315 1929/2434/315 1928/2434/315
f 1942/2434/403 1939/2434/403 1938/2434/403
f 1949/2547/370 1947/2385/370 1946/2384/370
f 1956/2391/375 1952/2379/375 1954/2548/375
f 1954/2548/396 1948/2374/396 1947/2385/396
f 1957/2392/328 1951/2549/328 1950/2550/328
f 1939/2449/406 1949/2386/406 1940/2382/406
f 1955/2551/399 1945/2552/399 1944/2553/399
f 1963/2554/407 1958/2555/407 1961/2556/407
f 1970/2401/368 1966/2557/368 1968/2558/368
f 1975/2559/373 1973/2403/373 1972/2379/373
f 1974/2404/321 1968/2558/321 1967/2560/321
f 1977/2561/322 1971/2402/322 1970/2401/322
f 1963/2554/399 1975/2405/399 1964/2395/399
f 1961/2556/367 1969/2562/367 1971/2563/367
f 1981/2564/368 1979/2408/368 1978/2368/368
f 1988/2417/370 1984/2565/370 1986/2566/370
f 1986/2566/369 1980/2409/369 1979/2408/369
f 1989/2418/390 1983/2567/390 1982/2568/390
f 1994/2423/373 1990/2190/373 1992/2569/373
f 1999/2416/375 1997/2426/375 1996/2425/375
f 1998/2427/382 1992/2569/382 1991/2570/382
f 2001/2571/408 1995/2424/408 1994/2423/408
f 1991/2420/387 1978/2572/387 1980/2573/387
f 1985/2414/396 1996/2574/396 1998/2575/396
f 1993/2576/409 1982/2411/409 1981/2410/409
f 2000/2429/380 1987/2577/380 1989/2578/380
f 1789/2579/410 1769/2580/410 1768/2110/410
f 1792/2581/369 1584/2111/369 1793/2582/369
f 1766/2251/328 1571/2099/328 1570/2098/328
f 1790/2271/387 1576/2583/387 1578/2584/387
f 1789/2579/411 1575/2585/411 1786/2581/411
f 1712/2213/369 1597/2586/369 1596/2587/369
f 1711/2588/386 1608/2131/386 1607/2130/386
f 1663/2589/412 1640/2157/412 1639/2590/412
f 1663/2591/413 1659/2174/413 1664/2178/413
f 1646/2162/315 1622/2141/315 1625/2143/315
f 1662/2177/323 1618/2138/323 1621/2140/323
f 1664/2178/414 1672/2460/414 1665/2179/414
f 1621/2140/400 1668/2592/400 1669/2593/400
f 1670/2594/396 1649/2595/396 1648/2444/396
f 1624/2142/415 1667/2592/415 1625/2143/415
f 1717/2434/315 1675/2434/315 1674/2434/315
f 1680/2123/416 1697/2435/416 1696/2596/416
f 1697/2597/417 1668/2592/417 1694/2466/417
f 1670/2594/386 1717/2598/386 1671/2599/386
f 1676/2181/405 1667/2592/405 1666/2600/405
f 1594/2434/418 1677/2434/418 1595/2434/418
f 1696/2181/419 1590/2601/419 1593/2602/419
f 1689/2192/420 1593/2602/420 1592/2601/420
f 1677/2603/369 1686/2189/369 1685/2188/369
f 1693/2604/382 1595/2605/382 1691/2606/382
f 1678/2607/421 1586/2608/421 1589/2609/421
f 1588/2610/422 1706/2611/422 1589/2612/422
f 1699/2201/367 1681/2613/367 1680/2215/367
f 1610/2614/323 1638/2615/323 1641/2616/323
f 1642/2159/315 1614/2135/315 1617/2137/315
f 1641/2158/380 1742/2617/380 1743/2618/380
f 1644/2619/423 1747/2620/423 1645/2621/423
f 1617/2622/321 1744/2623/321 1745/2624/321
f 1612/2625/417 1937/2626/417 1613/2156/417
f 1758/2627/369 1772/2628/369 1759/2586/369
f 1770/2254/386 1855/2527/386 1854/2629/386
f 1582/2434/388 1771/2434/388 1583/2434/388
f 1748/2242/412 1768/2252/412 1767/2503/412
f 1750/2630/367 1783/2265/367 1751/2631/367
f 1583/2497/369 1774/2257/369 1584/2111/369
f 1791/2632/424 1756/2633/424 1792/2272/424
f 1752/2245/425 1788/2269/425 1787/2634/425
f 1800/2278/382 1757/2635/382 1801/2279/382
f 1803/2636/420 1755/2637/420 1754/2249/420
f 1897/2434/323 1857/2434/323 1856/2434/323
f 1858/2331/426 1761/2490/426 1760/2493/426
f 1862/2334/427 1765/2638/427 1764/2629/427
f 1897/2639/428 1762/2491/428 1894/2640/428
f 1900/2361/429 1877/2431/429 1876/2641/429
f 1868/2434/430 1880/2434/430 1869/2434/430
f 1877/2642/414 1915/2643/414 1874/2644/414
f 1878/2344/386 1919/2544/386 1918/2645/386
f 1869/2646/387 1916/2545/387 1870/2339/387
f 1899/2647/400 1872/2648/400 1873/2649/400
f 1868/2655/315 1860/2640/315 1863/2656/315
f 1863/2603/369 1902/2657/369 1904/2188/369
f 1870/2658/432 1908/2366/432 1871/2659/432
f 1941/2383/399 1960/2393/399 1959/2431/399
f 1959/2660/380 1915/2661/380 1914/2649/380
f 1941/2662/428 1872/2663/428 1938/2664/428
f 1944/2361/367 1965/2431/367 1964/2665/367
f 1965/2396/433 1742/2666/433 1962/2394/433
f 1934/2378/434 1747/2620/434 1746/2667/434
f 1929/2668/387 1744/2623/387 1930/2379/387
f 1943/2669/400 1937/2626/400 1936/2670/400
f 1928/2671/315 1920/2664/315 1923/2672/315
f 1946/2673/435 1923/2672/435 1922/2664/435
f 1952/2387/382 1930/2553/382 1953/2388/382
f 1932/2674/315 1924/2675/315 1927/2676/315
f 1972/2677/436 1935/2678/436 1934/2679/436
f 1926/2555/382 1966/2397/382 1927/2676/382
f 1570/2680/323 1789/2579/323 1769/2580/323
f 1572/2432/437 1577/2105/437 1574/2102/437
f 1571/2099/438 1768/2252/438 1585/2681/438
f 1576/2583/439 1792/2272/439 1789/2270/439
f 1578/2682/315 1585/2112/315 1793/2582/315
f 1792/2683/358 1768/2684/358 1788/2685/358
f 1768/2252/438 1750/2243/438 1583/2686/438
f 1782/2687/315 1583/2497/315 1771/2688/315
f 1774/2677/440 1767/2431/440 1768/2684/440
f 1587/2689/323 1601/2690/323 1598/2691/323
f 1712/2692/441 1600/2441/441 1608/2131/441
f 1592/2133/315 1591/2693/315 1587/2431/315
f 1713/2468/442 1716/2205/442 1681/2197/442
f 1681/2613/323 1704/2694/323 1589/2609/323
f 1588/2610/358 1708/2695/358 1712/2213/358
f 1593/2117/443 1676/2696/443 1595/2468/443
f 1593/2602/323 1682/2467/323 1695/2697/323
f 1596/2587/358 1689/2147/358 1592/2133/358
f 1596/2692/444 1604/2127/444 1602/2125/444
f 1711/2698/315 1605/2690/315 1597/2120/315
f 1677/2182/315 1691/2606/315 1595/2605/315
f 1606/2438/358 1599/2122/358 1603/2436/358
f 1937/2626/444 1616/2699/444 1612/2625/444
f 1611/2445/445 1623/2173/445 1620/2700/445
f 1613/2134/315 1612/2133/315 1641/2184/315
f 1611/2701/323 1637/2702/323 1630/2703/323
f 1616/2704/437 1629/2147/437 1626/2705/437
f 1936/2706/323 1641/2616/323 1743/2707/323
f 1623/2448/315 1628/2447/315 1633/2151/315
f 1746/2708/315 1617/2137/315 1745/2706/315
f 1667/2709/444 1620/2700/444 1624/2710/444
f 1620/2711/358 1632/2712/358 1635/2147/358
f 1649/2214/323 1625/2713/323 1624/2714/323
f 1621/2140/323 1673/2461/323 1665/2179/323
f 1649/2164/315 1666/2600/315 1625/2143/315
f 1636/2154/441 1627/2145/441 1631/2169/441
f 1747/2620/441 1640/2157/441 1644/2619/441
f 1650/2677/440 1639/2431/440 1640/2684/440
f 1655/2715/323 1663/2591/323 1639/2456/323
f 1663/2589/446 1648/2444/446 1643/2146/446
f 1658/2458/315 1643/2456/315 1647/2716/315
f 1672/2717/441 1648/2444/441 1664/2718/441
f 1659/2719/358 1648/2720/358 1664/2612/358
f 1652/2453/444 1661/2455/444 1654/2169/444
f 1676/2696/447 1697/2199/447 1668/2721/447
f 1717/2217/315 1666/2600/315 1671/2722/315
f 1666/2439/358 1670/2109/358 1673/2184/358
f 1697/2597/323 1673/2461/323 1669/2593/323
f 1679/2723/448 1716/2205/448 1670/2594/448
f 1696/2596/449 1695/2134/449 1686/2189/449
f 1676/2714/450 1675/2713/450 1680/2123/450
f 1716/2213/437 1699/2724/437 1680/2123/437
f 1692/2195/441 1683/2186/441 1690/2462/441
f 1700/2470/444 1709/2469/444 1705/2207/444
f 1713/2473/315 1701/2475/315 1715/2471/315
f 1964/2559/441 1742/2617/441 1747/2620/441
f 1742/2665/437 1746/2214/437 1744/2437/437
f 1943/2730/323 1743/2707/323 1965/2396/323
f 1929/2731/315 1746/2708/315 1745/2706/315
f 1944/2559/444 1744/2623/444 1937/2626/444
f 1749/2732/323 1763/2733/323 1760/2734/323
f 1772/2255/441 1761/2490/441 1855/2527/441
f 1754/2133/315 1753/2693/315 1749/2431/315
f 1767/2497/323 1784/2266/323 1751/2631/323
f 1783/2719/451 1771/2678/451 1772/2628/451
f 1792/2272/439 1758/2735/439 1755/2247/439
f 1755/2637/323 1798/2736/323 1787/2737/323
f 1758/2627/358 1803/2147/358 1754/2133/358
f 1758/2735/444 1765/2638/444 1762/2492/444
f 1759/2250/315 1854/2738/315 1764/2739/315
f 1791/2740/315 1801/2279/315 1757/2635/315
f 1760/2734/323 1897/2639/323 1857/2741/323
f 1764/2439/358 1855/2109/358 1760/2184/358
f 1761/2490/441 1866/2336/441 1855/2527/441
f 1765/2638/452 1896/2536/452 1897/2330/452
f 1764/2739/315 1865/2742/315 1861/2743/315
f 1776/2495/444 1785/2496/444 1778/2261/444
f 1788/2685/453 1787/2134/453 1794/2705/453
f 1804/2282/441 1795/2275/441 1799/2502/441
f 1861/2713/454 1858/2612/454 1857/2748/454
f 1863/2335/455 1870/2339/455 1901/2750/455
f 1863/2656/315 1909/2751/315 1871/2752/315
f 1896/2360/437 1902/2657/437 1862/2753/437
f 1870/2658/358 1911/2147/358 1900/2361/358
f 1876/2641/456 1869/2586/456 1870/2658/456
f 1869/2754/315 1918/2755/315 1917/2756/315
f 1900/2530/444 1916/2545/444 1872/2648/444
f 1873/2757/323 1959/2758/323 1914/2759/323
f 1899/2760/323 1914/2759/323 1877/2642/323
f 1916/2545/452 1940/2761/452 1941/2762/452
f 1917/2439/358 1919/2109/358 1914/2184/358
f 1880/2345/448 1877/2343/448 1919/2544/448
f 1901/2542/323 1906/2763/323 1895/2764/323
f 1912/2370/441 1903/2363/441 1907/2538/441
f 1915/2661/441 1960/2547/441 1926/2376/441
f 1917/2756/315 1925/2758/315 1921/2765/315
f 1940/2382/437 1946/2705/437 1922/2659/437
f 1923/2374/458 1930/2379/458 1945/2766/458
f 1923/2672/315 1953/2388/315 1931/2767/315
f 1922/2659/323 1921/2713/323 1925/2678/323
f 1964/2559/459 1935/2381/459 1926/2376/459
f 1935/2768/315 1967/2398/315 1927/2676/315
f 1966/2677/437 1960/2393/437 1926/2769/437
f 1934/2679/323 1933/2770/323 1929/2586/323
f 1930/2683/358 1955/2147/358 1944/2361/358
f 1964/2665/358 1972/2677/358 1934/2679/358
f 1945/2552/323 1950/2771/323 1939/2772/323
f 1956/2391/441 1947/2385/441 1951/2549/441
f 1971/2563/323 1963/2554/323 1961/2556/323
f 1968/2558/444 1977/2561/444 1970/2401/444
f 1990/2773/444 1981/2410/444 1978/2774/444
f 1988/2417/437 1979/2408/437 1983/2567/437
f 1998/2575/315 1980/2573/315 1985/2414/315
f 1995/2775/323 1989/2578/323 1982/2776/323
f 1999/2777/441 1984/2778/441 1987/2779/441
f 1992/2569/358 2001/2571/358 1994/2423/358
f 1582/2110/460 1583/2497/460 1584/2111/460
f 1586/2113/328 1587/2116/328 1588/2114/328
f 1590/2116/315 1591/2780/315 1592/2113/315
f 1594/2118/461 1595/2605/461 1596/2119/461
f 1610/2133/323 1611/2449/323 1612/2133/323
f 1614/2135/462 1615/2446/462 1616/2136/462
f 1618/2138/352 1619/2451/352 1620/2139/352
f 1622/2141/358 1623/2448/358 1624/2142/358
f 1638/2156/380 1639/2590/380 1640/2157/380
f 1642/2159/315 1643/2456/315 1644/2160/315
f 1646/2162/373 1647/2716/373 1648/2163/373
f 1662/2177/358 1663/2591/358 1664/2178/358
f 1674/2180/323 1675/2781/323 1676/2181/323
f 1678/2183/463 1679/2184/463 1680/2123/463
f 1694/2197/315 1695/2782/315 1696/2198/315
f 1710/2212/464 1711/2678/464 1712/2213/464
f 1714/2215/465 1715/2471/465 1716/2216/465
f 1748/2242/380 1749/2489/380 1750/2243/380
f 1752/2245/315 1753/2783/315 1754/2246/315
f 1756/2248/461 1757/2635/461 1758/2249/461
f 1766/2251/380 1767/2503/380 1768/2252/380
f 1770/2254/386 1771/2784/386 1772/2255/386
f 1786/2268/315 1787/2634/315 1788/2269/315
f 1790/2271/321 1791/2632/321 1792/2272/321
f 1856/2330/315 1857/2785/315 1858/2331/315
f 1860/2333/323 1861/2786/323 1862/2334/323
f 1864/2334/386 1865/2337/386 1866/2336/386
f 1868/2338/321 1869/2646/321 1870/2339/321
f 1894/2359/466 1895/2540/466 1896/2360/466
f 1898/2359/466 1899/2788/466 1900/2361/466
f 1920/2372/323 1921/2789/323 1922/2373/323
f 1924/2375/386 1925/2372/386 1926/2376/386
f 1928/2378/321 1929/2668/321 1930/2379/321
f 1932/2380/323 1933/2790/323 1934/2378/323
f 1938/2359/466 1939/2449/466 1940/2382/466
f 1942/2359/466 1943/2101/466 1944/2361/466
f 1958/2183/467 1959/2431/467 1960/2393/467
f 1962/2394/467 1963/2554/467 1964/2395/467
f 1574/2102/367 1573/2101/367 1570/2431/367
f 1575/2103/368 1574/2102/368 1577/2105/368
f 1580/2108/369 1579/2107/369 1578/2106/369
f 1572/2432/370 1571/2665/370 1581/2109/370
f 1585/2112/396 1579/2680/396 1581/2433/396
f 1591/2434/323 1590/2434/323 1587/2434/323
f 1601/2435/408 1603/2436/408 1599/2122/408
f 1603/2436/373 1602/2361/373 1604/2437/373
f 1607/2214/468 1609/2440/468 1606/2438/468
f 1600/2123/375 1599/2122/375 1609/2440/375
f 1587/2116/380 1598/2791/380 1600/2441/380
f 1597/2120/321 1605/2690/321 1604/2442/321
f 1592/2113/413 1591/2780/413 1602/2125/413
f 1623/2434/315 1622/2434/315 1615/2434/315
f 1610/2434/419 1619/2434/419 1618/2434/419
f 1629/2443/370 1631/2169/370 1627/2145/370
f 1636/2154/375 1635/2153/375 1632/2444/375
f 1634/2172/386 1633/2173/386 1628/2146/386
f 1637/2155/328 1636/2154/328 1631/2169/328
f 1615/2446/469 1626/2792/469 1628/2447/469
f 1632/2150/470 1624/2142/470 1623/2448/470
f 1611/2449/367 1630/2148/367 1629/2147/367
f 1635/2450/372 1637/2702/372 1620/2139/372
f 1642/2434/315 1647/2434/315 1646/2434/315
f 1654/2169/368 1653/2168/368 1650/2452/368
f 1659/2454/373 1661/2455/373 1657/2172/373
f 1658/2173/471 1657/2172/471 1652/2453/471
f 1661/2455/400 1660/2589/400 1655/2170/400
f 1643/2456/369 1651/2166/369 1650/2165/369
f 1648/2163/369 1647/2716/369 1656/2457/369
f 1638/2434/472 1653/2434/472 1655/2434/472
f 1679/2459/473 1678/2607/473 1672/2460/473
f 1683/2186/328 1682/2185/328 1688/2117/328
f 1685/2463/396 1687/2464/396 1692/2195/396
f 1684/2187/370 1683/2186/370 1687/2464/370
f 1690/2462/375 1689/2208/375 1693/2196/375
f 1684/2465/474 1695/2697/474 1694/2466/474
f 1698/2197/322 1700/2470/322 1705/2207/322
f 1702/2204/321 1701/2203/321 1707/2468/321
f 1700/2470/368 1699/2187/368 1703/2205/368
f 1706/2208/373 1705/2207/373 1709/2469/373
f 1715/2471/388 1714/2215/388 1710/2472/388
f 1708/2210/382 1707/2209/382 1713/2473/382
f 1703/2474/369 1716/2216/369 1715/2471/369
f 1753/2434/323 1752/2434/323 1749/2434/323
f 1749/2489/380 1760/2493/380 1761/2490/380
f 1759/2250/321 1764/2739/321 1765/2491/321
f 1754/2246/479 1753/2783/479 1762/2492/479
f 1778/2261/368 1777/2260/368 1774/2494/368
f 1783/2281/373 1785/2496/373 1781/2264/373
f 1782/2256/387 1781/2264/387 1776/2495/387
f 1785/2496/400 1784/2795/400 1779/2262/400
f 1767/2497/480 1766/2796/480 1777/2498/480
f 1780/2434/382 1782/2434/382 1771/2434/382
f 1797/2500/370 1799/2502/370 1795/2275/370
f 1804/2282/375 1803/2281/375 1800/2255/375
f 1802/2501/396 1801/2784/396 1796/2276/396
f 1805/2283/481 1804/2282/481 1799/2502/481
f 1794/2434/369 1796/2434/369 1791/2434/369
f 1786/2434/367 1798/2434/367 1797/2434/367
f 1865/2434/315 1864/2434/315 1861/2434/315
f 1865/2337/386 1854/2629/386 1855/2527/386
f 1874/2434/399 1892/2434/399 1891/2434/399
f 1898/2434/403 1901/2434/403 1895/2434/403
f 1905/2536/370 1907/2538/370 1903/2363/370
f 1912/2370/375 1911/2369/375 1908/2353/375
f 1910/2537/386 1909/2787/386 1904/2364/386
f 1913/2371/328 1912/2370/328 1907/2538/328
f 1895/2540/367 1906/2277/367 1905/2365/367
f 1911/2541/399 1913/2803/399 1901/2542/399
f 1925/2434/315 1924/2434/315 1921/2434/315
f 1925/2372/386 1918/2645/386 1919/2544/386
f 1922/2373/482 1921/2789/482 1916/2545/482
f 1933/2434/315 1932/2434/315 1929/2434/315
f 1942/2434/483 1945/2434/483 1939/2434/483
f 1949/2547/370 1951/2549/370 1947/2385/370
f 1956/2391/375 1955/2390/375 1952/2379/375
f 1954/2548/386 1953/2404/386 1948/2374/386
f 1957/2392/328 1956/2391/328 1951/2549/328
f 1939/2449/367 1950/2277/367 1949/2386/367
f 1955/2551/399 1957/2804/399 1945/2552/399
f 1963/2554/484 1962/2394/484 1958/2555/484
f 1970/2401/368 1969/2400/368 1966/2557/368
f 1975/2559/373 1977/2561/373 1973/2403/373
f 1974/2404/387 1973/2403/387 1968/2558/387
f 1977/2561/322 1976/2766/322 1971/2402/322
f 1963/2554/399 1976/2406/399 1975/2405/399
f 1961/2556/406 1960/2555/406 1969/2562/406
f 1981/2564/368 1983/2567/368 1979/2408/368
f 1988/2417/370 1987/2416/370 1984/2565/370
f 1986/2566/477 1985/2805/477 1980/2409/477
f 1989/2418/367 1988/2417/367 1983/2567/367
f 1994/2423/373 1993/2422/373 1990/2190/373
f 1999/2416/375 2001/2571/375 1997/2426/375
f 1998/2427/468 1997/2426/468 1992/2569/468
f 2001/2571/399 2000/2806/399 1995/2424/399
f 1991/2420/387 1990/2419/387 1978/2572/387
f 1985/2414/396 1984/2413/396 1996/2574/396
f 1993/2576/400 1995/2807/400 1982/2411/400
f 2000/2429/376 1999/2428/376 1987/2577/376
f 1789/2579/323 1788/2581/323 1769/2580/323
f 1792/2581/382 1585/2112/382 1584/2111/382
f 1766/2251/383 1769/2253/383 1571/2099/383
f 1790/2271/385 1793/2273/385 1576/2583/385
f 1789/2579/322 1573/2682/322 1575/2585/322
f 1712/2213/477 1711/2678/477 1597/2586/477
f 1711/2588/485 1710/2808/485 1608/2131/485
f 1663/2589/486 1662/2809/486 1640/2157/486
f 1663/2591/399 1660/2175/399 1659/2174/399
f 1646/2162/315 1649/2164/315 1622/2141/315
f 1662/2177/323 1665/2179/323 1618/2138/323
f 1664/2178/487 1673/2461/487 1672/2460/487
f 1621/2140/394 1620/2139/394 1668/2592/394
f 1670/2594/386 1671/2599/386 1649/2595/386
f 1624/2142/488 1666/2600/488 1667/2592/488
f 1717/2434/489 1716/2434/489 1675/2434/489
f 1680/2123/408 1679/2184/408 1697/2435/408
f 1697/2597/400 1669/2593/400 1668/2592/400
f 1670/2594/490 1714/2810/490 1717/2598/490
f 1676/2181/491 1675/2781/491 1667/2592/491
f 1594/2434/492 1674/2434/492 1677/2434/492
f 1696/2181/323 1695/2697/323 1590/2601/323
f 1689/2192/399 1688/2191/399 1593/2602/399
f 1677/2603/435 1676/2714/435 1686/2189/435
f 1693/2604/382 1596/2119/382 1595/2605/382
f 1678/2607/484 1681/2613/484 1586/2608/484
f 1588/2610/372 1704/2811/372 1706/2611/372
f 1699/2201/367 1698/2200/367 1681/2613/367
f 1610/2614/323 1613/2812/323 1638/2615/323
f 1642/2159/315 1645/2161/315 1614/2135/315
f 1641/2158/328 1640/2157/328 1742/2617/328
f 1644/2619/493 1746/2667/493 1747/2620/493
f 1617/2622/387 1616/2699/387 1744/2623/387
f 1612/2625/494 1936/2670/494 1937/2626/494
f 1758/2627/382 1773/2770/382 1772/2628/382
f 1770/2254/495 1773/2256/495 1855/2527/495
f 1582/2434/496 1772/2434/496 1771/2434/496
f 1748/2242/497 1751/2244/497 1768/2252/497
f 1750/2630/399 1784/2266/399 1783/2265/399
f 1583/2497/369 1775/2258/369 1774/2257/369
f 1791/2632/418 1757/2813/418 1756/2633/418
f 1752/2245/323 1755/2247/323 1788/2269/323
f 1800/2278/382 1758/2249/382 1757/2635/382
f 1803/2636/399 1805/2814/399 1755/2637/399
f 1897/2434/498 1896/2434/498 1857/2434/498
f 1858/2331/499 1857/2785/499 1761/2490/499
f 1862/2334/482 1861/2786/482 1765/2638/482
f 1897/2639/400 1763/2733/400 1762/2491/400
f 1900/2361/367 1899/2788/367 1877/2431/367
f 1868/2434/382 1881/2434/382 1880/2434/382
f 1877/2642/380 1914/2759/380 1915/2643/380
f 1878/2344/495 1881/2346/495 1919/2544/495
f 1869/2646/321 1917/2546/321 1916/2545/321
f 1899/2647/500 1898/2815/500 1872/2648/500
f 1868/2655/315 1871/2752/315 1860/2640/315
f 1863/2603/435 1862/2753/435 1902/2657/435
f 1870/2658/502 1909/2367/502 1908/2366/502
f 1941/2383/408 1940/2382/408 1960/2393/408
f 1959/2660/503 1958/2817/503 1915/2661/503
f 1941/2662/400 1873/2757/400 1872/2663/400
f 1944/2361/390 1943/2101/390 1965/2431/390
f 1965/2396/380 1743/2707/380 1742/2666/380
f 1934/2378/495 1933/2790/495 1747/2620/495
f 1929/2668/321 1745/2624/321 1744/2623/321
f 1943/2669/500 1942/2818/500 1937/2626/500
f 1928/2671/384 1931/2767/384 1920/2664/384
f 1946/2673/369 1948/2819/369 1923/2672/369
f 1952/2387/369 1931/2767/369 1930/2553/369
f 1932/2674/315 1935/2768/315 1924/2675/315
f 1972/2677/382 1974/2820/382 1935/2678/382
f 1926/2555/432 1967/2398/432 1966/2397/432
f 1570/2680/323 1573/2682/323 1789/2579/323
f 1572/2432/437 1580/2108/437 1577/2105/437
f 1585/2681/504 1581/2821/504 1571/2099/504
f 1571/2099/396 1769/2253/396 1768/2252/396
f 1768/2252/370 1584/2272/370 1585/2681/370
f 1789/2270/505 1575/2822/505 1576/2583/505
f 1576/2583/322 1793/2273/322 1792/2272/322
f 1792/2272/368 1788/2269/368 1789/2270/368
f 1578/2682/315 1579/2680/315 1585/2112/315
f 1792/2683/358 1584/2823/358 1768/2684/358
f 1768/2252/396 1751/2244/396 1750/2243/396
f 1750/2243/506 1772/2255/506 1583/2686/506
f 1583/2686/375 1584/2272/375 1768/2252/375
f 1782/2687/315 1775/2258/315 1583/2497/315
f 1768/2684/437 1584/2823/437 1774/2677/437
f 1774/2677/507 1777/2719/507 1767/2431/507
f 1587/2689/323 1591/2824/323 1601/2690/323
f 1608/2131/396 1711/2588/396 1712/2692/396
f 1712/2692/441 1588/2114/441 1600/2441/441
f 1587/2431/368 1588/2610/368 1712/2213/368
f 1712/2213/437 1596/2587/437 1592/2133/437
f 1587/2431/508 1712/2213/508 1592/2133/508
f 1681/2197/509 1589/2115/509 1588/2114/509
f 1588/2114/370 1712/2692/370 1713/2468/370
f 1713/2468/396 1715/2463/396 1716/2205/396
f 1716/2205/375 1680/2187/375 1681/2197/375
f 1681/2197/510 1588/2114/510 1713/2468/510
f 1681/2613/323 1698/2200/323 1704/2694/323
f 1588/2610/358 1706/2611/358 1708/2695/358
f 1596/2692/368 1592/2113/368 1593/2117/368
f 1593/2117/443 1696/2198/443 1676/2696/443
f 1676/2696/315 1677/2463/315 1595/2468/315
f 1595/2468/368 1596/2692/368 1593/2117/368
f 1593/2602/323 1688/2191/323 1682/2467/323
f 1596/2587/358 1693/2712/358 1689/2147/358
f 1602/2125/444 1592/2113/444 1596/2692/444
f 1596/2692/387 1597/2588/387 1604/2127/387
f 1711/2698/315 1607/2825/315 1605/2690/315
f 1677/2182/315 1685/2826/315 1691/2606/315
f 1606/2438/358 1609/2440/358 1599/2122/358
f 1937/2626/444 1744/2623/444 1616/2699/444
f 1611/2445/373 1612/2625/373 1616/2699/373
f 1616/2699/511 1615/2827/511 1623/2173/511
f 1623/2173/368 1624/2710/368 1620/2700/368
f 1620/2700/512 1619/2809/512 1611/2445/512
f 1611/2445/513 1616/2699/513 1623/2173/513
f 1612/2133/375 1616/2704/375 1617/2439/375
f 1644/2828/373 1640/2684/373 1641/2184/373
f 1617/2439/323 1645/2770/323 1644/2828/323
f 1612/2133/514 1617/2439/514 1644/2828/514
f 1612/2133/515 1644/2828/515 1641/2184/515
f 1611/2701/323 1619/2451/323 1637/2702/323
f 1616/2704/437 1612/2133/437 1629/2147/437
f 1936/2706/323 1613/2812/323 1641/2616/323
f 1623/2448/315 1615/2446/315 1628/2447/315
f 1746/2708/315 1645/2161/315 1617/2137/315
f 1667/2709/444 1668/2721/444 1620/2700/444
f 1620/2711/358 1624/2714/358 1632/2712/358
f 1624/2714/370 1620/2711/370 1621/2101/370
f 1664/2612/368 1648/2720/368 1649/2214/368
f 1621/2101/315 1665/2748/315 1664/2612/315
f 1624/2714/516 1621/2101/516 1664/2612/516
f 1624/2714/517 1664/2612/517 1649/2214/517
f 1621/2140/323 1669/2593/323 1673/2461/323
f 1649/2164/315 1671/2722/315 1666/2600/315
f 1636/2154/441 1634/2172/441 1627/2145/441
f 1747/2620/441 1742/2617/441 1640/2157/441
f 1640/2684/437 1644/2828/437 1650/2677/437
f 1650/2677/507 1653/2719/507 1639/2431/507
f 1655/2715/323 1660/2175/323 1663/2591/323
f 1644/2619/518 1640/2157/518 1663/2589/518
f 1663/2589/370 1664/2718/370 1648/2444/370
f 1648/2444/519 1647/2829/519 1643/2146/519
f 1643/2146/520 1644/2619/520 1663/2589/520
f 1658/2458/315 1651/2166/315 1643/2456/315
f 1672/2717/441 1670/2594/441 1648/2444/441
f 1659/2719/358 1656/2677/358 1648/2720/358
f 1652/2453/444 1657/2172/444 1661/2455/444
f 1668/2721/444 1667/2709/444 1676/2696/444
f 1676/2696/368 1696/2198/368 1697/2199/368
f 1717/2217/315 1675/2781/315 1666/2600/315
f 1673/2184/521 1669/2435/521 1668/2361/521
f 1668/2361/358 1667/2437/358 1666/2439/358
f 1666/2439/522 1671/2678/522 1670/2109/522
f 1670/2109/358 1672/2665/358 1673/2184/358
f 1673/2184/358 1668/2361/358 1666/2439/358
f 1697/2597/323 1679/2459/323 1673/2461/323
f 1670/2594/523 1672/2717/523 1679/2723/523
f 1679/2723/370 1680/2187/370 1716/2205/370
f 1716/2205/396 1717/2598/396 1670/2594/396
f 1686/2189/437 1676/2714/437 1696/2596/437
f 1695/2134/524 1684/2830/524 1686/2189/524
f 1680/2123/358 1696/2596/358 1676/2714/358
f 1675/2713/525 1716/2213/525 1680/2123/525
f 1716/2213/437 1703/2695/437 1699/2724/437
f 1692/2195/441 1687/2464/441 1683/2186/441
f 1700/2470/444 1702/2204/444 1709/2469/444
f 1713/2473/315 1707/2209/315 1701/2475/315
f 1747/2620/441 1934/2378/441 1964/2559/441
f 1964/2559/328 1965/2669/328 1742/2617/328
f 1744/2437/437 1937/2361/437 1936/2101/437
f 1936/2101/437 1743/2431/437 1742/2665/437
f 1742/2665/437 1747/2109/437 1746/2214/437
f 1746/2214/437 1745/2586/437 1744/2437/437
f 1744/2437/437 1936/2101/437 1742/2665/437
f 1943/2730/323 1936/2706/323 1743/2707/323
f 1929/2731/315 1933/2832/315 1746/2708/315
f 1937/2626/322 1943/2669/322 1944/2559/322
f 1944/2559/444 1930/2379/444 1744/2623/444
f 1749/2732/323 1753/2833/323 1763/2733/323
f 1855/2527/328 1773/2256/328 1772/2255/328
f 1772/2255/441 1750/2243/441 1761/2490/441
f 1749/2431/368 1750/2610/368 1772/2628/368
f 1772/2628/437 1758/2627/437 1754/2133/437
f 1749/2431/508 1772/2628/508 1754/2133/508
f 1767/2497/323 1779/2499/323 1784/2266/323
f 1772/2628/358 1750/2610/358 1783/2719/358
f 1783/2719/526 1780/2677/526 1771/2678/526
f 1755/2247/527 1788/2269/527 1792/2272/527
f 1792/2272/387 1757/2813/387 1758/2735/387
f 1758/2735/368 1754/2246/368 1755/2247/368
f 1755/2637/323 1805/2814/323 1798/2736/323
f 1758/2627/358 1800/2712/358 1803/2147/358
f 1762/2492/444 1754/2246/444 1758/2735/444
f 1758/2735/387 1759/2834/387 1765/2638/387
f 1759/2250/315 1773/2835/315 1854/2738/315
f 1791/2740/315 1796/2836/315 1801/2279/315
f 1760/2734/323 1763/2733/323 1897/2639/323
f 1760/2184/358 1763/2435/358 1762/2361/358
f 1762/2361/358 1765/2437/358 1764/2439/358
f 1764/2439/358 1854/2678/358 1855/2109/358
f 1855/2109/358 1761/2665/358 1760/2184/358
f 1760/2184/358 1762/2361/358 1764/2439/358
f 1761/2490/441 1858/2331/441 1866/2336/441
f 1897/2330/528 1762/2492/528 1765/2638/528
f 1765/2638/444 1862/2334/444 1896/2536/444
f 1764/2739/315 1854/2738/315 1865/2742/315
f 1776/2495/444 1781/2264/444 1785/2496/444
f 1794/2705/369 1791/2603/369 1792/2683/369
f 1794/2705/437 1792/2683/437 1788/2685/437
f 1787/2134/524 1797/2147/524 1794/2705/524
f 1804/2282/441 1802/2501/441 1795/2275/441
f 1857/2748/529 1896/2360/529 1862/2753/529
f 1861/2713/530 1865/2678/530 1866/2109/530
f 1861/2713/525 1866/2109/525 1858/2612/525
f 1857/2748/531 1862/2753/531 1861/2713/531
f 1901/2750/400 1895/2839/400 1896/2536/400
f 1896/2536/373 1862/2334/373 1863/2335/373
f 1863/2335/532 1871/2340/532 1870/2339/532
f 1870/2339/368 1900/2530/368 1901/2750/368
f 1901/2750/533 1896/2536/533 1863/2335/533
f 1863/2656/315 1904/2763/315 1909/2751/315
f 1896/2360/437 1905/2365/437 1902/2657/437
f 1870/2658/358 1908/2366/358 1911/2147/358
f 1870/2658/437 1900/2361/437 1876/2641/437
f 1876/2641/534 1880/2213/534 1869/2586/534
f 1869/2754/315 1881/2840/315 1918/2755/315
f 1872/2648/322 1899/2647/322 1900/2530/322
f 1900/2530/444 1870/2339/444 1916/2545/444
f 1873/2757/323 1941/2662/323 1959/2758/323
f 1899/2760/323 1873/2757/323 1914/2759/323
f 1941/2762/528 1872/2648/528 1916/2545/528
f 1916/2545/444 1922/2373/444 1940/2761/444
f 1914/2184/358 1873/2435/358 1872/2361/358
f 1872/2361/358 1916/2437/358 1917/2439/358
f 1917/2439/358 1918/2678/358 1919/2109/358
f 1919/2109/358 1915/2665/358 1914/2184/358
f 1914/2184/358 1872/2361/358 1917/2439/358
f 1919/2544/328 1881/2346/328 1880/2345/328
f 1880/2345/375 1876/2342/375 1877/2343/375
f 1877/2343/536 1915/2661/536 1919/2544/536
f 1901/2542/323 1913/2803/323 1906/2763/323
f 1912/2370/441 1910/2537/441 1903/2363/441
f 1926/2376/441 1919/2544/441 1915/2661/441
f 1915/2661/328 1959/2660/328 1960/2547/328
f 1917/2756/315 1918/2755/315 1925/2758/315
f 1940/2382/437 1949/2386/437 1946/2705/437
f 1945/2766/537 1939/2402/537 1940/2761/537
f 1940/2761/373 1922/2373/373 1923/2374/373
f 1923/2374/538 1931/2380/538 1930/2379/538
f 1930/2379/368 1944/2559/368 1945/2766/368
f 1945/2766/539 1940/2761/539 1923/2374/539
f 1923/2672/315 1948/2819/315 1953/2388/315
f 1960/2393/358 1940/2382/358 1922/2659/358
f 1926/2769/358 1960/2393/358 1922/2659/358
f 1925/2678/540 1926/2769/540 1922/2659/540
f 1926/2376/375 1960/2547/375 1961/2550/375
f 1961/2550/412 1963/2766/412 1964/2559/412
f 1964/2559/370 1934/2378/370 1935/2381/370
f 1935/2381/541 1927/2377/541 1926/2376/541
f 1926/2376/542 1961/2550/542 1964/2559/542
f 1935/2768/315 1974/2841/315 1967/2398/315
f 1966/2677/437 1969/2719/437 1960/2393/437
f 1930/2683/437 1944/2361/437 1964/2665/437
f 1930/2683/437 1964/2665/437 1934/2679/437
f 1929/2586/543 1930/2683/543 1934/2679/543
f 1930/2683/358 1952/2712/358 1955/2147/358
f 1964/2665/358 1975/2719/358 1972/2677/358
f 1945/2552/323 1957/2804/323 1950/2771/323
f 1956/2391/441 1954/2548/441 1947/2385/441
f 1971/2563/323 1976/2406/323 1963/2554/323
f 1968/2558/444 1973/2403/444 1977/2561/444
f 1990/2773/444 1993/2576/444 1981/2410/444
f 1988/2417/437 1986/2566/437 1979/2408/437
f 1998/2575/315 1991/2420/315 1980/2573/315
f 1995/2775/323 2000/2429/323 1989/2578/323
f 1999/2777/441 1996/2773/441 1984/2778/441
f 1992/2569/358 1997/2426/358 2001/2571/358
usemtl U702-PM
f 1718/2218/339 1719/2219/339 1720/2220/339
f 1721/2221/340 1722/2222/340 1723/2223/340
f 1724/2224/341 1725/2225/341 1726/2226/341
f 1727/2227/342 1728/2228/342 1729/2229/342
f 1730/2230/343 1731/2231/343 1732/2232/343
f 1733/2233/344 1734/2234/344 1735/2235/344
f 1736/2236/345 1737/2237/345 1738/2238/345
f 1739/2239/346 1740/2240/346 1741/2241/346
f 1806/2284/310 1807/2285/310 1808/2286/310
f 1809/2287/355 1810/2288/355 1811/2289/355
f 1812/2290/343 1813/2291/343 1814/2292/343
f 1815/2293/344 1816/2294/344 1817/2295/344
f 1818/2296/356 1819/2297/356 1820/2298/356
f 1821/2299/312 1822/2300/312 1823/2301/312
f 1824/2302/342 1825/2303/342 1826/2304/342
f 1827/2305/341 1828/2306/341 1829/2307/341
f 1830/2308/324 1831/2300/324 1832/2301/324
f 1833/2309/330 1834/2310/330 1835/2311/330
f 1836/2312/341 1837/2313/341 1838/2314/341
f 1839/2315/342 1840/2316/342 1841/2317/342
f 1842/2318/343 1843/2319/343 1844/2320/343
f 1845/2321/344 1846/2322/344 1847/2323/344
f 1848/2324/357 1849/2325/357 1850/2326/357
f 1851/2327/346 1852/2328/346 1853/2329/346
f 1874/2341/315 1876/2342/315 1877/2343/315
f 1878/2344/349 1880/2345/349 1881/2346/349
f 1882/2347/336 1883/2348/336 1884/2349/336
f 1885/2350/359 1886/2351/359 1887/2352/359
f 1888/2353/342 1889/2354/342 1890/2355/342
f 1891/2356/360 1892/2357/360 1893/2358/360
f 1733/2476/389 1731/2231/389 1730/2230/389
f 1740/2240/390 1736/2477/390 1738/2478/390
f 1738/2478/322 1732/2232/322 1731/2231/322
f 1741/2241/380 1735/2479/380 1734/2480/380
f 1724/2224/375 1734/2234/375 1733/2233/375
f 1722/2222/387 1727/2481/387 1729/2232/387
f 1719/2219/370 1739/2236/370 1741/2482/370
f 1729/2229/373 1730/2483/373 1732/2484/373
f 1720/2485/386 1726/2486/386 1725/2479/386
f 1737/2237/368 1723/2218/368 1722/2487/368
f 1718/2488/391 1721/2221/391 1723/2223/391
f 1725/2225/382 1728/2228/382 1727/2227/382
f 1810/2288/367 1806/2504/367 1808/2505/367
f 1815/2506/399 1813/2291/399 1812/2290/399
f 1814/2292/400 1808/2505/400 1807/2298/400
f 1817/2507/328 1811/2289/328 1810/2288/328
f 1821/2508/369 1819/2297/369 1818/2296/369
f 1828/2306/382 1824/2509/382 1826/2291/382
f 1826/2291/321 1820/2298/321 1819/2297/321
f 1829/2307/329 1823/2510/329 1822/2289/329
f 1825/2303/373 1812/2293/373 1814/2511/373
f 1807/2285/368 1818/2512/368 1820/2513/368
f 1809/2514/370 1822/2300/370 1821/2299/370
f 1816/2294/375 1827/2302/375 1829/2515/375
f 1845/2516/399 1843/2319/399 1842/2318/399
f 1852/2328/367 1848/2517/367 1850/2518/367
f 1850/2518/394 1844/2320/394 1843/2319/394
f 1853/2329/380 1847/2519/380 1846/2313/380
f 1833/2309/368 1849/2325/368 1848/2324/368
f 1835/2520/401 1839/2315/401 1841/2317/401
f 1841/2521/373 1842/2321/373 1844/2522/373
f 1831/2300/370 1851/2523/370 1853/2234/370
f 1832/2524/396 1837/2313/396 1836/2312/396
f 1846/2322/375 1838/2525/375 1837/2526/375
f 1830/2308/369 1834/2310/369 1833/2309/369
f 1836/2312/382 1840/2316/382 1839/2315/382
f 1886/2351/368 1882/2528/368 1884/2529/368
f 1891/2530/373 1889/2354/373 1888/2353/373
f 1890/2355/321 1884/2529/321 1883/2531/321
f 1893/2532/322 1887/2352/322 1886/2351/322
f 1879/2533/382 1888/2534/382 1890/2535/382
f 1880/2644/431 1864/2650/431 1867/2651/431
f 1876/2644/323 1856/2652/323 1859/2653/323
f 1866/2652/382 1882/2347/382 1867/2651/382
f 1885/2654/411 1859/2431/411 1858/2612/411
f 1718/2725/437 1736/2726/437 1739/2523/437
f 1726/2727/441 1741/2482/441 1734/2728/441
f 1727/2481/315 1720/2485/315 1725/2479/315
f 1722/2487/444 1732/2729/444 1737/2237/444
f 1728/2228/358 1733/2233/358 1730/2483/358
f 1740/2240/323 1731/2231/323 1735/2479/323
f 1821/2299/437 1806/2726/437 1809/2514/437
f 1808/2505/323 1817/2507/323 1810/2288/323
f 1820/2513/444 1814/2511/444 1807/2285/444
f 1829/2515/441 1811/2285/441 1816/2294/441
f 1824/2744/358 1815/2745/358 1812/2483/358
f 1828/2306/315 1819/2297/315 1823/2510/315
f 1837/2526/441 1853/2746/441 1846/2322/441
f 1839/2315/315 1832/2524/315 1836/2312/315
f 1830/2308/437 1848/2324/437 1851/2523/437
f 1835/2747/444 1844/2522/444 1849/2746/444
f 1840/2744/358 1845/2745/358 1842/2483/358
f 1852/2328/323 1843/2319/323 1847/2519/323
f 1866/2109/437 1885/2654/437 1858/2612/437
f 1859/2332/448 1880/2345/448 1866/2336/448
f 1859/2653/323 1892/2357/323 1875/2749/323
f 1879/2533/315 1883/2348/315 1867/2651/315
f 1876/2641/457 1875/2748/457 1888/2677/457
f 1884/2529/444 1893/2532/444 1886/2351/444
f 1874/2341/315 1875/2342/315 1876/2342/315
f 1878/2344/386 1879/2787/386 1880/2345/386
f 1733/2476/399 1735/2479/399 1731/2231/399
f 1740/2240/475 1739/2239/475 1736/2477/475
f 1738/2478/400 1737/2793/400 1732/2232/400
f 1741/2241/328 1740/2240/328 1735/2479/328
f 1724/2224/375 1726/2226/375 1734/2234/375
f 1722/2222/321 1721/2221/321 1727/2481/321
f 1719/2219/476 1718/2218/476 1739/2236/476
f 1729/2229/373 1728/2228/373 1730/2483/373
f 1720/2485/396 1719/2794/396 1726/2486/396
f 1737/2237/368 1736/2236/368 1723/2218/368
f 1718/2488/477 1720/2485/477 1721/2221/477
f 1725/2225/478 1724/2224/478 1728/2228/478
f 1810/2288/367 1809/2287/367 1806/2504/367
f 1815/2506/399 1817/2507/399 1813/2291/399
f 1814/2292/322 1813/2291/322 1808/2505/322
f 1817/2507/380 1816/2797/380 1811/2289/380
f 1821/2508/369 1823/2510/369 1819/2297/369
f 1828/2306/382 1827/2305/382 1824/2509/382
f 1826/2291/471 1825/2798/471 1820/2298/471
f 1829/2307/386 1828/2306/386 1823/2510/386
f 1825/2303/373 1824/2302/373 1812/2293/373
f 1807/2285/368 1806/2284/368 1818/2512/368
f 1809/2514/370 1811/2234/370 1822/2300/370
f 1816/2294/375 1815/2293/375 1827/2302/375
f 1845/2516/399 1847/2519/399 1843/2319/399
f 1852/2328/367 1851/2327/367 1848/2517/367
f 1850/2518/400 1849/2799/400 1844/2320/400
f 1853/2329/481 1852/2328/481 1847/2519/481
f 1833/2309/368 1835/2311/368 1849/2325/368
f 1835/2520/387 1834/2800/387 1839/2315/387
f 1841/2521/373 1840/2525/373 1842/2321/373
f 1831/2300/370 1830/2308/370 1851/2523/370
f 1832/2524/404 1831/2329/404 1837/2313/404
f 1846/2322/375 1845/2321/375 1838/2525/375
f 1830/2308/369 1832/2301/369 1834/2310/369
f 1836/2312/382 1838/2314/382 1840/2316/382
f 1886/2351/368 1885/2350/368 1882/2528/368
f 1891/2530/373 1893/2532/373 1889/2354/373
f 1890/2355/401 1889/2354/401 1884/2529/401
f 1893/2532/322 1892/2801/322 1887/2352/322
f 1879/2533/395 1878/2802/395 1888/2534/395
f 1880/2644/396 1879/2533/396 1864/2650/396
f 1876/2644/501 1875/2749/501 1856/2652/501
f 1866/2652/369 1883/2348/369 1882/2347/369
f 1885/2654/367 1887/2816/367 1859/2431/367
f 1718/2725/437 1723/2831/437 1736/2726/437
f 1726/2727/441 1719/2219/441 1741/2482/441
f 1727/2481/315 1721/2221/315 1720/2485/315
f 1722/2487/444 1729/2727/444 1732/2729/444
f 1728/2228/358 1724/2224/358 1733/2233/358
f 1740/2240/323 1738/2478/323 1731/2231/323
f 1821/2299/437 1818/2831/437 1806/2726/437
f 1808/2505/323 1813/2291/323 1817/2507/323
f 1820/2513/444 1825/2303/444 1814/2511/444
f 1829/2515/441 1822/2837/441 1811/2285/441
f 1824/2744/358 1827/2224/358 1815/2745/358
f 1828/2306/315 1826/2291/315 1819/2297/315
f 1837/2526/441 1831/2747/441 1853/2746/441
f 1839/2315/315 1834/2800/315 1832/2524/315
f 1830/2308/437 1833/2309/437 1848/2324/437
f 1835/2747/444 1841/2521/444 1844/2522/444
f 1840/2744/358 1838/2224/358 1845/2745/358
f 1852/2328/323 1850/2518/323 1843/2319/323
f 1866/2109/437 1882/2677/437 1885/2654/437
f 1866/2336/375 1858/2331/375 1859/2332/375
f 1859/2332/506 1876/2342/506 1880/2345/506
f 1880/2345/328 1867/2337/328 1866/2336/328
f 1859/2653/323 1887/2838/323 1892/2357/323
f 1879/2533/315 1890/2535/315 1883/2348/315
f 1875/2748/535 1891/2719/535 1888/2677/535
f 1888/2677/382 1879/2678/382 1880/2213/382
f 1888/2677/358 1880/2213/358 1876/2641/358
f 1884/2529/444 1889/2354/444 1893/2532/444
o Plane.003
v -2.180000 0.102000 1.220000
v -2.182000 0.100000 1.220000
v -2.182000 0.102000 1.218000
v -2.180000 0.102000 1.548000
v -2.182000 0.102000 1.550000
v -2.182000 0.100000 1.548000
v -2.560000 0.102000 1.220000
v -2.558000 0.102000 1.218000
v -2.558000 0.100000 1.220000
v -2.560000 0.102000 1.548000
v -2.558000 0.100000 1.548000
v -2.558000 0.102000 1.550000
v -2.558586 0.118000 1.216586
v -2.560000 0.116000 1.220000
v -2.558000 0.118000 1.218000
v -2.560000 0.120000 1.220000
v -2.180000 0.116000 1.548000
v -2.180000 0.120000 1.548000
v -2.182000 0.118000 1.550000
v -2.180000 0.120000 1.552000
v -2.180000 0.120000 1.216000
v -2.180000 0.116000 1.216000
v -2.180000 0.118000 1.218000
v -2.180000 0.116000 1.220000
v -2.558586 0.118000 1.551414
v -2.560000 0.120000 1.548000
v -2.558000 0.118000 1.550000
v -2.560000 0.116000 1.548000
v -2.558586 2.217000 1.551414
v -2.560000 2.219000 1.548000
v -2.558000 2.217000 1.550000
v -2.560000 2.215000 1.548000
v -2.560000 2.215000 1.216000
v -2.560000 2.219000 1.216000
v -2.560000 2.217000 1.218000
v -2.560000 2.219000 1.220000
v -2.180000 2.215000 1.548000
v -2.180000 2.219000 1.548000
v -2.182000 2.217000 1.550000
v -2.180000 2.219000 1.552000
v -2.180000 2.219000 1.216000
v -2.180000 2.215000 1.216000
v -2.180000 2.217000 1.218000
v -2.180000 2.215000 1.220000
v -2.182000 0.118000 1.234000
v -2.180000 0.120000 1.234000
v -2.182000 0.120000 1.236000
v -2.558000 0.118000 1.234000
v -2.558000 0.120000 1.236000
v -2.560000 0.120000 1.234000
v -2.182000 2.217000 1.234000
v -2.182000 2.215000 1.236000
v -2.180000 2.215000 1.234000
v -2.558000 2.217000 1.234000
v -2.560000 2.215000 1.234000
v -2.558000 2.215000 1.236000
v -2.182000 0.118000 1.534000
v -2.182000 0.120000 1.532000
v -2.180000 0.120000 1.534000
v -2.558000 0.118000 1.534000
v -2.560000 0.120000 1.534000
v -2.558000 0.120000 1.532000
v -2.182000 2.217000 1.534000
v -2.180000 2.215000 1.534000
v -2.182000 2.215000 1.532000
v -2.558000 2.217000 1.534000
v -2.558000 2.215000 1.532000
v -2.560000 2.215000 1.534000
v -2.182000 2.235000 1.550000
v -2.180000 2.235000 1.548000
v -2.182000 2.235000 1.218000
v -2.180000 2.235000 1.220000
v -2.558000 2.235000 1.550000
v -2.560000 2.235000 1.548000
v -2.558000 2.235000 1.218000
v -2.560000 2.235000 1.220000
v -2.558586 2.253000 1.216586
v -2.560000 2.251000 1.220000
v -2.558000 2.253000 1.218000
v -2.560000 2.255000 1.220000
v -2.181414 2.253000 1.551414
v -2.180000 2.251000 1.548000
v -2.182000 2.253000 1.550000
v -2.180000 2.255000 1.548000
v -2.180000 2.515000 1.548000
v -2.180000 2.519000 1.548000
v -2.182000 2.517000 1.550000
v -2.180000 2.519000 1.552000
v -2.180000 2.519000 1.216000
v -2.180000 2.515000 1.216000
v -2.180000 2.517000 1.218000
v -2.180000 2.515000 1.220000
v -2.558586 2.517000 1.551414
v -2.560000 2.519000 1.548000
v -2.558000 2.517000 1.550000
v -2.560000 2.515000 1.548000
v -2.558000 2.533000 1.218000
v -2.560000 2.533000 1.220000
v -2.558000 2.535000 1.220000
v -2.182000 2.533000 1.218000
v -2.182000 2.535000 1.220000
v -2.180000 2.533000 1.220000
v -2.558000 2.533000 1.550000
v -2.558000 2.535000 1.548000
v -2.560000 2.533000 1.548000
v -2.182000 2.533000 1.550000
v -2.180000 2.533000 1.548000
v -2.182000 2.535000 1.548000
v -2.180000 2.255000 1.216000
v -2.180000 2.251000 1.216000
v -2.180000 2.253000 1.218000
v -2.180000 2.251000 1.220000
v -2.560000 2.515000 1.216000
v -2.560000 2.519000 1.216000
v -2.560000 2.517000 1.218000
v -2.560000 2.519000 1.220000
v -2.558000 2.253000 1.234000
v -2.558000 2.255000 1.236000
v -2.560000 2.255000 1.234000
v -2.182000 2.253000 1.234000
v -2.180000 2.255000 1.234000
v -2.182000 2.255000 1.236000
v -2.558000 2.517000 1.234000
v -2.560000 2.515000 1.234000
v -2.558000 2.515000 1.236000
v -2.182000 2.517000 1.234000
v -2.182000 2.515000 1.236000
v -2.180000 2.515000 1.234000
v -2.560000 2.255000 1.552000
v -2.560000 2.251000 1.552000
v -2.560000 2.253000 1.550000
v -2.560000 2.251000 1.548000
v -2.558000 2.253000 1.534000
v -2.560000 2.255000 1.534000
v -2.558000 2.255000 1.532000
v -2.182000 2.253000 1.534000
v -2.182000 2.255000 1.532000
v -2.180000 2.255000 1.534000
v -2.558000 2.517000 1.534000
v -2.558000 2.515000 1.532000
v -2.560000 2.515000 1.534000
v -2.182000 2.517000 1.534000
v -2.180000 2.515000 1.534000
v -2.182000 2.515000 1.532000
v -2.162000 2.535000 1.523000
v -2.160000 2.531000 1.525000
v -2.162000 2.533000 1.521000
v -2.162000 2.533000 1.220000
v -2.160000 2.533000 1.222000
v -2.160000 2.239000 1.523000
v -2.162000 2.237000 1.523000
v -2.160000 2.239000 1.222000
v -2.162000 2.237000 1.222000
v -2.162000 2.239000 1.220000
v -2.178000 2.239000 1.222000
v -2.176000 2.239000 1.220000
v -2.176000 2.237000 1.222000
v -2.176000 2.237000 1.523000
v -2.178000 2.239000 1.523000
v -2.178000 2.533000 1.222000
v -2.176000 2.533000 1.220000
v -2.176000 2.535000 1.523000
v -2.176000 2.533000 1.521000
v -2.178000 2.531000 1.525000
v -2.160000 2.231000 1.546000
v -2.162000 2.233000 1.546000
v -2.162000 2.231000 1.548000
v -2.160000 2.231000 1.222000
v -2.162000 2.231000 1.220000
v -2.162000 2.233000 1.222000
v -2.162000 0.880000 1.222000
v -2.162000 0.882000 1.220000
v -2.160000 0.882000 1.222000
v -2.162000 0.880000 1.546000
v -2.160000 0.882000 1.546000
v -2.162000 0.882000 1.548000
v -2.176000 0.880000 1.546000
v -2.176000 0.882000 1.548000
v -2.178000 0.882000 1.546000
v -2.176000 0.880000 1.222000
v -2.178000 0.882000 1.222000
v -2.176000 0.882000 1.220000
v -2.176000 2.233000 1.222000
v -2.176000 2.231000 1.220000
v -2.178000 2.231000 1.222000
v -2.176000 2.233000 1.546000
v -2.178000 2.231000 1.546000
v -2.176000 2.231000 1.548000
v -2.162000 0.874000 1.220000
v -2.162000 0.876000 1.222000
v -2.160000 0.874000 1.222000
v -2.162000 0.874000 1.548000
v -2.160000 0.874000 1.546000
v -2.162000 0.876000 1.546000
v -2.178000 0.874000 1.546000
v -2.176000 0.874000 1.548000
v -2.176000 0.876000 1.546000
v -2.178000 0.874000 1.222000
v -2.176000 0.876000 1.222000
v -2.176000 0.874000 1.220000
v -2.178000 0.104000 1.546000
v -2.176000 0.102000 1.546000
v -2.176000 0.104000 1.548000
v -2.178000 0.104000 1.222000
v -2.176000 0.104000 1.220000
v -2.176000 0.102000 1.222000
v -2.162000 0.104000 1.548000
v -2.162000 0.102000 1.546000
v -2.160000 0.104000 1.546000
v -2.162000 0.104000 1.220000
v -2.160000 0.104000 1.222000
v -2.162000 0.102000 1.222000
v -2.176000 2.237000 1.245000
v -2.178000 2.239000 1.245000
v -2.176000 2.533000 1.247000
v -2.176000 2.535000 1.245000
v -2.178000 2.531000 1.243000
v -2.162000 2.533000 1.247000
v -2.160000 2.531000 1.243000
v -2.162000 2.535000 1.245000
v -2.160000 2.239000 1.245000
v -2.162000 2.237000 1.245000
v -2.162000 2.708000 1.220000
v -2.162000 2.710000 1.222000
v -2.160000 2.708000 1.222000
v -2.176000 2.708000 1.220000
v -2.178000 2.708000 1.222000
v -2.176000 2.710000 1.222000
v -2.178000 2.708000 1.243000
v -2.176000 2.708000 1.245000
v -2.176000 2.710000 1.243000
v -2.160000 2.708000 1.243000
v -2.162000 2.710000 1.243000
v -2.162000 2.708000 1.245000
v -2.178000 2.239000 1.546000
v -2.176000 2.237000 1.546000
v -2.176000 2.239000 1.548000
v -2.176000 2.533000 1.548000
v -2.178000 2.533000 1.546000
v -2.160000 2.533000 1.546000
v -2.162000 2.533000 1.548000
v -2.162000 2.237000 1.546000
v -2.160000 2.239000 1.546000
v -2.162000 2.239000 1.548000
v -2.176000 2.708000 1.523000
v -2.178000 2.708000 1.525000
v -2.176000 2.710000 1.525000
v -2.162000 2.708000 1.523000
v -2.162000 2.710000 1.525000
v -2.160000 2.708000 1.525000
v -2.176000 2.708000 1.548000
v -2.176000 2.710000 1.546000
v -2.178000 2.708000 1.546000
v -2.162000 2.708000 1.548000
v -2.160000 2.708000 1.546000
v -2.162000 2.710000 1.546000
v -2.182000 0.420000 1.236000
v -2.180000 0.420000 1.238000
v -2.182000 0.418000 1.238000
v -2.558000 0.420000 1.236000
v -2.558000 0.418000 1.238000
v -2.560000 0.420000 1.238000
v -2.182000 0.420000 1.532000
v -2.182000 0.418000 1.530000
v -2.180000 0.420000 1.530000
v -2.558000 0.420000 1.532000
v -2.560000 0.420000 1.530000
v -2.558000 0.418000 1.530000
v -2.182000 0.434000 1.236000
v -2.182000 0.436000 1.238000
v -2.180000 0.434000 1.238000
v -2.558000 0.434000 1.236000
v -2.560000 0.434000 1.238000
v -2.558000 0.436000 1.238000
v -2.182000 0.434000 1.532000
v -2.180000 0.434000 1.530000
v -2.182000 0.436000 1.530000
v -2.558000 0.434000 1.532000
v -2.558000 0.436000 1.530000
v -2.560000 0.434000 1.530000
v -2.182000 0.720000 1.236000
v -2.180000 0.720000 1.238000
v -2.182000 0.718000 1.238000
v -2.558000 0.720000 1.236000
v -2.558000 0.718000 1.238000
v -2.560000 0.720000 1.238000
v -2.182000 0.720000 1.532000
v -2.182000 0.718000 1.530000
v -2.180000 0.720000 1.530000
v -2.558000 0.720000 1.532000
v -2.560000 0.720000 1.530000
v -2.558000 0.718000 1.530000
v -2.182000 0.734000 1.236000
v -2.182000 0.736000 1.238000
v -2.180000 0.734000 1.238000
v -2.558000 0.734000 1.236000
v -2.560000 0.734000 1.238000
v -2.558000 0.736000 1.238000
v -2.182000 0.734000 1.532000
v -2.180000 0.734000 1.530000
v -2.182000 0.736000 1.530000
v -2.558000 0.734000 1.532000
v -2.558000 0.736000 1.530000
v -2.560000 0.734000 1.530000
v -2.182000 1.020000 1.236000
v -2.180000 1.020000 1.238000
v -2.182000 1.018000 1.238000
v -2.558000 1.020000 1.236000
v -2.558000 1.018000 1.238000
v -2.560000 1.020000 1.238000
v -2.182000 1.020000 1.532000
v -2.182000 1.018000 1.530000
v -2.180000 1.020000 1.530000
v -2.558000 1.020000 1.532000
v -2.560000 1.020000 1.530000
v -2.558000 1.018000 1.530000
v -2.182000 1.034000 1.236000
v -2.182000 1.036000 1.238000
v -2.180000 1.034000 1.238000
v -2.558000 1.034000 1.236000
v -2.560000 1.034000 1.238000
v -2.558000 1.036000 1.238000
v -2.182000 1.034000 1.532000
v -2.180000 1.034000 1.530000
v -2.182000 1.036000 1.530000
v -2.558000 1.034000 1.532000
v -2.558000 1.036000 1.530000
v -2.560000 1.034000 1.530000
v -2.182000 1.320000 1.236000
v -2.180000 1.320000 1.238000
v -2.182000 1.318000 1.238000
v -2.558000 1.320000 1.236000
v -2.558000 1.318000 1.238000
v -2.560000 1.320000 1.238000
v -2.182000 1.320000 1.532000
v -2.182000 1.318000 1.530000
v -2.180000 1.320000 1.530000
v -2.558000 1.320000 1.532000
v -2.560000 1.320000 1.530000
v -2.558000 1.318000 1.530000
v -2.182000 1.334000 1.236000
v -2.182000 1.336000 1.238000
v -2.180000 1.334000 1.238000
v -2.558000 1.334000 1.236000
v -2.560000 1.334000 1.238000
v -2.558000 1.336000 1.238000
v -2.182000 1.334000 1.532000
v -2.180000 1.334000 1.530000
v -2.182000 1.336000 1.530000
v -2.558000 1.334000 1.532000
v -2.558000 1.336000 1.530000
v -2.560000 1.334000 1.530000
v -2.182000 1.620000 1.236000
v -2.180000 1.620000 1.238000
v -2.182000 1.618000 1.238000
v -2.558000 1.620000 1.236000
v -2.558000 1.618000 1.238000
v -2.560000 1.620000 1.238000
v -2.182000 1.620000 1.532000
v -2.182000 1.618000 1.530000
v -2.180000 1.620000 1.530000
v -2.558000 1.620000 1.532000
v -2.560000 1.620000 1.530000
v -2.558000 1.618000 1.530000
v -2.182000 1.634000 1.236000
v -2.182000 1.636000 1.238000
v -2.180000 1.634000 1.238000
v -2.558000 1.634000 1.236000
v -2.560000 1.634000 1.238000
v -2.558000 1.636000 1.238000
v -2.182000 1.634000 1.532000
v -2.180000 1.634000 1.530000
v -2.182000 1.636000 1.530000
v -2.558000 1.634000 1.532000
v -2.558000 1.636000 1.530000
v -2.560000 1.634000 1.530000
v -2.182000 1.920000 1.236000
v -2.180000 1.920000 1.238000
v -2.182000 1.918000 1.238000
v -2.558000 1.920000 1.236000
v -2.558000 1.918000 1.238000
v -2.560000 1.920000 1.238000
v -2.182000 1.920000 1.532000
v -2.182000 1.918000 1.530000
v -2.180000 1.920000 1.530000
v -2.558000 1.920000 1.532000
v -2.560000 1.920000 1.530000
v -2.558000 1.918000 1.530000
v -2.182000 1.934000 1.236000
v -2.182000 1.936000 1.238000
v -2.180000 1.934000 1.238000
v -2.558000 1.934000 1.236000
v -2.560000 1.934000 1.238000
v -2.558000 1.936000 1.238000
v -2.182000 1.934000 1.532000
v -2.180000 1.934000 1.530000
v -2.182000 1.936000 1.530000
v -2.558000 1.934000 1.532000
v -2.558000 1.936000 1.530000
v -2.560000 1.934000 1.530000
vn 0.5774 -0.5774 -0.5773
vn 0.5774 -0.5774 0.5772
vn -0.5773 -0.5773 -0.5774
vn -0.5773 -0.5774 0.5774
vn -0.5615 -0.7941 0.2324
vn -0.0000 0.7070 -0.7072
vn -1.0000 -0.0000 -0.0000
vn -0.5616 0.7941 -0.2324
vn -0.5616 0.7941 -0.2326
vn -0.0000 1.0000 -0.0000
vn -0.0000 0.7071 -0.7071
vn 0.5772 0.5774 0.5774
vn -0.5772 0.5774 0.5775
vn 0.5773 0.5774 -0.5774
vn -0.5772 0.5774 -0.5775
vn -0.5616 -0.7940 0.2326
vn 0.5617 -0.7940 -0.2326
vn 0.0001 0.7071 -0.7071
vn 1.0000 -0.0000 -0.0000
vn -0.5614 0.7942 -0.2326
vn -0.5773 0.5773 -0.5774
vn 0.5774 0.5774 -0.5774
vn -0.5773 0.5774 0.5774
vn 0.5773 0.5774 0.5773
vn 0.5773 -0.5774 0.5773
vn -0.5774 0.5773 0.5774
vn 0.5774 0.5774 0.5773
vn 0.5774 -0.5774 -0.5774
vn -0.5774 0.5773 -0.5774
vn 0.5774 0.5773 -0.5773
vn 0.9046 0.3015 -0.3015
vn 0.5772 -0.5774 -0.5774
vn -0.5772 -0.5774 -0.5775
vn -0.9045 0.3015 -0.3016
vn 0.5774 0.5774 0.5774
vn 0.5773 0.5774 -0.5773
vn 0.5773 -0.5774 -0.5773
vn 0.5773 -0.5774 0.5774
vn -0.5773 -0.5773 0.5775
vn -0.5773 -0.5774 -0.5774
vn -0.5773 0.5774 -0.5774
vn -0.5773 0.5773 0.5774
vn 0.5773 0.5774 0.5774
vn -0.5773 0.5773 0.5775
vn -0.5773 -0.5773 0.5774
vn 0.5774 -0.5774 0.5773
vn 0.5774 -0.5774 -0.5772
vn -0.9045 0.3015 0.3016
vn 0.9046 0.3015 0.3014
vn 0.5774 0.5774 -0.5773
vn 0.5774 0.5773 0.5773
vn -0.5772 -0.5774 0.5775
vn 0.5773 -0.5774 -0.5774
vn -0.5773 -0.5773 -0.5775
vn 0.5774 -0.5774 0.5774
vn 0.5774 -0.5773 -0.5773
vn -0.5774 -0.5773 -0.5774
vn 0.5774 -0.5773 0.5773
vn -0.5774 -0.5773 0.5774
vn 0.7071 -0.7071 -0.0000
vn -0.7071 -0.7071 -0.0000
vn -0.0000 -0.7071 -0.7071
vn -0.0000 -0.7071 0.7071
vn -0.7071 -0.0000 -0.7071
vn -0.9239 -0.0000 0.3827
vn -0.0000 0.7071 0.7071
vn -0.7071 -0.0000 0.7071
vn 0.7070 -0.0000 0.7072
vn -0.7071 0.7071 -0.0000
vn 0.9939 -0.0000 0.1105
vn -0.7070 -0.0000 -0.7072
vn 0.7071 -0.0000 -0.7071
vn -0.7072 -0.0000 -0.7070
vn -0.7070 0.7072 -0.0000
vn 0.7072 0.7071 -0.0000
vn 0.9847 0.1231 -0.1230
vn 0.7071 -0.0000 0.7071
vn -0.0000 0.7070 0.7072
vn -0.7070 -0.0000 0.7072
vn -0.7072 0.7070 -0.0000
vn 0.9939 -0.0000 0.1104
vn -0.9939 -0.0000 -0.1104
vn 0.7072 0.7070 -0.0000
vn 0.7071 0.7071 -0.0000
vn 0.7070 -0.0000 -0.7072
vn -0.7072 -0.0000 0.7070
vn -0.7072 -0.7071 -0.0000
vn 0.7070 -0.7072 -0.0000
vn -0.7072 -0.0000 0.7071
vn 0.7071 -0.0000 -0.7072
vn 0.7072 -0.0000 -0.7071
vn 0.7072 -0.0000 0.7071
vn -0.0000 -0.7072 0.7071
vn -0.7071 -0.7072 -0.0000
vn 0.7071 0.7072 -0.0000
vn 0.7028 -0.7114 0.0086
vn 0.9847 -0.1231 -0.1231
vn 0.9847 -0.1231 0.1232
vn -0.9065 -0.0700 0.4164
vn -1.0000 -0.0007 -0.0009
vn 1.0000 -0.0000 -0.0001
vn -1.0000 -0.0060 0.0060
vn -0.9879 0.1098 -0.1098
vn 0.9879 0.1098 -0.1099
vn -0.7071 0.7072 -0.0000
vn 1.0000 0.0060 0.0060
vn -0.9879 -0.1098 0.1098
vn -0.9847 0.1231 -0.1230
vn -0.9245 -0.0029 -0.3813
vn 0.9847 0.1231 0.1231
vn -1.0000 0.0053 0.0052
vn 0.9239 -0.0000 0.3827
vn -0.0000 -1.0000 -0.0000
vn 0.0053 -0.0000 -1.0000
vn -0.0053 -0.0000 1.0000
vn -0.0299 0.7067 -0.7068
vn 0.9686 -0.1757 -0.1757
vn 0.0294 -0.7214 -0.6919
vn -0.0053 0.0009 1.0000
vn -0.0330 0.6899 0.7231
vn 0.0299 -0.7067 -0.7069
vn -0.0053 -0.0006 -1.0000
vn -0.0000 -0.0000 1.0000
vn -0.0000 -0.0000 -1.0000
vn 0.0053 0.0006 1.0000
vn -0.0053 0.0006 -1.0000
vn -0.0299 0.7067 -0.7069
vn 0.0299 0.7068 0.7068
vn -0.0053 -0.0077 1.0000
vn -0.0294 0.6919 0.7214
vn -0.0053 -0.0007 -1.0000
vn -0.5615 0.7941 0.2324
vn -0.5616 -0.7941 -0.2324
vn -0.5616 -0.7941 -0.2326
vn 0.7072 -0.0000 0.7070
vn -0.5615 0.7941 0.2326
vn 0.5616 0.7941 -0.2326
vn -0.9065 -0.0700 -0.4164
vn -0.9939 -0.0000 0.1104
vn 0.9899 -0.0000 -0.1415
vn -0.9087 -0.0620 -0.4128
vn 0.9087 -0.0620 0.4128
vn -0.7072 0.7071 -0.0000
vn 0.7070 0.7072 -0.0000
vn -0.9065 0.0700 0.4164
vn 0.7043 0.0880 -0.7045
vn -0.0000 -0.7070 0.7072
vn -0.0000 0.7071 0.7072
vn 0.7071 -0.0000 0.7072
vn -0.7071 -0.0000 0.7072
vn -0.7071 -0.0000 -0.7072
vn -0.7070 -0.7072 -0.0000
vn 0.7072 -0.7071 -0.0000
vn -0.0000 0.7072 0.7071
vn 0.7071 -0.7072 -0.0000
vn 1.0000 -0.0010 0.0009
vn -0.9239 -0.0004 -0.3825
vn -0.9087 0.0620 0.4128
vn 0.7049 0.0783 -0.7050
vn 0.9847 0.1230 0.1231
vn -1.0000 0.0060 -0.0060
vn 0.9879 -0.1098 -0.1098
vn -1.0000 -0.0053 -0.0052
vn -0.9244 0.0029 0.3813
vn 1.0000 -0.0053 0.0054
vn -0.0000 0.1414 -0.9899
vn -0.0000 0.1414 0.9900
vn -0.0000 -0.7071 0.7072
vn -0.0000 -0.9939 0.1104
vn -0.0000 -0.0010 -1.0000
vn -0.0053 0.0010 -1.0000
vn -0.0000 -0.9899 0.1414
vn -0.0000 -0.0010 1.0000
vn -0.7656 0.1371 0.6285
vn -0.0000 -0.1240 0.9923
vn -0.0000 -0.7070 -0.7072
vn 0.0053 -1.0000 0.0061
vn -0.0000 0.9939 0.1104
vn -0.0000 -0.1240 -0.9923
vn -0.0000 0.1240 0.9923
vn -0.0001 -1.0000 -0.0000
vn 0.0001 -1.0000 -0.0000
vn -0.0000 0.1240 -0.9923
vn -0.0000 0.0076 -1.0000
vn -0.7097 -0.0054 -0.7044
vn -0.0000 -0.9939 -0.1104
vn -0.7016 -0.0108 0.7125
vn 0.0052 0.0076 1.0000
vn -0.0000 -0.1414 0.9900
vn -0.0000 -0.1414 -0.9899
vt 0.632084 0.664001
vt 0.630084 0.664001
vt 0.630084 0.666001
vt 0.335982 -1.047331
vt 0.334001 -1.047331
vt 0.336001 -1.049331
vt 0.252085 -1.047331
vt 0.254085 -1.047331
vt 0.254085 -1.049331
vt 0.252084 0.336001
vt 0.254085 0.336001
vt 0.254085 0.334001
vt 0.666001 -1.031331
vt 0.664001 -1.029331
vt 0.632084 -1.031331
vt 0.630084 -1.031331
vt 0.632084 -1.029330
vt 0.632084 -1.029331
vt 0.632084 -1.031331
vt 0.632084 -1.033329
vt 0.334001 -1.031331
vt 0.334001 -1.031330
vt 0.336001 -1.033329
vt 0.253499 0.334001
vt 0.254085 0.334001
vt 0.252084 1.065670
vt 0.252084 1.067670
vt 0.252084 1.069669
vt 0.336001 1.067670
vt 0.334001 1.067670
vt 0.332001 1.069670
vt 0.632084 1.067671
vt 0.632084 1.067670
vt 0.632084 1.065670
vt 0.630084 0.650001
vt 0.632084 0.650001
vt 0.630084 0.648001
vt 0.254085 -1.031331
vt 0.254085 -1.029331
vt 0.252084 -1.029331
vt 0.630084 1.067670
vt 0.630084 1.065670
vt 0.632084 1.065670
vt 0.650001 1.067670
vt 0.650001 1.065670
vt 0.648001 1.065670
vt 0.630084 -1.029331
vt 0.632084 -1.029331
vt 0.350001 -1.031331
vt 0.350001 -1.029331
vt 0.352001 -1.029331
vt 0.350001 1.067670
vt 0.350001 1.065671
vt 0.352001 1.065670
vt 0.254085 1.067670
vt 0.254085 1.065670
vt 0.253499 0.666001
vt 0.254085 0.666001
vt 0.252084 0.664001
vt 0.630670 0.334001
vt 0.630084 0.334001
vt 0.632084 0.336001
vt 0.336001 1.365681
vt 0.334001 1.367670
vt 0.332383 1.369289
vt 0.632084 1.367680
vt 0.632084 1.367670
vt 0.632084 1.365669
vt 0.254085 0.334001
vt 0.252084 0.336001
vt 0.666001 1.383669
vt 0.664001 1.383669
vt 0.664001 1.385669
vt 0.630084 0.666001
vt 0.630084 0.664001
vt 0.632084 0.664001
vt 0.254085 0.334001
vt 0.254085 0.336001
vt 0.252084 0.336001
vt 0.334001 1.383669
vt 0.336001 1.383669
vt 0.336001 1.385669
vt 0.632084 1.105670
vt 0.632084 1.103669
vt 0.632084 1.101671
vt 0.252084 1.365669
vt 0.252084 1.367669
vt 0.252084 1.369668
vt 0.254085 1.103669
vt 0.254085 1.105670
vt 0.252084 1.105670
vt 0.630084 0.650001
vt 0.650001 1.367670
vt 0.650001 1.365669
vt 0.648001 1.365669
vt 0.630084 1.367670
vt 0.630084 1.365669
vt 0.632084 1.365669
vt 0.252084 1.105669
vt 0.252084 1.103669
vt 0.252085 1.101671
vt 0.350001 1.103669
vt 0.350001 1.105669
vt 0.352001 1.105669
vt 0.630084 1.103669
vt 0.630084 1.105670
vt 0.632084 1.105669
vt 0.254085 1.367670
vt 0.254085 1.365669
vt 0.252084 1.365669
vt 0.350001 1.367670
vt 0.350001 1.365685
vt 0.352001 1.365669
vt 0.361001 1.385669
vt 0.359001 1.381669
vt 0.362984 1.383669
vt 0.662001 1.089670
vt 0.662001 1.087669
vt 0.664001 1.089670
vt 0.664001 1.089670
vt 0.636085 0.361001
vt 0.636085 0.363001
vt 0.634084 0.361001
vt 0.338001 1.081669
vt 0.338001 1.083669
vt 0.336001 1.081669
vt 0.662001 1.081669
vt 0.664001 1.081669
vt 0.662001 1.083669
vt 0.650084 0.662001
vt 0.650084 0.664001
vt 0.652084 0.662001
vt 0.338001 -0.269331
vt 0.338001 -0.267331
vt 0.336001 -0.267331
vt 0.636084 -0.269331
vt 0.636085 -0.267331
vt 0.634084 -0.267331
vt 0.662001 -0.269331
vt 0.662001 -0.267331
vt 0.664001 -0.267331
vt 0.636085 0.662001
vt 0.636085 0.664001
vt 0.634084 0.662001
vt 0.336001 1.081669
vt 0.650084 0.662001
vt 0.652084 0.662001
vt 0.336001 -0.275331
vt 0.338001 -0.275331
vt 0.338001 -0.273331
vt 0.634084 -0.275331
vt 0.636085 -0.275331
vt 0.636085 -0.273331
vt 0.634084 0.662001
vt 0.636084 0.662001
vt 0.636084 0.664001
vt 0.634084 0.338001
vt 0.636084 0.338001
vt 0.636085 0.336001
vt 0.634084 -1.045331
vt 0.636085 -1.045331
vt 0.636085 -1.047331
vt 0.650084 0.336001
vt 0.650084 0.338001
vt 0.652084 0.338001
vt 0.664001 -1.045331
vt 0.662001 -1.045331
vt 0.662001 -1.047331
vt 0.636085 0.637001
vt 0.636085 0.639001
vt 0.634084 0.639001
vt 0.637001 1.383669
vt 0.641001 1.381669
vt 0.639001 1.385643
vt 0.650084 0.664001
vt 0.650084 0.662001
vt 0.652084 0.662001
vt 0.664001 1.558669
vt 0.662001 1.558669
vt 0.662001 1.560669
vt 0.641001 1.558669
vt 0.639001 1.558669
vt 0.641001 1.560669
vt 0.652084 0.641001
vt 0.650084 0.641001
vt 0.650084 0.639001
vt 0.338001 1.089670
vt 0.338001 1.087669
vt 0.336001 1.089670
vt 0.338001 1.087670
vt 0.338001 1.089670
vt 0.336001 1.089670
vt 0.361001 1.558669
vt 0.359001 1.558669
vt 0.359001 1.560669
vt 0.650084 0.361001
vt 0.650084 0.359001
vt 0.652084 0.359001
vt 0.636085 1.558669
vt 0.636085 1.560670
vt 0.634084 1.558669
vt 0.336001 1.558669
vt 0.338001 1.558669
vt 0.338001 1.560669
vt 0.630084 -0.729331
vt 0.632084 -0.729331
vt 0.630084 -0.731331
vt 0.254085 0.648001
vt 0.254085 0.646001
vt 0.252084 0.646001
vt 0.630084 0.352001
vt 0.630084 0.354001
vt 0.632084 0.354001
vt 0.352001 -0.729331
vt 0.354001 -0.729331
vt 0.354001 -0.731331
vt 0.630084 0.646001
vt 0.632084 0.646001
vt 0.254085 -0.715331
vt 0.252084 -0.715331
vt 0.254085 -0.713331
vt 0.630084 -0.715331
vt 0.632084 -0.715331
vt 0.630084 -0.713331
vt 0.254085 0.352001
vt 0.254085 0.354001
vt 0.252084 0.354001
vt 0.630084 -0.429331
vt 0.632084 -0.429331
vt 0.630084 -0.431331
vt 0.254085 0.648001
vt 0.254085 0.646001
vt 0.252084 0.646001
vt 0.630084 0.354001
vt 0.632084 0.354001
vt 0.352001 -0.429331
vt 0.354001 -0.429331
vt 0.354001 -0.431331
vt 0.630084 0.648001
vt 0.630084 0.646001
vt 0.254085 -0.415330
vt 0.252084 -0.415331
vt 0.254085 -0.413331
vt 0.630084 -0.415330
vt 0.632084 -0.415331
vt 0.630084 -0.413331
vt 0.254085 0.352001
vt 0.254085 0.354001
vt 0.252084 0.354001
vt 0.630084 -0.129331
vt 0.632084 -0.129331
vt 0.630084 -0.131330
vt 0.254085 0.648001
vt 0.252084 0.646001
vt 0.630084 0.352001
vt 0.632084 0.354001
vt 0.352001 -0.129331
vt 0.354001 -0.129331
vt 0.354001 -0.131330
vt 0.632084 0.646001
vt 0.254085 -0.115331
vt 0.252085 -0.115331
vt 0.254085 -0.113331
vt 0.630084 -0.115331
vt 0.632084 -0.115331
vt 0.630084 -0.113331
vt 0.630084 0.170669
vt 0.632084 0.170669
vt 0.630084 0.168669
vt 0.352001 0.170669
vt 0.354001 0.170669
vt 0.354001 0.168669
vt 0.632084 0.646001
vt 0.254085 0.184669
vt 0.252084 0.184669
vt 0.254085 0.186669
vt 0.630084 0.184669
vt 0.632084 0.184669
vt 0.630084 0.186669
vt 0.630084 0.470669
vt 0.632084 0.470669
vt 0.630084 0.468669
vt 0.630084 0.354001
vt 0.632084 0.354001
vt 0.352001 0.470669
vt 0.354001 0.470669
vt 0.354001 0.468669
vt 0.254085 0.484669
vt 0.252084 0.484669
vt 0.254085 0.486669
vt 0.630084 0.484669
vt 0.632084 0.484669
vt 0.630084 0.486669
vt 0.254085 0.354001
vt 0.630084 0.770669
vt 0.632084 0.770669
vt 0.630084 0.768669
vt 0.630084 0.352001
vt 0.352001 0.770669
vt 0.354001 0.770669
vt 0.354001 0.768669
vt 0.254085 0.784669
vt 0.252084 0.784669
vt 0.254085 0.786669
vt 0.630084 0.784669
vt 0.632084 0.784669
vt 0.630084 0.786669
vt 0.630084 0.336001
vt 0.252084 0.664001
vt 0.254085 0.664001
vt 0.630084 0.334001
vt 0.252084 -1.033331
vt 0.336001 -1.029331
vt 0.334001 1.067670
vt 0.336001 1.065670
vt 0.000000 0.000000
vt 0.254085 1.067670
vt 0.252084 1.065670
vt 0.632084 -1.029331
vt 0.667011 1.066659
vt 0.254085 -1.031331
vt 0.630084 1.067670
vt 0.350001 1.065670
vt 0.336001 -1.029331
vt 0.350001 -1.031331
vt 0.350001 -1.029331
vt 0.664001 1.101669
vt 0.666001 1.085670
vt 0.664001 1.085670
vt 0.336001 1.101669
vt 0.334001 1.085670
vt 0.336001 1.085670
vt 0.254085 0.666001
vt 0.254085 0.664001
vt 0.336001 1.369670
vt 0.336001 1.383669
vt 0.630096 1.383669
vt 0.336001 1.369670
vt 0.630084 1.103669
vt 0.254085 1.367670
vt 0.254085 1.365669
vt 0.630084 1.105670
vt 0.632084 1.105669
vt 0.667071 1.366599
vt 0.254085 1.103669
vt 0.254085 1.105670
vt 0.630084 1.367670
vt 0.252084 1.105669
vt 0.630084 1.365670
vt 0.662001 1.383669
vt 0.650084 1.383669
vt 0.652084 1.089670
vt 0.650084 1.089670
vt 0.636085 1.087670
vt 0.636085 1.089670
vt 0.338001 -0.269331
vt 0.338001 -0.267331
vt 0.662001 1.083669
vt 0.662001 1.081669
vt 0.336001 -0.267331
vt 0.650084 -0.269331
vt 0.652084 1.081669
vt 0.650084 -0.267331
vt 0.652084 -0.267331
vt 0.636085 0.662001
vt 0.650084 1.081669
vt 0.636085 1.083669
vt 0.636085 1.081669
vt 0.662001 -0.267331
vt 0.664001 -0.267331
vt 0.650084 0.662001
vt 0.662001 -0.269331
vt 0.636085 0.338001
vt 0.650084 0.336001
vt 0.652084 0.338001
vt 0.650084 0.662001
vt 0.336001 -1.045331
vt 0.664001 -0.275331
vt 0.634084 -1.045331
vt 0.634084 -0.275331
vt 0.639001 1.087670
vt 0.639001 1.089670
vt 0.650084 0.637001
vt 0.636085 0.662001
vt 0.634084 0.641001
vt 0.634085 0.662001
vt 0.636085 0.641001
vt 0.664001 1.383669
vt 0.652084 1.383669
vt 0.650084 1.558669
vt 0.652084 1.558669
vt 0.639001 1.385669
vt 0.641001 1.381669
vt 0.641001 1.558669
vt 0.361001 1.087670
vt 0.639001 1.089670
vt 0.363001 1.383669
vt 0.637001 1.383669
vt 0.361001 1.089670
vt 0.336001 1.383669
vt 0.338001 1.383669
vt 0.361001 1.089670
vt 0.636085 0.359001
vt 0.650084 1.558669
vt 0.359001 1.558669
vt 0.359001 1.560669
vt 0.338001 1.558669
vt 0.336001 1.383669
vt 0.338001 1.383669
vt 0.336001 1.558669
vt 0.359001 1.381669
vt 0.630084 0.646001
vt 0.254085 0.352001
vt 0.254085 0.354001
vt 0.254085 0.648001
vt 0.254085 0.646001
vt 0.252084 0.646001
vt 0.630084 -0.715331
vt 0.254085 -0.729331
vt 0.352001 -0.715331
vt 0.354001 -0.715331
vt 0.630084 -0.729331
vt 0.630084 0.646001
vt 0.254085 0.354001
vt 0.630084 0.354001
vt 0.254085 0.646001
vt 0.630084 -0.415331
vt 0.254085 -0.429331
vt 0.352001 -0.415331
vt 0.354001 -0.415330
vt 0.630084 0.646001
vt 0.630084 -0.115331
vt 0.254085 -0.129331
vt 0.352001 -0.115331
vt 0.354001 -0.115331
vt 0.254085 0.354001
vt 0.630084 0.354001
vt 0.630084 0.184669
vt 0.254085 0.170669
vt 0.352001 0.184669
vt 0.354001 0.184669
vt 0.630084 0.170669
vt 0.254085 0.354001
vt 0.630084 0.484669
vt 0.254085 0.470669
vt 0.352001 0.484669
vt 0.354001 0.484669
vt 0.630084 0.354001
vt 0.630084 0.784669
vt 0.254085 0.770669
vt 0.352001 0.784669
vt 0.354001 0.784669
vt 0.664001 -1.033086
vt 0.332001 -1.029331
vt 0.334001 -1.031331
vt 0.666001 -1.047331
vt 0.334947 -1.032385
vt 0.252096 -1.031331
vt 0.252084 1.067670
vt 0.252084 0.666001
vt 0.664001 1.069670
vt 0.336001 1.069670
vt 0.336001 1.085670
vt 0.630090 1.085670
vt 0.632084 1.067670
vt 0.336001 1.069670
vt 0.650001 -1.031331
vt 0.632084 0.664001
vt 0.630084 0.650001
vt 0.252085 0.664001
vt 0.632084 0.666001
vt 0.336001 1.101669
vt 0.334001 1.103669
vt 0.632084 1.085670
vt 0.252084 0.666001
vt 0.664001 1.369670
vt 0.666001 1.367670
vt 0.666001 1.103669
vt 0.664001 1.105669
vt 0.632084 1.103669
vt 0.650001 1.103669
vt 0.650001 1.367670
vt 0.664001 1.365669
vt 0.252084 1.367670
vt 0.334001 1.103670
vt 0.336001 1.105670
vt 0.350001 1.105670
vt 0.254085 0.350001
vt 0.254085 -1.031331
vt 0.630084 -1.047331
vt 0.252084 -1.033331
vt 0.336001 -1.047330
vt 0.664001 -1.033331
vt 0.664001 -1.047331
vt 0.632084 0.668001
vt 0.254085 0.650001
vt 0.252084 -1.029331
vt 0.667997 1.069666
vt 0.254085 0.350001
vt 0.630084 1.067670
vt 0.664001 1.065670
vt 0.650001 -1.029331
vt 0.668001 -1.033331
vt 0.630084 0.350001
vt 0.630084 1.085670
vt 0.252084 1.069670
vt 0.632084 0.666001
vt 0.632084 0.668001
vt 0.252084 0.668001
vt 0.668001 1.065670
vt 0.632084 1.101669
vt 0.254085 1.085670
vt 0.254085 0.666001
vt 0.664001 1.101669
vt 0.252084 1.101669
vt 0.667681 1.369351
vt 0.252084 0.334001
vt 0.252084 0.332001
vt 0.630084 0.350001
vt 0.252084 1.365669
vt 0.668001 1.365670
vt 0.630084 1.383669
vt 0.252084 1.369670
vt 0.650001 1.105670
vt 0.668001 1.101669
vt 0.336001 1.365669
vt 0.332001 1.101669
vt 0.636085 1.385669
vt 0.650084 1.558669
vt 0.650084 1.385670
vt 0.650084 0.363001
vt 0.636085 1.383669
vt 0.650084 0.361001
vt 0.636085 0.338001
vt 0.636085 0.361001
vt 0.636085 0.639001
vt 0.650084 -0.267331
vt 0.636085 -0.267331
vt 0.650084 0.338001
vt 0.650084 -0.275331
vt 0.636085 -0.275331
vt 0.662001 -0.275331
vt 0.650084 -1.045331
vt 0.662001 -0.275331
vt 0.338001 -1.045331
vt 0.338001 -0.275331
vt 0.650084 1.385669
vt 0.636085 1.385670
vt 0.650084 1.089670
vt 0.646001 -0.715331
vt 0.354001 -0.729331
vt 0.646001 -0.729331
vt 0.254085 -0.729331
vt 0.646001 -0.415330
vt 0.354001 -0.429331
vt 0.646001 -0.429331
vt 0.646001 -0.429331
vt 0.254085 -0.429331
vt 0.646001 -0.115331
vt 0.354001 -0.129331
vt 0.646001 -0.129331
vt 0.646001 -0.129331
vt 0.646001 0.184669
vt 0.354001 0.170669
vt 0.646001 0.170669
vt 0.254085 0.170669
vt 0.646001 0.484669
vt 0.354001 0.470669
vt 0.646001 0.470669
vt 0.254085 0.470669
vt 0.646001 0.784669
vt 0.354001 0.770669
vt 0.646001 0.770669
vt 0.254085 0.770669
vt 0.252084 0.336001
vt 0.632084 0.336001
vt 0.252084 -1.029331
vt 0.334001 1.367670
vt 0.632084 1.383669
vt 0.632084 1.365669
vt 0.650084 1.087670
vt 0.664001 1.081669
vt 0.650084 1.083669
vt 0.338001 -1.045331
vt 0.636085 -1.045331
vt 0.639001 1.558669
vt 0.650084 1.560669
vt 0.361001 1.558669
vt 0.632084 -0.715331
vt 0.252084 -0.729331
vt 0.632084 -0.729331
vt 0.252084 -0.429331
vt 0.632084 -0.115331
vt 0.252084 -0.129331
vt 0.632084 -0.129331
vt 0.632084 0.184669
vt 0.252084 0.170669
vt 0.632084 0.170669
vt 0.632084 0.484669
vt 0.252084 0.470669
vt 0.632084 0.470669
vt 0.632084 0.784669
vt 0.252084 0.770669
vt 0.632084 0.770669
vt 0.664001 -1.047330
vt 0.632084 1.069670
vt 0.650001 1.105670
vt 0.650001 1.365669
vt 0.252084 0.350001
vt 0.630084 -1.047331
vt 0.650001 1.065670
vt 0.254085 0.650001
vt 0.630084 0.666001
vt 0.632084 1.369670
vt 0.254085 1.383669
vt 0.254085 1.383669
vt 0.350001 1.365669
vt 0.662001 1.558669
vt 0.650084 -1.045331
vt 0.662001 -1.045331
vt 0.354001 -0.715331
vt 0.354001 -0.415331
vt 0.646001 -0.415331
vt 0.254085 -0.415331
vt 0.354001 -0.115331
vt 0.646001 -0.115331
vt 0.354001 0.184669
vt 0.646001 0.184669
vt 0.254085 0.184669
vt 0.354001 0.484669
vt 0.646001 0.484669
vt 0.254085 0.484669
vt 0.354001 0.784669
vt 0.646001 0.784669
vt 0.254085 0.784669
s 0
usemtl U702-ST9
f 2002/2842/544 2003/2843/544 2004/2844/544
f 2005/2845/545 2006/2846/545 2007/2847/545
f 2008/2848/546 2009/2849/546 2010/2850/546
f 2011/2851/547 2012/2852/547 2013/2853/547
f 2014/2854/548 2016/2854/548 2017/2855/548
f 2018/2856/549 2020/2857/549 2021/2858/549
f 2022/2859/550 2024/2860/550 2025/2861/550
f 2026/2862/551 2028/2863/551 2029/2864/551
f 2030/2865/552 2032/2866/552 2033/2851/552
f 2034/2867/553 2036/2868/553 2037/2869/553
f 2038/2870/554 2040/2871/554 2041/2872/554
f 2042/2873/553 2044/2874/553 2045/2875/553
f 2046/2876/545 2047/2877/545 2048/2878/545
f 2049/2879/547 2050/2880/547 2051/2881/547
f 2052/2882/555 2053/2883/555 2054/2884/555
f 2055/2885/556 2056/2886/556 2057/2887/556
f 2058/2857/544 2059/2888/544 2060/2889/544
f 2061/2890/546 2062/2891/546 2063/2892/546
f 2064/2893/557 2065/2894/557 2066/2895/557
f 2067/2896/558 2068/2897/558 2069/2867/558
f 2078/2898/559 2080/2899/559 2081/2900/559
f 2082/2901/560 2084/2902/560 2085/2903/560
f 2086/2904/561 2088/2905/561 2089/2906/561
f 2090/2907/562 2092/2908/562 2093/2909/562
f 2094/2865/563 2096/2910/563 2097/2911/563
f 2098/2912/564 2099/2913/564 2100/2914/564
f 2101/2915/565 2102/2916/565 2103/2917/565
f 2104/2918/566 2105/2919/566 2106/2920/566
f 2107/2921/567 2108/2922/567 2109/2923/567
f 2110/2924/550 2112/2925/550 2113/2926/550
f 2114/2927/562 2116/2928/562 2117/2929/562
f 2118/2930/547 2119/2931/547 2120/2932/547
f 2121/2933/568 2122/2877/568 2123/2878/568
f 2124/2934/569 2125/2935/569 2126/2936/569
f 2127/2937/570 2128/2938/570 2129/2939/570
f 2130/2940/562 2132/2941/562 2133/2942/562
f 2134/2943/546 2135/2944/546 2136/2945/546
f 2137/2946/571 2138/2947/571 2139/2948/571
f 2140/2949/572 2141/2950/572 2142/2951/572
f 2143/2952/573 2144/2953/573 2145/2954/573
f 2258/3046/544 2259/3047/544 2260/3048/544
f 2261/3049/546 2262/3050/546 2263/3051/546
f 2264/3052/589 2265/3053/589 2266/3054/589
f 2267/3055/588 2268/3056/588 2269/3057/588
f 2270/2878/593 2271/3058/593 2272/3059/593
f 2273/3060/564 2274/3061/564 2275/3062/564
f 2276/3063/570 2277/3064/570 2278/3065/570
f 2279/3066/585 2280/3067/585 2281/3068/585
f 2282/3069/596 2283/3070/596 2284/3071/596
f 2285/3072/597 2286/3073/597 2287/3074/597
f 2288/3052/581 2289/3075/581 2290/3076/581
f 2291/3077/582 2292/3078/582 2293/3079/582
f 2294/3080/565 2295/3081/565 2296/3059/565
f 2297/3082/564 2298/3083/564 2299/3084/564
f 2300/3085/578 2301/3086/578 2302/3087/578
f 2303/3088/585 2304/3089/585 2305/3090/585
f 2306/3091/571 2307/3092/571 2308/3093/571
f 2309/3094/546 2310/3050/546 2311/3095/546
f 2312/3096/598 2313/3075/598 2314/3097/598
f 2315/3098/588 2316/3099/588 2317/3100/588
f 2318/2878/573 2319/3081/573 2320/3101/573
f 2321/3102/572 2322/3103/572 2323/3104/572
f 2324/3105/594 2325/3106/594 2326/3107/594
f 2327/3066/569 2328/3089/569 2329/3068/569
f 2330/3108/571 2331/3109/571 2332/3110/571
f 2333/3094/546 2334/3050/546 2335/3095/546
f 2336/3096/598 2337/3075/598 2338/3097/598
f 2339/3111/588 2340/3112/588 2341/3113/588
f 2342/3080/565 2343/3081/565 2344/3114/565
f 2345/3115/564 2346/3116/564 2347/3117/564
f 2348/3118/578 2349/3119/578 2350/3120/578
f 2351/3088/585 2352/3089/585 2353/3068/585
f 2354/3121/571 2355/3122/571 2356/3123/571
f 2357/3094/546 2358/3050/546 2359/3095/546
f 2360/3096/598 2361/3124/598 2362/3125/598
f 2363/3126/588 2364/3127/588 2365/3128/588
f 2366/3080/565 2367/3081/565 2368/3059/565
f 2369/3129/564 2370/3130/564 2371/3131/564
f 2372/3132/578 2373/3133/578 2374/3134/578
f 2375/3088/585 2376/3135/585 2377/3068/585
f 2378/3136/599 2379/3137/599 2380/3138/599
f 2381/3049/600 2382/3050/600 2383/3095/600
f 2384/3139/601 2385/3075/601 2386/3097/601
f 2387/3140/602 2388/3141/602 2389/3142/602
f 2390/3080/565 2391/3081/565 2392/3059/565
f 2393/3143/564 2394/3144/564 2395/3145/564
f 2396/3146/578 2397/3147/578 2398/3148/578
f 2399/3088/585 2400/3135/585 2401/3068/585
f 2003/2843/603 2005/2903/603 2007/3149/603
f 2008/3150/604 2012/2852/604 2011/2851/604
f 2010/3151/605 2004/2844/605 2003/2843/605
f 2013/2853/606 2007/3149/606 2006/3152/606
f 2015/3153/607 2009/2849/607 2008/2848/607
f 2027/3154/608 2030/3155/608 2033/3156/608
f 2039/3157/562 2043/3157/562 2042/3157/562
f 2050/2880/606 2046/2857/606 2048/2888/606
f 2055/3158/609 2053/2883/609 2052/2882/609
f 2051/2881/610 2057/2897/610 2056/3159/610
f 2054/2884/611 2048/2888/611 2047/3160/611
f 2055/2885/612 2034/3161/612 2056/2886/612
f 2022/3157/613 2046/3157/613 2023/3157/613
f 2061/3162/605 2059/2888/605 2058/2857/605
f 2068/2897/554 2064/3163/554 2066/2883/554
f 2063/2880/614 2069/2867/614 2068/2897/614
f 2066/2883/615 2060/2889/615 2059/2888/615
f 2027/3154/604 2061/2890/604 2028/2863/604
f 2033/3156/612 2067/2893/612 2069/3164/612
f 2019/3165/603 2058/3166/603 2060/3167/603
f 2079/3168/616 2076/3169/616 2077/3170/616
f 2083/3171/611 2070/3172/611 2071/3173/611
f 2087/3157/562 2091/3157/562 2090/3157/562
f 2102/2916/554 2098/3174/554 2100/3175/554
f 2107/3152/609 2105/2919/609 2104/2918/609
f 2106/2920/617 2100/3175/617 2099/2900/617
f 2109/3149/618 2103/2917/618 2102/2916/618
f 2095/3176/610 2104/2921/610 2106/3177/610
f 2101/3178/619 2092/2908/619 2091/2908/619
f 2087/3179/620 2107/2921/620 2088/2905/620
f 2121/3180/606 2119/2931/606 2118/2930/606
f 2128/2938/621 2124/3181/621 2126/3182/621
f 2126/3182/622 2120/2932/622 2119/2931/622
f 2129/2939/611 2123/3183/611 2122/3184/611
f 2124/2934/623 2114/3185/623 2125/2935/623
f 2110/3157/624 2121/3157/624 2111/3157/624
f 2138/2947/605 2134/3186/605 2136/3187/605
f 2143/3188/554 2141/2950/554 2140/2949/554
f 2142/2951/616 2136/3187/616 2135/3189/616
f 2145/3190/615 2139/2948/615 2138/2947/615
f 2130/3157/625 2134/3157/625 2131/3157/625
f 2262/3050/605 2258/2878/605 2260/3253/605
f 2267/3254/606 2265/3053/606 2264/3052/606
f 2266/3054/603 2260/3253/603 2259/3101/603
f 2269/3255/604 2263/3051/604 2262/3050/604
f 2273/3256/554 2271/3058/554 2270/2878/554
f 2280/3067/621 2276/3139/621 2278/3075/621
f 2278/3075/627 2272/3059/627 2271/3058/627
f 2281/3068/612 2275/3257/612 2274/3258/612
f 2270/3259/634 2259/3047/634 2258/3046/634
f 2261/3260/614 2274/3061/614 2273/3060/614
f 2268/3056/610 2279/3261/610 2281/3262/610
f 2264/3263/635 2277/3064/635 2276/3063/635
f 2286/3073/605 2282/2878/605 2284/3264/605
f 2291/3254/636 2289/3075/636 2288/3052/636
f 2290/3076/603 2284/3264/603 2283/3101/603
f 2293/3265/604 2287/3074/604 2286/3073/604
f 2297/3256/554 2295/3081/554 2294/3080/554
f 2304/3089/621 2300/3139/621 2302/3266/621
f 2302/3266/627 2296/3059/627 2295/3081/627
f 2305/3090/612 2299/3267/612 2298/3258/612
f 2294/3268/615 2283/3070/615 2282/3069/615
f 2285/3269/614 2298/3083/614 2297/3082/614
f 2292/3078/610 2303/3270/610 2305/3271/610
f 2288/3069/620 2301/3086/620 2300/3085/620
f 2310/3050/605 2306/2878/605 2308/3272/605
f 2315/3254/636 2313/3075/636 2312/3096/636
f 2314/3097/603 2308/3272/603 2307/3101/603
f 2317/3135/637 2311/3095/637 2310/3050/637
f 2321/3256/554 2319/3081/554 2318/2878/554
f 2328/3089/621 2324/3139/621 2326/3124/621
f 2326/3124/638 2320/3101/638 2319/3081/638
f 2329/3068/612 2323/3073/612 2322/3258/612
f 2318/3273/634 2307/3092/634 2306/3091/634
f 2309/3274/614 2322/3103/614 2321/3102/614
f 2316/3099/610 2327/3275/610 2329/3276/610
f 2312/3091/635 2325/3106/635 2324/3105/635
f 2334/3050/605 2330/2878/605 2332/3272/605
f 2339/3254/636 2337/3075/636 2336/3096/636
f 2338/3097/603 2332/3272/603 2331/3101/603
f 2341/3277/604 2335/3095/604 2334/3050/604
f 2345/3256/554 2343/3081/554 2342/3080/554
f 2352/3089/621 2348/3139/621 2350/3278/621
f 2350/3278/638 2344/3114/638 2343/3081/638
f 2353/3068/612 2347/3073/612 2346/3258/612
f 2342/3279/634 2331/3109/634 2330/3108/634
f 2333/3280/614 2346/3116/614 2345/3115/614
f 2340/3112/610 2351/3281/610 2353/3282/610
f 2336/3283/635 2349/3119/635 2348/3118/635
f 2358/3050/605 2354/2878/605 2356/3253/605
f 2363/3254/636 2361/3124/636 2360/3096/636
f 2362/3125/603 2356/3253/603 2355/3101/603
f 2365/3284/637 2359/3095/637 2358/3050/637
f 2369/3256/554 2367/3081/554 2366/3080/554
f 2376/3135/621 2372/3139/621 2374/3075/621
f 2374/3075/627 2368/3059/627 2367/3081/627
f 2377/3068/612 2371/3073/612 2370/3258/612
f 2366/3285/634 2355/3122/634 2354/3121/634
f 2357/3286/614 2370/3130/614 2369/3129/614
f 2364/3127/610 2375/3287/610 2377/3288/610
f 2360/3121/635 2373/3133/635 2372/3132/635
f 2382/3050/605 2378/2878/605 2380/3272/605
f 2387/3254/636 2385/3075/636 2384/3139/636
f 2386/3097/603 2380/3272/603 2379/3101/603
f 2389/3277/604 2383/3095/604 2382/3050/604
f 2393/3256/554 2391/3081/554 2390/3080/554
f 2400/3135/621 2396/3139/621 2398/3289/621
f 2398/3289/627 2392/3059/627 2391/3081/627
f 2401/3068/612 2395/3073/612 2394/3258/612
f 2390/3290/634 2379/3137/634 2378/3136/634
f 2381/3291/614 2394/3144/614 2393/3143/614
f 2388/3141/610 2399/3292/610 2401/3293/610
f 2384/3136/635 2397/3147/635 2396/3146/635
f 2025/3294/639 2021/3295/639 2020/3296/639
f 2016/2854/612 2029/2864/612 2028/2863/612
f 2025/3294/640 2004/3297/640 2022/2854/640
f 2006/2846/641 2018/3298/641 2021/3295/641
f 2029/2864/642 2013/2846/642 2026/2862/642
f 2038/2884/611 2020/2857/611 2019/3160/611
f 2014/3299/643 2036/2868/643 2035/3300/643
f 2042/2873/644 2024/2860/644 2023/2860/644
f 2032/2866/645 2037/3150/645 2036/3301/645
f 2037/3302/646 2076/3169/646 2034/3161/646
f 2031/3303/629 2074/3172/629 2075/3304/629
f 2072/3305/647 2044/2874/647 2043/3306/647
f 2039/3307/620 2070/3172/620 2040/2871/620
f 2049/3308/604 2017/2855/604 2016/2854/604
f 2045/3309/627 2052/3310/627 2054/2877/627
f 2040/2871/603 2064/2893/603 2041/2872/603
f 2133/2851/648 2080/2899/648 2079/3311/648
f 2084/2902/649 2113/2917/649 2112/3312/649
f 2133/3313/650 2074/3172/650 2130/3314/650
f 2072/3305/628 2113/2926/628 2073/3315/628
f 2096/2910/645 2117/3150/645 2116/3316/645
f 2117/3317/651 2098/2912/651 2114/3185/651
f 2116/3318/652 2078/3319/652 2081/3320/652
f 2090/2907/562 2112/2925/562 2111/3321/562
f 2118/3322/604 2081/3320/604 2080/3319/604
f 2127/3323/653 2093/3324/653 2092/3318/653
f 2094/3325/654 2132/2941/654 2131/2941/654
f 2086/2904/655 2082/3326/655 2085/3327/655
f 2088/2905/603 2143/2952/603 2089/2906/603
f 2085/3327/603 2137/2943/603 2139/3328/603
f 2140/3329/617 2097/2911/617 2096/2910/617
f 2005/2845/562 2025/3294/562 2021/3295/562
f 2010/3151/656 2007/3149/656 2012/2852/656
f 2009/2849/657 2016/3330/657 2025/2861/657
f 2006/3331/658 2020/2857/658 2029/3332/658
f 2011/3333/550 2015/3334/550 2008/3335/550
f 2020/3152/553 2016/2899/553 2028/2866/553
f 2024/3312/659 2023/3336/659 2049/3337/659
f 2017/3338/660 2044/2874/660 2045/2875/660
f 2017/2855/550 2056/2886/550 2035/3339/550
f 2061/3340/661 2019/2903/661 2020/3152/661
f 2019/3165/562 2065/2894/562 2041/2872/562
f 2028/2879/662 2040/3341/662 2033/3159/662
f 2045/3342/562 2047/3343/562 2023/3344/562
f 2069/3164/550 2027/3154/550 2033/3156/550
f 2064/3345/553 2032/2866/553 2040/3152/553
f 2070/3346/663 2031/3347/663 2032/3158/663
f 2044/3348/550 2043/3349/550 2039/2903/550
f 2075/3304/550 2037/3302/550 2031/3303/550
f 2036/3301/664 2035/3350/664 2052/3310/664
f 2037/2869/665 2072/3305/665 2044/2874/665
f 2073/3170/562 2039/3307/562 2043/3351/562
f 2048/2888/666 2057/2897/666 2050/2880/666
f 2068/2897/667 2059/2888/667 2063/2880/667
f 2083/3352/668 2132/2941/668 2074/3353/668
f 2070/3152/656 2075/2851/656 2076/3354/656
f 2113/3355/562 2071/3173/562 2073/3170/562
f 2079/3356/669 2112/2925/669 2072/3305/669
f 2133/3313/550 2077/3170/550 2075/3304/550
f 2112/3312/670 2111/3336/670 2118/3337/670
f 2080/2899/553 2084/2902/553 2112/3312/553
f 2080/3186/657 2116/2928/657 2093/2909/657
f 2081/3320/550 2125/2935/550 2115/3357/550
f 2132/3358/671 2131/3359/671 2137/3360/671
f 2085/3184/672 2088/3188/672 2097/3361/672
f 2085/3327/562 2144/2953/562 2089/2906/562
f 2143/3345/553 2096/2910/553 2088/3152/553
f 2092/3348/550 2091/3349/550 2087/2903/550
f 2103/2913/562 2087/3179/562 2091/3362/562
f 2107/3363/673 2095/3364/673 2096/3181/673
f 2116/3316/664 2115/3350/664 2127/3310/664
f 2117/2929/674 2101/3178/674 2092/2908/674
f 2093/3324/562 2122/3365/562 2111/3366/562
f 2106/3177/550 2117/3317/550 2095/3176/550
f 2097/3367/550 2135/2944/550 2131/3368/550
f 2100/3175/553 2109/3149/553 2102/2916/553
f 2128/2938/666 2119/2931/666 2123/3183/666
f 2136/3187/667 2145/3190/667 2138/2947/667
f 2273/3060/667 2258/3046/667 2261/3260/667
f 2260/3253/656 2269/3255/656 2262/3050/656
f 2272/3391/562 2266/3392/562 2259/3393/562
f 2281/3262/550 2263/3393/550 2268/3056/550
f 2276/3063/666 2267/3394/666 2264/3263/666
f 2280/3067/553 2271/3058/553 2275/3257/553
f 2297/3082/667 2282/3069/667 2285/3269/667
f 2284/3264/656 2293/3265/656 2286/3073/656
f 2296/3395/562 2290/3396/562 2283/3397/562
f 2305/3271/550 2287/3398/550 2292/3078/550
f 2300/3085/666 2291/3399/666 2288/3069/666
f 2304/3089/553 2295/3081/553 2299/3267/553
f 2321/3102/667 2306/3091/667 2309/3274/667
f 2308/3272/656 2317/3135/656 2310/3050/656
f 2320/3400/562 2314/3401/562 2307/3402/562
f 2329/3276/550 2311/3403/550 2316/3099/550
f 2324/3105/666 2315/3274/666 2312/3091/666
f 2328/3089/553 2319/3081/553 2323/3073/553
f 2345/3115/667 2330/3108/667 2333/3280/667
f 2332/3272/656 2341/3277/656 2334/3050/656
f 2344/3404/562 2338/3405/562 2331/3406/562
f 2353/3282/550 2335/3406/550 2340/3112/550
f 2348/3118/666 2339/3407/666 2336/3283/666
f 2352/3089/553 2343/3081/553 2347/3073/553
f 2369/3129/667 2354/3121/667 2357/3286/667
f 2356/3253/656 2365/3284/656 2358/3050/656
f 2368/3408/562 2362/3409/562 2355/3410/562
f 2377/3288/550 2359/3410/550 2364/3127/550
f 2372/3132/666 2363/3411/666 2360/3121/666
f 2376/3135/553 2367/3081/553 2371/3073/553
f 2393/3143/667 2378/3136/667 2381/3291/667
f 2380/3272/656 2389/3277/656 2382/3050/656
f 2392/3412/562 2386/3413/562 2379/3414/562
f 2401/3293/550 2383/3414/550 2388/3141/550
f 2396/3146/666 2387/3415/666 2384/3136/666
f 2400/3135/553 2391/3081/553 2395/3073/553
f 2014/2854/675 2015/3334/675 2016/2854/675
f 2018/2856/611 2019/3160/611 2020/2857/611
f 2022/2859/550 2023/2860/550 2024/2860/550
f 2026/2862/676 2027/3154/676 2028/2863/676
f 2030/2865/677 2031/3416/677 2032/2866/677
f 2034/2867/562 2035/3300/562 2036/2868/562
f 2038/2870/678 2039/3307/678 2040/2871/678
f 2042/2873/550 2043/3306/550 2044/2874/550
f 2078/2898/679 2079/3311/679 2080/2899/679
f 2082/2901/680 2083/3417/680 2084/2902/680
f 2086/2904/620 2087/3179/620 2088/2905/620
f 2090/2907/550 2091/2908/550 2092/2908/550
f 2094/2865/677 2095/2851/677 2096/2910/677
f 2110/2924/550 2111/3321/550 2112/2925/550
f 2114/2927/562 2115/3325/562 2116/2928/562
f 2130/2940/562 2131/2941/562 2132/2941/562
f 2003/2843/603 2002/2842/603 2005/2903/603
f 2008/3150/604 2010/3151/604 2012/2852/604
f 2010/3151/605 2009/3354/605 2004/2844/605
f 2013/2853/606 2012/2852/606 2007/3149/606
f 2015/3153/681 2014/3299/681 2009/2849/681
f 2027/3154/608 2026/2862/608 2030/3155/608
f 2039/3157/562 2038/3157/562 2043/3157/562
f 2050/2880/606 2049/2879/606 2046/2857/606
f 2055/3158/621 2057/2897/621 2053/2883/621
f 2051/2881/622 2050/2880/622 2057/2897/622
f 2054/2884/620 2053/2883/620 2048/2888/620
f 2055/2885/682 2035/3339/682 2034/3161/682
f 2022/3157/603 2047/3157/603 2046/3157/603
f 2061/3162/605 2063/2880/605 2059/2888/605
f 2068/2897/554 2067/2896/554 2064/3163/554
f 2063/2880/607 2062/3418/607 2069/2867/607
f 2066/2883/628 2065/2875/628 2060/2889/628
f 2027/3154/604 2062/2891/604 2061/2890/604
f 2033/3156/623 2032/2871/623 2067/2893/623
f 2019/3165/683 2018/3298/683 2058/3166/683
f 2079/3168/684 2078/3319/684 2076/3169/684
f 2083/3171/685 2082/3326/685 2070/3172/685
f 2087/3157/562 2086/3157/562 2091/3157/562
f 2102/2916/554 2101/2915/554 2098/3174/554
f 2107/3152/609 2109/3149/609 2105/2919/609
f 2106/2920/686 2105/2919/686 2100/3175/686
f 2109/3149/687 2108/2903/687 2103/2917/687
f 2095/3176/688 2094/3419/688 2104/2921/688
f 2101/3178/689 2103/3420/689 2092/2908/689
f 2087/3179/611 2108/2922/611 2107/2921/611
f 2121/3180/690 2123/3183/690 2119/2931/690
f 2128/2938/609 2127/2937/609 2124/3181/609
f 2126/3182/629 2125/2951/629 2120/2932/629
f 2129/2939/620 2128/2938/620 2123/3183/620
f 2124/2934/682 2115/3357/682 2114/3185/682
f 2110/3157/603 2122/3157/603 2121/3157/603
f 2138/2947/605 2137/2946/605 2134/3186/605
f 2143/3188/554 2145/3190/554 2141/2950/554
f 2142/2951/614 2141/2950/614 2136/3187/614
f 2145/3190/628 2144/3421/628 2139/2948/628
f 2130/3157/604 2135/3157/604 2134/3157/604
f 2262/3050/605 2261/3049/605 2258/2878/605
f 2267/3254/690 2269/3255/690 2265/3053/690
f 2266/3054/603 2265/3053/603 2260/3253/603
f 2269/3255/604 2268/3068/604 2263/3051/604
f 2273/3256/554 2275/3257/554 2271/3058/554
f 2280/3067/609 2279/3066/609 2276/3139/609
f 2278/3075/627 2277/3097/627 2272/3059/627
f 2281/3068/612 2280/3067/612 2275/3257/612
f 2270/3259/628 2272/3430/628 2259/3047/628
f 2261/3260/607 2263/3431/607 2274/3061/607
f 2268/3056/622 2267/3055/622 2279/3261/622
f 2264/3263/611 2266/3432/611 2277/3064/611
f 2286/3073/605 2285/3072/605 2282/2878/605
f 2291/3254/690 2293/3265/690 2289/3075/690
f 2290/3076/603 2289/3075/603 2284/3264/603
f 2293/3265/604 2292/3068/604 2287/3074/604
f 2297/3256/554 2299/3267/554 2295/3081/554
f 2304/3089/697 2303/3088/697 2300/3139/697
f 2302/3266/627 2301/3097/627 2296/3059/627
f 2305/3090/612 2304/3089/612 2299/3267/612
f 2294/3268/615 2296/3086/615 2283/3070/615
f 2285/3269/607 2287/3433/607 2298/3083/607
f 2292/3078/622 2291/3077/622 2303/3270/622
f 2288/3069/620 2290/3070/620 2301/3086/620
f 2310/3050/605 2309/3094/605 2306/2878/605
f 2315/3254/690 2317/3135/690 2313/3075/690
f 2314/3097/698 2313/3075/698 2308/3272/698
f 2317/3135/604 2316/3068/604 2311/3095/604
f 2321/3256/554 2323/3073/554 2319/3081/554
f 2328/3089/697 2327/3066/697 2324/3139/697
f 2326/3124/627 2325/3097/627 2320/3101/627
f 2329/3068/648 2328/3089/648 2323/3073/648
f 2318/3273/628 2320/3434/628 2307/3092/628
f 2309/3274/607 2311/3435/607 2322/3103/607
f 2316/3099/622 2315/3098/622 2327/3275/622
f 2312/3091/611 2314/3436/611 2325/3106/611
f 2334/3050/605 2333/3094/605 2330/2878/605
f 2339/3254/690 2341/3277/690 2337/3075/690
f 2338/3097/603 2337/3075/603 2332/3272/603
f 2341/3277/604 2340/3068/604 2335/3095/604
f 2345/3256/554 2347/3073/554 2343/3081/554
f 2352/3089/697 2351/3088/697 2348/3139/697
f 2350/3278/627 2349/3097/627 2344/3114/627
f 2353/3068/648 2352/3089/648 2347/3073/648
f 2342/3279/628 2344/3437/628 2331/3109/628
f 2333/3280/607 2335/3438/607 2346/3116/607
f 2340/3112/622 2339/3111/622 2351/3281/622
f 2336/3283/611 2338/3439/611 2349/3119/611
f 2358/3050/605 2357/3094/605 2354/2878/605
f 2363/3254/690 2365/3284/690 2361/3124/690
f 2362/3125/698 2361/3124/698 2356/3253/698
f 2365/3284/604 2364/3068/604 2359/3095/604
f 2369/3256/554 2371/3073/554 2367/3081/554
f 2376/3135/697 2375/3088/697 2372/3139/697
f 2374/3075/627 2373/3097/627 2368/3059/627
f 2377/3068/612 2376/3135/612 2371/3073/612
f 2366/3285/628 2368/3440/628 2355/3122/628
f 2357/3286/607 2359/3441/607 2370/3130/607
f 2364/3127/622 2363/3126/622 2375/3287/622
f 2360/3121/611 2362/3442/611 2373/3133/611
f 2382/3050/605 2381/3049/605 2378/2878/605
f 2387/3254/690 2389/3277/690 2385/3075/690
f 2386/3097/603 2385/3075/603 2380/3272/603
f 2389/3277/604 2388/3068/604 2383/3095/604
f 2393/3256/554 2395/3073/554 2391/3081/554
f 2400/3135/697 2399/3088/697 2396/3139/697
f 2398/3289/627 2397/3097/627 2392/3059/627
f 2401/3068/612 2400/3135/612 2395/3073/612
f 2390/3290/628 2392/3443/628 2379/3137/628
f 2381/3291/607 2383/3444/607 2394/3144/607
f 2388/3141/622 2387/3140/622 2399/3292/622
f 2384/3136/611 2386/3445/611 2397/3147/611
f 2025/3294/562 2024/2854/562 2021/3295/562
f 2016/2854/612 2015/3334/612 2029/2864/612
f 2025/3294/615 2002/3446/615 2004/3297/615
f 2006/2846/620 2005/2845/620 2018/3298/620
f 2029/2864/610 2011/3333/610 2013/2846/610
f 2038/2884/699 2041/3447/699 2020/2857/699
f 2014/3299/700 2017/3338/700 2036/2868/700
f 2042/2873/562 2045/2875/562 2024/2860/562
f 2032/2866/604 2031/3416/604 2037/3150/604
f 2037/3302/616 2077/3170/616 2076/3169/616
f 2031/3303/701 2030/3155/701 2074/3172/701
f 2072/3305/702 2073/3315/702 2044/2874/702
f 2039/3307/611 2071/3173/611 2070/3172/611
f 2049/3308/604 2051/3343/604 2017/2855/604
f 2045/3309/703 2044/3348/703 2052/3310/703
f 2040/2871/626 2065/2894/626 2064/2893/626
f 2133/2851/704 2132/3358/704 2080/2899/704
f 2084/2902/687 2083/3417/687 2113/2917/687
f 2133/3313/629 2075/3304/629 2074/3172/629
f 2072/3305/705 2110/2924/705 2113/2926/705
f 2096/2910/630 2095/2851/630 2117/3150/630
f 2117/3317/607 2099/2913/607 2098/2912/607
f 2116/3318/706 2115/3357/706 2078/3319/706
f 2090/2907/562 2093/2909/562 2112/2925/562
f 2118/3322/604 2120/3448/604 2081/3320/604
f 2127/3323/626 2129/3449/626 2093/3324/626
f 2094/3325/707 2097/3361/707 2132/2941/707
f 2086/2904/708 2089/2906/708 2082/3326/708
f 2088/2905/687 2144/2953/687 2143/2952/687
f 2085/3327/603 2084/3314/603 2137/2943/603
f 2140/3329/623 2142/3450/623 2097/2911/623
f 2005/2845/562 2002/3446/562 2025/3294/562
f 2010/3151/656 2003/2843/656 2007/3149/656
f 2025/2861/709 2004/3451/709 2009/2849/709
f 2009/2849/614 2015/3153/614 2016/3330/614
f 2016/3330/605 2024/2860/605 2025/2861/605
f 2029/3332/710 2013/2849/710 2006/3331/710
f 2006/3331/610 2021/2858/610 2020/2857/610
f 2020/2857/711 2028/2879/711 2029/3332/711
f 2011/3333/550 2029/2864/550 2015/3334/550
f 2020/3152/553 2024/3312/553 2016/2899/553
f 2049/3337/656 2016/2899/656 2024/3312/656
f 2023/3336/712 2046/2876/712 2049/3337/712
f 2024/2860/554 2016/3330/554 2017/3338/554
f 2017/3338/713 2036/2868/713 2044/2874/713
f 2045/2875/714 2024/2860/714 2017/3338/714
f 2017/2855/550 2051/3343/550 2056/2886/550
f 2020/3152/656 2028/2866/656 2061/3340/656
f 2061/3340/715 2058/3360/715 2019/2903/715
f 2019/3165/562 2060/3167/562 2065/2894/562
f 2033/3159/622 2027/2881/622 2028/2879/622
f 2028/2879/716 2020/2857/716 2041/3447/716
f 2040/3341/690 2032/3158/690 2033/3159/690
f 2028/2879/717 2041/3447/717 2040/3341/717
f 2045/3342/562 2054/3452/562 2047/3343/562
f 2069/3164/550 2062/2891/550 2027/3154/550
f 2064/3345/553 2067/3329/553 2032/2866/553
f 2032/3158/666 2040/3341/666 2070/3346/666
f 2070/3346/718 2074/3353/718 2031/3347/718
f 2039/2903/719 2040/3152/719 2032/2866/719
f 2032/2866/656 2036/3301/656 2044/3348/656
f 2039/2903/720 2032/2866/720 2044/3348/720
f 2075/3304/550 2077/3170/550 2037/3302/550
f 2052/3310/553 2044/3348/553 2036/3301/553
f 2035/3350/721 2055/3453/721 2052/3310/721
f 2044/2874/554 2036/2868/554 2037/2869/554
f 2037/2869/722 2076/3353/722 2072/3305/722
f 2073/3170/562 2071/3173/562 2039/3307/562
f 2048/2888/666 2053/2883/666 2057/2897/666
f 2068/2897/667 2066/2883/667 2059/2888/667
f 2074/3353/723 2070/3346/723 2083/3352/723
f 2083/3352/690 2084/3180/690 2132/2941/690
f 2132/2941/650 2133/2942/650 2074/3353/650
f 2076/3354/656 2072/3454/656 2073/3309/656
f 2073/3309/724 2071/2903/724 2070/3152/724
f 2070/3152/656 2074/2853/656 2075/2851/656
f 2075/2851/725 2077/3150/725 2076/3354/725
f 2076/3354/656 2073/3309/656 2070/3152/656
f 2113/3355/562 2083/3171/562 2071/3173/562
f 2072/3305/726 2076/3353/726 2079/3356/726
f 2079/3356/605 2080/3186/605 2112/2925/605
f 2112/2925/705 2113/2926/705 2072/3305/705
f 2133/3313/550 2079/3168/550 2077/3170/550
f 2118/3337/656 2080/2899/656 2112/3312/656
f 2111/3336/712 2121/2933/712 2118/3337/712
f 2080/2899/553 2132/3358/553 2084/2902/553
f 2093/2909/727 2112/2925/727 2080/3186/727
f 2080/3186/728 2081/3189/728 2116/2928/728
f 2116/2928/605 2092/2908/605 2093/2909/605
f 2081/3320/550 2120/3448/550 2125/2935/550
f 2131/3359/729 2134/3340/729 2137/3360/729
f 2137/3360/656 2084/2902/656 2132/3358/656
f 2132/2941/691 2084/3180/691 2085/3184/691
f 2085/3184/730 2089/3455/730 2088/3188/730
f 2088/3188/690 2096/3181/690 2097/3361/690
f 2097/3361/731 2132/2941/731 2085/3184/731
f 2085/3327/562 2139/3328/562 2144/2953/562
f 2143/3345/553 2140/3329/553 2096/2910/553
f 2087/2903/719 2088/3152/719 2096/2910/719
f 2096/2910/656 2116/3316/656 2092/3348/656
f 2087/2903/720 2096/2910/720 2092/3348/720
f 2103/2913/562 2108/2922/562 2087/3179/562
f 2096/3181/666 2088/3188/666 2107/3363/666
f 2107/3363/732 2104/3456/732 2095/3364/732
f 2127/3310/553 2092/3348/553 2116/3316/553
f 2115/3350/721 2124/3453/721 2127/3310/721
f 2092/2908/554 2116/2928/554 2117/2929/554
f 2117/2929/733 2098/3457/733 2101/3178/733
f 2093/3324/562 2129/3449/562 2122/3365/562
f 2106/3177/550 2099/2913/550 2117/3317/550
f 2097/3367/550 2142/3458/550 2135/2944/550
f 2100/3175/553 2105/2919/553 2109/3149/553
f 2128/2938/666 2126/3182/666 2119/2931/666
f 2136/3187/667 2141/2950/667 2145/3190/667
f 2273/3060/667 2270/3259/667 2258/3046/667
f 2260/3253/656 2265/3053/656 2269/3255/656
f 2272/3391/562 2277/3462/562 2266/3392/562
f 2281/3262/550 2274/3391/550 2263/3393/550
f 2276/3063/666 2279/3060/666 2267/3394/666
f 2280/3067/553 2278/3075/553 2271/3058/553
f 2297/3082/667 2294/3268/667 2282/3069/667
f 2284/3264/656 2289/3075/656 2293/3265/656
f 2296/3395/562 2301/3463/562 2290/3396/562
f 2305/3271/550 2298/3464/550 2287/3398/550
f 2300/3085/666 2303/3465/666 2291/3399/666
f 2304/3089/553 2302/3266/553 2295/3081/553
f 2321/3102/667 2318/3273/667 2306/3091/667
f 2308/3272/656 2313/3075/656 2317/3135/656
f 2320/3400/562 2325/3466/562 2314/3401/562
f 2329/3276/550 2322/3467/550 2311/3403/550
f 2324/3105/666 2327/3102/666 2315/3274/666
f 2328/3089/553 2326/3124/553 2319/3081/553
f 2345/3115/667 2342/3279/667 2330/3108/667
f 2332/3272/656 2337/3075/656 2341/3277/656
f 2344/3404/562 2349/3468/562 2338/3405/562
f 2353/3282/550 2346/3469/550 2335/3406/550
f 2348/3118/666 2351/3470/666 2339/3407/666
f 2352/3089/553 2350/3278/553 2343/3081/553
f 2369/3129/667 2366/3285/667 2354/3121/667
f 2356/3253/656 2361/3124/656 2365/3284/656
f 2368/3408/562 2373/3471/562 2362/3409/562
f 2377/3288/550 2370/3472/550 2359/3410/550
f 2372/3132/666 2375/3473/666 2363/3411/666
f 2376/3135/553 2374/3075/553 2367/3081/553
f 2393/3143/667 2390/3290/667 2378/3136/667
f 2380/3272/656 2385/3075/656 2389/3277/656
f 2392/3412/562 2397/3474/562 2386/3413/562
f 2401/3293/550 2394/3475/550 2383/3414/550
f 2396/3146/666 2399/3476/666 2387/3415/666
f 2400/3135/553 2398/3289/553 2391/3081/553
usemtl U702-PM
f 2146/2955/574 2147/2956/574 2148/2957/574
f 2153/2958/575 2154/2959/575 2155/2960/575
f 2156/2958/576 2157/2961/576 2158/2959/576
f 2163/2962/577 2164/2963/577 2165/2964/577
f 2166/2965/578 2167/2966/578 2168/2967/578
f 2169/2968/579 2170/2969/579 2171/2970/579
f 2172/2971/580 2173/2972/580 2174/2973/580
f 2175/2974/581 2176/2975/581 2177/2976/581
f 2178/2977/582 2179/2978/582 2180/2979/582
f 2181/2980/583 2182/2981/583 2183/2982/583
f 2184/2983/584 2185/2984/584 2186/2985/584
f 2187/2966/585 2188/2965/585 2189/2986/585
f 2190/2972/579 2191/2987/579 2192/2988/579
f 2193/2989/586 2194/2990/586 2195/2991/586
f 2196/2992/587 2197/2993/587 2198/2994/587
f 2199/2995/584 2200/2996/584 2201/2997/584
f 2202/2998/588 2203/2999/588 2204/3000/588
f 2205/3001/583 2206/3002/583 2207/3003/583
f 2208/3004/589 2209/3005/589 2210/3006/589
f 2211/3007/590 2212/3008/590 2213/3009/590
f 2216/3010/591 2217/3011/591 2218/3012/591
f 2219/3013/592 2220/3014/592 2221/3015/592
f 2224/3016/593 2225/3017/593 2226/3018/593
f 2227/3019/572 2228/3020/572 2229/3021/572
f 2230/3022/569 2231/3023/569 2232/3024/569
f 2233/3025/594 2234/3026/594 2235/3027/594
f 2236/3028/595 2237/3029/595 2238/3030/595
f 2243/3031/581 2244/3032/581 2245/3033/581
f 2246/3034/572 2247/3035/572 2248/3036/572
f 2249/3037/593 2250/3038/593 2251/3039/593
f 2252/3040/569 2253/3041/569 2254/3042/569
f 2255/3043/594 2256/3044/594 2257/3045/594
f 2161/3191/607 2157/2961/607 2156/2958/607
f 2149/3192/615 2153/3193/615 2155/3194/615
f 2146/3037/554 2164/2963/554 2163/2962/554
f 2155/3194/605 2158/3195/605 2157/3196/605
f 2182/2981/604 2178/3197/604 2180/3198/604
f 2188/2965/617 2184/3199/617 2186/3200/617
f 2189/2986/622 2180/3198/622 2179/3201/622
f 2186/3200/616 2183/2982/616 2182/2981/616
f 2175/3202/606 2179/2978/606 2178/2977/606
f 2166/3203/611 2177/3204/611 2176/3205/611
f 2173/2972/605 2181/3206/605 2183/2984/605
f 2168/3207/609 2187/3208/609 2189/3209/609
f 2170/2969/615 2174/3210/615 2173/3211/615
f 2185/2984/554 2171/3212/554 2170/3016/554
f 2167/2966/626 2169/2968/626 2171/2970/626
f 2172/3213/603 2176/2975/603 2175/2974/603
f 2200/2996/612 2196/2998/612 2198/3214/612
f 2193/3215/609 2198/3214/609 2197/3000/609
f 2191/2987/554 2201/2997/554 2200/2996/554
f 2192/2988/627 2195/3005/627 2194/3216/627
f 2205/2995/604 2203/2999/604 2202/2998/604
f 2209/3005/606 2204/3000/606 2203/2999/606
f 2211/3016/605 2207/2996/605 2206/2984/605
f 2213/3217/603 2210/3006/603 2209/3005/603
f 2208/3218/620 2194/2990/620 2193/2989/620
f 2190/3219/615 2212/3008/615 2211/3007/615
f 2202/3220/610 2197/2993/610 2196/2992/610
f 2199/3221/607 2206/3002/607 2205/3001/607
f 2214/3222/604 2156/2958/604 2158/2959/604
f 2222/3223/603 2154/2959/603 2153/2958/603
f 2217/3011/609 2219/3224/609 2221/3027/609
f 2225/3017/554 2227/2984/554 2229/3225/554
f 2230/3226/612 2229/3225/612 2228/3227/612
f 2234/3026/627 2226/3018/627 2225/3017/627
f 2232/3228/621 2235/3027/621 2234/3026/621
f 2228/3020/616 2162/3229/616 2161/3191/616
f 2150/3230/628 2224/3231/628 2226/3232/628
f 2217/3233/629 2230/3022/629 2218/3234/629
f 2233/3235/611 2221/3015/611 2220/3014/611
f 2159/3236/630 2215/3237/630 2214/3222/630
f 2218/3234/612 2164/3238/612 2216/3239/612
f 2148/2957/627 2220/3014/627 2219/3013/627
f 2151/3240/631 2223/3222/631 2222/3223/631
f 2239/3241/610 2236/3028/610 2238/3030/610
f 2238/3000/606 2243/3005/606 2245/3215/606
f 2241/3242/620 2245/3033/620 2244/3032/620
f 2152/3236/603 2244/3032/603 2243/3031/603
f 2237/3029/604 2160/3243/604 2159/3236/604
f 2250/3038/554 2246/2962/554 2248/3244/554
f 2255/3245/609 2253/3041/609 2252/3040/609
f 2257/3045/627 2251/3246/627 2250/3247/627
f 2248/3036/612 2254/3248/612 2253/3045/612
f 2256/3044/611 2242/3249/611 2241/3242/611
f 2240/3250/632 2252/3251/632 2254/3248/632
f 2146/2955/633 2251/3246/633 2147/2956/633
f 2247/3035/607 2163/2955/607 2165/3252/607
f 2163/3369/667 2249/3370/667 2146/3371/667
f 2222/3223/562 2147/2956/562 2151/3240/562
f 2148/3372/553 2216/3010/553 2164/2963/553
f 2147/2956/562 2244/3032/562 2151/3240/562
f 2241/3242/562 2251/3246/562 2256/3044/562
f 2149/3192/667 2157/3196/667 2162/3373/667
f 2153/2958/562 2220/3014/562 2222/3223/562
f 2150/3191/562 2233/3235/562 2220/3014/562
f 2162/3373/667 2224/3231/667 2149/3192/667
f 2152/3374/656 2237/3375/656 2159/3376/656
f 2223/3027/656 2159/3376/656 2214/3377/656
f 2154/3017/656 2214/3377/656 2158/2983/656
f 2218/3234/550 2156/2958/550 2215/3237/550
f 2165/3252/550 2236/3028/550 2240/3250/550
f 2165/3252/550 2215/3237/550 2160/3243/550
f 2161/3191/550 2230/3022/550 2228/3020/550
f 2240/3250/550 2247/3035/550 2165/3252/550
f 2169/2968/562 2176/2975/562 2174/3210/562
f 2179/2978/666 2168/3207/666 2189/3209/666
f 2187/3375/553 2171/3212/553 2184/2983/553
f 2185/3209/667 2173/3378/667 2183/3379/667
f 2181/3206/656 2175/3380/656 2178/3375/656
f 2180/3198/550 2186/3200/550 2182/2981/550
f 2190/3381/667 2206/3002/667 2201/3382/667
f 2195/3005/553 2200/2996/553 2198/3214/553
f 2194/2990/562 2212/3008/562 2192/3383/562
f 2197/2993/666 2208/3384/666 2193/3381/666
f 2199/3385/550 2202/3386/550 2196/3387/550
f 2207/2996/656 2209/3005/656 2203/2999/656
f 2221/3388/666 2231/3040/666 2217/3389/666
f 2234/3026/553 2229/3225/553 2232/3228/553
f 2245/3390/666 2239/3373/666 2238/3196/666
f 2242/3192/666 2252/3040/666 2239/3373/666
f 2248/3244/553 2257/3380/553 2250/3038/553
f 2161/3191/607 2162/3229/607 2157/2961/607
f 2149/3192/615 2150/3230/615 2153/3193/615
f 2146/3037/554 2148/3372/554 2164/2963/554
f 2155/3194/605 2154/3422/605 2158/3195/605
f 2182/2981/604 2181/2980/604 2178/3197/604
f 2188/2965/623 2187/2966/623 2184/3199/623
f 2189/2986/629 2188/2965/629 2180/3198/629
f 2186/3200/614 2185/3423/614 2183/2982/614
f 2175/3202/606 2177/3204/606 2179/2978/606
f 2166/3203/620 2168/3207/620 2177/3204/620
f 2173/2972/605 2172/2971/605 2181/3206/605
f 2168/3207/621 2167/3424/621 2187/3208/621
f 2170/2969/628 2169/2968/628 2174/3210/628
f 2185/2984/554 2184/2983/554 2171/3212/554
f 2167/2966/687 2166/2965/687 2169/2968/687
f 2172/3213/603 2174/3210/603 2176/2975/603
f 2200/2996/612 2199/2995/612 2196/2998/612
f 2193/3215/691 2195/3005/691 2198/3214/691
f 2191/2987/554 2190/2972/554 2201/2997/554
f 2192/2988/627 2191/2987/627 2195/3005/627
f 2205/2995/604 2207/2996/604 2203/2999/604
f 2209/3005/606 2208/3004/606 2204/3000/606
f 2211/3016/605 2213/3217/605 2207/2996/605
f 2213/3217/603 2212/2973/603 2210/3006/603
f 2208/3218/692 2210/3425/692 2194/2990/692
f 2190/3219/633 2192/3383/633 2212/3008/633
f 2202/3220/693 2204/3426/693 2197/2993/693
f 2199/3221/694 2201/3382/694 2206/3002/694
f 2214/3222/604 2215/3237/604 2156/2958/604
f 2222/3223/603 2223/3222/603 2154/2959/603
f 2217/3011/609 2216/3010/609 2219/3224/609
f 2225/3017/554 2224/3016/554 2227/2984/554
f 2230/3226/612 2232/3228/612 2229/3225/612
f 2234/3026/627 2233/3025/627 2226/3018/627
f 2232/3228/609 2231/3377/609 2235/3027/609
f 2228/3020/614 2227/3019/614 2162/3229/614
f 2150/3230/615 2149/3192/615 2224/3231/615
f 2217/3233/622 2231/3023/622 2230/3022/622
f 2233/3235/620 2235/3427/620 2221/3015/620
f 2159/3236/695 2160/3243/695 2215/3237/695
f 2218/3234/612 2165/3252/612 2164/3238/612
f 2148/2957/627 2147/2956/627 2220/3014/627
f 2151/3240/696 2152/3236/696 2223/3222/696
f 2239/3241/610 2240/3250/610 2236/3028/610
f 2238/3000/690 2237/3375/690 2243/3005/690
f 2241/3242/620 2242/3249/620 2245/3033/620
f 2152/3236/603 2151/3240/603 2244/3032/603
f 2237/3029/604 2236/3028/604 2160/3243/604
f 2250/3038/549 2249/3037/549 2246/2962/549
f 2255/3245/621 2257/3428/621 2253/3041/621
f 2257/3045/627 2256/3044/627 2251/3246/627
f 2248/3036/612 2247/3035/612 2254/3248/612
f 2256/3044/620 2255/3043/620 2242/3249/620
f 2240/3250/622 2239/3241/622 2252/3251/622
f 2146/2955/615 2249/3429/615 2251/3246/615
f 2247/3035/614 2246/3034/614 2163/2955/614
f 2163/3369/667 2246/3040/667 2249/3370/667
f 2222/3223/562 2220/3014/562 2147/2956/562
f 2148/3372/553 2219/3224/553 2216/3010/553
f 2147/2956/562 2241/3242/562 2244/3032/562
f 2241/3242/562 2147/2956/562 2251/3246/562
f 2149/3192/667 2155/3194/667 2157/3196/667
f 2153/2958/562 2150/3191/562 2220/3014/562
f 2150/3191/562 2226/3459/562 2233/3235/562
f 2162/3373/667 2227/3040/667 2224/3231/667
f 2152/3374/656 2243/3005/656 2237/3375/656
f 2223/3027/656 2152/3374/656 2159/3376/656
f 2154/3017/656 2223/3027/656 2214/3377/656
f 2218/3234/550 2161/3191/550 2156/2958/550
f 2165/3252/550 2160/3243/550 2236/3028/550
f 2165/3252/550 2218/3234/550 2215/3237/550
f 2161/3191/550 2218/3234/550 2230/3022/550
f 2240/3250/550 2254/3248/550 2247/3035/550
f 2169/2968/562 2166/2965/562 2176/2975/562
f 2179/2978/666 2177/3204/666 2168/3207/666
f 2187/3375/553 2167/3380/553 2171/3212/553
f 2185/3209/667 2170/3207/667 2173/3378/667
f 2181/3206/656 2172/2971/656 2175/3380/656
f 2180/3198/550 2188/2965/550 2186/3200/550
f 2190/3381/667 2211/3460/667 2206/3002/667
f 2195/3005/553 2191/2987/553 2200/2996/553
f 2194/2990/562 2210/3425/562 2212/3008/562
f 2197/2993/666 2204/3426/666 2208/3384/666
f 2199/3385/550 2205/3461/550 2202/3386/550
f 2207/2996/656 2213/3217/656 2209/3005/656
f 2221/3388/666 2235/3370/666 2231/3040/666
f 2234/3026/553 2225/3017/553 2229/3225/553
f 2245/3390/666 2242/3192/666 2239/3373/666
f 2242/3192/666 2255/3245/666 2252/3040/666
f 2248/3244/553 2253/3375/553 2257/3380/553
o Plane.004
v -2.180000 0.102000 1.552000
v -2.182000 0.100000 1.552000
v -2.182000 0.102000 1.550000
v -2.758000 0.102000 1.550000
v -2.758000 0.100000 1.552000
v -2.760000 0.102000 1.552000
v -2.760000 0.102000 2.148000
v -2.758000 0.100000 2.148000
v -2.758000 0.102000 2.150000
v -2.180000 0.102000 2.148000
v -2.182000 0.102000 2.150000
v -2.182000 0.100000 2.148000
v -2.180000 0.116000 2.152000
v -2.180000 0.120000 2.152000
v -2.180000 0.118000 2.150000
v -2.180000 0.120000 2.148000
v -2.180000 0.120000 1.552000
v -2.180000 0.116000 1.552000
v -2.182000 0.118000 1.550000
v -2.180000 0.116000 1.548000
v -2.758586 0.118000 2.151414
v -2.760000 0.120000 2.148000
v -2.760000 0.118000 2.148000
v -2.760000 0.116000 2.148000
v -2.758586 2.694000 1.548586
v -2.760000 2.692000 1.552000
v -2.758000 2.694000 1.550000
v -2.760000 2.696000 1.552000
v -2.180000 2.710000 2.148000
v -2.182000 2.712000 2.148000
v -2.182000 2.710000 2.150000
v -2.180000 2.710000 1.552000
v -2.182000 2.710000 1.550000
v -2.182000 2.712000 1.552000
v -2.758000 2.710000 1.550000
v -2.760000 2.710000 1.552000
v -2.758000 2.712000 1.552000
v -2.760000 2.710000 2.148000
v -2.758000 2.710000 2.150000
v -2.758000 2.712000 2.148000
v -2.760000 0.116000 1.552000
v -2.760000 0.120000 1.552000
v -2.758000 0.118000 1.550000
v -2.760000 0.120000 1.548000
v -2.182000 0.118000 1.566000
v -2.180000 0.120000 1.566000
v -2.182000 0.120000 1.568000
v -2.758000 0.118000 1.566000
v -2.758000 0.120000 1.568000
v -2.760000 0.120000 1.566000
v -2.182000 2.217000 1.566000
v -2.182000 2.215000 1.568000
v -2.180000 2.215000 1.566000
v -2.758000 2.217000 1.566000
v -2.760000 2.215000 1.566000
v -2.758000 2.215000 1.568000
v -2.760000 2.217000 2.148000
v -2.760000 2.215000 2.148000
v -2.758000 2.217000 2.150000
v -2.760000 2.219000 2.148000
v -2.180000 2.217000 2.148000
v -2.180000 2.219000 2.148000
v -2.182000 2.217000 2.150000
v -2.180000 2.215000 2.148000
v -2.182000 0.118000 2.134000
v -2.182000 0.120000 2.132000
v -2.180000 0.120000 2.134000
v -2.758000 0.118000 2.134000
v -2.760000 0.120000 2.134000
v -2.758000 0.120000 2.132000
v -2.182000 2.217000 2.134000
v -2.180000 2.215000 2.134000
v -2.182000 2.215000 2.132000
v -2.758000 2.217000 2.134000
v -2.758000 2.215000 2.132000
v -2.760000 2.215000 2.134000
v -2.180000 2.215000 1.552000
v -2.180000 2.219000 1.548000
v -2.182000 2.217000 1.550000
v -2.180000 2.219000 1.552000
v -2.760000 2.219000 1.552000
v -2.760000 2.215000 1.548000
v -2.758000 2.217000 1.550000
v -2.760000 2.215000 1.552000
v -2.760000 2.235000 1.552000
v -2.758000 2.235000 1.550000
v -2.180000 2.235000 2.148000
v -2.182000 2.235000 2.150000
v -2.758000 2.235000 2.150000
v -2.760000 2.235000 2.148000
v -2.182000 2.235000 1.550000
v -2.180000 2.235000 1.552000
v -2.180000 2.251000 2.152000
v -2.180000 2.255000 2.152000
v -2.180000 2.253000 2.150000
v -2.180000 2.255000 2.148000
v -2.181414 2.694000 1.548586
v -2.180000 2.696000 1.552000
v -2.182000 2.694000 1.550000
v -2.180000 2.692000 1.552000
v -2.181414 2.253000 1.548586
v -2.180000 2.255000 1.552000
v -2.182000 2.253000 1.550000
v -2.180000 2.251000 1.552000
v -2.760000 2.251000 1.552000
v -2.760000 2.255000 1.552000
v -2.758000 2.253000 1.550000
v -2.760000 2.255000 1.548000
v -2.182000 2.694000 1.566000
v -2.182000 2.692000 1.568000
v -2.180000 2.692000 1.566000
v -2.758000 2.694000 1.566000
v -2.760000 2.692000 1.566000
v -2.758000 2.692000 1.568000
v -2.182000 2.253000 1.566000
v -2.180000 2.255000 1.566000
v -2.182000 2.255000 1.568000
v -2.758000 2.253000 1.566000
v -2.758000 2.255000 1.568000
v -2.760000 2.255000 1.566000
v -2.758586 2.694000 2.151414
v -2.760000 2.696000 2.148000
v -2.758000 2.694000 2.150000
v -2.760000 2.692000 2.148000
v -2.180000 2.692000 2.152000
v -2.180000 2.696000 2.152000
v -2.180000 2.694000 2.150000
v -2.180000 2.696000 2.148000
v -2.758586 2.253000 2.151414
v -2.760000 2.255000 2.148000
v -2.758000 2.253000 2.150000
v -2.760000 2.251000 2.148000
v -2.182000 2.694000 2.134000
v -2.180000 2.692000 2.134000
v -2.182000 2.692000 2.132000
v -2.758000 2.694000 2.134000
v -2.758000 2.692000 2.132000
v -2.760000 2.692000 2.134000
v -2.182000 2.253000 2.134000
v -2.182000 2.255000 2.132000
v -2.180000 2.255000 2.134000
v -2.758000 2.253000 2.134000
v -2.760000 2.255000 2.134000
v -2.758000 2.255000 2.132000
v -2.162000 2.237000 2.146000
v -2.160000 2.239000 2.146000
v -2.162000 2.239000 2.148000
v -2.162000 2.237000 1.554000
v -2.162000 2.239000 1.552000
v -2.160000 2.239000 1.554000
v -2.160000 2.708000 1.554000
v -2.162000 2.708000 1.552000
v -2.162000 2.710000 1.554000
v -2.160000 2.708000 2.146000
v -2.162000 2.710000 2.146000
v -2.162000 2.708000 2.148000
v -2.176000 2.710000 2.146000
v -2.178000 2.708000 2.146000
v -2.176000 2.708000 2.148000
v -2.176000 2.710000 1.554000
v -2.176000 2.708000 1.552000
v -2.178000 2.708000 1.554000
v -2.176000 2.237000 1.554000
v -2.178000 2.239000 1.554000
v -2.176000 2.239000 1.552000
v -2.176000 2.237000 2.146000
v -2.176000 2.239000 2.148000
v -2.178000 2.239000 2.146000
v -2.176000 0.102000 2.146000
v -2.176000 0.104000 2.148000
v -2.178000 0.104000 2.146000
v -2.176000 0.102000 1.554000
v -2.178000 0.104000 1.554000
v -2.176000 0.104000 1.552000
v -2.176000 0.876000 1.554000
v -2.176000 0.874000 1.552000
v -2.178000 0.874000 1.554000
v -2.176000 0.876000 2.146000
v -2.178000 0.874000 2.146000
v -2.176000 0.874000 2.148000
v -2.162000 0.102000 2.146000
v -2.160000 0.104000 2.146000
v -2.162000 0.104000 2.148000
v -2.162000 0.102000 1.554000
v -2.162000 0.104000 1.552000
v -2.160000 0.104000 1.554000
v -2.162000 0.876000 1.554000
v -2.160000 0.874000 1.554000
v -2.162000 0.874000 1.552000
v -2.162000 0.876000 2.146000
v -2.162000 0.874000 2.148000
v -2.160000 0.874000 2.146000
v -2.162000 0.880000 2.146000
v -2.160000 0.882000 2.146000
v -2.162000 0.882000 2.148000
v -2.160000 0.882000 1.554000
v -2.162000 0.880000 1.554000
v -2.162000 0.882000 1.552000
v -2.162000 2.233000 2.146000
v -2.162000 2.231000 2.148000
v -2.160000 2.231000 2.146000
v -2.160000 2.231000 1.554000
v -2.162000 2.231000 1.552000
v -2.162000 2.233000 1.554000
v -2.176000 2.233000 1.554000
v -2.176000 2.231000 1.552000
v -2.178000 2.231000 1.554000
v -2.176000 2.233000 2.146000
v -2.178000 2.231000 2.146000
v -2.176000 2.231000 2.148000
v -2.176000 0.880000 1.554000
v -2.178000 0.882000 1.554000
v -2.176000 0.882000 1.552000
v -2.176000 0.880000 2.146000
v -2.176000 0.882000 2.148000
v -2.178000 0.882000 2.146000
vn 0.5774 -0.5774 -0.5772
vn -0.5773 -0.5774 -0.5773
vn -0.5774 -0.5773 0.5773
vn 0.5774 -0.5774 0.5773
vn -0.0312 -0.0000 0.9995
vn -0.0000 -0.7070 0.7072
vn -0.9238 -0.0000 0.3828
vn -0.5614 -0.7942 0.2326
vn 0.5774 0.5773 0.5773
vn 0.5773 0.5774 -0.5773
vn -0.5773 0.5774 -0.5773
vn -0.5774 0.5773 0.5773
vn -0.0000 0.7070 0.7072
vn -0.5773 -0.5774 0.5774
vn 0.5773 0.5774 0.5774
vn -0.5773 0.5774 0.5774
vn -0.7070 -0.0000 0.7072
vn 0.7072 -0.0000 0.7070
vn 0.5774 -0.5775 -0.5772
vn 0.7072 -0.0000 -0.7070
vn -0.7071 -0.0000 -0.7071
vn 1.0000 -0.0000 -0.0000
vn 0.5614 0.7942 0.2326
vn 0.5615 0.7941 0.2326
vn 0.0001 0.7070 0.7072
vn 0.5774 0.5774 0.5774
vn -0.5774 0.5774 0.5774
vn 0.5774 -0.5774 0.5774
vn -0.5774 -0.5774 0.5774
vn -0.5615 0.7941 -0.2326
vn -0.5616 0.7940 -0.2326
vn 0.5774 0.5774 -0.5773
vn -0.5774 0.5774 -0.5773
vn 0.5773 -0.5774 -0.5773
vn 0.5773 -0.5774 0.5773
vn 0.5773 -0.5774 -0.5774
vn 0.5774 0.5773 -0.5774
vn 0.5773 0.5774 0.5773
vn -0.5773 0.5773 -0.5775
vn -0.5772 -0.5773 -0.5775
vn -0.5773 -0.5773 -0.5775
vn 0.5774 -0.5775 0.5772
vn 0.5774 -0.5774 -0.5773
vn 0.5774 -0.5773 -0.5774
vn 0.5772 0.5775 0.5774
vn -0.5772 0.5774 0.5774
vn 0.7071 -0.7071 -0.0000
vn -0.0000 -0.7071 -0.7071
vn -0.7071 -0.7071 -0.0000
vn -0.0000 -0.7072 0.7070
vn -0.7071 -0.0000 0.7071
vn 0.7071 -0.0000 -0.7071
vn 0.9847 -0.1231 0.1232
vn 0.7071 0.7071 -0.0000
vn -0.0000 0.7071 -0.7071
vn -0.7071 0.7071 -0.0000
vn -0.7070 -0.0000 -0.7072
vn -0.0000 -0.7071 0.7071
vn -0.0000 0.7071 0.7071
vn 0.7070 -0.0000 0.7072
vn -0.9899 -0.0000 0.1415
vn 0.7072 -0.0000 -0.7071
vn -0.7036 0.7035 -0.1005
vn 0.7036 0.7035 -0.1005
vn 0.9239 -0.0000 -0.3827
vn 0.7071 -0.0000 0.7071
vn 0.7070 0.7072 -0.0000
vn -0.9239 -0.0000 0.3827
vn 0.7071 -0.0000 -0.7072
vn -0.7072 -0.0000 -0.7070
vn -0.7072 -0.7070 -0.0000
vn -0.7072 0.7071 -0.0000
vn -0.7072 -0.7071 -0.0000
vn 0.7070 -0.0000 -0.7072
vn 0.7070 -0.7072 -0.0000
vn -0.7072 -0.0000 0.7070
vn 0.7072 0.7071 -0.0000
vn -0.7059 -0.7083 -0.0024
vn -0.9847 -0.1231 -0.1232
vn 1.0000 -0.0033 -0.0033
vn -0.9065 0.0700 0.4164
vn 0.9064 0.0700 -0.4165
vn 0.7072 0.7070 -0.0000
vn 1.0000 0.0010 0.0010
vn -1.0000 -0.0000 -0.0000
vn -0.7059 0.7083 -0.0024
vn 0.7095 0.7047 -0.0047
vn -0.9879 -0.1098 -0.1098
vn 0.7049 -0.0783 0.7049
vn -0.9239 -0.0000 -0.3827
vn -0.7070 0.7072 -0.0000
vn 0.9847 -0.1231 -0.1231
vn -0.0000 -1.0000 -0.0000
vn -0.0000 -0.0000 -1.0000
vn -0.0035 -0.0000 1.0000
vn -0.0000 -0.0010 1.0000
vn -1.0000 -0.0000 -0.0001
vn -0.0035 -0.0000 -1.0000
vn 0.0035 0.0045 -1.0000
vn -0.0000 1.0000 -0.0000
vn 0.0035 -0.0000 1.0000
vn -0.0000 -0.0000 1.0000
vn 0.0035 1.0000 -0.0000
vn 0.0035 -1.0000 0.0033
vn 0.0035 -0.0000 -1.0000
vn -0.0217 -0.6960 0.7177
vn -1.0000 -0.0033 0.0033
vn 0.0034 0.0046 1.0000
vn -0.0196 -0.7070 0.7070
vn -0.5614 0.7942 0.2326
vn 0.5614 -0.7942 0.2326
vn 0.5616 -0.7940 0.2326
vn -0.5616 -0.7940 -0.2326
vn -0.5618 -0.7939 -0.2325
vn -0.9064 -0.0700 0.4165
vn 0.7044 -0.0881 0.7043
vn -0.0000 0.7072 0.7070
vn -0.9064 0.0700 -0.4165
vn -0.9879 0.1098 -0.1098
vn -0.9899 -0.0000 0.1414
vn 0.9939 -0.0000 -0.1104
vn -0.7070 -0.7072 -0.0000
vn 0.7071 -0.0000 0.7072
vn 0.7072 -0.7071 -0.0000
vn -0.7071 -0.0000 -0.7072
vn -0.0000 0.7072 0.7071
vn -1.0000 -0.0000 -0.0033
vn 0.7072 -0.7070 -0.0000
vn -0.7071 -0.7072 -0.0000
vn 0.9847 0.1231 0.1231
vn -0.7075 0.0007 0.7067
vn -0.7035 -0.7035 -0.1005
vn -0.9088 -0.0620 0.4127
vn 0.9879 -0.1098 0.1100
vn 0.9087 -0.0620 -0.4128
vn -0.7086 -0.0032 -0.7056
vn -0.7072 0.7070 -0.0000
vn 1.0000 -0.0000 0.0001
vn -0.0000 0.1415 0.9899
vn -0.0034 0.0004 1.0000
vn -0.6981 -0.0000 0.7160
vn -0.0024 0.7071 0.7071
vn 0.7083 0.7059 -0.0024
vn -0.0000 0.7071 -0.7072
vn -0.0000 -0.1414 -0.9900
vn -0.0000 -0.7071 -0.7072
vn -0.0000 -0.1415 0.9899
vn -0.0000 0.7072 -0.7070
vn -0.0000 0.9899 0.1414
vn -0.0000 -1.0000 0.0033
vn -0.0000 -0.7072 -0.7070
vn -0.4166 -0.8164 -0.3999
vn -0.0001 1.0000 -0.0000
vn -0.0000 0.1240 -0.9923
vn -0.0000 0.1241 0.9923
vn -0.7071 -0.0000 0.7072
vn -0.0034 -0.0046 1.0000
vn -0.0000 0.9939 -0.1104
vt 0.707911 0.798000
vt 0.705911 0.798000
vt 0.705911 0.800000
vt 0.129911 0.800000
vt 0.129911 0.798000
vt 0.127911 0.798000
vt 0.127911 0.202000
vt 0.129911 0.202000
vt 0.129911 0.200000
vt 0.201992 -1.132819
vt 0.200000 -1.132819
vt 0.202000 -1.134819
vt 0.200000 -1.116820
vt 0.200000 -1.116819
vt 0.202000 -1.114819
vt 0.799999 -1.114820
vt 0.800000 -1.116819
vt 0.801998 -1.118817
vt 0.200000 -1.116819
vt 0.202000 -1.116819
vt 0.202000 -1.118573
vt 0.129325 0.800000
vt 0.129911 0.800000
vt 0.127911 0.798000
vt 0.707911 0.202000
vt 0.705911 0.202000
vt 0.705910 0.200000
vt 0.798000 1.475182
vt 0.800000 1.475182
vt 0.798000 1.477182
vt 0.800000 1.475182
vt 0.798000 1.477182
vt 0.202000 1.475182
vt 0.200000 1.475182
vt 0.202000 1.477182
vt 0.127911 -1.116819
vt 0.129911 -1.116819
vt 0.127911 -1.114819
vt 0.784000 -1.116819
vt 0.784000 -1.114819
vt 0.782000 -1.114819
vt 0.129911 -1.116819
vt 0.129911 -1.114819
vt 0.705910 0.982182
vt 0.705911 0.980181
vt 0.707911 0.980182
vt 0.784000 0.982182
vt 0.784000 0.980182
vt 0.782000 0.980182
vt 0.127911 0.982182
vt 0.129911 0.982182
vt 0.707911 0.982182
vt 0.705911 0.982182
vt 0.705910 -1.116819
vt 0.705910 -1.114819
vt 0.707911 -1.114819
vt 0.216000 -1.116819
vt 0.216000 -1.114819
vt 0.218000 -1.114819
vt 0.705910 0.216000
vt 0.707911 0.216000
vt 0.705910 0.218000
vt 0.129911 0.980181
vt 0.127911 0.980182
vt 0.707911 0.798000
vt 0.705911 0.800000
vt 0.707911 0.798000
vt 0.129911 0.800000
vt 0.707911 1.018175
vt 0.707911 1.018181
vt 0.707910 1.020181
vt 0.706496 0.800000
vt 0.705910 0.800000
vt 0.707911 0.798000
vt 0.705910 0.800000
vt 0.707910 0.798000
vt 0.127911 1.018181
vt 0.129911 1.018181
vt 0.127911 1.020182
vt 0.705910 1.459182
vt 0.705910 1.457181
vt 0.707910 1.457181
vt 0.129911 0.784000
vt 0.127911 0.784000
vt 0.129911 0.782000
vt 0.705910 0.784000
vt 0.707911 0.784000
vt 0.705910 0.782000
vt 0.129911 1.018181
vt 0.129911 1.020181
vt 0.127911 1.020181
vt 0.129325 0.200000
vt 0.127911 0.202000
vt 0.707911 1.457181
vt 0.707911 1.459182
vt 0.707911 1.461181
vt 0.200000 1.018181
vt 0.200000 1.018181
vt 0.202000 1.016182
vt 0.705910 0.216000
vt 0.707911 0.216000
vt 0.129911 1.459182
vt 0.129911 1.457181
vt 0.127911 1.457182
vt 0.705910 1.018181
vt 0.705911 1.020181
vt 0.216000 1.018181
vt 0.216000 1.020181
vt 0.218000 1.020181
vt 0.725910 0.204000
vt 0.727911 0.204000
vt 0.725910 0.202000
vt 0.725910 0.796000
vt 0.725910 0.798000
vt 0.727910 0.796000
vt 0.796000 1.473181
vt 0.798000 1.473182
vt 0.796000 1.475181
vt 0.204000 1.473181
vt 0.204000 1.475182
vt 0.202000 1.473181
vt 0.204000 1.475182
vt 0.204000 1.473181
vt 0.711911 1.475181
vt 0.711911 1.473181
vt 0.709911 1.473181
vt 0.796000 1.002182
vt 0.796000 1.004182
vt 0.798000 1.004182
vt 0.711911 0.204000
vt 0.711911 0.202000
vt 0.709911 0.204000
vt 0.711911 -1.132819
vt 0.711911 -1.130819
vt 0.709911 -1.130819
vt 0.796000 -1.132819
vt 0.796000 -1.130819
vt 0.798000 -1.130819
vt 0.711911 0.796000
vt 0.711911 0.798000
vt 0.709911 0.796000
vt 0.204000 -0.358819
vt 0.204000 -0.360819
vt 0.202000 -0.360819
vt 0.204000 -1.132819
vt 0.204000 -1.130819
vt 0.202000 -1.130819
vt 0.725910 0.796000
vt 0.725910 0.798000
vt 0.796000 -0.358819
vt 0.796000 -0.360819
vt 0.798000 -0.360819
vt 0.725910 0.202000
vt 0.727911 0.204000
vt 0.204000 -0.354819
vt 0.204000 -0.352819
vt 0.202000 -0.352819
vt 0.796000 -0.352819
vt 0.796000 -0.354819
vt 0.798000 -0.352819
vt 0.725911 0.204000
vt 0.725910 0.202000
vt 0.727910 0.204000
vt 0.796000 0.996181
vt 0.798000 0.996181
vt 0.796000 0.998181
vt 0.711911 0.796000
vt 0.204000 0.998181
vt 0.204000 0.996181
vt 0.202000 0.996181
vt 0.796000 -0.354819
vt 0.796000 -0.352819
vt 0.798000 -0.352819
vt 0.711911 -0.354819
vt 0.711911 -0.352819
vt 0.709911 -0.352819
vt 0.707911 0.202000
vt 0.705910 0.202000
vt 0.000000 0.000000
vt 0.202000 -1.132819
vt 0.800000 -1.132819
vt 0.798000 -1.118819
vt 0.798000 -1.132819
vt 0.198001 -1.114820
vt 0.705910 0.798000
vt 0.127911 0.202000
vt 0.129911 0.798000
vt 0.127911 0.798000
vt 0.129911 0.202000
vt 0.798000 1.461182
vt 0.705910 -1.114819
vt 0.707911 -1.114819
vt 0.129911 0.980181
vt 0.705910 0.980181
vt 0.127911 -1.114819
vt 0.216000 0.980181
vt 0.202000 0.982182
vt 0.216000 0.982182
vt 0.707911 0.202000
vt 0.800000 1.000181
vt 0.798000 0.983295
vt 0.798005 1.000181
vt 0.798000 1.020181
vt 0.800000 1.459182
vt 0.798000 1.457181
vt 0.129911 1.459182
vt 0.705910 1.018181
vt 0.705910 1.020181
vt 0.129911 1.457181
vt 0.127911 1.457181
vt 0.784000 1.459182
vt 0.202000 1.020181
vt 0.200000 1.459182
vt 0.202000 1.457181
vt 0.705910 1.459182
vt 0.705911 1.457181
vt 0.129911 1.018181
vt 0.129911 1.020181
vt 0.129911 0.216000
vt 0.707911 0.200000
vt 0.796000 1.475182
vt 0.204000 1.002182
vt 0.204000 1.004182
vt 0.796000 1.473181
vt 0.798000 1.473181
vt 0.202000 1.004182
vt 0.725910 1.473181
vt 0.711911 1.475182
vt 0.711911 1.473181
vt 0.711911 0.798000
vt 0.796000 1.004182
vt 0.725910 1.475182
vt 0.725910 1.473181
vt 0.204000 -1.132819
vt 0.204000 -1.130819
vt 0.796000 -0.358819
vt 0.796000 -0.360819
vt 0.202000 -1.130819
vt 0.796000 -1.132819
vt 0.204000 -0.360819
vt 0.798000 -1.130819
vt 0.725910 0.796000
vt 0.725910 -1.132819
vt 0.796000 0.998181
vt 0.796000 0.996181
vt 0.204000 -0.354819
vt 0.798000 0.996181
vt 0.204000 -0.352819
vt 0.711911 0.204000
vt 0.725910 -0.354819
vt 0.725910 0.796000
vt 0.204000 0.996181
vt 0.202000 0.996181
vt 0.725910 -0.352819
vt 0.727911 0.796000
vt 0.800000 -1.116819
vt 0.802000 -1.114819
vt 0.800000 -1.118819
vt 0.202000 1.461182
vt 0.202000 1.475182
vt 0.802000 0.984182
vt 0.127911 -1.114818
vt 0.798000 0.980182
vt 0.705910 0.784000
vt 0.707911 0.784000
vt 0.200000 0.982182
vt 0.202000 -1.114819
vt 0.216000 -1.116819
vt 0.216000 -1.114819
vt 0.798000 0.984182
vt 0.202000 0.982182
vt 0.799649 0.980533
vt 0.127911 0.800000
vt 0.200000 1.000181
vt 0.202000 0.984182
vt 0.707911 0.984182
vt 0.705911 1.000182
vt 0.800000 1.000181
vt 0.800000 0.982182
vt 0.707911 0.198000
vt 0.129911 0.800000
vt 0.129904 0.200000
vt 0.127911 0.800000
vt 0.202000 1.000181
vt 0.800000 1.016181
vt 0.802000 1.020181
vt 0.707911 1.000181
vt 0.798000 1.016181
vt 0.798000 1.000181
vt 0.707911 1.459182
vt 0.707910 0.200000
vt 0.129911 -1.132819
vt 0.798010 -1.132819
vt 0.705910 -1.132819
vt 0.127911 -1.118819
vt 0.707911 -1.114819
vt 0.202000 0.980182
vt 0.707910 0.200000
vt 0.707911 0.198000
vt 0.705910 0.982181
vt 0.707911 -1.118819
vt 0.202000 0.980181
vt 0.705910 1.459181
vt 0.127911 1.461182
vt 0.705910 1.475182
vt 0.705911 1.018181
vt 0.798000 1.020181
vt 0.784000 1.457181
vt 0.798000 1.457181
vt 0.798000 1.461182
vt 0.129911 1.475182
vt 0.798000 -1.114819
vt 0.129911 1.000181
vt 0.129911 0.216000
vt 0.129911 0.200000
vt 0.801989 0.980192
vt 0.202000 0.984182
vt 0.129911 0.982182
vt 0.129911 1.000181
vt 0.705910 1.000181
vt 0.707911 0.202000
vt 0.707911 1.016181
vt 0.129911 1.018181
vt 0.127911 1.016181
vt 0.198000 1.020181
vt 0.202000 1.020181
vt 0.216000 1.457181
vt 0.198000 1.461182
vt 0.784000 1.020181
vt 0.707910 0.198000
vt 0.725910 1.004182
vt 0.711911 1.004182
vt 0.725910 0.204000
vt 0.711911 0.796000
vt 0.711911 0.204000
vt 0.725910 0.204000
vt 0.725910 -0.360819
vt 0.711911 -0.360819
vt 0.711911 -0.360819
vt 0.725910 -1.130819
vt 0.711911 -1.130819
vt 0.725910 0.996181
vt 0.711911 0.996181
vt 0.711911 -0.352819
vt 0.127911 0.980181
vt 0.707911 0.801699
vt 0.707911 1.020005
vt 0.127911 1.020181
vt 0.707911 0.980181
vt 0.800000 1.018181
vt 0.784000 1.457181
vt 0.127911 0.216000
vt 0.204000 1.004182
vt 0.798000 1.004182
vt 0.798000 -0.360819
vt 0.725910 -1.130819
vt 0.202000 -0.352819
vt 0.725910 -0.352819
vt 0.127911 0.202000
vt 0.129911 -1.132819
vt 0.707911 -1.116819
vt 0.216000 0.980181
vt 0.705910 0.800000
vt 0.705910 0.216000
vt 0.707911 0.984182
vt 0.784000 0.980181
vt 0.707911 1.461182
vt 0.707911 1.020181
vt 0.705910 0.200000
vt 0.725910 -0.360819
vt 0.725910 0.996181
s 0
usemtl U702-ST9
f 2402/3477/734 2403/3478/734 2404/3479/734
f 2405/3480/735 2406/3481/735 2407/3482/735
f 2408/3483/736 2409/3484/736 2410/3485/736
f 2411/3486/737 2412/3487/737 2413/3488/737
f 2414/3489/738 2416/3490/738 2417/3491/738
f 2418/3492/739 2420/3493/739 2421/3494/739
f 2422/3495/740 2424/3496/740 2425/3497/740
f 2426/3498/741 2428/3499/741 2429/3500/741
f 2430/3501/742 2431/3502/742 2432/3503/742
f 2433/3504/743 2434/3505/743 2435/3506/743
f 2436/3507/744 2437/3504/744 2438/3508/744
f 2439/3509/745 2440/3510/745 2441/3511/745
f 2442/3512/746 2444/3513/746 2445/3514/746
f 2446/3515/737 2447/3516/737 2448/3517/737
f 2449/3518/747 2450/3519/747 2451/3514/747
f 2452/3520/748 2453/3521/748 2454/3522/748
f 2455/3523/749 2456/3524/749 2457/3525/749
f 2458/3526/750 2460/3527/750 2461/3526/750
f 2462/3528/751 2464/3529/751 2465/3528/751
f 2466/3530/752 2467/3531/752 2468/3532/752
f 2469/3533/735 2470/3534/735 2471/3535/735
f 2472/3536/743 2473/3537/743 2474/3538/743
f 2475/3527/744 2476/3539/744 2477/3540/744
f 2478/3541/753 2480/3542/753 2481/3543/753
f 2482/3500/754 2484/3544/754 2485/3500/754
f 2494/3545/755 2496/3546/755 2497/3547/755
f 2498/3548/756 2500/3549/756 2501/3550/756
f 2502/3548/757 2504/3551/757 2505/3552/757
f 2506/3553/758 2508/3554/758 2509/3555/758
f 2510/3556/759 2511/3557/759 2512/3558/759
f 2513/3559/760 2514/3560/760 2515/3561/760
f 2516/3562/761 2517/3563/761 2518/3564/761
f 2519/3565/762 2520/3566/762 2521/3567/762
f 2522/3568/763 2524/3485/763 2525/3569/763
f 2526/3570/755 2528/3571/755 2529/3572/755
f 2530/3573/764 2532/3574/764 2533/3575/764
f 2534/3576/765 2535/3577/765 2536/3538/765
f 2537/3578/766 2538/3579/766 2539/3580/766
f 2540/3581/767 2541/3582/767 2542/3547/767
f 2543/3583/735 2544/3584/735 2545/3585/735
f 2403/3478/780 2411/3653/780 2413/3654/780
f 2406/3481/781 2404/3479/781 2403/3478/781
f 2409/3484/782 2407/3482/782 2406/3481/782
f 2410/3485/783 2413/3654/783 2412/3503/783
f 2419/3655/755 2415/3655/755 2414/3655/755
f 2410/3487/784 2425/3497/784 2408/3656/784
f 2404/3657/785 2419/3658/785 2402/3659/785
f 2412/3487/786 2416/3490/786 2415/3660/786
f 2433/3541/787 2431/3502/787 2430/3501/787
f 2436/3499/788 2435/3661/788 2434/3551/788
f 2439/3662/789 2438/3663/789 2437/3664/789
f 2441/3665/746 2432/3503/746 2431/3502/746
f 2436/3507/790 2429/3666/790 2437/3504/790
f 2450/3519/791 2446/3530/791 2448/3667/791
f 2455/3527/792 2453/3521/792 2452/3520/792
f 2454/3522/793 2448/3667/793 2447/3668/793
f 2457/3669/784 2451/3514/784 2450/3519/784
f 2449/3655/794 2443/3655/794 2442/3655/794
f 2469/3518/781 2467/3531/781 2466/3530/781
f 2476/3539/788 2472/3520/788 2474/3670/788
f 2474/3670/795 2468/3532/795 2467/3531/795
f 2477/3540/754 2471/3519/754 2470/3671/754
f 2477/3672/796 2458/3673/796 2475/3674/796
f 2462/3675/797 2473/3537/797 2472/3536/797
f 2487/3676/790 2482/3677/790 2486/3678/790
f 2503/3679/798 2498/3680/798 2501/3681/798
f 2513/3682/792 2511/3557/792 2510/3556/792
f 2520/3566/791 2516/3683/791 2518/3684/791
f 2518/3684/799 2512/3558/799 2511/3557/799
f 2521/3567/750 2515/3685/750 2514/3686/750
f 2503/3550/780 2516/3562/780 2504/3551/780
f 2507/3500/782 2519/3559/782 2521/3560/782
f 2510/3687/800 2501/3681/800 2500/3680/800
f 2531/3688/801 2522/3689/801 2525/3690/801
f 2538/3579/788 2534/3691/788 2536/3692/788
f 2543/3693/781 2541/3582/781 2540/3581/781
f 2542/3547/802 2536/3692/802 2535/3558/802
f 2545/3694/803 2539/3580/803 2538/3579/803
f 2537/3695/789 2525/3569/789 2524/3485/789
f 2534/3576/787 2526/3696/787 2535/3577/787
f 2531/3688/804 2543/3583/804 2532/3574/804
f 2444/3732/811 2424/3496/811 2445/3733/811
f 2405/3657/812 2442/3734/812 2445/3733/812
f 2500/3549/813 2529/3653/813 2528/3696/813
f 2428/3499/804 2523/3483/804 2429/3500/804
f 2440/3655/814 2523/3655/814 2522/3655/814
f 2434/3655/815 2499/3655/815 2498/3655/815
f 2432/3510/793 2529/3735/793 2430/3736/793
f 2479/3737/755 2418/3492/755 2421/3494/755
f 2485/3540/754 2444/3513/754 2443/3738/754
f 2455/3523/789 2485/3739/789 2456/3524/789
f 2480/3542/816 2452/3740/816 2454/3741/816
f 2446/3515/780 2420/3493/780 2447/3516/780
f 2417/3491/817 2464/3742/817 2414/3489/817
f 2422/3655/740 2459/3655/740 2423/3655/740
f 2470/3534/818 2424/3496/818 2423/3743/818
f 2417/3491/780 2466/3744/780 2468/3745/780
f 2481/3746/755 2462/3747/755 2478/3748/755
f 2458/3483/819 2484/3544/819 2483/3749/819
f 2490/3750/809 2461/3751/809 2460/3742/809
f 2463/3752/799 2489/3753/799 2464/3529/799
f 2492/3754/785 2481/3746/785 2480/3755/785
f 2495/3756/820 2505/3552/820 2504/3551/820
f 2508/3757/782 2532/3758/782 2509/3759/782
f 2490/3750/750 2533/3575/750 2491/3760/750
f 2487/3676/821 2506/3761/821 2509/3762/821
f 2496/3546/822 2489/3753/822 2488/3763/822
f 2492/3754/807 2505/3764/807 2493/3765/807
f 2426/3655/823 2507/3655/823 2427/3655/823
f 2427/3500/824 2513/3559/824 2428/3499/824
f 2494/3545/755 2528/3571/755 2527/3766/755
f 2540/3536/825 2497/3675/825 2496/3767/825
f 2411/3486/755 2419/3658/755 2415/3660/755
f 2406/3481/826 2413/3654/826 2409/3484/826
f 2405/3768/827 2444/3513/827 2420/3530/827
f 2407/3769/818 2425/3497/818 2445/3733/818
f 2412/3770/828 2424/3512/828 2425/3771/828
f 2424/3512/829 2417/3772/829 2460/3527/829
f 2468/3745/755 2465/3773/755 2417/3491/755
f 2416/3774/818 2415/3775/818 2419/3541/818
f 2469/3695/826 2416/3774/826 2424/3662/826
f 2480/3776/754 2421/3777/754 2420/3530/754
f 2479/3737/755 2447/3516/755 2421/3494/755
f 2444/3544/826 2446/3740/826 2449/3559/826
f 2459/3778/830 2470/3534/830 2423/3743/830
f 2500/3779/831 2429/3780/831 2434/3781/831
f 2524/3485/826 2500/3549/826 2528/3696/826
f 2428/3682/832 2501/3558/832 2504/3782/832
f 2523/3735/818 2437/3504/818 2429/3666/818
f 2507/3783/818 2514/3784/818 2427/3785/818
f 2428/3499/833 2510/3740/833 2500/3549/833
f 2499/3786/755 2430/3736/755 2529/3735/755
f 2431/3502/833 2438/3663/833 2441/3665/833
f 2524/3682/834 2529/3572/834 2440/3787/834
f 2443/3788/818 2456/3524/818 2485/3739/818
f 2448/3667/835 2457/3669/835 2450/3519/835
f 2484/3544/833 2455/3559/833 2452/3740/833
f 2464/3529/835 2490/3789/835 2460/3527/835
f 2465/3675/836 2475/3790/836 2460/3791/836
f 2480/3542/837 2463/3653/837 2460/3791/837
f 2461/3751/818 2486/3678/818 2483/3792/818
f 2481/3746/755 2488/3760/755 2463/3793/755
f 2476/3539/827 2467/3531/827 2471/3519/827
f 2484/3794/827 2487/3795/827 2492/3796/827
f 2486/3678/818 2533/3575/818 2509/3762/818
f 2490/3485/833 2488/3797/833 2492/3551/833
f 2487/3795/838 2508/3554/838 2505/3798/838
f 2489/3753/839 2532/3799/839 2533/3800/839
f 2488/3760/755 2505/3764/755 2495/3801/755
f 2532/3758/826 2540/3536/826 2496/3767/826
f 2496/3767/840 2495/3756/840 2504/3551/840
f 2525/3686/841 2532/3799/841 2497/3547/841
f 2497/3802/755 2535/3803/755 2527/3804/755
f 2501/3681/755 2517/3805/755 2503/3679/755
f 2508/3757/826 2516/3562/826 2519/3559/826
f 2520/3566/835 2511/3557/835 2515/3685/835
f 2528/3696/842 2527/3806/842 2537/3695/842
f 2539/3803/818 2531/3688/818 2525/3690/818
f 2536/3692/827 2545/3694/827 2538/3579/827
f 2414/3489/818 2415/3660/818 2416/3490/818
f 2418/3492/807 2419/3658/807 2420/3493/807
f 2422/3495/801 2423/3743/801 2424/3496/801
f 2426/3498/843 2427/3500/843 2428/3499/843
f 2442/3512/790 2443/3738/790 2444/3513/790
f 2458/3526/784 2459/3821/784 2460/3527/784
f 2462/3528/799 2463/3752/799 2464/3529/799
f 2478/3541/792 2479/3822/792 2480/3542/792
f 2482/3500/739 2483/3749/739 2484/3544/739
f 2494/3545/818 2495/3823/818 2496/3546/818
f 2498/3548/844 2499/3541/844 2500/3549/844
f 2502/3548/845 2503/3550/845 2504/3551/845
f 2506/3553/754 2507/3824/754 2508/3554/754
f 2522/3568/846 2523/3483/846 2524/3485/846
f 2526/3570/818 2527/3766/818 2528/3571/818
f 2530/3573/847 2531/3688/847 2532/3574/847
f 2403/3478/780 2402/3477/780 2411/3653/780
f 2406/3481/781 2405/3480/781 2404/3479/781
f 2409/3484/782 2408/3483/782 2407/3482/782
f 2410/3485/739 2409/3484/739 2413/3654/739
f 2419/3655/755 2418/3655/755 2415/3655/755
f 2410/3487/848 2422/3495/848 2425/3497/848
f 2404/3657/785 2420/3493/785 2419/3658/785
f 2412/3487/849 2411/3486/849 2416/3490/849
f 2433/3541/800 2435/3661/800 2431/3502/800
f 2436/3499/788 2438/3663/788 2435/3661/788
f 2439/3662/824 2441/3665/824 2438/3663/824
f 2441/3665/850 2440/3485/850 2432/3503/850
f 2436/3507/851 2426/3680/851 2429/3666/851
f 2450/3519/791 2449/3518/791 2446/3530/791
f 2455/3527/792 2457/3669/792 2453/3521/792
f 2454/3522/799 2453/3521/799 2448/3667/799
f 2457/3669/784 2456/3821/784 2451/3514/784
f 2449/3655/782 2451/3655/782 2443/3655/782
f 2469/3518/781 2471/3519/781 2467/3531/781
f 2476/3539/788 2475/3527/788 2472/3520/788
f 2474/3670/807 2473/3825/807 2468/3532/807
f 2477/3540/803 2476/3539/803 2471/3519/803
f 2477/3672/818 2459/3778/818 2458/3673/818
f 2462/3675/755 2465/3675/755 2473/3537/755
f 2487/3676/852 2483/3792/852 2482/3677/852
f 2503/3679/798 2502/3826/798 2498/3680/798
f 2513/3682/792 2515/3685/792 2511/3557/792
f 2520/3566/791 2519/3565/791 2516/3683/791
f 2518/3684/793 2517/3547/793 2512/3558/793
f 2521/3567/809 2520/3566/809 2515/3685/809
f 2503/3550/780 2517/3563/780 2516/3562/780
f 2507/3500/853 2506/3500/853 2519/3559/853
f 2510/3687/816 2512/3827/816 2501/3681/816
f 2531/3688/801 2530/3573/801 2522/3689/801
f 2538/3579/788 2537/3578/788 2534/3691/788
f 2543/3693/781 2545/3694/781 2541/3582/781
f 2542/3547/795 2541/3582/795 2536/3692/795
f 2545/3694/790 2544/3824/790 2539/3580/790
f 2537/3695/789 2539/3828/789 2525/3569/789
f 2534/3576/854 2527/3806/854 2526/3696/854
f 2531/3688/782 2544/3584/782 2543/3583/782
f 2444/3732/860 2425/3497/860 2424/3496/860
f 2405/3657/790 2407/3769/790 2442/3734/790
f 2500/3549/861 2499/3541/861 2529/3653/861
f 2428/3499/862 2524/3485/862 2523/3483/862
f 2440/3655/750 2439/3655/750 2523/3655/750
f 2434/3655/807 2433/3655/807 2499/3655/807
f 2432/3510/863 2526/3689/863 2529/3735/863
f 2479/3737/755 2478/3748/755 2418/3492/755
f 2485/3540/754 2484/3794/754 2444/3513/754
f 2455/3523/853 2482/3677/853 2485/3739/853
f 2480/3542/780 2479/3822/780 2452/3740/780
f 2446/3515/787 2421/3494/787 2420/3493/787
f 2417/3491/799 2465/3773/799 2464/3742/799
f 2422/3655/864 2460/3655/864 2459/3655/864
f 2470/3534/865 2469/3533/865 2424/3496/865
f 2417/3491/825 2416/3490/825 2466/3744/825
f 2481/3746/755 2463/3793/755 2462/3747/755
f 2458/3483/860 2461/3835/860 2484/3544/860
f 2490/3750/750 2491/3760/750 2461/3751/750
f 2463/3752/793 2488/3763/793 2489/3753/793
f 2492/3754/807 2493/3765/807 2481/3746/807
f 2495/3756/755 2494/3696/755 2505/3552/755
f 2508/3757/789 2533/3662/789 2532/3758/789
f 2490/3750/866 2530/3573/866 2533/3575/866
f 2487/3676/790 2486/3678/790 2506/3761/790
f 2496/3546/867 2495/3823/867 2489/3753/867
f 2492/3754/868 2502/3826/868 2505/3764/868
f 2426/3655/869 2508/3655/869 2507/3655/869
f 2427/3500/870 2514/3560/870 2513/3559/870
f 2494/3545/871 2497/3547/871 2528/3571/871
f 2540/3536/780 2542/3537/780 2497/3675/780
f 2411/3486/755 2402/3659/755 2419/3658/755
f 2406/3481/826 2403/3478/826 2413/3654/826
f 2420/3530/827 2404/3770/827 2405/3768/827
f 2405/3768/785 2445/3514/785 2444/3513/785
f 2407/3769/818 2408/3656/818 2425/3497/818
f 2425/3771/872 2410/3836/872 2412/3770/872
f 2412/3770/873 2416/3837/873 2424/3512/873
f 2460/3527/874 2423/3514/874 2424/3512/874
f 2424/3512/875 2416/3837/875 2417/3772/875
f 2417/3772/829 2464/3529/829 2460/3527/829
f 2468/3745/755 2473/3838/755 2465/3773/755
f 2444/3544/833 2424/3662/833 2416/3774/833
f 2420/3839/833 2444/3544/833 2416/3774/833
f 2419/3541/876 2420/3839/876 2416/3774/876
f 2469/3695/826 2466/3840/826 2416/3774/826
f 2420/3530/827 2444/3513/827 2484/3794/827
f 2480/3776/790 2479/3841/790 2421/3777/790
f 2420/3530/827 2484/3794/827 2480/3776/827
f 2479/3737/755 2454/3842/755 2447/3516/755
f 2449/3559/782 2443/3500/782 2444/3544/782
f 2444/3544/826 2420/3839/826 2446/3740/826
f 2459/3778/818 2477/3672/818 2470/3534/818
f 2434/3781/795 2499/3843/795 2500/3779/795
f 2500/3779/877 2428/3682/877 2429/3780/877
f 2429/3780/878 2436/3787/878 2434/3781/878
f 2524/3485/826 2428/3499/826 2500/3549/826
f 2508/3554/754 2427/3686/754 2428/3682/754
f 2428/3682/879 2500/3779/879 2501/3558/879
f 2501/3558/807 2503/3844/807 2504/3782/807
f 2504/3782/827 2508/3554/827 2428/3682/827
f 2523/3735/818 2439/3509/818 2437/3504/818
f 2507/3783/818 2521/3805/818 2514/3784/818
f 2428/3499/833 2513/3559/833 2510/3740/833
f 2499/3786/755 2433/3504/755 2430/3736/755
f 2431/3502/833 2435/3661/833 2438/3663/833
f 2440/3787/784 2523/3780/784 2524/3682/784
f 2524/3682/792 2528/3571/792 2529/3572/792
f 2529/3572/880 2432/3781/880 2440/3787/880
f 2443/3788/818 2451/3516/818 2456/3524/818
f 2448/3667/835 2453/3521/835 2457/3669/835
f 2452/3740/833 2480/3542/833 2484/3544/833
f 2484/3544/870 2485/3500/870 2455/3559/870
f 2464/3529/835 2489/3753/835 2490/3789/835
f 2460/3791/881 2464/3845/881 2465/3675/881
f 2465/3675/882 2472/3536/882 2475/3790/882
f 2475/3790/789 2459/3835/789 2460/3791/789
f 2461/3835/883 2484/3544/883 2480/3542/883
f 2480/3542/808 2481/3543/808 2463/3653/808
f 2463/3653/884 2464/3845/884 2460/3791/884
f 2460/3791/885 2461/3835/885 2480/3542/885
f 2461/3751/818 2491/3760/818 2486/3678/818
f 2481/3746/755 2493/3765/755 2488/3760/755
f 2476/3539/827 2474/3670/827 2467/3531/827
f 2492/3796/827 2480/3776/827 2484/3794/827
f 2484/3794/753 2483/3540/753 2487/3795/753
f 2486/3678/818 2491/3760/818 2533/3575/818
f 2492/3551/833 2487/3499/833 2486/3664/833
f 2486/3664/833 2491/3662/833 2490/3485/833
f 2490/3485/833 2489/3503/833 2488/3797/833
f 2488/3797/886 2493/3541/886 2492/3551/886
f 2492/3551/833 2486/3664/833 2490/3485/833
f 2505/3798/887 2492/3796/887 2487/3795/887
f 2487/3795/795 2509/3555/795 2508/3554/795
f 2508/3554/879 2504/3782/879 2505/3798/879
f 2533/3800/888 2490/3789/888 2489/3753/888
f 2489/3753/835 2496/3546/835 2532/3799/835
f 2488/3760/755 2493/3765/755 2505/3764/755
f 2532/3758/826 2543/3695/826 2540/3536/826
f 2504/3551/833 2508/3757/833 2532/3758/833
f 2504/3551/833 2532/3758/833 2496/3767/833
f 2528/3571/791 2524/3682/791 2525/3686/791
f 2525/3686/889 2531/3824/889 2532/3799/889
f 2532/3799/792 2496/3546/792 2497/3547/792
f 2497/3547/890 2528/3571/890 2525/3686/890
f 2497/3802/755 2542/3584/755 2535/3803/755
f 2501/3681/755 2512/3827/755 2517/3805/755
f 2519/3559/782 2507/3500/782 2508/3757/782
f 2508/3757/826 2504/3551/826 2516/3562/826
f 2520/3566/835 2518/3684/835 2511/3557/835
f 2527/3806/891 2534/3576/891 2537/3695/891
f 2537/3695/833 2524/3485/833 2528/3696/833
f 2539/3803/818 2544/3584/818 2531/3688/818
f 2536/3692/827 2541/3582/827 2545/3694/827
usemtl U702-PM
f 2546/3586/768 2547/3587/768 2548/3588/768
f 2549/3589/769 2550/3590/769 2551/3591/769
f 2552/3592/770 2553/3593/770 2554/3594/770
f 2555/3595/771 2556/3596/771 2557/3597/771
f 2558/3598/749 2559/3599/749 2560/3597/749
f 2561/3600/772 2562/3601/772 2563/3602/772
f 2564/3603/773 2565/3604/773 2566/3605/773
f 2567/3606/747 2568/3607/747 2569/3608/747
f 2570/3609/747 2571/3610/747 2572/3611/747
f 2573/3612/774 2574/3613/774 2575/3614/774
f 2576/3615/772 2577/3616/772 2578/3617/772
f 2579/3618/749 2580/3619/749 2581/3620/749
f 2582/3621/775 2583/3622/775 2584/3623/775
f 2585/3624/776 2586/3625/776 2587/3591/776
f 2588/3626/770 2589/3627/770 2590/3628/770
f 2591/3586/771 2592/3629/771 2593/3630/771
f 2594/3631/768 2595/3632/768 2596/3633/768
f 2597/3634/777 2598/3635/777 2599/3636/777
f 2600/3637/778 2601/3638/778 2602/3639/778
f 2603/3640/770 2604/3641/770 2605/3642/770
f 2606/3643/772 2607/3616/772 2608/3617/772
f 2609/3644/779 2610/3645/779 2611/3646/779
f 2612/3647/774 2613/3648/774 2614/3649/774
f 2615/3650/747 2616/3651/747 2617/3652/747
f 2561/3697/805 2559/3599/805 2558/3598/805
f 2567/3698/806 2565/3604/806 2564/3603/806
f 2569/3699/784 2560/3597/784 2559/3599/784
f 2566/3605/754 2563/3700/754 2562/3701/754
f 2546/3586/791 2568/3607/791 2567/3606/791
f 2548/3702/799 2555/3595/799 2557/3597/799
f 2557/3703/792 2558/3704/792 2560/3705/792
f 2550/3590/781 2564/3615/781 2566/3706/781
f 2551/3707/807 2553/3593/807 2552/3592/807
f 2562/3601/788 2554/3708/788 2553/3709/788
f 2552/3592/787 2556/3596/787 2555/3595/787
f 2547/3587/808 2549/3589/808 2551/3591/808
f 2574/3613/782 2570/3710/782 2572/3711/782
f 2580/3619/789 2576/3712/789 2578/3713/789
f 2581/3620/784 2572/3711/784 2571/3714/784
f 2578/3713/754 2575/3614/754 2574/3613/754
f 2585/3715/780 2583/3622/780 2582/3621/780
f 2591/3618/787 2589/3627/787 2588/3626/787
f 2593/3716/799 2584/3623/799 2583/3622/799
f 2590/3628/785 2587/3613/785 2586/3717/785
f 2592/3629/792 2579/3606/792 2581/3607/792
f 2577/3616/788 2588/3718/788 2590/3625/788
f 2582/3719/783 2571/3610/783 2570/3609/783
f 2586/3625/781 2573/3615/781 2575/3706/781
f 2610/3645/789 2606/3720/789 2608/3721/789
f 2615/3722/782 2613/3648/782 2612/3647/782
f 2614/3649/790 2608/3721/790 2607/3723/790
f 2617/3724/809 2611/3646/809 2610/3645/809
f 2601/3638/792 2609/3725/792 2611/3607/792
f 2597/3634/807 2604/3641/807 2603/3640/807
f 2594/3726/783 2616/3651/783 2615/3650/783
f 2605/3727/788 2607/3616/788 2606/3643/788
f 2596/3633/799 2602/3728/799 2601/3729/799
f 2612/3650/781 2599/3730/781 2598/3726/781
f 2595/3632/780 2598/3635/780 2597/3634/780
f 2600/3637/810 2603/3731/810 2605/3727/810
f 2548/3807/835 2560/3705/835 2568/3808/835
f 2555/3595/755 2551/3707/755 2552/3592/755
f 2549/3589/826 2567/3606/826 2564/3615/826
f 2553/3709/827 2566/3808/827 2562/3601/827
f 2556/3809/833 2561/3810/833 2558/3811/833
f 2565/3604/818 2559/3599/818 2563/3700/818
f 2573/3615/826 2582/3812/826 2570/3811/826
f 2572/3711/818 2578/3713/818 2574/3613/818
f 2571/3610/835 2592/3813/835 2581/3814/835
f 2577/3815/827 2586/3816/827 2575/3817/827
f 2579/3606/833 2588/3718/833 2576/3615/833
f 2589/3627/755 2583/3622/755 2587/3613/755
f 2612/3615/826 2594/3812/826 2615/3811/826
f 2616/3651/835 2601/3818/835 2611/3819/835
f 2595/3632/755 2603/3640/755 2602/3728/755
f 2607/3819/827 2599/3730/827 2614/3820/827
f 2609/3725/833 2605/3727/833 2606/3643/833
f 2608/3721/818 2617/3724/818 2610/3645/818
f 2561/3697/789 2563/3700/789 2559/3599/789
f 2567/3698/855 2569/3699/855 2565/3604/855
f 2569/3699/784 2568/3702/784 2560/3597/784
f 2566/3605/754 2565/3604/754 2563/3700/754
f 2546/3586/791 2548/3588/791 2568/3607/791
f 2548/3702/856 2547/3829/856 2555/3595/856
f 2557/3703/792 2556/3708/792 2558/3704/792
f 2550/3590/781 2549/3589/781 2564/3615/781
f 2551/3707/785 2550/3830/785 2553/3593/785
f 2562/3601/788 2561/3600/788 2554/3708/788
f 2552/3592/810 2554/3594/810 2556/3596/810
f 2547/3587/857 2546/3586/857 2549/3589/857
f 2574/3613/782 2573/3612/782 2570/3710/782
f 2580/3619/789 2579/3618/789 2576/3712/789
f 2581/3620/784 2580/3619/784 2572/3711/784
f 2578/3713/858 2577/3831/858 2575/3614/858
f 2585/3715/780 2587/3613/780 2583/3622/780
f 2591/3618/787 2593/3716/787 2589/3627/787
f 2593/3716/799 2592/3620/799 2584/3623/799
f 2590/3628/802 2589/3627/802 2587/3613/802
f 2592/3629/859 2591/3586/859 2579/3606/859
f 2577/3616/788 2576/3615/788 2588/3718/788
f 2582/3719/791 2584/3832/791 2571/3610/791
f 2586/3625/781 2585/3624/781 2573/3615/781
f 2610/3645/805 2609/3644/805 2606/3720/805
f 2615/3722/782 2617/3724/782 2613/3648/782
f 2614/3649/803 2613/3648/803 2608/3721/803
f 2617/3724/784 2616/3833/784 2611/3646/784
f 2601/3638/792 2600/3637/792 2609/3725/792
f 2597/3634/785 2599/3636/785 2604/3641/785
f 2594/3726/791 2596/3834/791 2616/3651/791
f 2605/3727/788 2604/3625/788 2607/3616/788
f 2596/3633/799 2595/3632/799 2602/3728/799
f 2612/3650/781 2614/3820/781 2599/3730/781
f 2595/3632/780 2594/3631/780 2598/3635/780
f 2600/3637/787 2602/3639/787 2603/3731/787
f 2548/3807/835 2557/3703/835 2560/3705/835
f 2555/3595/755 2547/3829/755 2551/3707/755
f 2549/3589/826 2546/3586/826 2567/3606/826
f 2553/3709/827 2550/3807/827 2566/3808/827
f 2556/3809/833 2554/3624/833 2561/3810/833
f 2565/3604/818 2569/3699/818 2559/3599/818
f 2573/3615/826 2585/3624/826 2582/3812/826
f 2572/3711/818 2580/3619/818 2578/3713/818
f 2571/3610/835 2584/3832/835 2592/3813/835
f 2577/3815/827 2590/3846/827 2586/3816/827
f 2579/3606/833 2591/3586/833 2588/3718/833
f 2589/3627/755 2593/3716/755 2583/3622/755
f 2612/3615/826 2598/3624/826 2594/3812/826
f 2616/3651/835 2596/3834/835 2601/3818/835
f 2595/3632/755 2597/3634/755 2603/3640/755
f 2607/3819/827 2604/3847/827 2599/3730/827
f 2609/3725/833 2600/3637/833 2605/3727/833
f 2608/3721/818 2613/3648/818 2617/3724/818
o Plane.005
v -1.760000 0.010000 2.168000
v -2.758000 0.012000 2.150000
v -2.758000 0.010000 2.152000
v -2.760000 0.012000 2.152000
v -2.162000 0.010000 2.152000
v -2.162000 0.012000 2.150000
v -2.160000 0.012000 2.152000
v -2.160000 2.732000 2.152000
v -2.160000 2.732000 2.148000
v -2.160000 2.730000 2.150000
v -2.160000 2.728000 2.148000
v -2.162000 0.010000 2.166000
v -2.160000 0.012000 2.166000
v -2.162000 0.012000 2.168000
v -2.758000 0.010000 2.166000
v -2.758000 0.012000 2.168000
v -2.760000 0.012000 2.166000
v -2.162000 2.730000 2.166000
v -2.162000 2.728000 2.168000
v -2.160000 2.728000 2.166000
v -2.758000 2.730000 2.166000
v -2.760000 2.728000 2.166000
v -2.758000 2.728000 2.168000
v -2.758000 0.012000 0.618000
v -2.760000 0.012000 0.616000
v -2.758000 0.010000 0.616000
v -2.162000 0.012000 0.618000
v -2.162000 0.010000 0.616000
v -2.160000 0.012000 0.616000
v -2.758000 0.012000 0.600000
v -2.758000 0.010000 0.602000
v -2.760000 0.012000 0.602000
v -2.162000 0.012000 0.600000
v -2.160000 0.012000 0.602000
v -2.162000 0.010000 0.602000
v -2.758586 2.731414 0.618000
v -2.760000 2.728000 0.616000
v -2.758000 2.730000 0.618000
v -2.760000 2.728000 0.620000
v -2.162000 2.730000 0.602000
v -2.160000 2.728000 0.602000
v -2.162000 2.728000 0.600000
v -2.758000 2.728000 0.600000
v -2.760000 2.728000 0.602000
v -2.758000 2.730000 0.602000
v -2.242000 0.010000 2.148000
v -2.240000 0.012000 2.148000
v -2.242000 0.012000 2.150000
v -2.242000 0.010000 0.620000
v -2.242000 0.012000 0.618000
v -2.240000 0.012000 0.620000
v -2.242000 0.100000 2.148000
v -2.242000 0.098000 2.150000
v -2.240000 0.098000 2.148000
v -2.242000 0.100000 0.620000
v -2.240000 0.098000 0.620000
v -2.242000 0.098000 0.618000
v -2.256000 0.010000 2.148000
v -2.256000 0.012000 2.150000
v -2.258000 0.012000 2.148000
v -2.256000 0.010000 0.620000
v -2.258000 0.012000 0.620000
v -2.256000 0.012000 0.618000
v -2.256000 0.100000 2.148000
v -2.258000 0.098000 2.148000
v -2.256000 0.098000 2.150000
v -2.256000 0.100000 0.620000
v -2.256000 0.098000 0.618000
v -2.258000 0.098000 0.620000
v -2.160000 2.732000 0.616000
v -2.160000 2.728000 0.620000
v -2.160000 2.730000 0.618000
v -2.160000 2.732000 0.620000
v -2.162000 2.728000 1.245000
v -2.160000 2.728000 1.243000
v -2.162000 2.730000 1.243000
v -2.758000 2.730000 1.243000
v -2.760000 2.728000 1.243000
v -2.758000 2.728000 1.245000
v -2.162000 2.714000 0.618000
v -2.160000 2.714000 0.620000
v -2.162000 2.712000 0.620000
v -2.758000 2.714000 0.618000
v -2.758000 2.712000 0.620000
v -2.760000 2.714000 0.620000
v -2.162000 2.714000 1.245000
v -2.162000 2.712000 1.243000
v -2.160000 2.714000 1.243000
v -2.758000 2.714000 1.245000
v -2.760000 2.714000 1.243000
v -2.758000 2.712000 1.243000
v -2.758586 2.731414 2.150000
v -2.760000 2.728000 2.148000
v -2.758000 2.730000 2.150000
v -2.760000 2.728000 2.152000
v -2.758000 2.728000 1.525000
v -2.760000 2.728000 1.527000
v -2.758000 2.730000 1.527000
v -2.162000 2.730000 1.527000
v -2.160000 2.728000 1.527000
v -2.162000 2.728000 1.525000
v -2.758000 2.714000 2.150000
v -2.760000 2.714000 2.148000
v -2.758000 2.712000 2.148000
v -2.162000 2.714000 2.150000
v -2.162000 2.712000 2.148000
v -2.160000 2.714000 2.148000
v -2.758000 2.714000 1.525000
v -2.758000 2.712000 1.527000
v -2.760000 2.714000 1.527000
v -2.162000 2.714000 1.525000
v -2.160000 2.714000 1.527000
v -2.162000 2.712000 1.527000
vn -0.5774 -0.5773 -0.5773
vn 0.5774 -0.5773 -0.5773
vn -0.0000 1.0000 -0.0000
vn 0.5773 -0.5774 0.5773
vn -0.5773 -0.5774 0.5773
vn 0.5774 0.5774 0.5773
vn -0.5774 0.5774 0.5773
vn -0.5773 -0.5774 0.5774
vn 0.5773 -0.5774 0.5774
vn -0.5773 -0.5774 -0.5773
vn 0.5773 -0.5774 -0.5773
vn -0.5614 -0.2326 -0.7942
vn 0.5773 0.5774 -0.5773
vn -0.5773 0.5774 -0.5773
vn 0.5774 -0.5773 0.5773
vn 0.5774 0.5773 0.5773
vn -0.5773 -0.5773 0.5774
vn -0.5773 -0.5773 -0.5774
vn -0.5773 0.5773 0.5774
vn -0.5773 0.5773 -0.5774
vn -1.0000 -0.0000 -0.0000
vn 0.5774 0.5774 0.5774
vn -0.5774 0.5774 0.5774
vn 0.5772 -0.5774 -0.5774
vn -0.5772 -0.5774 -0.5774
vn -0.5774 -0.5774 0.5774
vn 0.5774 -0.5774 0.5774
vn -0.0000 -0.7071 -0.7071
vn 0.7071 -0.0000 -0.7071
vn -0.0000 -0.7071 0.7071
vn -0.0000 0.7072 0.7070
vn -0.7071 -0.0000 0.7072
vn 0.7071 -0.0000 0.7072
vn -0.7071 -0.7071 -0.0000
vn 0.7071 -0.7071 -0.0000
vn 0.9847 0.1231 0.1231
vn -0.0000 0.7071 -0.7071
vn -0.7072 0.7070 -0.0000
vn -0.7070 -0.0000 -0.7072
vn 0.7070 -0.0000 -0.7072
vn -0.7070 -0.0000 0.7072
vn 0.7071 0.7071 -0.0000
vn 0.7071 -0.0000 0.7071
vn -0.7071 0.7071 -0.0000
vn -0.7071 -0.0000 -0.7071
vn -0.7071 -0.0000 0.7071
vn -0.0000 -0.7072 0.7070
vn -0.0000 0.7070 0.7072
vn 0.7072 0.7071 -0.0000
vn -0.7072 -0.7071 -0.0000
vn 0.7072 -0.7071 -0.0000
vn 0.7071 -0.0000 -0.7072
vn -0.7072 -0.0000 0.7070
vn -0.0000 0.7070 -0.7072
vn -0.9235 0.3836 -0.0017
vn -0.7072 -0.0000 -0.7070
vn -0.7072 -0.0000 -0.7071
vn 0.9847 0.1231 -0.1231
vn -0.9235 0.3836 0.0017
vn -0.0000 -1.0000 -0.0000
vn -0.0000 -0.0000 -1.0000
vn 1.0000 -0.0000 -0.0000
vn -0.0000 -0.0000 1.0000
vn 0.0033 1.0000 -0.0000
vn -0.0033 1.0000 -0.0000
vn -0.5614 -0.2326 0.7942
vn -0.0000 -0.7072 -0.7070
vn 1.0000 -0.0007 -0.0000
vn 0.7072 -0.0000 0.7070
vn 0.7043 0.7044 0.0881
vn -0.9064 0.4165 -0.0700
vn 0.7072 -0.0000 -0.7071
vn -0.7071 -0.0000 -0.7072
vn -0.0000 -0.7071 0.7072
vn -0.0000 0.7071 0.7072
vn -0.0000 0.7071 0.7071
vn 1.0000 0.0032 0.0032
vn -0.0000 -0.7070 0.7072
vn 0.9847 -0.1231 -0.1232
vn -0.0000 -0.7070 -0.7072
vn -0.9064 0.4165 0.0700
vn 0.7043 0.7044 -0.0881
vn -0.7072 0.7071 -0.0000
vn 1.0000 0.0032 -0.0032
vn 0.9847 -0.1231 0.1231
vn -1.0000 0.0007 0.0007
vn -0.0000 1.0000 0.0032
vn -1.0000 0.0007 -0.0007
vn -0.0000 1.0000 -0.0032
vt 0.159800 -0.265800
vt 0.159800 -0.267800
vt 0.157800 -0.267800
vt 0.755800 -0.267800
vt 0.755800 -0.265800
vt 0.757800 -0.267800
vt 0.757800 -0.265799
vt 0.757800 -0.263799
vt 0.755800 -0.281799
vt 0.757800 -0.281799
vt 0.755800 -0.283799
vt 0.159800 -0.281799
vt 0.159800 -0.283799
vt 0.157800 -0.281799
vt 0.755806 -0.281799
vt 0.755800 -0.283799
vt 0.757800 -0.281799
vt 0.159800 -0.281799
vt 0.157800 -0.281799
vt 0.159800 -0.283799
vt 1.266200 -1.135400
vt 1.268200 -1.135400
vt 1.268200 -1.137400
vt 0.755800 1.266200
vt 0.755800 1.268200
vt 0.757800 1.268200
vt 0.159800 1.284200
vt 0.159800 1.282200
vt 0.157800 1.282200
vt 0.755800 -1.135400
vt 0.757800 -1.135400
vt 0.755800 -1.137400
vt 1.266200 1.582600
vt 1.266200 1.582600
vt 1.264201 1.580599
vt 0.755806 1.282200
vt 0.757800 1.282200
vt 0.755800 1.284200
vt 0.159800 1.580599
vt 0.157800 1.580599
vt 0.159800 1.582600
vt -0.263799 -1.137400
vt -0.263799 -1.135401
vt -0.265800 -1.135400
vt 0.675800 -1.137400
vt 0.675800 -1.135401
vt 0.677800 -1.135400
vt 0.675800 -1.047400
vt 0.675800 -1.049400
vt 0.677800 -1.049400
vt 1.264200 -1.047400
vt 1.264200 -1.049400
vt 1.266200 -1.049400
vt 0.661800 -1.137400
vt 0.661800 -1.135400
vt 0.659800 -1.135400
vt 1.264200 -1.137400
vt 1.264200 -1.135401
vt 1.266200 -1.135400
vt -0.263799 -1.047400
vt -0.263799 -1.049400
vt -0.265800 -1.049400
vt 0.661800 1.264200
vt 0.661800 1.266200
vt 0.659800 1.264200
vt 0.757800 1.582600
vt 0.757800 1.584600
vt 0.639200 1.580599
vt 0.641200 1.580599
vt 0.641200 1.582600
vt 0.159800 0.641200
vt 0.157800 0.641200
vt 0.159800 0.639200
vt 0.755800 1.566600
vt 0.757800 1.566600
vt 0.755800 1.564600
vt 0.159800 1.266200
vt 0.159800 1.264200
vt 0.157800 1.264200
vt 0.755800 0.639200
vt 0.755800 0.641200
vt 0.757800 0.641200
vt 0.159800 1.566600
vt 0.157800 1.566600
vt 0.159800 1.564600
vt -0.265800 1.582600
vt -0.265800 1.582600
vt -0.267799 1.580599
vt 0.359201 1.580600
vt 0.357201 1.580599
vt 0.357201 1.582600
vt 0.755800 0.357201
vt 0.757800 0.357201
vt 0.755800 0.359201
vt -0.265800 1.566600
vt -0.263799 1.566600
vt -0.263799 1.564600
vt 0.755800 -0.265800
vt 0.755800 -0.263799
vt 0.757800 -0.263799
vt 0.159800 0.359201
vt 0.159800 0.357201
vt 0.157800 0.357201
vt 0.359201 1.566600
vt 0.357201 1.566600
vt 0.357201 1.564600
vt -0.267800 1.584600
vt -0.267800 -1.135401
vt -0.281799 -1.135400
vt -0.283799 1.580600
vt -0.281799 1.580600
vt 0.757800 1.580600
vt 0.755800 -1.135401
vt 0.757800 -1.135400
vt 0.757800 -0.265800
vt 0.159800 1.266200
vt 0.755800 1.284200
vt 0.755800 1.282200
vt 0.159800 1.268200
vt 0.159800 1.284200
vt 0.157800 1.268200
vt 0.159800 1.282200
vt 0.157800 1.282200
vt 0.159800 -1.135401
vt 0.157800 -1.135400
vt 0.755800 1.580599
vt 1.268200 1.580600
vt 1.264200 -1.137400
vt -0.263799 -1.047400
vt -0.263799 -1.049401
vt 1.264200 -1.135401
vt -0.263799 -1.137400
vt -0.263799 -1.135400
vt 1.264200 -1.047400
vt 0.675800 -1.135400
vt 0.661800 -1.047400
vt 0.661800 -1.049400
vt 0.675800 1.264200
vt 0.661800 -1.135401
vt 0.755800 0.639200
vt 0.755800 0.641200
vt 0.757800 1.264200
vt 0.755800 1.266200
vt 0.755800 1.264200
vt 0.159800 0.639200
vt 0.159800 0.641200
vt 0.639200 1.566600
vt 0.641200 1.566600
vt 0.159800 1.580600
vt 0.159800 0.359201
vt 0.000000 0.000000
vt 0.159800 -0.265800
vt 0.755800 0.359201
vt 0.755800 0.357201
vt 0.159800 -0.263799
vt 0.157800 -0.263799
vt 0.757800 0.357201
vt -0.263799 1.580600
vt -0.265800 -1.135400
vt 0.157800 -0.267800
vt 0.757800 1.266200
vt 0.757800 1.266200
vt 0.641200 1.582600
vt 0.159800 1.566600
vt 0.157800 1.580600
vt 0.159800 1.582600
vt 0.755800 1.566600
vt -0.267800 -1.135401
vt 0.159800 1.582600
vt 0.757800 1.582599
vt -0.281799 1.580600
vt 0.159800 0.357201
vt 0.357201 1.580600
vt 0.159800 1.580599
vt 0.159800 -1.135400
vt 1.282200 1.580600
vt 1.282200 -1.135400
vt 1.264200 1.584600
vt 0.159800 1.266200
vt 1.264200 1.566600
vt 0.641200 1.580600
vt 0.661800 -0.263799
vt 0.675800 -0.263799
vt 0.675800 -1.049400
vt 1.264200 1.580600
vt 0.755800 1.580600
vt -0.264130 1.584269
vt -0.283799 -1.135400
vt 0.755800 1.580599
vt 0.757800 1.282200
vt 0.159214 1.266200
vt 0.675800 1.266200
vt 0.757800 1.268200
vt 0.157800 0.641200
vt 0.757800 1.264200
vt 0.357201 1.566600
vt 0.159214 -0.265800
vt 0.157800 1.566600
vt 0.757800 1.584600
vt 0.159800 1.566600
vt -0.263799 1.566600
vt 0.661800 1.264200
vt 0.661800 -1.049400
vt 0.755800 1.566600
s 0
usemtl U702-ST9
f 2663/3889/906 2664/3890/906 2665/3891/906
f 2666/3892/902 2667/3893/902 2668/3894/902
f 2669/3895/907 2670/3896/907 2671/3897/907
f 2672/3898/904 2673/3899/904 2674/3900/904
f 2675/3901/908 2676/3902/908 2677/3903/908
f 2678/3904/909 2679/3905/909 2680/3906/909
f 2681/3907/910 2682/3908/910 2683/3909/910
f 2684/3910/911 2685/3911/911 2686/3912/911
f 2687/3913/912 2689/3913/912 2690/3914/912
f 2691/3915/913 2692/3916/913 2693/3917/913
f 2694/3918/914 2695/3919/914 2696/3920/914
f 2697/3921/915 2698/3922/915 2699/3923/915
f 2700/3924/916 2701/3925/916 2702/3926/916
f 2703/3927/900 2704/3928/900 2705/3929/900
f 2706/3930/899 2707/3931/899 2708/3932/899
f 2709/3933/903 2711/3934/903 2712/3935/903
f 2713/3936/905 2714/3937/905 2715/3938/905
f 2716/3939/904 2717/3940/904 2718/3941/904
f 2719/3942/917 2720/3943/917 2721/3944/917
f 2722/3945/918 2723/3946/918 2724/3947/918
f 2725/3948/916 2726/3949/916 2727/3950/916
f 2728/3951/915 2729/3952/915 2730/3953/915
f 2666/3975/926 2664/3890/926 2663/3889/926
f 2673/3899/933 2669/3976/933 2671/3977/933
f 2674/3900/920 2668/3978/920 2667/3906/920
f 2665/3891/934 2671/3977/934 2670/3909/934
f 2679/3905/925 2675/3979/925 2677/3980/925
f 2684/3981/935 2682/3908/935 2681/3907/935
f 2686/3899/936 2680/3906/936 2679/3905/936
f 2677/3980/937 2683/3909/937 2682/3908/937
f 2676/3902/938 2663/3892/938 2665/3982/938
f 2670/3896/922 2681/3983/922 2683/3984/922
f 2672/3985/928 2685/3911/928 2684/3910/928
f 2667/3893/919 2678/3901/919 2680/3986/919
f 2694/3918/939 2691/3987/939 2693/3988/939
f 2688/3989/940 2693/3988/940 2692/3929/940
f 2701/3925/919 2697/3990/919 2699/3991/919
f 2706/3992/921 2704/3928/921 2703/3927/921
f 2708/3993/941 2702/3926/941 2701/3925/941
f 2699/3991/942 2705/3929/942 2704/3928/942
f 2697/3921/943 2688/3959/943 2698/3922/943
f 2692/3916/924 2703/3994/924 2705/3995/924
f 2696/3996/944 2707/3931/944 2706/3930/944
f 2713/3997/945 2716/3939/945 2718/3941/945
f 2715/3998/946 2710/3998/946 2709/3998/946
f 2719/3999/921 2723/3946/921 2722/3945/921
f 2726/3949/919 2728/4000/919 2730/4001/919
f 2727/3950/925 2721/4002/925 2720/4003/925
f 2724/3947/926 2730/4001/926 2729/4004/926
f 2725/3951/947 2714/3937/947 2713/3936/947
f 2719/3942/932 2710/4005/932 2720/3943/932
f 2718/3936/920 2729/3952/920 2728/3951/920
f 2656/3882/950 2694/4010/950 2653/3880/950
f 2700/4011/947 2656/4012/947 2655/4013/947
f 2716/3939/933 2628/3855/933 2717/3940/933
f 2628/3959/934 2722/4014/934 2724/3922/934
f 2711/4016/954 2722/4014/954 2627/4017/954
f 2628/3855/955 2715/4019/955 2711/3848/955
f 2628/4005/953 2729/3952/953 2717/4020/953
f 2697/3921/952 2655/4013/952 2689/3913/952
f 2689/4008/956 2656/3926/956 2693/3988/956
f 2702/4027/912 2695/4028/912 2656/3882/912
f 2675/4029/951 2666/3985/951 2663/4030/951
f 2668/3978/953 2671/3977/953 2664/3890/953
f 2683/3984/954 2665/3982/954 2670/3896/954
f 2680/3986/952 2674/4031/952 2667/3893/952
f 2684/3910/894 2669/4030/894 2672/3985/894
f 2682/3908/912 2679/3905/912 2677/3980/912
f 2705/3995/953 2688/4032/953 2692/3916/953
f 2706/3930/954 2691/4033/954 2696/3996/954
f 2704/3928/951 2701/3925/951 2699/3991/951
f 2714/3937/912 2720/3943/912 2710/4005/912
f 2718/4033/952 2725/3930/952 2713/3996/952
f 2721/4002/951 2730/4001/951 2723/3946/951
f 2687/3913/953 2688/3959/953 2689/3913/953
f 2709/3933/957 2710/4005/957 2711/3934/957
f 2666/3975/926 2668/3978/926 2664/3890/926
f 2673/3899/933 2672/3898/933 2669/3976/933
f 2674/3900/943 2673/3899/943 2668/3978/943
f 2665/3891/934 2664/3890/934 2671/3977/934
f 2679/3905/925 2678/3904/925 2675/3979/925
f 2684/3981/935 2686/3899/935 2682/3908/935
f 2686/3899/964 2685/3900/964 2680/3906/964
f 2677/3980/937 2676/3891/937 2683/3909/937
f 2676/3902/965 2675/3901/965 2663/3892/965
f 2670/3896/966 2669/3895/966 2681/3983/966
f 2672/3985/928 2674/4039/928 2685/3911/928
f 2667/3893/919 2666/3892/919 2678/3901/919
f 2694/3918/967 2696/3920/967 2691/3987/967
f 2688/3989/968 2687/4040/968 2693/3988/968
f 2701/3925/919 2700/3924/919 2697/3990/919
f 2706/3992/969 2708/3993/969 2704/3928/969
f 2708/3993/925 2707/4041/925 2702/3926/925
f 2699/3991/926 2698/4042/926 2705/3929/926
f 2697/3921/970 2689/3913/970 2688/3959/970
f 2692/3916/934 2691/3915/934 2703/3994/934
f 2696/3996/932 2695/4012/932 2707/3931/932
f 2713/3997/928 2715/4019/928 2716/3939/928
f 2715/3998/935 2714/3998/935 2710/3998/935
f 2719/3999/969 2721/4002/969 2723/3946/969
f 2726/3949/971 2725/3948/971 2728/4000/971
f 2727/3950/925 2726/3949/925 2721/4002/925
f 2724/3947/926 2723/3946/926 2730/4001/926
f 2725/3951/930 2727/4043/930 2714/3937/930
f 2719/3942/944 2711/3934/944 2710/4005/944
f 2718/3936/943 2717/4020/943 2729/3952/943
f 2656/3882/974 2695/4028/974 2694/4010/974
f 2700/4011/930 2702/4045/930 2656/4012/930
f 2716/3939/975 2625/3853/975 2628/3855/975
f 2628/3959/976 2627/4017/976 2722/4014/976
f 2711/4016/954 2719/4047/954 2722/4014/954
f 2711/3848/928 2627/3854/928 2628/3855/928
f 2628/3855/978 2716/3939/978 2715/4019/978
f 2715/4019/935 2710/4003/935 2711/3848/935
f 2628/4005/953 2724/4048/953 2729/3952/953
f 2697/3921/952 2700/4011/952 2655/4013/952
f 2693/3988/968 2688/3989/968 2689/4008/968
f 2689/4008/967 2655/4026/967 2656/3926/967
f 2656/3926/980 2694/3918/980 2693/3988/980
f 2702/4027/912 2707/3995/912 2695/4028/912
f 2675/4029/951 2678/4049/951 2666/3985/951
f 2668/3978/953 2673/3899/953 2671/3977/953
f 2683/3984/954 2676/3902/954 2665/3982/954
f 2680/3986/952 2685/4050/952 2674/4031/952
f 2684/3910/894 2681/4029/894 2669/4030/894
f 2682/3908/912 2686/3899/912 2679/3905/912
f 2705/3995/953 2698/4027/953 2688/4032/953
f 2706/3930/954 2703/4051/954 2691/4033/954
f 2704/3928/951 2708/3993/951 2701/3925/951
f 2714/3937/912 2727/4043/912 2720/3943/912
f 2718/4033/952 2728/4014/952 2725/3930/952
f 2721/4002/951 2726/3949/951 2730/4001/951
usemtl H1386-ST40
f 2619/3848/892 2620/3849/892 2621/3850/892
f 2622/3851/893 2623/3852/893 2624/3853/893
f 2625/3853/894 2627/3854/894 2628/3855/894
f 2629/3856/895 2630/3857/895 2631/3858/895
f 2632/3859/896 2633/3860/896 2634/3861/896
f 2635/3862/897 2636/3863/897 2637/3864/897
f 2638/3865/898 2639/3866/898 2640/3867/898
f 2641/3868/899 2642/3869/899 2643/3870/899
f 2644/3871/900 2645/3872/900 2646/3873/900
f 2647/3874/901 2648/3875/901 2649/3876/901
f 2650/3877/902 2651/3878/902 2652/3879/902
f 2653/3880/903 2655/3881/903 2656/3882/903
f 2657/3883/904 2658/3884/904 2659/3885/904
f 2660/3886/905 2661/3887/905 2662/3888/905
f 2620/3849/919 2623/3852/919 2622/3851/919
f 2623/3891/920 2625/3954/920 2624/3955/920
f 2633/3860/921 2629/3856/921 2631/3858/921
f 2638/3865/922 2636/3863/922 2635/3862/922
f 2634/3956/923 2640/3957/923 2639/3958/923
f 2637/3959/924 2631/3960/924 2630/3961/924
f 2632/3859/925 2621/3850/925 2620/3849/925
f 2630/3857/926 2622/3851/926 2624/3853/926
f 2635/3862/927 2627/3854/927 2626/3962/927
f 2641/3963/921 2645/3872/921 2644/3871/921
f 2648/3875/919 2650/3964/919 2652/3965/919
f 2643/3966/925 2649/3876/925 2648/3875/925
f 2652/3965/926 2646/3873/926 2645/3872/926
f 2660/3967/928 2657/3883/928 2659/3885/928
f 2654/3968/929 2662/3969/929 2661/3970/929
f 2661/3887/930 2647/3971/930 2649/3972/930
f 2651/3878/931 2659/3973/931 2658/3959/931
f 2641/3868/932 2654/3974/932 2642/3869/932
f 2619/4006/948 2712/3935/948 2711/3934/948
f 2638/3865/929 2712/4007/929 2639/3866/929
f 2689/4008/949 2657/3883/949 2690/4009/949
f 2687/3913/924 2644/3960/924 2646/3961/924
f 2622/3851/951 2632/3859/951 2620/3849/951
f 2621/4015/912 2639/3958/912 2712/3935/912
f 2711/4016/952 2627/4017/952 2623/3877/952
f 2624/3955/953 2637/4018/953 2630/3956/953
f 2711/3848/894 2638/3865/894 2635/3862/894
f 2631/3960/954 2640/4021/954 2633/4022/954
f 2644/3960/954 2689/3913/954 2655/4013/954
f 2648/3875/951 2645/3872/951 2643/3966/951
f 2642/3869/912 2661/4023/912 2649/4024/912
f 2646/3869/953 2658/4023/953 2690/4025/953
f 2647/3971/952 2659/3973/952 2650/3877/952
f 2655/4026/894 2657/3883/894 2662/3969/894
f 2625/3853/912 2626/3962/912 2627/3854/912
f 2653/3880/957 2654/3974/957 2655/3881/957
f 2620/3849/958 2619/3848/958 2623/3852/958
f 2623/3891/959 2626/4034/959 2625/3954/959
f 2633/3860/938 2632/3859/938 2629/3856/938
f 2638/3865/939 2640/3867/939 2636/3863/939
f 2634/3956/944 2633/4035/944 2640/3957/944
f 2637/3959/960 2636/4036/960 2631/3960/960
f 2632/3859/925 2634/3861/925 2621/3850/925
f 2630/3857/926 2629/3856/926 2622/3851/926
f 2635/3862/961 2637/3864/961 2627/3854/961
f 2641/3963/921 2643/3966/921 2645/3872/921
f 2648/3875/919 2647/3874/919 2650/3964/919
f 2643/3966/925 2642/3968/925 2649/3876/925
f 2652/3965/926 2651/4037/926 2646/3873/926
f 2660/3967/928 2662/3969/928 2657/3883/928
f 2654/3968/962 2653/4038/962 2662/3969/962
f 2661/3887/948 2660/3886/948 2647/3971/948
f 2651/3878/963 2650/3877/963 2659/3973/963
f 2641/3868/937 2655/3881/937 2654/3974/937
f 2619/4006/964 2621/4015/964 2712/3935/964
f 2638/3865/972 2709/4044/972 2712/4007/972
f 2689/4008/973 2658/3884/973 2657/3883/973
f 2687/3913/959 2690/3914/959 2644/3960/959
f 2622/3851/951 2629/3856/951 2632/3859/951
f 2621/4015/912 2634/3956/912 2639/3958/912
f 2623/3877/952 2619/4022/952 2711/4016/952
f 2627/4017/977 2626/4046/977 2623/3877/977
f 2624/3955/953 2626/4034/953 2637/4018/953
f 2635/3862/894 2627/3854/894 2711/3848/894
f 2711/3848/935 2712/4007/935 2638/3865/935
f 2631/3960/954 2636/4036/954 2640/4021/954
f 2655/4013/954 2641/4022/954 2644/3960/954
f 2644/3960/979 2690/3914/979 2689/3913/979
f 2648/3875/951 2652/3965/951 2645/3872/951
f 2642/3869/912 2654/3974/912 2661/4023/912
f 2646/3869/953 2651/4024/953 2658/4023/953
f 2647/3971/952 2660/3886/952 2659/3973/952
f 2662/3969/935 2654/3968/935 2655/4026/935
f 2655/4026/894 2689/4008/894 2657/3883/894
o Plane.006
v -0.578000 0.102000 3.300000
v -0.580000 0.102000 3.298000
v -0.578000 0.100000 3.298000
v -0.002000 0.102000 3.300000
v -0.002000 0.100000 3.298000
v 0.000000 0.102000 3.298000
v 0.000000 0.102000 2.502000
v -0.002000 0.100000 2.502000
v -0.002000 0.102000 2.500000
v -0.580000 0.102000 2.502000
v -0.578000 0.102000 2.500000
v -0.578000 0.100000 2.502000
v -0.578000 0.116000 3.300000
v -0.578000 0.118000 3.298000
v -0.580000 0.116000 3.298000
v -0.002000 0.116000 3.300000
v 0.000000 0.116000 3.298000
v -0.002000 0.118000 3.298000
v 0.000000 0.116000 2.502000
v -0.002000 0.116000 2.500000
v -0.002000 0.118000 2.502000
v -0.580000 0.116000 2.502000
v -0.578000 0.118000 2.502000
v -0.578000 0.116000 2.500000
v -0.578000 0.118000 3.298000
v -0.578000 0.120000 3.300000
v -0.580000 0.120000 3.298000
v -0.002000 0.118000 3.298000
v 0.000000 0.120000 3.298000
v -0.002000 0.120000 3.300000
v -0.002000 0.118000 2.502000
v -0.002000 0.120000 2.500000
v 0.000000 0.120000 2.502000
v -0.578000 0.118000 2.502000
v -0.580000 0.120000 2.502000
v -0.578000 0.120000 2.500000
v -0.578000 0.890000 3.298000
v -0.580000 0.888000 3.298000
v -0.578000 0.888000 3.300000
v -0.002000 0.890000 3.298000
v -0.002000 0.888000 3.300000
v 0.000000 0.888000 3.298000
v -0.002000 0.890000 2.502000
v 0.000000 0.888000 2.502000
v -0.002000 0.888000 2.500000
v -0.578000 0.890000 2.502000
v -0.578000 0.888000 2.500000
v -0.580000 0.888000 2.502000
v -0.578000 0.118000 3.284000
v -0.580000 0.120000 3.284000
v -0.578000 0.120000 3.282000
v -0.002000 0.118000 3.284000
v -0.002000 0.120000 3.282000
v 0.000000 0.120000 3.284000
v -0.578000 0.890000 3.284000
v -0.578000 0.888000 3.282000
v -0.580000 0.888000 3.284000
v -0.002000 0.890000 3.284000
v 0.000000 0.888000 3.284000
v -0.002000 0.888000 3.282000
v -0.578000 0.118000 2.516000
v -0.578000 0.120000 2.518000
v -0.580000 0.120000 2.516000
v -0.002000 0.118000 2.516000
v 0.000000 0.120000 2.516000
v -0.002000 0.120000 2.518000
v -0.578000 0.890000 2.516000
v -0.580000 0.888000 2.516000
v -0.578000 0.888000 2.518000
v -0.002000 0.890000 2.516000
v -0.002000 0.888000 2.518000
v 0.000000 0.888000 2.516000
v -0.578000 0.890000 3.280000
v -0.580000 0.888000 3.280000
v -0.578000 0.888000 3.282000
v -0.578000 0.890000 2.520000
v -0.578000 0.888000 2.518000
v -0.580000 0.888000 2.520000
v -0.578000 0.872000 3.280000
v -0.578000 0.874000 3.282000
v -0.580000 0.874000 3.280000
v -0.578000 0.872000 2.520000
v -0.580000 0.874000 2.520000
v -0.578000 0.874000 2.518000
v -0.482000 0.890000 3.280000
v -0.482000 0.888000 3.282000
v -0.480000 0.888000 3.280000
v -0.482000 0.890000 2.520000
v -0.480000 0.888000 2.520000
v -0.482000 0.888000 2.518000
v -0.482000 0.872000 3.280000
v -0.480000 0.874000 3.280000
v -0.482000 0.874000 3.282000
v -0.482000 0.872000 2.520000
v -0.482000 0.874000 2.518000
v -0.480000 0.874000 2.520000
v -0.518000 0.100000 3.298000
v -0.520000 0.098000 3.298000
v -0.518000 0.098000 3.300000
v -0.518000 0.100000 2.502000
v -0.518000 0.098000 2.500000
v -0.520000 0.098000 2.502000
v -0.518000 0.010000 3.298000
v -0.518000 0.012000 3.300000
v -0.520000 0.012000 3.298000
v -0.518000 0.010000 2.502000
v -0.520000 0.012000 2.502000
v -0.518000 0.012000 2.500000
v -0.504000 0.100000 3.298000
v -0.504000 0.098000 3.300000
v -0.502000 0.098000 3.298000
v -0.504000 0.100000 2.502000
v -0.502000 0.098000 2.502000
v -0.504000 0.098000 2.500000
v -0.504000 0.010000 3.298000
v -0.502000 0.012000 3.298000
v -0.504000 0.012000 3.300000
v -0.504000 0.010000 2.502000
v -0.504000 0.012000 2.500000
v -0.502000 0.012000 2.502000
v -0.584000 0.102000 3.296000
v -0.582000 0.104000 3.296000
v -0.584000 0.104000 3.298000
v -0.584000 0.102000 2.504000
v -0.584000 0.104000 2.502000
v -0.582000 0.104000 2.504000
v -0.584000 0.491000 3.298000
v -0.582000 0.491000 3.296000
v -0.584000 0.493000 3.296000
v -0.584000 0.491000 2.502000
v -0.584000 0.493000 2.504000
v -0.582000 0.491000 2.504000
v -0.584000 0.499000 2.502000
v -0.582000 0.499000 2.504000
v -0.584000 0.497000 2.504000
v -0.584000 0.886000 2.502000
v -0.584000 0.888000 2.504000
v -0.582000 0.886000 2.504000
v -0.584000 0.888000 3.296000
v -0.584000 0.886000 3.298000
v -0.582000 0.886000 3.296000
v -0.584000 0.499000 3.298000
v -0.584000 0.497000 3.296000
v -0.582000 0.499000 3.296000
v -0.598000 0.102000 3.296000
v -0.598000 0.104000 3.298000
v -0.600000 0.104000 3.296000
v -0.598000 0.102000 2.504000
v -0.600000 0.104000 2.504000
v -0.598000 0.104000 2.502000
v -0.598000 0.491000 3.298000
v -0.598000 0.493000 3.296000
v -0.600000 0.491000 3.296000
v -0.598000 0.499000 2.502000
v -0.598000 0.497000 2.504000
v -0.600000 0.499000 2.504000
v -0.598000 0.886000 2.502000
v -0.600000 0.886000 2.504000
v -0.598000 0.888000 2.504000
v -0.598000 0.888000 3.296000
v -0.600000 0.886000 3.296000
v -0.598000 0.886000 3.298000
v -0.598000 0.499000 3.298000
v -0.600000 0.499000 3.296000
v -0.598000 0.497000 3.296000
v -0.598000 0.491000 2.502000
v -0.600000 0.491000 2.504000
v -0.598000 0.493000 2.504000
v -0.098000 0.890000 3.280000
v -0.100000 0.888000 3.280000
v -0.098000 0.888000 3.282000
v -0.098000 0.890000 2.520000
v -0.098000 0.888000 2.518000
v -0.100000 0.888000 2.520000
v -0.098000 0.872000 3.280000
v -0.098000 0.874000 3.282000
v -0.100000 0.874000 3.280000
v -0.098000 0.872000 2.520000
v -0.100000 0.874000 2.520000
v -0.098000 0.874000 2.518000
v -0.002000 0.890000 3.280000
v -0.002000 0.888000 3.282000
v 0.000000 0.888000 3.280000
v -0.002000 0.890000 2.520000
v 0.000000 0.888000 2.520000
v -0.002000 0.888000 2.518000
v -0.002000 0.872000 3.280000
v 0.000000 0.874000 3.280000
v -0.002000 0.874000 3.282000
v -0.002000 0.872000 2.520000
v -0.002000 0.874000 2.518000
v 0.000000 0.874000 2.520000
vn -0.5773 -0.5774 0.5773
vn 0.5773 -0.5774 0.5773
vn 0.5774 -0.5773 -0.5773
vn -0.5774 -0.5773 -0.5774
vn -0.5773 0.5774 0.5773
vn 0.5773 0.5774 0.5773
vn 0.5774 0.5773 -0.5773
vn -0.5774 0.5773 -0.5774
vn -0.5773 0.5775 0.5773
vn 0.5774 0.5774 -0.5773
vn -0.5774 -0.5774 -0.5773
vn -0.5774 0.5774 -0.5773
vn -0.5774 -0.5774 0.5773
vn -0.5774 0.5774 0.5773
vn 0.5774 0.5774 0.5773
vn 0.5774 -0.5774 0.5773
vn 0.5774 -0.5774 -0.5773
vn 0.5774 0.5773 -0.5774
vn 0.5774 -0.5773 -0.5774
vn 0.5774 0.5773 0.5773
vn 0.5774 0.5774 -0.5774
vn 0.5774 -0.5773 0.5773
vn -0.5774 -0.5773 0.5773
vn -0.5774 -0.5773 -0.5773
vn -0.5774 0.5773 0.5773
vn -0.5774 0.5774 -0.5774
vn -0.5774 0.5774 0.5774
vn -0.5774 0.5773 0.5774
vn -0.5773 0.5774 -0.5773
vn -0.5774 -0.5773 0.5774
vn -0.5773 -0.5774 -0.5773
vn 0.5773 0.5774 -0.5773
vn 0.5773 -0.5774 -0.5773
vn -0.0000 -0.7072 0.7070
vn 0.7071 -0.7071 -0.0000
vn -0.7071 -0.7071 -0.0000
vn -0.0000 -0.7071 -0.7071
vn -0.0000 0.7071 0.7071
vn 0.7071 0.7071 -0.0000
vn -0.7071 0.7071 -0.0000
vn -0.0000 0.7071 -0.7071
vn -0.7071 -0.0000 -0.7071
vn -0.7071 -0.0000 0.7071
vn 0.7071 -0.0000 0.7071
vn 0.7071 -0.0000 -0.7071
vn -0.0000 -0.7072 -0.7070
vn -0.0000 0.7070 -0.7072
vn -0.0000 0.7070 0.7072
vn -0.0000 -0.7071 0.7071
vn -0.0000 -0.7070 -0.7072
vn -0.0000 0.7072 -0.7070
vn -0.0000 0.7072 0.7070
vn -0.0000 -0.0000 1.0000
vn -0.0000 -1.0000 -0.0000
vn -1.0000 -0.0000 -0.0000
vn 1.0000 -0.0000 -0.0000
vn -0.0000 -0.0000 -1.0000
vn -0.0000 1.0000 -0.0000
vn -0.0000 -0.7070 0.7072
vt 0.100000 0.167286
vt 0.102000 0.167286
vt 0.102000 0.165286
vt 0.948429 0.167286
vt 0.948429 0.165286
vt 0.950429 0.167286
vt 0.898000 0.167286
vt 0.898000 0.165286
vt 0.900000 0.167286
vt 0.898000 0.167286
vt 0.900000 0.167286
vt 0.898000 0.165286
vt 0.372429 0.181286
vt 0.372429 0.183286
vt 0.370429 0.181286
vt 0.948429 0.181286
vt 0.950429 0.181286
vt 0.948429 0.183286
vt 0.950429 0.181286
vt 0.948429 0.181286
vt 0.948429 0.183286
vt 0.898000 0.181286
vt 0.898000 0.183286
vt 0.900000 0.181286
vt 0.372429 0.185286
vt 0.370429 0.185286
vt 0.102000 0.183286
vt 0.102000 0.185286
vt 0.100000 0.185286
vt 0.948429 0.185286
vt 0.950429 0.185286
vt 0.898000 0.183286
vt 0.898000 0.185286
vt 0.900000 0.185286
vt 0.372428 0.102000
vt 0.370429 0.102000
vt 0.372429 0.100000
vt 0.948429 0.102000
vt 0.948429 0.100000
vt 0.950429 0.102000
vt 0.898000 0.955286
vt 0.898000 0.953286
vt 0.900000 0.953286
vt 0.372428 0.955286
vt 0.372428 0.953286
vt 0.370429 0.953286
vt 0.372429 0.116000
vt 0.370429 0.116000
vt 0.372429 0.118000
vt 0.372428 0.116000
vt 0.372429 0.118000
vt 0.370429 0.116000
vt 0.948429 0.116000
vt 0.950429 0.116000
vt 0.948429 0.118000
vt 0.372429 0.183286
vt 0.372429 0.185286
vt 0.370429 0.185286
vt 0.884000 0.183286
vt 0.884000 0.185286
vt 0.882000 0.185286
vt 0.884000 0.955286
vt 0.884000 0.953286
vt 0.882000 0.953286
vt 0.948429 0.955286
vt 0.948429 0.953286
vt 0.950429 0.953286
vt 0.120000 0.955286
vt 0.120000 0.953286
vt 0.118000 0.953286
vt 0.372429 0.955286
vt 0.372429 0.953286
vt 0.372428 0.937286
vt 0.372429 0.939286
vt 0.370429 0.939286
vt 0.880000 0.937286
vt 0.880000 0.939286
vt 0.882001 0.939286
vt 0.468429 0.955286
vt 0.468429 0.953286
vt 0.470429 0.953286
vt 0.880000 0.955286
vt 0.880000 0.953286
vt 0.882000 0.953286
vt 0.120000 0.937286
vt 0.120000 0.939286
vt 0.118000 0.939286
vt 0.468429 0.880000
vt 0.468429 0.882000
vt 0.470429 0.880000
vt 0.102000 0.163286
vt 0.100000 0.163286
vt 0.372429 0.165286
vt 0.372429 0.163286
vt 0.370429 0.163286
vt 0.372429 0.102000
vt 0.370429 0.102000
vt 0.372428 0.898000
vt 0.370429 0.898000
vt 0.372428 0.900000
vt 0.386429 0.102000
vt 0.386429 0.100000
vt 0.388429 0.102000
vt 0.898000 0.163286
vt 0.900000 0.163286
vt 0.386429 0.102000
vt 0.386429 0.100000
vt 0.386429 0.898000
vt 0.386429 0.900000
vt 0.388429 0.898000
vt 0.104001 0.167286
vt 0.104001 0.169286
vt 0.102000 0.169286
vt 0.366429 0.167286
vt 0.366429 0.169286
vt 0.368429 0.169286
vt 0.102000 0.556286
vt 0.104001 0.556286
vt 0.104001 0.558286
vt 0.366429 0.556286
vt 0.366429 0.558286
vt 0.368429 0.556286
vt 0.898000 0.564286
vt 0.896000 0.564286
vt 0.896000 0.562286
vt 0.366429 0.898000
vt 0.366429 0.896000
vt 0.368429 0.896000
vt 0.366429 0.104001
vt 0.366429 0.102000
vt 0.368429 0.104001
vt 0.366429 0.102000
vt 0.368429 0.104001
vt 0.352429 0.167286
vt 0.352429 0.169286
vt 0.350429 0.169286
vt 0.896000 0.167286
vt 0.896000 0.169286
vt 0.898000 0.169286
vt 0.352429 0.556286
vt 0.352429 0.558286
vt 0.350429 0.556286
vt 0.352429 0.898000
vt 0.352429 0.896000
vt 0.350429 0.896000
vt 0.898000 0.951286
vt 0.896000 0.951286
vt 0.896000 0.953286
vt 0.104001 0.953286
vt 0.104001 0.951286
vt 0.102000 0.951286
vt 0.102000 0.564286
vt 0.104001 0.564286
vt 0.104001 0.562286
vt 0.898000 0.556286
vt 0.896000 0.556286
vt 0.896000 0.558286
vt 0.120000 0.955286
vt 0.120000 0.953286
vt 0.118000 0.953286
vt 0.372429 0.937286
vt 0.372429 0.939286
vt 0.880000 0.937286
vt 0.880000 0.939286
vt 0.882000 0.939286
vt 0.468429 0.955286
vt 0.468429 0.953286
vt 0.880000 0.955286
vt 0.882000 0.953286
vt 0.120000 0.937286
vt 0.120000 0.939286
vt 0.118000 0.939286
vt 0.468429 0.880000
vt 0.468429 0.882000
vt 0.372428 0.167286
vt 0.372429 0.165286
vt 0.102000 0.167286
vt 0.948429 0.167286
vt 0.372429 0.167286
vt 0.898000 0.181286
vt 0.102000 0.183286
vt 0.102000 0.181286
vt 0.102000 0.181286
vt 0.372429 0.181286
vt 0.372429 0.183286
vt 0.100000 0.181286
vt 0.950429 0.167286
vt 0.948429 0.183286
vt 0.372429 0.185286
vt 0.948429 0.953286
vt 0.950429 0.953286
vt 0.948429 0.185286
vt 0.948429 0.953286
vt 0.372428 0.953286
vt 0.370429 0.953286
vt 0.116000 0.183286
vt 0.372429 0.955286
vt 0.372428 0.953286
vt 0.948429 0.185286
vt 0.898000 0.185286
vt 0.884001 0.955286
vt 0.884001 0.953286
vt 0.898000 0.953286
vt 0.884001 0.183286
vt 0.884001 0.185286
vt 0.880000 0.955286
vt 0.120000 0.937286
vt 0.120000 0.939286
vt 0.880000 0.953286
vt 0.120000 0.955286
vt 0.120000 0.953286
vt 0.880000 0.937286
vt 0.372429 0.953286
vt 0.468429 0.937286
vt 0.468429 0.939286
vt 0.372429 0.880000
vt 0.468429 0.955286
vt 0.468429 0.953286
vt 0.898000 0.165286
vt 0.898000 0.163286
vt 0.900000 0.077286
vt 0.898000 0.077286
vt 0.102000 0.077286
vt 0.102000 0.163286
vt 0.898000 0.077286
vt 0.100000 0.077286
vt 0.100000 0.163286
vt 0.386429 0.165286
vt 0.372428 0.102000
vt 0.896000 0.167286
vt 0.898000 0.951286
vt 0.104001 0.953286
vt 0.896000 0.951286
vt 0.896000 0.953286
vt 0.104001 0.951286
vt 0.102000 0.951286
vt 0.898000 0.556286
vt 0.898000 0.169286
vt 0.896000 0.556286
vt 0.104001 0.564286
vt 0.104001 0.562286
vt 0.104001 0.167286
vt 0.104001 0.169286
vt 0.102000 0.556286
vt 0.104001 0.556286
vt 0.896000 0.564286
vt 0.104001 0.558286
vt 0.352429 0.102000
vt 0.366429 0.898000
vt 0.352429 0.167286
vt 0.352429 0.556286
vt 0.352429 0.558286
vt 0.352429 0.898000
vt 0.352429 0.104001
vt 0.366429 0.556286
vt 0.366429 0.558286
vt 0.880000 0.953286
vt 0.120000 0.953286
vt 0.880000 0.939286
vt 0.372429 0.953286
vt 0.468429 0.939286
vt 0.372429 0.880000
vt 0.468429 0.953286
vt 0.372429 0.898000
vt 0.948429 0.102000
vt 0.372429 0.102000
vt 0.948429 0.102000
vt 0.948429 0.116000
vt 0.102000 0.953286
vt 0.116000 0.185286
vt 0.102000 0.185286
vt 0.116000 0.953286
vt 0.948429 0.884000
vt 0.372429 0.898000
vt 0.948429 0.898000
vt 0.372429 0.884000
vt 0.948429 0.898000
vt 0.468429 0.120000
vt 0.372429 0.120000
vt 0.372429 0.077286
vt 0.386429 0.163286
vt 0.372429 0.163286
vt 0.386429 0.077286
vt 0.352429 0.896000
vt 0.366429 0.169286
vt 0.352429 0.104001
vt 0.366429 0.564286
vt 0.352429 0.951286
vt 0.366429 0.951286
vt 0.366429 0.951286
vt 0.352429 0.564286
vt 0.468429 0.120000
vt 0.372429 0.880000
vt 0.372429 0.120000
vt 0.372429 0.939286
vt 0.948429 0.165286
vt 0.950429 0.185286
vt 0.370429 0.953286
vt 0.116000 0.185286
vt 0.372429 0.882000
vt 0.900000 0.163286
vt 0.102000 0.077286
vt 0.896000 0.558286
vt 0.102000 0.169286
vt 0.372429 0.882000
vt 0.948429 0.898000
vt 0.468429 0.939286
vt 0.386429 0.077286
vt 0.468429 0.880000
vt 0.468429 0.120000
s 0
usemtl U702-ST9
f 2731/4052/981 2732/4053/981 2733/4054/981
f 2734/4055/982 2735/4056/982 2736/4057/982
f 2737/4058/983 2738/4059/983 2739/4060/983
f 2740/4061/984 2741/4062/984 2742/4063/984
f 2743/4064/985 2744/4065/985 2745/4066/985
f 2746/4067/986 2747/4068/986 2748/4069/986
f 2749/4070/987 2750/4071/987 2751/4072/987
f 2752/4073/988 2753/4074/988 2754/4075/988
f 2755/4065/981 2756/4076/981 2757/4077/981
f 2758/4078/982 2759/4079/982 2760/4080/982
f 2761/4072/983 2762/4081/983 2763/4082/983
f 2764/4083/984 2765/4084/984 2766/4085/984
f 2767/4086/989 2768/4087/989 2769/4088/989
f 2770/4089/986 2771/4090/986 2772/4091/986
f 2773/4092/990 2774/4093/990 2775/4094/990
f 2776/4095/988 2777/4096/988 2778/4097/988
f 2779/4098/991 2780/4099/991 2781/4100/991
f 2782/4072/983 2783/4081/983 2784/4082/983
f 2785/4101/992 2786/4102/992 2787/4103/992
f 2788/4104/990 2789/4105/990 2790/4106/990
f 2791/4107/993 2792/4108/993 2793/4109/993
f 2794/4110/982 2795/4111/982 2796/4112/982
f 2797/4113/994 2798/4114/994 2799/4115/994
f 2800/4116/986 2801/4117/986 2802/4118/986
f 2803/4119/994 2804/4120/994 2805/4121/994
f 2806/4122/992 2807/4123/992 2808/4097/992
f 2809/4124/993 2810/4125/993 2811/4126/993
f 2812/4127/991 2813/4128/991 2814/4129/991
f 2815/4130/995 2816/4131/995 2817/4132/995
f 2818/4133/990 2819/4134/990 2820/4135/990
f 2821/4136/996 2822/4137/996 2823/4138/996
f 2824/4139/997 2825/4140/997 2826/4141/997
f 2827/4054/985 2828/4142/985 2829/4143/985
f 2830/4144/988 2831/4145/988 2832/4146/988
f 2833/4147/981 2834/4088/981 2835/4148/981
f 2836/4149/984 2837/4150/984 2838/4151/984
f 2839/4152/986 2840/4153/986 2841/4154/986
f 2842/4063/998 2843/4155/998 2844/4156/998
f 2845/4157/982 2846/4154/982 2847/4158/982
f 2848/4159/999 2849/4160/999 2850/4161/999
f 2899/4209/1008 2900/4210/1008 2901/4211/1008
f 2902/4122/1009 2903/4123/1009 2904/4097/1009
f 2905/4212/1010 2906/4213/1010 2907/4126/1010
f 2908/4214/1011 2909/4215/1011 2910/4216/1011
f 2911/4217/995 2912/4218/995 2913/4132/995
f 2914/4219/1012 2915/4134/1012 2916/4220/1012
f 2917/4221/1002 2918/4222/1002 2919/4223/1002
f 2920/4224/1013 2921/4225/1013 2922/4141/1013
f 2735/4056/1014 2731/4226/1014 2733/4227/1014
f 2738/4059/1015 2736/4228/1015 2735/4054/1015
f 2740/4061/1016 2733/4054/1016 2732/4053/1016
f 2739/4229/1017 2742/4227/1017 2741/4230/1017
f 2746/4067/1018 2744/4065/1018 2743/4064/1018
f 2749/4231/1019 2748/4232/1019 2747/4233/1019
f 2753/4074/1020 2745/4234/1020 2744/4232/1020
f 2751/4072/1021 2754/4235/1021 2753/4236/1021
f 2752/4073/1022 2741/4062/1022 2740/4061/1022
f 2732/4053/1023 2743/4237/1023 2745/4234/1023
f 2734/4055/1024 2747/4068/1024 2746/4067/1024
f 2750/4071/1025 2737/4238/1025 2739/4229/1025
f 2758/4239/1014 2756/4076/1014 2755/4065/1014
f 2762/4081/1017 2764/4236/1017 2766/4240/1017
f 2771/4090/1018 2767/4086/1018 2769/4088/1018
f 2773/4116/1021 2777/4096/1021 2776/4095/1021
f 2763/4082/1025 2775/4241/1025 2774/4242/1025
f 2778/4097/1022 2766/4240/1022 2765/4109/1022
f 2760/4243/1024 2772/4242/1024 2771/4244/1024
f 2769/4245/1023 2757/4077/1023 2756/4076/1023
f 2783/4081/1026 2779/4236/1026 2781/4240/1026
f 2788/4104/1027 2786/4102/1027 2785/4101/1027
f 2784/4082/1025 2790/4244/1025 2789/4242/1025
f 2787/4246/1022 2781/4240/1022 2780/4109/1022
f 2782/4247/1015 2759/4079/1015 2758/4078/1015
f 2770/4089/1019 2789/4105/1019 2788/4104/1019
f 2768/4087/1020 2785/4101/1020 2787/4103/1020
f 2780/4099/1016 2755/4147/1016 2757/4148/1016
f 2794/4239/1014 2792/4108/1014 2791/4107/1014
f 2801/4117/1028 2797/4248/1028 2799/4249/1028
f 2796/4250/1024 2802/4118/1024 2801/4117/1024
f 2799/4249/1023 2793/4109/1023 2792/4108/1023
f 2795/4111/1015 2761/4083/1015 2763/4251/1015
f 2774/4093/1019 2800/4252/1019 2802/4253/1019
f 2798/4114/1020 2776/4092/1020 2778/4254/1020
f 2765/4084/1016 2791/4255/1016 2793/4256/1016
f 2806/4257/1020 2804/4120/1020 2803/4119/1020
f 2813/4128/1016 2809/4258/1016 2811/4259/1016
f 2814/4129/1022 2808/4260/1022 2807/4220/1022
f 2805/4121/1023 2811/4259/1023 2810/4138/1023
f 2819/4134/1019 2815/4261/1019 2817/4262/1019
f 2824/4263/1015 2822/4137/1015 2821/4136/1015
f 2826/4215/1025 2820/4135/1025 2819/4134/1025
f 2817/4262/1024 2823/4138/1024 2822/4137/1024
f 2816/4131/1018 2803/4248/1018 2805/4264/1018
f 2810/4125/1029 2821/4265/1029 2823/4266/1029
f 2812/4267/1026 2825/4140/1026 2824/4139/1026
f 2807/4123/1021 2818/4268/1021 2820/4269/1021
f 2830/4270/1020 2828/4142/1020 2827/4054/1020
f 2837/4150/1016 2833/4147/1016 2835/4148/1016
f 2832/4271/1022 2838/4272/1022 2837/4273/1022
f 2835/4274/1023 2829/4143/1023 2828/4142/1023
f 2843/4155/1019 2839/4054/1019 2841/4275/1019
f 2848/4159/1015 2846/4154/1015 2845/4157/1015
f 2844/4156/1025 2850/4276/1025 2849/4272/1025
f 2847/4277/1024 2841/4275/1024 2840/4278/1024
f 2842/4279/1027 2831/4145/1027 2830/4144/1027
f 2836/4149/1030 2849/4160/1030 2848/4159/1030
f 2840/4153/1018 2827/4280/1018 2829/4088/1018
f 2845/4157/1029 2834/4088/1029 2833/4147/1029
f 2902/4257/1020 2900/4210/1020 2899/4209/1020
f 2909/4215/1016 2905/4258/1016 2907/4259/1016
f 2910/4216/1022 2904/4308/1022 2903/4220/1022
f 2901/4211/1023 2907/4259/1023 2906/4138/1023
f 2915/4134/1019 2911/4261/1019 2913/4309/1019
f 2920/4263/1015 2918/4222/1015 2917/4221/1015
f 2922/4310/1025 2916/4220/1025 2915/4134/1025
f 2913/4309/1024 2919/4223/1024 2918/4222/1024
f 2912/4218/1032 2899/4122/1032 2901/4311/1032
f 2906/4213/1014 2917/4265/1014 2919/4312/1014
f 2908/4313/1026 2921/4225/1026 2920/4224/1026
f 2903/4123/1027 2914/4268/1027 2916/4314/1027
f 2746/4067/1033 2731/4226/1033 2734/4055/1033
f 2742/4315/1034 2735/4316/1034 2733/4317/1034
f 2745/4234/1035 2740/4061/1035 2732/4053/1035
f 2749/4231/1036 2736/4228/1036 2737/4058/1036
f 2754/4235/1037 2739/4229/1037 2741/4230/1037
f 2748/4318/1038 2753/4315/1038 2744/4317/1038
f 2755/4147/1034 2782/4319/1034 2758/4089/1034
f 2771/4244/1033 2756/4076/1033 2760/4243/1033
f 2768/4320/1035 2780/4321/1035 2757/4322/1035
f 2759/4079/1036 2789/4323/1036 2772/4320/1036
f 2794/4324/1034 2764/4325/1034 2761/4326/1034
f 2766/4240/1037 2775/4241/1037 2762/4081/1037
f 2802/4253/1036 2763/4251/1036 2774/4093/1036
f 2793/4256/1035 2778/4254/1035 2765/4084/1035
f 2770/4089/1038 2785/4101/1038 2767/4086/1038
f 2797/4327/1038 2773/4328/1038 2776/4325/1038
f 2781/4240/1037 2790/4244/1037 2783/4081/1037
f 2801/4117/1033 2792/4108/1033 2796/4250/1033
f 2815/4329/1038 2806/4267/1038 2803/4330/1038
f 2808/4260/1035 2811/4259/1035 2804/4120/1035
f 2823/4266/1033 2805/4264/1033 2810/4125/1033
f 2820/4269/1037 2814/4125/1037 2807/4123/1037
f 2824/4139/1034 2809/4330/1034 2812/4267/1034
f 2822/4137/1036 2819/4134/1036 2817/4262/1036
f 2827/4280/1038 2842/4159/1038 2830/4325/1038
f 2837/4273/1035 2828/4142/1035 2832/4271/1035
f 2834/4331/1033 2840/4332/1033 2829/4333/1033
f 2831/4145/1037 2849/4334/1037 2838/4331/1037
f 2836/4149/1034 2845/4157/1034 2833/4147/1034
f 2841/4275/1036 2850/4276/1036 2843/4155/1036
f 2911/4343/1038 2902/4344/1038 2899/4345/1038
f 2904/4308/1035 2907/4259/1035 2900/4210/1035
f 2919/4312/1033 2901/4311/1033 2906/4213/1033
f 2916/4314/1037 2910/4346/1037 2903/4123/1037
f 2920/4224/1034 2905/4345/1034 2908/4313/1034
f 2918/4222/1036 2915/4134/1036 2913/4309/1036
f 2735/4056/1029 2734/4055/1029 2731/4226/1029
f 2738/4059/1015 2737/4058/1015 2736/4228/1015
f 2740/4061/1016 2742/4063/1016 2733/4054/1016
f 2739/4229/1017 2738/4347/1017 2742/4227/1017
f 2746/4067/1032 2748/4069/1032 2744/4065/1032
f 2749/4231/1019 2751/4083/1019 2748/4232/1019
f 2753/4074/1020 2752/4073/1020 2745/4234/1020
f 2751/4072/1021 2750/4071/1021 2754/4235/1021
f 2752/4073/1022 2754/4075/1022 2741/4062/1022
f 2732/4053/1023 2731/4052/1023 2743/4237/1023
f 2734/4055/1024 2736/4057/1024 2747/4068/1024
f 2750/4071/1025 2749/4070/1025 2737/4238/1025
f 2758/4239/1029 2760/4243/1029 2756/4076/1029
f 2762/4081/1017 2761/4072/1017 2764/4236/1017
f 2771/4090/1032 2770/4089/1032 2767/4086/1032
f 2773/4116/1021 2775/4241/1021 2777/4096/1021
f 2763/4082/1025 2762/4081/1025 2775/4241/1025
f 2778/4097/1022 2777/4096/1022 2766/4240/1022
f 2760/4243/1024 2759/4348/1024 2772/4242/1024
f 2769/4245/1023 2768/4349/1023 2757/4077/1023
f 2783/4081/1030 2782/4072/1030 2779/4236/1030
f 2788/4104/1031 2790/4106/1031 2786/4102/1031
f 2784/4082/1025 2783/4081/1025 2790/4244/1025
f 2787/4246/1022 2786/4245/1022 2781/4240/1022
f 2782/4247/1015 2784/4350/1015 2759/4079/1015
f 2770/4089/1019 2772/4091/1019 2789/4105/1019
f 2768/4087/1020 2767/4086/1020 2785/4101/1020
f 2780/4099/1016 2779/4098/1016 2755/4147/1016
f 2794/4239/1039 2796/4250/1039 2792/4108/1039
f 2801/4117/1032 2800/4116/1032 2797/4248/1032
f 2796/4250/1024 2795/4348/1024 2802/4118/1024
f 2799/4249/1023 2798/4349/1023 2793/4109/1023
f 2795/4111/1015 2794/4110/1015 2761/4083/1015
f 2774/4093/1019 2773/4092/1019 2800/4252/1019
f 2798/4114/1020 2797/4113/1020 2776/4092/1020
f 2765/4084/1016 2764/4083/1016 2791/4255/1016
f 2806/4257/1020 2808/4260/1020 2804/4120/1020
f 2813/4128/1016 2812/4127/1016 2809/4258/1016
f 2814/4129/1022 2813/4128/1022 2808/4260/1022
f 2805/4121/1023 2804/4120/1023 2811/4259/1023
f 2819/4134/1019 2818/4133/1019 2815/4261/1019
f 2824/4263/1015 2826/4215/1015 2822/4137/1015
f 2826/4215/1025 2825/4216/1025 2820/4135/1025
f 2817/4262/1024 2816/4121/1024 2823/4138/1024
f 2816/4131/1018 2815/4130/1018 2803/4248/1018
f 2810/4125/1029 2809/4124/1029 2821/4265/1029
f 2812/4267/1017 2814/4351/1017 2825/4140/1017
f 2807/4123/1031 2806/4122/1031 2818/4268/1031
f 2830/4270/1020 2832/4271/1020 2828/4142/1020
f 2837/4150/1016 2836/4149/1016 2833/4147/1016
f 2832/4271/1022 2831/4352/1022 2838/4272/1022
f 2835/4274/1023 2834/4277/1023 2829/4143/1023
f 2843/4155/1019 2842/4063/1019 2839/4054/1019
f 2848/4159/1015 2850/4161/1015 2846/4154/1015
f 2844/4156/1025 2843/4155/1025 2850/4276/1025
f 2847/4277/1024 2846/4353/1024 2841/4275/1024
f 2842/4279/1031 2844/4332/1031 2831/4145/1031
f 2836/4149/1026 2838/4151/1026 2849/4160/1026
f 2840/4153/1018 2839/4152/1018 2827/4280/1018
f 2845/4157/1029 2847/4158/1029 2834/4088/1029
f 2902/4257/1020 2904/4308/1020 2900/4210/1020
f 2909/4215/1016 2908/4214/1016 2905/4258/1016
f 2910/4216/1022 2909/4215/1022 2904/4308/1022
f 2901/4211/1023 2900/4210/1023 2907/4259/1023
f 2915/4134/1019 2914/4219/1019 2911/4261/1019
f 2920/4263/1015 2922/4310/1015 2918/4222/1015
f 2922/4310/1025 2921/4216/1025 2916/4220/1025
f 2913/4309/1024 2912/4121/1024 2919/4223/1024
f 2912/4218/1018 2911/4217/1018 2899/4122/1018
f 2906/4213/1029 2905/4212/1029 2917/4265/1029
f 2908/4313/1030 2910/4356/1030 2921/4225/1030
f 2903/4123/1031 2902/4122/1031 2914/4268/1031
f 2746/4067/1033 2743/4064/1033 2731/4226/1033
f 2742/4315/1034 2738/4357/1034 2735/4316/1034
f 2745/4234/1035 2752/4073/1035 2740/4061/1035
f 2749/4231/1036 2747/4233/1036 2736/4228/1036
f 2754/4235/1037 2750/4071/1037 2739/4229/1037
f 2748/4318/1038 2751/4357/1038 2753/4315/1038
f 2755/4147/1034 2779/4098/1034 2782/4319/1034
f 2771/4244/1033 2769/4245/1033 2756/4076/1033
f 2768/4320/1035 2787/4323/1035 2780/4321/1035
f 2759/4079/1036 2784/4350/1036 2789/4323/1036
f 2794/4324/1034 2791/4327/1034 2764/4325/1034
f 2766/4240/1037 2777/4096/1037 2775/4241/1037
f 2802/4253/1036 2795/4111/1036 2763/4251/1036
f 2793/4256/1035 2798/4114/1035 2778/4254/1035
f 2770/4089/1038 2788/4104/1038 2785/4101/1038
f 2797/4327/1038 2800/4324/1038 2773/4328/1038
f 2781/4240/1037 2786/4245/1037 2790/4244/1037
f 2801/4117/1033 2799/4249/1033 2792/4108/1033
f 2815/4329/1038 2818/4224/1038 2806/4267/1038
f 2808/4260/1035 2813/4128/1035 2811/4259/1035
f 2823/4266/1033 2816/4131/1033 2805/4264/1033
f 2820/4269/1037 2825/4358/1037 2814/4125/1037
f 2824/4139/1034 2821/4329/1034 2809/4330/1034
f 2822/4137/1036 2826/4215/1036 2819/4134/1036
f 2827/4280/1038 2839/4152/1038 2842/4159/1038
f 2837/4273/1035 2835/4274/1035 2828/4142/1035
f 2834/4331/1033 2847/4359/1033 2840/4332/1033
f 2831/4145/1037 2844/4332/1037 2849/4334/1037
f 2836/4149/1034 2848/4159/1034 2845/4157/1034
f 2841/4275/1036 2846/4353/1036 2850/4276/1036
f 2911/4343/1038 2914/4360/1038 2902/4344/1038
f 2904/4308/1035 2909/4215/1035 2907/4259/1035
f 2919/4312/1033 2912/4218/1033 2901/4311/1033
f 2916/4314/1037 2921/4358/1037 2910/4346/1037
f 2920/4224/1034 2917/4361/1034 2905/4345/1034
f 2918/4222/1036 2922/4310/1036 2915/4134/1036
usemtl U702-PM
f 2851/4162/996 2852/4163/996 2853/4164/996
f 2854/4165/997 2855/4166/997 2856/4167/997
f 2857/4168/1000 2858/4169/1000 2859/4170/1000
f 2860/4171/1001 2861/4172/1001 2862/4173/1001
f 2863/4174/983 2864/4175/983 2865/4176/983
f 2866/4177/990 2867/4178/990 2868/4179/990
f 2869/4180/995 2870/4181/995 2871/4182/995
f 2872/4183/1002 2873/4180/1002 2874/4184/1002
f 2875/4185/1003 2876/4186/1003 2877/4187/1003
f 2878/4188/1004 2879/4189/1004 2880/4190/1004
f 2881/4191/1005 2882/4192/1005 2883/4193/1005
f 2884/4194/1004 2885/4195/1004 2886/4196/1004
f 2887/4197/1006 2888/4198/1006 2889/4199/1006
f 2890/4200/1007 2891/4201/1007 2892/4202/1007
f 2893/4203/1003 2894/4204/1003 2895/4205/1003
f 2896/4206/1006 2897/4207/1006 2898/4208/1006
f 2854/4281/1015 2852/4163/1015 2851/4162/1015
f 2853/4164/1024 2858/4169/1024 2857/4168/1024
f 2866/4282/1025 2864/4175/1025 2863/4174/1025
f 2869/4283/1019 2868/4284/1019 2867/4285/1019
f 2872/4203/1024 2871/4286/1024 2870/4287/1024
f 2860/4288/1025 2856/4189/1025 2855/4289/1025
f 2862/4290/1019 2859/4170/1019 2858/4169/1019
f 2865/4176/1015 2874/4291/1015 2873/4292/1015
f 2879/4189/1016 2875/4293/1016 2877/4294/1016
f 2877/4294/1023 2881/4295/1023 2883/4296/1023
f 2888/4198/1022 2884/4174/1022 2886/4297/1022
f 2891/4201/1020 2889/4199/1020 2888/4198/1020
f 2894/4204/1023 2892/4202/1023 2891/4201/1023
f 2897/4207/1022 2880/4190/1022 2879/4189/1022
f 2898/4208/1020 2883/4296/1020 2882/4298/1020
f 2886/4297/1016 2895/4205/1016 2894/4204/1016
f 2893/4299/1014 2873/4180/1014 2872/4183/1014
f 2863/4300/1017 2885/4195/1017 2884/4194/1017
f 2878/4301/1026 2855/4166/1026 2854/4165/1026
f 2861/4172/1031 2896/4302/1031 2898/4303/1031
f 2887/4304/1021 2867/4178/1021 2866/4177/1021
f 2870/4181/1032 2890/4305/1032 2892/4299/1032
f 2882/4192/1018 2857/4306/1018 2859/4307/1018
f 2851/4165/1029 2876/4186/1029 2875/4185/1029
f 2851/4180/1034 2878/4335/1034 2854/4178/1034
f 2852/4163/1036 2862/4290/1036 2858/4169/1036
f 2857/4306/1033 2876/4186/1033 2853/4336/1033
f 2855/4166/1037 2896/4302/1037 2860/4171/1037
f 2861/4178/1038 2882/4337/1038 2859/4180/1038
f 2863/4338/1037 2887/4339/1037 2866/4340/1037
f 2874/4291/1036 2868/4284/1036 2871/4286/1036
f 2873/4180/1034 2885/4195/1034 2865/4178/1034
f 2867/4178/1038 2890/4305/1038 2869/4180/1038
f 2870/4341/1033 2893/4342/1033 2872/4338/1033
f 2897/4207/1035 2877/4294/1035 2883/4296/1035
f 2888/4198/1035 2894/4204/1035 2891/4201/1035
f 2854/4281/1015 2856/4189/1015 2852/4163/1015
f 2853/4164/1024 2852/4163/1024 2858/4169/1024
f 2866/4282/1025 2868/4284/1025 2864/4175/1025
f 2869/4283/1019 2871/4286/1019 2868/4284/1019
f 2872/4203/1024 2874/4291/1024 2871/4286/1024
f 2860/4288/1025 2862/4290/1025 2856/4189/1025
f 2862/4290/1019 2861/4354/1019 2859/4170/1019
f 2865/4176/1015 2864/4175/1015 2874/4291/1015
f 2879/4189/1016 2878/4188/1016 2875/4293/1016
f 2877/4294/1023 2876/4355/1023 2881/4295/1023
f 2888/4198/1022 2887/4197/1022 2884/4174/1022
f 2891/4201/1020 2890/4200/1020 2889/4199/1020
f 2894/4204/1023 2893/4203/1023 2892/4202/1023
f 2897/4207/1022 2896/4206/1022 2880/4190/1022
f 2898/4208/1020 2897/4207/1020 2883/4296/1020
f 2886/4297/1016 2885/4176/1016 2895/4205/1016
f 2893/4299/1029 2895/4305/1029 2873/4180/1029
f 2863/4300/1026 2865/4178/1026 2885/4195/1026
f 2878/4301/1017 2880/4186/1017 2855/4166/1017
f 2861/4172/1021 2860/4171/1021 2896/4302/1021
f 2887/4304/1031 2889/4195/1031 2867/4178/1031
f 2870/4181/1018 2869/4180/1018 2890/4305/1018
f 2882/4192/1032 2881/4191/1032 2857/4306/1032
f 2851/4165/1014 2853/4336/1014 2876/4186/1014
f 2851/4180/1034 2875/4337/1034 2878/4335/1034
f 2852/4163/1036 2856/4189/1036 2862/4290/1036
f 2857/4306/1033 2881/4191/1033 2876/4186/1033
f 2855/4166/1037 2880/4186/1037 2896/4302/1037
f 2861/4178/1038 2898/4335/1038 2882/4337/1038
f 2863/4338/1037 2884/4342/1037 2887/4339/1037
f 2874/4291/1036 2864/4175/1036 2868/4284/1036
f 2873/4180/1034 2895/4305/1034 2885/4195/1034
f 2867/4178/1038 2889/4195/1038 2890/4305/1038
f 2870/4341/1033 2892/4339/1033 2893/4342/1033
f 2897/4207/1035 2879/4189/1035 2877/4294/1035
f 2888/4198/1035 2886/4297/1035 2894/4204/1035
o Plane.007
v -0.580000 0.890000 2.500000
v 0.000000 0.890000 2.500000
v -0.002000 0.102000 2.500000
v -0.002000 0.100000 2.498000
v 0.000000 0.102000 2.498000
v -0.578000 0.102000 2.500000
v -0.580000 0.102000 2.498000
v -0.578000 0.100000 2.498000
v 0.000000 0.102000 1.902000
v -0.002000 0.100000 1.902000
v -0.002000 0.102000 1.900000
v -0.580000 0.102000 1.902000
v -0.578000 0.102000 1.900000
v -0.578000 0.100000 1.902000
v -0.578000 0.116000 2.500000
v -0.578000 0.118000 2.498000
v -0.580000 0.116000 2.498000
v -0.002000 0.116000 2.500000
v 0.000000 0.116000 2.498000
v -0.002000 0.118000 2.498000
v 0.000000 0.116000 1.902000
v -0.002000 0.116000 1.900000
v -0.002000 0.118000 1.902000
v -0.580000 0.116000 1.902000
v -0.578000 0.118000 1.902000
v -0.578000 0.116000 1.900000
v -0.578000 0.118000 2.498000
v -0.578000 0.120000 2.500000
v -0.580000 0.120000 2.498000
v -0.002000 0.118000 2.498000
v 0.000000 0.120000 2.498000
v -0.002000 0.120000 2.500000
v 0.000000 0.120000 1.900000
v -0.002000 0.118000 1.900000
v -0.578000 0.118000 1.900000
v -0.580000 0.120000 1.900000
v -0.580000 0.890000 2.498000
v -0.578000 0.890000 2.500000
v -0.002000 0.890000 2.500000
v 0.000000 0.890000 2.498000
v -0.002000 0.890000 1.900000
v 0.000000 0.888000 1.900000
v -0.580000 0.888000 1.900000
v -0.578000 0.890000 1.900000
v -0.578000 0.118000 1.916000
v -0.578000 0.120000 1.918000
v -0.580000 0.120000 1.916000
v -0.002000 0.118000 1.916000
v 0.000000 0.120000 1.916000
v -0.002000 0.120000 1.918000
v -0.578000 0.890000 1.916000
v -0.580000 0.888000 1.916000
v -0.578000 0.888000 1.918000
v -0.002000 0.890000 1.916000
v -0.002000 0.888000 1.918000
v 0.000000 0.888000 1.916000
v -0.578000 0.118000 2.484000
v -0.580000 0.120000 2.484000
v -0.578000 0.120000 2.482000
v -0.002000 0.118000 2.484000
v -0.002000 0.120000 2.482000
v 0.000000 0.120000 2.484000
v -0.578000 0.888000 2.482000
v -0.580000 0.890000 2.484000
v -0.002000 0.888000 2.482000
v 0.000000 0.890000 2.484000
v -0.578000 0.890000 1.920000
v -0.578000 0.888000 1.918000
v -0.580000 0.888000 1.920000
v -0.578000 0.890000 2.480000
v -0.580000 0.888000 2.480000
v -0.578000 0.888000 2.482000
v -0.578000 0.872000 1.920000
v -0.580000 0.874000 1.920000
v -0.578000 0.874000 1.918000
v -0.578000 0.872000 2.480000
v -0.578000 0.874000 2.482000
v -0.580000 0.874000 2.480000
v -0.482000 0.890000 1.920000
v -0.480000 0.888000 1.920000
v -0.482000 0.888000 1.918000
v -0.482000 0.890000 2.480000
v -0.482000 0.888000 2.482000
v -0.480000 0.888000 2.480000
v -0.482000 0.872000 1.920000
v -0.482000 0.874000 1.918000
v -0.480000 0.874000 1.920000
v -0.482000 0.872000 2.480000
v -0.480000 0.874000 2.480000
v -0.482000 0.874000 2.482000
v -0.518000 0.100000 2.498000
v -0.520000 0.098000 2.498000
v -0.518000 0.098000 2.500000
v -0.518000 0.100000 1.902000
v -0.518000 0.098000 1.900000
v -0.520000 0.098000 1.902000
v -0.518000 0.010000 2.498000
v -0.518000 0.012000 2.500000
v -0.520000 0.012000 2.498000
v -0.518000 0.010000 1.902000
v -0.520000 0.012000 1.902000
v -0.518000 0.012000 1.900000
v -0.504000 0.100000 2.498000
v -0.504000 0.098000 2.500000
v -0.502000 0.098000 2.498000
v -0.504000 0.100000 1.902000
v -0.502000 0.098000 1.902000
v -0.504000 0.098000 1.900000
v -0.504000 0.010000 2.498000
v -0.502000 0.012000 2.498000
v -0.504000 0.012000 2.500000
v -0.504000 0.010000 1.902000
v -0.504000 0.012000 1.900000
v -0.502000 0.012000 1.902000
v -0.584000 0.499000 2.498000
v -0.584000 0.497000 2.496000
v -0.582000 0.499000 2.496000
v -0.584000 0.886000 2.498000
v -0.582000 0.886000 2.496000
v -0.584000 0.888000 2.496000
v -0.584000 0.888000 1.904000
v -0.582000 0.886000 1.904000
v -0.584000 0.886000 1.902000
v -0.584000 0.499000 1.902000
v -0.582000 0.499000 1.904000
v -0.584000 0.497000 1.904000
v -0.584000 0.102000 2.496000
v -0.582000 0.104000 2.496000
v -0.584000 0.104000 2.498000
v -0.584000 0.102000 1.904000
v -0.584000 0.104000 1.902000
v -0.582000 0.104000 1.904000
v -0.584000 0.491000 1.902000
v -0.584000 0.493000 1.904000
v -0.582000 0.491000 1.904000
v -0.584000 0.491000 2.498000
v -0.582000 0.491000 2.496000
v -0.584000 0.493000 2.496000
v -0.598000 0.102000 2.496000
v -0.598000 0.104000 2.498000
v -0.600000 0.104000 2.496000
v -0.598000 0.102000 1.904000
v -0.600000 0.104000 1.904000
v -0.598000 0.104000 1.902000
v -0.598000 0.499000 2.498000
v -0.600000 0.499000 2.496000
v -0.598000 0.497000 2.496000
v -0.598000 0.886000 2.498000
v -0.598000 0.888000 2.496000
v -0.600000 0.886000 2.496000
v -0.598000 0.888000 1.904000
v -0.598000 0.886000 1.902000
v -0.600000 0.886000 1.904000
v -0.598000 0.491000 1.902000
v -0.600000 0.491000 1.904000
v -0.598000 0.493000 1.904000
v -0.598000 0.491000 2.498000
v -0.598000 0.493000 2.496000
v -0.600000 0.491000 2.496000
v -0.598000 0.499000 1.902000
v -0.598000 0.497000 1.904000
v -0.600000 0.499000 1.904000
v -0.098000 0.890000 1.920000
v -0.098000 0.888000 1.918000
v -0.100000 0.888000 1.920000
v -0.098000 0.890000 2.480000
v -0.100000 0.888000 2.480000
v -0.098000 0.888000 2.482000
v -0.098000 0.872000 1.920000
v -0.100000 0.874000 1.920000
v -0.098000 0.874000 1.918000
v -0.098000 0.872000 2.480000
v -0.098000 0.874000 2.482000
v -0.100000 0.874000 2.480000
v -0.002000 0.890000 1.920000
v 0.000000 0.888000 1.920000
v -0.002000 0.888000 1.918000
v -0.002000 0.890000 2.480000
v -0.002000 0.888000 2.482000
v 0.000000 0.888000 2.480000
v -0.002000 0.872000 1.920000
v -0.002000 0.874000 1.918000
v 0.000000 0.874000 1.920000
v -0.002000 0.872000 2.480000
v 0.000000 0.874000 2.480000
v -0.002000 0.874000 2.482000
vn 0.5774 -0.5773 0.5773
vn -0.5774 -0.5773 0.5774
vn 0.5773 -0.5774 -0.5773
vn -0.5774 -0.5774 -0.5773
vn -0.5774 0.5773 0.5774
vn 0.5774 0.5773 0.5773
vn 0.5773 0.5774 -0.5774
vn -0.5774 0.5774 -0.5773
vn 0.5774 -0.5773 0.5774
vn 0.5774 0.5773 0.5774
vn -0.5774 0.5773 -0.5774
vn -0.5774 0.5774 0.5773
vn -0.5774 -0.5773 -0.5774
vn -0.5774 -0.5774 0.5773
vn 0.5773 0.5774 -0.5773
vn 0.5774 0.5774 0.5773
vn 0.5774 -0.5774 -0.5773
vn 0.5774 -0.5774 0.5773
vn -0.5773 0.5774 -0.5774
vn 0.5774 0.5774 -0.5773
vn 0.5773 -0.5774 -0.5774
vn 0.5774 0.5773 -0.5774
vn 0.5774 -0.5773 -0.5774
vn -0.5774 -0.5773 0.5773
vn -0.5774 0.5774 0.5774
vn -0.5774 0.5773 0.5773
vn -0.5773 0.5774 0.5773
vn -0.5773 -0.5774 0.5773
vn -0.0000 -0.7070 0.7072
vn 0.7071 -0.7071 -0.0000
vn -0.7071 -0.7071 -0.0000
vn -0.0000 -0.7070 -0.7072
vn -0.0000 0.7072 0.7070
vn 0.7071 0.7071 -0.0000
vn -0.7071 0.7071 -0.0000
vn -0.0000 0.7071 -0.7071
vn -0.7071 -0.0000 -0.7071
vn -0.7071 -0.0000 0.7071
vn 0.7071 -0.0000 0.7071
vn 0.7071 -0.0000 -0.7071
vn -0.0000 -0.7071 0.7071
vn -0.0000 0.7071 0.7071
vn -0.0000 -0.7071 -0.7071
vn -0.0000 -0.7072 0.7070
vn -0.0000 -0.0000 1.0000
vn -0.0000 -1.0000 -0.0000
vn 1.0000 -0.0000 -0.0000
vn -1.0000 -0.0000 -0.0000
vn -0.0000 -0.0000 -1.0000
vn -0.0000 1.0000 -0.0000
vn -0.0000 0.7070 0.7072
vn -0.0000 0.7070 -0.7072
vt 0.952341 0.168976
vt 0.952341 0.166976
vt 0.954341 0.168976
vt 0.207317 0.168976
vt 0.209317 0.168976
vt 0.209317 0.166976
vt 0.805316 0.168976
vt 0.805317 0.166976
vt 0.807317 0.168976
vt 0.805317 0.168976
vt 0.807317 0.168976
vt 0.805317 0.166976
vt 0.376341 0.182976
vt 0.376341 0.184976
vt 0.374341 0.182976
vt 0.952341 0.182976
vt 0.954341 0.182976
vt 0.952341 0.184976
vt 0.954341 0.182976
vt 0.952341 0.182976
vt 0.952341 0.184976
vt 0.805317 0.182976
vt 0.805317 0.184976
vt 0.807317 0.182976
vt 0.376341 0.186976
vt 0.374341 0.186976
vt 0.209317 0.184976
vt 0.209317 0.186976
vt 0.207317 0.186976
vt 0.376341 0.186976
vt 0.374341 0.186976
vt 0.952341 0.791317
vt 0.954341 0.791317
vt 0.952341 0.789317
vt 0.376341 0.791317
vt 0.374341 0.791317
vt 0.376341 0.789316
vt 0.952341 0.791317
vt 0.952341 0.789317
vt 0.954341 0.791316
vt 0.223316 0.184976
vt 0.223316 0.186976
vt 0.225317 0.186976
vt 0.952341 0.184976
vt 0.952341 0.186976
vt 0.954341 0.186976
vt 0.376341 0.787317
vt 0.376341 0.789317
vt 0.374341 0.787317
vt 0.227317 0.956976
vt 0.227317 0.954976
vt 0.225317 0.954976
vt 0.787317 0.938976
vt 0.787317 0.940976
vt 0.789316 0.940976
vt 0.376341 0.938976
vt 0.376341 0.940975
vt 0.374341 0.940976
vt 0.787317 0.956976
vt 0.787317 0.954976
vt 0.789317 0.954976
vt 0.472341 0.956976
vt 0.472341 0.954976
vt 0.474341 0.954976
vt 0.472341 0.938976
vt 0.472341 0.940976
vt 0.474341 0.940976
vt 0.227317 0.938976
vt 0.227317 0.940976
vt 0.225317 0.940976
vt 0.209317 0.166976
vt 0.209317 0.164976
vt 0.207317 0.164976
vt 0.376341 0.166976
vt 0.376341 0.164976
vt 0.374341 0.164976
vt 0.376341 0.209317
vt 0.376341 0.207317
vt 0.374341 0.209317
vt 0.376341 0.805316
vt 0.374341 0.805317
vt 0.376341 0.807317
vt 0.390341 0.209317
vt 0.390341 0.207317
vt 0.392341 0.209317
vt 0.805316 0.164976
vt 0.807317 0.164976
vt 0.390341 0.209317
vt 0.392341 0.209317
vt 0.390341 0.207317
vt 0.390341 0.805316
vt 0.390341 0.807317
vt 0.392341 0.805317
vt 0.370341 0.209317
vt 0.370341 0.211317
vt 0.372341 0.211317
vt 0.209317 0.952976
vt 0.211317 0.952976
vt 0.211317 0.954976
vt 0.803317 0.954976
vt 0.803317 0.952976
vt 0.805317 0.952976
vt 0.805317 0.565976
vt 0.803317 0.565976
vt 0.803317 0.563976
vt 0.211317 0.168976
vt 0.211317 0.170976
vt 0.209317 0.170976
vt 0.370341 0.803317
vt 0.370341 0.805317
vt 0.372341 0.803317
vt 0.370341 0.805317
vt 0.372341 0.803317
vt 0.209317 0.557976
vt 0.211317 0.557976
vt 0.211317 0.559976
vt 0.356341 0.168976
vt 0.356341 0.170976
vt 0.354341 0.170976
vt 0.803317 0.168976
vt 0.803317 0.170976
vt 0.805317 0.170976
vt 0.209317 0.565976
vt 0.211317 0.565976
vt 0.211317 0.563976
vt 0.356341 0.209317
vt 0.356341 0.211317
vt 0.354341 0.211317
vt 0.356341 0.803317
vt 0.356341 0.805317
vt 0.354341 0.803317
vt 0.805317 0.557976
vt 0.803317 0.557976
vt 0.803317 0.559976
vt 0.356341 0.557976
vt 0.356341 0.559976
vt 0.354341 0.557976
vt 0.356341 0.805317
vt 0.356341 0.803317
vt 0.354341 0.803317
vt 0.376341 0.787317
vt 0.376341 0.789317
vt 0.227317 0.956976
vt 0.227317 0.954976
vt 0.225317 0.954976
vt 0.787317 0.938976
vt 0.787317 0.940976
vt 0.789317 0.940976
vt 0.376341 0.938976
vt 0.376341 0.940976
vt 0.787317 0.956976
vt 0.787317 0.954976
vt 0.789316 0.954976
vt 0.472341 0.956976
vt 0.472341 0.954976
vt 0.472341 0.938976
vt 0.472341 0.940976
vt 0.225317 0.940976
vt 0.376341 0.168976
vt 0.376341 0.166976
vt 0.209317 0.168976
vt 0.952341 0.168976
vt 0.376341 0.168976
vt 0.805317 0.182976
vt 0.209317 0.184976
vt 0.209317 0.182976
vt 0.209317 0.182976
vt 0.209317 0.184976
vt 0.376341 0.182976
vt 0.376341 0.184976
vt 0.207317 0.182976
vt 0.954341 0.168976
vt 0.952341 0.184976
vt 0.954341 0.956976
vt 0.952341 0.956976
vt 0.376341 0.956976
vt 0.952341 0.186976
vt 0.954341 0.954976
vt 0.952341 0.954976
vt 0.789317 0.954976
vt 0.791317 0.186976
vt 0.789317 0.186976
vt 0.376341 0.807317
vt 0.374341 0.807317
vt 0.807316 0.186976
vt 0.791317 0.184976
vt 0.954341 0.807317
vt 0.952341 0.807317
vt 0.952341 0.807317
vt 0.954341 0.956976
vt 0.376341 0.954976
vt 0.374341 0.956976
vt 0.952341 0.954976
vt 0.374341 0.186976
vt 0.223316 0.184976
vt 0.787317 0.956976
vt 0.787317 0.954976
vt 0.227317 0.938976
vt 0.227317 0.940976
vt 0.227317 0.956976
vt 0.787317 0.940976
vt 0.227317 0.954976
vt 0.225317 0.954976
vt 0.376341 0.956976
vt 0.472341 0.787317
vt 0.472341 0.789317
vt 0.376341 0.938976
vt 0.805317 0.166976
vt 0.805317 0.164976
vt 0.807317 0.078976
vt 0.805317 0.078976
vt 0.209317 0.078976
vt 0.209317 0.164976
vt 0.805317 0.078976
vt 0.207317 0.078976
vt 0.207317 0.164976
vt 0.390341 0.166976
vt 0.376341 0.209317
vt 0.376341 0.207317
vt 0.803317 0.168976
vt 0.209317 0.565976
vt 0.211317 0.565976
vt 0.805317 0.557976
vt 0.803317 0.557976
vt 0.211317 0.563976
vt 0.211317 0.168976
vt 0.211317 0.170976
vt 0.209317 0.952976
vt 0.803317 0.954976
vt 0.211317 0.952976
vt 0.211317 0.954976
vt 0.209317 0.557976
vt 0.209317 0.170976
vt 0.805317 0.952976
vt 0.803317 0.565976
vt 0.211317 0.557976
vt 0.356341 0.209317
vt 0.370341 0.557976
vt 0.370341 0.559976
vt 0.370341 0.168976
vt 0.370341 0.803317
vt 0.370341 0.209317
vt 0.356341 0.803317
vt 0.787317 0.954975
vt 0.227317 0.940976
vt 0.787317 0.940976
vt 0.227317 0.954976
vt 0.376341 0.956976
vt 0.472341 0.787317
vt 0.472341 0.789317
vt 0.376341 0.938976
vt 0.376341 0.805317
vt 0.952341 0.209317
vt 0.376341 0.209317
vt 0.952341 0.209317
vt 0.376341 0.209317
vt 0.952341 0.223316
vt 0.952341 0.209317
vt 0.209317 0.956976
vt 0.209317 0.186976
vt 0.223316 0.956976
vt 0.791316 0.954976
vt 0.807317 0.186976
vt 0.807317 0.954976
vt 0.374341 0.223316
vt 0.954341 0.207317
vt 0.954341 0.223316
vt 0.376341 0.227317
vt 0.376341 0.954976
vt 0.376341 0.940976
vt 0.376341 0.954976
vt 0.472341 0.227317
vt 0.390341 0.805317
vt 0.376341 0.805317
vt 0.376341 0.078976
vt 0.390341 0.164976
vt 0.390341 0.078976
vt 0.370341 0.952976
vt 0.356341 0.565976
vt 0.370341 0.565976
vt 0.356341 0.952976
vt 0.370341 0.211317
vt 0.370341 0.170976
vt 0.370341 0.170976
vt 0.356341 0.557976
vt 0.370341 0.557976
vt 0.356341 0.211317
vt 0.370341 0.211317
vt 0.376341 0.227317
vt 0.376341 0.954976
vt 0.376341 0.940976
vt 0.376341 0.954976
vt 0.472341 0.227317
vt 0.952341 0.166976
vt 0.805317 0.184976
vt 0.954341 0.186976
vt 0.807317 0.184976
vt 0.223316 0.186976
vt 0.225317 0.940976
vt 0.472341 0.940976
vt 0.807317 0.164976
vt 0.803317 0.559976
vt 0.803317 0.563976
vt 0.356341 0.211317
vt 0.952341 0.805317
vt 0.952341 0.805317
vt 0.376341 0.223316
vt 0.376341 0.791316
vt 0.791317 0.186976
vt 0.374341 0.207317
vt 0.472341 0.954976
vt 0.390341 0.078976
vt 0.356341 0.565976
vt 0.356341 0.211317
vt 0.356341 0.170976
vt 0.472341 0.954976
s 0
usemtl U702-ST9
f 2925/4362/1040 2926/4363/1040 2927/4364/1040
f 2928/4365/1041 2929/4366/1041 2930/4367/1041
f 2931/4368/1042 2932/4369/1042 2933/4370/1042
f 2934/4371/1043 2935/4372/1043 2936/4373/1043
f 2937/4374/1044 2938/4375/1044 2939/4376/1044
f 2940/4377/1045 2941/4378/1045 2942/4379/1045
f 2943/4380/1046 2944/4381/1046 2945/4382/1046
f 2946/4383/1047 2947/4384/1047 2948/4385/1047
f 2949/4375/1041 2950/4386/1041 2951/4387/1041
f 2952/4388/1040 2953/4389/1040 2954/4390/1040
f 2967/4375/1041 2968/4391/1041 2969/4392/1041
f 2970/4393/1048 2971/4394/1048 2972/4395/1048
f 2973/4396/1044 2974/4397/1044 2975/4398/1044
f 2976/4399/1049 2977/4400/1049 2978/4401/1049
f 2979/4402/1043 2980/4403/1043 2981/4404/1043
f 2982/4405/1042 2983/4406/1042 2984/4407/1042
f 2989/4408/1050 2990/4409/1050 2991/4410/1050
f 2992/4411/1051 2993/4412/1051 2994/4413/1051
f 2995/4414/1052 2996/4415/1052 2997/4416/1052
f 2998/4417/1053 2999/4418/1053 3000/4419/1053
f 3001/4420/1054 3002/4421/1054 3003/4422/1054
f 3004/4423/1055 3005/4424/1055 3006/4425/1055
f 3007/4426/1056 3008/4427/1056 3009/4428/1056
f 3010/4429/1057 3011/4430/1057 3012/4431/1057
f 3013/4432/1044 3014/4433/1044 3015/4434/1044
f 3016/4435/1058 3017/4436/1058 3018/4437/1058
f 3019/4438/1041 3020/4439/1041 3021/4440/1041
f 3022/4441/1043 3023/4442/1043 3024/4443/1043
f 3025/4444/1049 3026/4445/1049 3027/4446/1049
f 3028/4373/1059 3029/4447/1059 3030/4448/1059
f 3031/4449/1048 3032/4450/1048 3033/4451/1048
f 3034/4452/1060 3035/4453/1060 3036/4454/1060
f 3085/4502/1050 3086/4503/1050 3087/4410/1050
f 3088/4504/1066 3089/4505/1066 3090/4506/1066
f 3091/4507/1052 3092/4508/1052 3093/4509/1052
f 3094/4510/1067 3095/4511/1067 3096/4419/1067
f 3097/4512/1061 3098/4513/1061 3099/4514/1061
f 3100/4515/1055 3101/4516/1055 3102/4425/1055
f 3103/4517/1062 3104/4518/1062 3105/4428/1062
f 3106/4429/1040 3107/4430/1040 3108/4519/1040
f 2926/4363/1068 2928/4520/1068 2930/4521/1068
f 2932/4369/1069 2927/4522/1069 2926/4432/1069
f 2934/4371/1070 2930/4367/1070 2929/4366/1070
f 2933/4523/1071 2936/4435/1071 2935/4524/1071
f 2940/4377/1072 2938/4375/1072 2937/4374/1072
f 2943/4525/1073 2942/4526/1073 2941/4527/1073
f 2947/4384/1074 2939/4528/1074 2938/4529/1074
f 2945/4382/1075 2948/4530/1075 2947/4531/1075
f 2946/4383/1076 2935/4372/1076 2934/4371/1076
f 2929/4366/1077 2937/4532/1077 2939/4528/1077
f 2925/4362/1078 2941/4378/1078 2940/4377/1078
f 2944/4381/1079 2931/4533/1079 2933/4523/1079
f 2952/4534/1068 2950/4386/1068 2949/4375/1068
f 2954/4406/1078 2962/4535/1078 2961/4536/1078
f 2960/4537/1077 2951/4387/1077 2950/4386/1077
f 2970/4534/1080 2968/4391/1080 2967/4375/1080
f 2977/4400/1081 2973/4396/1081 2975/4398/1081
f 2972/4538/1078 2978/4539/1078 2977/4540/1078
f 2975/4541/1077 2969/4542/1077 2968/4543/1077
f 2974/4397/1074 2966/4544/1074 2965/4545/1074
f 2958/4546/1070 2967/4547/1070 2969/4542/1070
f 2976/4399/1073 2964/4548/1073 2963/4549/1073
f 2956/4550/1069 2971/4394/1069 2970/4393/1069
f 2983/4406/1082 2979/4531/1082 2981/4391/1082
f 2988/4551/1075 2985/4552/1075 2986/4553/1075
f 2984/4407/1079 2987/4554/1079 2988/4551/1079
f 2980/4555/1076 2985/4552/1076 2981/4391/1076
f 2949/4388/1070 2980/4403/1070 2979/4402/1070
f 2982/4556/1069 2953/4389/1069 2952/4388/1069
f 2993/4412/1074 2989/4557/1074 2991/4558/1074
f 2998/4559/1070 2996/4415/1070 2995/4414/1070
f 3000/4560/1077 2994/4413/1077 2993/4412/1077
f 2991/4558/1076 2997/4416/1076 2996/4415/1076
f 3004/4561/1073 3002/4421/1073 3001/4420/1073
f 3011/4430/1069 3007/4414/1069 3009/4562/1069
f 3012/4431/1078 3006/4563/1078 3005/4564/1078
f 3003/4422/1079 3009/4562/1079 3008/4509/1079
f 3010/4517/1080 2999/4418/1080 2998/4417/1080
f 2992/4565/1081 3005/4424/1081 3004/4423/1081
f 2990/4409/1075 3001/4566/1075 3003/4567/1075
f 2995/4568/1082 3008/4427/1082 3007/4426/1082
f 3016/4569/1074 3014/4433/1074 3013/4432/1074
f 3023/4442/1070 3019/4438/1070 3021/4440/1070
f 3018/4570/1076 3024/4571/1076 3023/4572/1076
f 3021/4573/1077 3015/4434/1077 3014/4433/1077
f 3029/4447/1073 3025/4367/1073 3027/4574/1073
f 3034/4452/1069 3032/4450/1069 3031/4449/1069
f 3030/4448/1079 3036/4575/1079 3035/4571/1079
f 3033/4576/1078 3027/4574/1078 3026/4577/1078
f 3028/4578/1075 3017/4436/1075 3016/4435/1075
f 3022/4441/1082 3035/4453/1082 3034/4452/1082
f 3026/4445/1072 3013/4579/1072 3015/4580/1072
f 3031/4449/1080 3020/4439/1080 3019/4438/1080
f 3089/4505/1074 3085/4557/1074 3087/4605/1074
f 3094/4559/1070 3092/4508/1070 3091/4507/1070
f 3096/4606/1077 3090/4506/1077 3089/4505/1077
f 3087/4605/1076 3093/4509/1076 3092/4508/1076
f 3100/4561/1073 3098/4513/1073 3097/4512/1073
f 3107/4430/1069 3103/4414/1069 3105/4607/1069
f 3108/4519/1078 3102/4608/1078 3101/4564/1078
f 3099/4514/1079 3105/4607/1079 3104/4509/1079
f 3106/4517/1083 3095/4511/1083 3094/4510/1083
f 3088/4609/1072 3101/4516/1072 3100/4515/1072
f 3086/4503/1075 3097/4610/1075 3099/4611/1075
f 3091/4612/1082 3104/4518/1082 3103/4517/1082
f 2940/4377/1084 2928/4520/1084 2925/4362/1084
f 2936/4613/1085 2926/4614/1085 2930/4615/1085
f 2943/4525/1086 2927/4522/1086 2931/4368/1086
f 2939/4528/1087 2934/4371/1087 2929/4366/1087
f 2948/4530/1088 2933/4523/1088 2935/4524/1088
f 2942/4616/1089 2947/4613/1089 2938/4615/1089
f 2949/4617/1085 2982/4618/1085 2952/4619/1085
f 2961/4536/1084 2950/4386/1084 2954/4406/1084
f 2959/4620/1087 2980/4403/1087 2951/4621/1087
f 2953/4389/1086 2988/4622/1086 2962/4620/1086
f 2970/4393/1085 2957/4544/1085 2956/4550/1085
f 2978/4623/1086 2955/4624/1086 2964/4625/1086
f 2969/4542/1087 2965/4625/1087 2958/4546/1087
f 2973/4396/1089 2963/4549/1089 2966/4544/1089
f 2977/4540/1084 2968/4391/1084 2972/4538/1084
f 2981/4391/1088 2987/4554/1088 2983/4406/1088
f 2986/4626/1089 2924/4627/1089 2988/4628/1089
f 2992/4629/1089 3001/4566/1089 2989/4408/1089
f 2996/4415/1087 2993/4412/1087 2991/4558/1087
f 2990/4630/1088 3008/4427/1088 2997/4631/1088
f 2999/4418/1084 3005/4424/1084 2994/4632/1084
f 2995/4408/1085 3010/4633/1085 2998/4629/1085
f 3006/4563/1086 3009/4562/1086 3002/4421/1086
f 3013/4579/1089 3028/4634/1089 3016/4635/1089
f 3023/4572/1087 3014/4433/1087 3018/4570/1087
f 3020/4636/1084 3026/4637/1084 3015/4436/1084
f 3017/4436/1088 3035/4638/1088 3024/4636/1088
f 3022/4441/1085 3031/4449/1085 3019/4438/1085
f 3027/4574/1086 3036/4575/1086 3029/4447/1086
f 3088/4650/1089 3097/4610/1089 3085/4502/1089
f 3092/4508/1087 3089/4505/1087 3087/4605/1087
f 3086/4651/1088 3104/4518/1088 3093/4652/1088
f 3095/4511/1084 3101/4516/1084 3090/4653/1084
f 3091/4408/1085 3106/4654/1085 3094/4650/1085
f 3102/4608/1086 3105/4607/1086 3098/4513/1086
f 2926/4363/1083 2925/4362/1083 2928/4520/1083
f 2932/4369/1069 2931/4368/1069 2927/4522/1069
f 2934/4371/1070 2936/4373/1070 2930/4367/1070
f 2933/4523/1082 2932/4655/1082 2936/4435/1082
f 2940/4377/1090 2942/4379/1090 2938/4375/1090
f 2943/4525/1073 2945/4656/1073 2942/4526/1073
f 2947/4384/1074 2946/4383/1074 2939/4528/1074
f 2945/4382/1091 2944/4381/1091 2948/4530/1091
f 2946/4383/1076 2948/4385/1076 2935/4372/1076
f 2929/4366/1077 2928/4365/1077 2937/4532/1077
f 2925/4362/1078 2927/4364/1078 2941/4378/1078
f 2944/4381/1079 2943/4380/1079 2931/4533/1079
f 2952/4534/1083 2954/4406/1083 2950/4386/1083
f 2954/4406/1078 2953/4657/1078 2962/4535/1078
f 2960/4537/1077 2959/4553/1077 2951/4387/1077
f 2970/4534/1080 2972/4538/1080 2968/4391/1080
f 2977/4400/1081 2976/4399/1081 2973/4396/1081
f 2972/4538/1078 2971/4657/1078 2978/4539/1078
f 2975/4541/1077 2974/4623/1077 2969/4542/1077
f 2974/4397/1074 2973/4396/1074 2966/4544/1074
f 2958/4546/1070 2957/4658/1070 2967/4547/1070
f 2976/4399/1073 2978/4401/1073 2964/4548/1073
f 2956/4550/1069 2955/4548/1069 2971/4394/1069
f 2983/4406/1082 2982/4405/1082 2979/4531/1082
f 2988/4551/1091 2987/4554/1091 2985/4552/1091
f 2984/4407/1079 2983/4406/1079 2987/4554/1079
f 2980/4555/1076 2986/4553/1076 2985/4552/1076
f 2949/4388/1070 2951/4621/1070 2980/4403/1070
f 2982/4556/1069 2984/4659/1069 2953/4389/1069
f 2993/4412/1074 2992/4411/1074 2989/4557/1074
f 2998/4559/1070 3000/4560/1070 2996/4415/1070
f 3000/4560/1077 2999/4660/1077 2994/4413/1077
f 2991/4558/1076 2990/4541/1076 2997/4416/1076
f 3004/4561/1073 3006/4563/1073 3002/4421/1073
f 3011/4430/1069 3010/4429/1069 3007/4414/1069
f 3012/4431/1078 3011/4430/1078 3006/4563/1078
f 3003/4422/1079 3002/4421/1079 3009/4562/1079
f 3010/4517/1080 3012/4661/1080 2999/4418/1080
f 2992/4565/1081 2994/4632/1081 3005/4424/1081
f 2990/4409/1075 2989/4408/1075 3001/4566/1075
f 2995/4568/1082 2997/4631/1082 3008/4427/1082
f 3016/4569/1074 3018/4570/1074 3014/4433/1074
f 3023/4442/1070 3022/4441/1070 3019/4438/1070
f 3018/4570/1076 3017/4662/1076 3024/4571/1076
f 3021/4573/1077 3020/4576/1077 3015/4434/1077
f 3029/4447/1073 3028/4373/1073 3025/4367/1073
f 3034/4452/1069 3036/4454/1069 3032/4450/1069
f 3030/4448/1079 3029/4447/1079 3036/4575/1079
f 3033/4576/1078 3032/4573/1078 3027/4574/1078
f 3028/4578/1075 3030/4637/1075 3017/4436/1075
f 3022/4441/1082 3024/4443/1082 3035/4453/1082
f 3026/4445/1081 3025/4444/1081 3013/4579/1081
f 3031/4449/1083 3033/4451/1083 3020/4439/1083
f 3089/4505/1074 3088/4504/1074 3085/4557/1074
f 3094/4559/1070 3096/4606/1070 3092/4508/1070
f 3096/4606/1077 3095/4660/1077 3090/4506/1077
f 3087/4605/1076 3086/4541/1076 3093/4509/1076
f 3100/4561/1073 3102/4608/1073 3098/4513/1073
f 3107/4430/1069 3106/4429/1069 3103/4414/1069
f 3108/4519/1078 3107/4430/1078 3102/4608/1078
f 3099/4514/1079 3098/4513/1079 3105/4607/1079
f 3106/4517/1080 3108/4518/1080 3095/4511/1080
f 3088/4609/1081 3090/4653/1081 3101/4516/1081
f 3086/4503/1075 3085/4502/1075 3097/4610/1075
f 3091/4612/1082 3093/4652/1082 3104/4518/1082
f 2940/4377/1084 2937/4374/1084 2928/4520/1084
f 2936/4613/1085 2932/4666/1085 2926/4614/1085
f 2943/4525/1086 2941/4527/1086 2927/4522/1086
f 2939/4528/1087 2946/4383/1087 2934/4371/1087
f 2948/4530/1088 2944/4381/1088 2933/4523/1088
f 2942/4616/1089 2945/4667/1089 2947/4613/1089
f 2949/4617/1085 2979/4668/1085 2982/4618/1085
f 2961/4536/1084 2960/4537/1084 2950/4386/1084
f 2959/4620/1087 2986/4622/1087 2980/4403/1087
f 2953/4389/1086 2984/4659/1086 2988/4622/1086
f 2970/4393/1085 2967/4669/1085 2957/4544/1085
f 2978/4623/1086 2971/4670/1086 2955/4624/1086
f 2969/4542/1087 2974/4623/1087 2965/4625/1087
f 2973/4396/1089 2976/4399/1089 2963/4549/1089
f 2977/4540/1084 2975/4630/1084 2968/4391/1084
f 2981/4391/1088 2985/4552/1088 2987/4554/1088
f 2986/4626/1089 2923/4671/1089 2924/4627/1089
f 2992/4629/1089 3004/4633/1089 3001/4566/1089
f 2996/4415/1087 3000/4560/1087 2993/4412/1087
f 2990/4630/1088 3003/4672/1088 3008/4427/1088
f 2999/4418/1084 3012/4661/1084 3005/4424/1084
f 2995/4408/1085 3007/4610/1085 3010/4633/1085
f 3006/4563/1086 3011/4430/1086 3009/4562/1086
f 3013/4579/1089 3025/4444/1089 3028/4634/1089
f 3023/4572/1087 3021/4573/1087 3014/4433/1087
f 3020/4636/1084 3033/4673/1084 3026/4637/1084
f 3017/4436/1088 3030/4637/1088 3035/4638/1088
f 3022/4441/1085 3034/4452/1085 3031/4449/1085
f 3027/4574/1086 3032/4573/1086 3036/4575/1086
f 3088/4650/1089 3100/4633/1089 3097/4610/1089
f 3092/4508/1087 3096/4606/1087 3089/4505/1087
f 3086/4651/1088 3099/4677/1088 3104/4518/1088
f 3095/4511/1084 3108/4518/1084 3101/4516/1084
f 3091/4408/1085 3103/4566/1085 3106/4654/1085
f 3102/4608/1086 3107/4430/1086 3105/4607/1086
usemtl U702-PM
f 3037/4455/1040 3038/4456/1040 3039/4457/1040
f 3040/4458/1055 3041/4459/1055 3042/4460/1055
f 3043/4461/1061 3044/4462/1061 3045/4463/1061
f 3046/4464/1062 3047/4465/1062 3048/4466/1062
f 3049/4467/1057 3050/4468/1057 3051/4469/1057
f 3052/4470/1062 3053/4471/1062 3054/4472/1062
f 3055/4473/1061 3056/4470/1061 3057/4474/1061
f 3058/4475/1045 3059/4476/1045 3060/4477/1045
f 3061/4478/1063 3062/4479/1063 3063/4480/1063
f 3064/4481/1052 3065/4482/1052 3066/4483/1052
f 3067/4484/1063 3068/4485/1063 3069/4486/1063
f 3070/4487/1064 3071/4488/1064 3072/4489/1064
f 3073/4490/1050 3074/4491/1050 3075/4492/1050
f 3076/4493/1050 3077/4494/1050 3078/4495/1050
f 3079/4496/1065 3080/4497/1065 3081/4498/1065
f 3082/4499/1052 3083/4500/1052 3084/4501/1052
f 3052/4581/1069 3050/4468/1069 3049/4467/1069
f 3041/4459/1078 3037/4582/1078 3039/4583/1078
f 3044/4462/1073 3042/4460/1073 3041/4459/1073
f 3054/4482/1079 3055/4584/1079 3057/4585/1079
f 3059/4476/1078 3051/4469/1078 3050/4468/1078
f 3047/4465/1079 3045/4463/1079 3044/4462/1079
f 3048/4466/1069 3039/4583/1069 3038/4586/1069
f 3057/4585/1073 3060/4477/1073 3059/4476/1073
f 3065/4482/1070 3061/4587/1070 3063/4588/1070
f 3070/4589/1077 3068/4485/1077 3067/4484/1077
f 3073/4590/1074 3072/4591/1074 3071/4592/1074
f 3066/4483/1076 3077/4494/1076 3076/4493/1076
f 3079/4593/1077 3063/4588/1077 3062/4594/1077
f 3082/4464/1076 3075/4462/1076 3074/4595/1076
f 3084/4596/1070 3069/4486/1070 3068/4485/1070
f 3078/4495/1074 3081/4597/1074 3080/4477/1074
f 3067/4598/1080 3038/4456/1080 3037/4455/1080
f 3046/4471/1082 3083/4500/1082 3082/4499/1082
f 3080/4497/1081 3058/4599/1081 3060/4600/1081
f 3049/4601/1080 3062/4479/1080 3061/4478/1080
f 3074/4491/1075 3043/4602/1075 3045/4471/1075
f 3040/4603/1081 3071/4488/1081 3070/4487/1081
f 3053/4471/1082 3064/4604/1082 3066/4491/1082
f 3076/4491/1075 3056/4470/1075 3055/4473/1075
f 3040/4639/1084 3067/4640/1084 3037/4641/1084
f 3044/4462/1086 3039/4583/1086 3047/4465/1086
f 3038/4456/1085 3083/4500/1085 3048/4602/1085
f 3043/4602/1089 3071/4488/1089 3042/4456/1089
f 3046/4641/1088 3074/4642/1088 3045/4639/1088
f 3049/4643/1085 3064/4604/1085 3052/4470/1085
f 3057/4585/1086 3050/4468/1086 3054/4482/1086
f 3058/4599/1084 3062/4479/1084 3051/4644/1084
f 3053/4645/1088 3076/4646/1088 3055/4647/1088
f 3056/4470/1089 3080/4648/1089 3060/4649/1089
f 3063/4588/1087 3077/4494/1087 3065/4482/1087
f 3068/4485/1087 3075/4462/1087 3084/4596/1087
f 3052/4581/1069 3054/4482/1069 3050/4468/1069
f 3041/4459/1078 3040/4458/1078 3037/4582/1078
f 3044/4462/1073 3043/4461/1073 3042/4460/1073
f 3054/4482/1079 3053/4483/1079 3055/4584/1079
f 3059/4476/1078 3058/4475/1078 3051/4469/1078
f 3047/4465/1079 3046/4464/1079 3045/4463/1079
f 3048/4466/1069 3047/4465/1069 3039/4583/1069
f 3057/4585/1073 3056/4663/1073 3060/4477/1073
f 3065/4482/1070 3064/4481/1070 3061/4587/1070
f 3070/4589/1077 3072/4591/1077 3068/4485/1077
f 3073/4590/1074 3075/4462/1074 3072/4591/1074
f 3066/4483/1076 3065/4482/1076 3077/4494/1076
f 3079/4593/1077 3081/4597/1077 3063/4588/1077
f 3082/4464/1076 3084/4596/1076 3075/4462/1076
f 3084/4596/1070 3083/4664/1070 3069/4486/1070
f 3078/4495/1074 3077/4494/1074 3081/4597/1074
f 3067/4598/1080 3069/4665/1080 3038/4456/1080
f 3046/4471/1082 3048/4602/1082 3083/4500/1082
f 3080/4497/1081 3079/4496/1081 3058/4599/1081
f 3049/4601/1080 3051/4644/1080 3062/4479/1080
f 3074/4491/1075 3073/4490/1075 3043/4602/1075
f 3040/4603/1081 3042/4456/1081 3071/4488/1081
f 3053/4471/1082 3052/4470/1082 3064/4604/1082
f 3076/4491/1075 3078/4604/1075 3056/4470/1075
f 3040/4639/1084 3070/4642/1084 3067/4640/1084
f 3044/4462/1086 3041/4459/1086 3039/4583/1086
f 3038/4456/1085 3069/4665/1085 3083/4500/1085
f 3043/4602/1089 3073/4490/1089 3071/4488/1089
f 3046/4641/1088 3082/4674/1088 3074/4642/1088
f 3049/4643/1085 3061/4675/1085 3064/4604/1085
f 3057/4585/1086 3059/4476/1086 3050/4468/1086
f 3058/4599/1084 3079/4496/1084 3062/4479/1084
f 3053/4645/1088 3066/4676/1088 3076/4646/1088
f 3056/4470/1089 3078/4604/1089 3080/4648/1089
f 3063/4588/1087 3081/4597/1087 3077/4494/1087
f 3068/4485/1087 3072/4591/1087 3075/4462/1087
o Plane.008
v -0.002000 0.102000 1.900000
v -0.002000 0.100000 1.898000
v 0.000000 0.102000 1.898000
v -0.578000 0.102000 1.900000
v -0.580000 0.102000 1.898000
v -0.578000 0.100000 1.898000
v 0.000000 0.102000 1.302000
v -0.002000 0.100000 1.302000
v -0.002000 0.102000 1.300000
v -0.580000 0.102000 1.302000
v -0.578000 0.102000 1.300000
v -0.578000 0.100000 1.302000
v -0.578000 0.116000 1.900000
v -0.578000 0.118000 1.898000
v -0.580000 0.116000 1.898000
v -0.002000 0.116000 1.900000
v 0.000000 0.116000 1.898000
v -0.002000 0.118000 1.898000
v 0.000000 0.116000 1.302000
v -0.002000 0.116000 1.300000
v -0.002000 0.118000 1.302000
v -0.580000 0.116000 1.302000
v -0.578000 0.118000 1.302000
v -0.578000 0.116000 1.300000
v -0.578000 0.118000 1.898000
v -0.578000 0.120000 1.900000
v -0.580000 0.120000 1.898000
v -0.002000 0.118000 1.898000
v 0.000000 0.120000 1.898000
v -0.002000 0.120000 1.900000
v -0.002000 0.118000 1.302000
v -0.002000 0.120000 1.300000
v 0.000000 0.120000 1.302000
v -0.578000 0.118000 1.302000
v -0.580000 0.120000 1.302000
v -0.578000 0.120000 1.300000
v -0.578000 0.890000 1.898000
v -0.580000 0.888000 1.898000
v -0.578000 0.888000 1.900000
v -0.002000 0.890000 1.898000
v -0.002000 0.888000 1.900000
v 0.000000 0.888000 1.898000
v -0.002000 0.890000 1.302000
v 0.000000 0.888000 1.302000
v -0.002000 0.888000 1.300000
v -0.578000 0.890000 1.302000
v -0.578000 0.888000 1.300000
v -0.580000 0.888000 1.302000
v -0.578000 0.118000 1.316000
v -0.578000 0.120000 1.318000
v -0.580000 0.120000 1.316000
v -0.002000 0.118000 1.316000
v 0.000000 0.120000 1.316000
v -0.002000 0.120000 1.318000
v -0.578000 0.890000 1.316000
v -0.580000 0.888000 1.316000
v -0.578000 0.888000 1.318000
v -0.002000 0.890000 1.316000
v -0.002000 0.888000 1.318000
v 0.000000 0.888000 1.316000
v -0.578000 0.118000 1.884000
v -0.580000 0.120000 1.884000
v -0.578000 0.120000 1.882000
v -0.002000 0.118000 1.884000
v -0.002000 0.120000 1.882000
v 0.000000 0.120000 1.884000
v -0.578000 0.890000 1.884000
v -0.578000 0.888000 1.882000
v -0.580000 0.888000 1.884000
v -0.002000 0.890000 1.884000
v 0.000000 0.888000 1.884000
v -0.002000 0.888000 1.882000
v -0.578000 0.890000 1.320000
v -0.578000 0.888000 1.318000
v -0.580000 0.888000 1.320000
v -0.578000 0.890000 1.880000
v -0.580000 0.888000 1.880000
v -0.578000 0.888000 1.882000
v -0.578000 0.872000 1.320000
v -0.580000 0.874000 1.320000
v -0.578000 0.874000 1.318000
v -0.578000 0.872000 1.880000
v -0.578000 0.874000 1.882000
v -0.580000 0.874000 1.880000
v -0.482000 0.890000 1.320000
v -0.480000 0.888000 1.320000
v -0.482000 0.888000 1.318000
v -0.482000 0.890000 1.880000
v -0.482000 0.888000 1.882000
v -0.480000 0.888000 1.880000
v -0.482000 0.872000 1.320000
v -0.482000 0.874000 1.318000
v -0.480000 0.874000 1.320000
v -0.482000 0.872000 1.880000
v -0.480000 0.874000 1.880000
v -0.482000 0.874000 1.882000
v -0.518000 0.100000 1.898000
v -0.520000 0.098000 1.898000
v -0.518000 0.098000 1.900000
v -0.518000 0.100000 1.302000
v -0.518000 0.098000 1.300000
v -0.520000 0.098000 1.302000
v -0.518000 0.010000 1.898000
v -0.518000 0.012000 1.900000
v -0.520000 0.012000 1.898000
v -0.518000 0.010000 1.302000
v -0.520000 0.012000 1.302000
v -0.518000 0.012000 1.300000
v -0.504000 0.100000 1.898000
v -0.504000 0.098000 1.900000
v -0.502000 0.098000 1.898000
v -0.504000 0.100000 1.302000
v -0.502000 0.098000 1.302000
v -0.504000 0.098000 1.300000
v -0.504000 0.010000 1.898000
v -0.502000 0.012000 1.898000
v -0.504000 0.012000 1.900000
v -0.504000 0.010000 1.302000
v -0.504000 0.012000 1.300000
v -0.502000 0.012000 1.302000
v -0.584000 0.696500 1.898000
v -0.584000 0.694500 1.896000
v -0.582000 0.696500 1.896000
v -0.584000 0.886000 1.898000
v -0.582000 0.886000 1.896000
v -0.584000 0.888000 1.896000
v -0.584000 0.888000 1.304000
v -0.582000 0.886000 1.304000
v -0.584000 0.886000 1.302000
v -0.584000 0.696500 1.302000
v -0.582000 0.696500 1.304000
v -0.584000 0.694500 1.304000
v -0.584000 0.102000 1.896000
v -0.582000 0.104000 1.896000
v -0.584000 0.104000 1.898000
v -0.584000 0.102000 1.304000
v -0.584000 0.104000 1.302000
v -0.582000 0.104000 1.304000
v -0.584000 0.688500 1.302000
v -0.584000 0.690500 1.304000
v -0.582000 0.688500 1.304000
v -0.584000 0.688500 1.898000
v -0.582000 0.688500 1.896000
v -0.584000 0.690500 1.896000
v -0.598000 0.102000 1.896000
v -0.598000 0.104000 1.898000
v -0.600000 0.104000 1.896000
v -0.598000 0.102000 1.304000
v -0.600000 0.104000 1.304000
v -0.598000 0.104000 1.302000
v -0.598000 0.696500 1.898000
v -0.600000 0.696500 1.896000
v -0.598000 0.694500 1.896000
v -0.598000 0.886000 1.898000
v -0.598000 0.888000 1.896000
v -0.600000 0.886000 1.896000
v -0.598000 0.888000 1.304000
v -0.598000 0.886000 1.302000
v -0.600000 0.886000 1.304000
v -0.598000 0.688500 1.302000
v -0.600000 0.688500 1.304000
v -0.598000 0.690500 1.304000
v -0.598000 0.688500 1.898000
v -0.598000 0.690500 1.896000
v -0.600000 0.688500 1.896000
v -0.598000 0.696500 1.302000
v -0.598000 0.694500 1.304000
v -0.600000 0.696500 1.304000
v -0.098000 0.890000 1.320000
v -0.098000 0.888000 1.318000
v -0.100000 0.888000 1.320000
v -0.098000 0.890000 1.880000
v -0.100000 0.888000 1.880000
v -0.098000 0.888000 1.882000
v -0.098000 0.872000 1.320000
v -0.100000 0.874000 1.320000
v -0.098000 0.874000 1.318000
v -0.098000 0.872000 1.880000
v -0.098000 0.874000 1.882000
v -0.100000 0.874000 1.880000
v -0.002000 0.890000 1.320000
v 0.000000 0.888000 1.320000
v -0.002000 0.888000 1.318000
v -0.002000 0.890000 1.880000
v -0.002000 0.888000 1.882000
v 0.000000 0.888000 1.880000
v -0.002000 0.872000 1.320000
v -0.002000 0.874000 1.318000
v 0.000000 0.874000 1.320000
v -0.002000 0.872000 1.880000
v 0.000000 0.874000 1.880000
v -0.002000 0.874000 1.882000
vn 0.5773 -0.5774 0.5773
vn -0.5774 -0.5774 0.5773
vn 0.5773 -0.5774 -0.5773
vn -0.5774 -0.5774 -0.5773
vn -0.5774 0.5774 0.5773
vn 0.5773 0.5774 0.5774
vn 0.5773 0.5774 -0.5773
vn -0.5774 0.5774 -0.5773
vn 0.5773 -0.5774 0.5774
vn -0.5773 0.5774 0.5773
vn -0.5773 0.5774 -0.5773
vn -0.5774 -0.5773 -0.5774
vn 0.5774 -0.5773 -0.5774
vn -0.5774 0.5773 -0.5774
vn 0.5774 0.5773 -0.5774
vn -0.5774 0.5773 0.5774
vn -0.5774 -0.5773 0.5774
vn 0.5774 0.5773 0.5774
vn 0.5774 -0.5773 0.5774
vn -0.5773 0.5774 0.5774
vn -0.5773 0.5774 -0.5774
vn 0.5774 0.5774 0.5773
vn 0.5774 0.5774 -0.5773
vn 0.5773 -0.5774 -0.5774
vn 0.5774 -0.5774 -0.5773
vn -0.5773 -0.5774 -0.5774
vn -0.5774 0.5774 -0.5774
vn -0.5774 -0.5774 -0.5774
vn 0.5773 0.5774 -0.5774
vn -0.0000 -0.7071 0.7071
vn 0.7071 -0.7071 -0.0000
vn -0.7071 -0.7071 -0.0000
vn -0.0000 -0.7071 -0.7071
vn -0.0000 0.7071 0.7071
vn 0.7071 0.7071 -0.0000
vn -0.7071 0.7071 -0.0000
vn -0.0000 0.7071 -0.7071
vn -0.7071 -0.0000 0.7071
vn 0.7071 -0.0000 0.7071
vn 0.7071 -0.0000 -0.7071
vn -0.7071 -0.0000 -0.7071
vn -0.0000 0.7072 0.7071
vn -0.0000 0.7070 -0.7072
vn -0.0000 -0.7070 -0.7072
vn -0.0000 0.7071 0.7072
vn -0.0000 -0.7071 0.7072
vn -0.0000 -0.0000 1.0000
vn -0.0000 -1.0000 -0.0000
vn 1.0000 -0.0000 -0.0000
vn -1.0000 -0.0000 -0.0000
vn -0.0000 -0.0000 -1.0000
vn -0.0000 1.0000 -0.0000
vn -0.0000 -0.7072 0.7071
vt 0.948428 0.167286
vt 0.948429 0.165286
vt 0.950429 0.167286
vt 0.372429 0.167286
vt 0.370429 0.167286
vt 0.372429 0.165286
vt 0.798000 0.167286
vt 0.798000 0.165286
vt 0.800000 0.167286
vt 0.370429 0.167286
vt 0.372429 0.167286
vt 0.372429 0.181286
vt 0.372429 0.183286
vt 0.370429 0.181286
vt 0.948429 0.181286
vt 0.950429 0.181286
vt 0.948429 0.183286
vt 0.950429 0.181286
vt 0.948429 0.181286
vt 0.948429 0.183286
vt 0.798000 0.181286
vt 0.798000 0.183286
vt 0.800000 0.181286
vt 0.372429 0.185286
vt 0.370429 0.185286
vt 0.948429 0.202000
vt 0.950429 0.202000
vt 0.948429 0.200000
vt 0.948429 0.185286
vt 0.950428 0.185286
vt 0.798000 0.183286
vt 0.798000 0.185286
vt 0.800000 0.185286
vt 0.372429 0.202000
vt 0.370429 0.202000
vt 0.372429 0.200000
vt 0.948429 0.955286
vt 0.948429 0.953286
vt 0.950429 0.953286
vt 0.948429 0.798000
vt 0.950429 0.798000
vt 0.948429 0.800000
vt 0.372429 0.798000
vt 0.372429 0.800000
vt 0.370429 0.798000
vt 0.784000 0.183286
vt 0.784000 0.185286
vt 0.782000 0.185286
vt 0.372429 0.784000
vt 0.370429 0.784000
vt 0.372429 0.782000
vt 0.948429 0.784000
vt 0.948429 0.782000
vt 0.950429 0.784000
vt 0.372429 0.216000
vt 0.370429 0.216000
vt 0.372429 0.218000
vt 0.948429 0.185286
vt 0.950429 0.185286
vt 0.372429 0.955286
vt 0.372429 0.953286
vt 0.370429 0.953286
vt 0.948429 0.216000
vt 0.950429 0.216000
vt 0.948429 0.218000
vt 0.372429 0.955286
vt 0.370429 0.953286
vt 0.220000 0.955286
vt 0.220000 0.953286
vt 0.218000 0.953286
vt 0.780000 0.937286
vt 0.780000 0.939286
vt 0.782000 0.939286
vt 0.372429 0.220000
vt 0.372428 0.218000
vt 0.370429 0.220000
vt 0.780000 0.955286
vt 0.780000 0.953286
vt 0.782000 0.953286
vt 0.468429 0.955286
vt 0.468429 0.953286
vt 0.470429 0.953286
vt 0.468429 0.937286
vt 0.468429 0.939286
vt 0.470429 0.939286
vt 0.220000 0.937286
vt 0.220000 0.939286
vt 0.218000 0.939286
vt 0.202000 0.165286
vt 0.202000 0.163286
vt 0.200000 0.163286
vt 0.372429 0.165286
vt 0.372429 0.163286
vt 0.370429 0.163286
vt 0.372428 0.202000
vt 0.372429 0.200000
vt 0.370429 0.202000
vt 0.372428 0.798000
vt 0.370429 0.798000
vt 0.372429 0.800000
vt 0.386429 0.165286
vt 0.386429 0.163286
vt 0.388429 0.163286
vt 0.798000 0.165286
vt 0.798000 0.163286
vt 0.800000 0.163286
vt 0.386429 0.202000
vt 0.388429 0.202000
vt 0.386429 0.200000
vt 0.386429 0.798000
vt 0.386429 0.800000
vt 0.388429 0.798000
vt 0.366429 0.566327
vt 0.366429 0.562286
vt 0.368429 0.566327
vt 0.202000 0.949244
vt 0.204000 0.949244
vt 0.203999 0.953286
vt 0.796000 0.953286
vt 0.796000 0.949244
vt 0.798000 0.949244
vt 0.798000 0.566327
vt 0.796000 0.566327
vt 0.796000 0.562286
vt 0.204000 0.167286
vt 0.204000 0.168615
vt 0.202000 0.168614
vt 0.366429 0.167286
vt 0.366429 0.168615
vt 0.368429 0.168614
vt 0.366429 0.556957
vt 0.366429 0.558286
vt 0.368429 0.556957
vt 0.202000 0.556957
vt 0.204000 0.556957
vt 0.203999 0.558286
vt 0.352429 0.167286
vt 0.352429 0.168615
vt 0.350429 0.168614
vt 0.796000 0.167286
vt 0.796000 0.168614
vt 0.798000 0.168614
vt 0.202000 0.566327
vt 0.204000 0.566327
vt 0.203999 0.562286
vt 0.352429 0.949244
vt 0.352429 0.953286
vt 0.350429 0.949244
vt 0.352428 0.796000
vt 0.352428 0.798000
vt 0.350429 0.796000
vt 0.798000 0.556957
vt 0.796000 0.556957
vt 0.796000 0.558286
vt 0.352429 0.556957
vt 0.352429 0.558286
vt 0.350429 0.556957
vt 0.352429 0.798000
vt 0.352428 0.796000
vt 0.350429 0.796000
vt 0.372429 0.955286
vt 0.372429 0.953286
vt 0.220000 0.955286
vt 0.220000 0.953286
vt 0.218000 0.953286
vt 0.780000 0.937286
vt 0.780000 0.939286
vt 0.782000 0.939286
vt 0.372429 0.220000
vt 0.372429 0.218000
vt 0.780000 0.955286
vt 0.780000 0.953286
vt 0.782000 0.953286
vt 0.468429 0.955286
vt 0.468429 0.953286
vt 0.468429 0.937286
vt 0.468429 0.939286
vt 0.220000 0.937286
vt 0.218000 0.939286
vt 0.202000 0.167286
vt 0.202000 0.165286
vt 0.798000 0.167286
vt 0.202000 0.165286
vt 0.202000 0.167286
vt 0.948429 0.167286
vt 0.798000 0.181286
vt 0.202000 0.183286
vt 0.202000 0.181286
vt 0.202000 0.181286
vt 0.202000 0.183286
vt 0.372429 0.181286
vt 0.950429 0.167286
vt 0.370429 0.181286
vt 0.948429 0.183286
vt 0.372428 0.185286
vt 0.372428 0.953286
vt 0.948429 0.953286
vt 0.950429 0.953286
vt 0.370429 0.953286
vt 0.370429 0.185286
vt 0.948429 0.185286
vt 0.798000 0.183286
vt 0.784000 0.183286
vt 0.784000 0.185286
vt 0.372429 0.185286
vt 0.948429 0.953286
vt 0.372429 0.216000
vt 0.948429 0.202000
vt 0.948429 0.216000
vt 0.372429 0.202000
vt 0.780000 0.955286
vt 0.780000 0.953286
vt 0.220000 0.939286
vt 0.220000 0.955286
vt 0.780000 0.937286
vt 0.780000 0.939286
vt 0.220000 0.953286
vt 0.218000 0.953286
vt 0.782000 0.939286
vt 0.468429 0.955286
vt 0.372429 0.937286
vt 0.468429 0.220000
vt 0.468429 0.218000
vt 0.798000 0.165286
vt 0.798000 0.163286
vt 0.800000 0.077286
vt 0.798000 0.077286
vt 0.202000 0.077286
vt 0.202000 0.163286
vt 0.798000 0.077286
vt 0.800000 0.077286
vt 0.200000 0.077286
vt 0.200000 0.163286
vt 0.386429 0.165286
vt 0.796000 0.167286
vt 0.202000 0.566327
vt 0.204000 0.566327
vt 0.796000 0.168615
vt 0.798000 0.556957
vt 0.204000 0.562286
vt 0.203999 0.167286
vt 0.204000 0.168614
vt 0.202000 0.949244
vt 0.796000 0.953286
vt 0.204000 0.949244
vt 0.204000 0.953286
vt 0.202000 0.168615
vt 0.796000 0.949244
vt 0.796000 0.566327
vt 0.204000 0.556957
vt 0.204000 0.558286
vt 0.352429 0.556957
vt 0.352429 0.558286
vt 0.366429 0.949244
vt 0.366429 0.953286
vt 0.352429 0.566327
vt 0.352429 0.562286
vt 0.366429 0.798000
vt 0.366429 0.556957
vt 0.366429 0.558286
vt 0.366429 0.167286
vt 0.366429 0.796000
vt 0.366429 0.798000
vt 0.780000 0.953286
vt 0.220000 0.939286
vt 0.780000 0.939286
vt 0.372429 0.937286
vt 0.468429 0.220000
vt 0.372429 0.955286
vt 0.372429 0.798000
vt 0.948429 0.202000
vt 0.372429 0.202000
vt 0.948429 0.202000
vt 0.372429 0.798000
vt 0.216000 0.953286
vt 0.202000 0.185286
vt 0.202000 0.953286
vt 0.216000 0.185286
vt 0.948429 0.784000
vt 0.948429 0.798000
vt 0.784000 0.953286
vt 0.798000 0.953286
vt 0.798000 0.953286
vt 0.372429 0.220000
vt 0.468429 0.780000
vt 0.372429 0.780000
vt 0.372429 0.939286
vt 0.372429 0.953286
vt 0.372428 0.202000
vt 0.386429 0.798000
vt 0.372429 0.077286
vt 0.372429 0.163286
vt 0.386429 0.077286
vt 0.366429 0.204000
vt 0.352428 0.204000
vt 0.366429 0.566327
vt 0.366429 0.949244
vt 0.352428 0.796000
vt 0.372429 0.220000
vt 0.468429 0.780000
vt 0.372429 0.780000
vt 0.372429 0.939286
vt 0.798000 0.165286
vt 0.948429 0.165286
vt 0.798000 0.183286
vt 0.950429 0.185286
vt 0.370429 0.953286
vt 0.950429 0.202000
vt 0.950429 0.216000
vt 0.370429 0.202000
vt 0.218000 0.939286
vt 0.468429 0.953286
vt 0.200000 0.077286
vt 0.386429 0.163286
vt 0.798000 0.168614
vt 0.796000 0.558286
vt 0.796000 0.562286
vt 0.352428 0.168615
vt 0.468429 0.953286
vt 0.948429 0.798000
vt 0.948429 0.798000
vt 0.216000 0.953286
vt 0.372429 0.784000
vt 0.784000 0.953286
vt 0.468429 0.220000
vt 0.386429 0.202000
vt 0.386429 0.077286
vt 0.352428 0.204000
vt 0.352429 0.566327
vt 0.352428 0.796000
vt 0.468429 0.939286
s 0
usemtl U702-ST9
f 3109/4678/1092 3110/4679/1092 3111/4680/1092
f 3112/4681/1093 3113/4682/1093 3114/4683/1093
f 3115/4684/1094 3116/4685/1094 3117/4686/1094
f 3118/4687/1095 3119/4688/1095 3120/4683/1095
f 3121/4689/1096 3122/4690/1096 3123/4691/1096
f 3124/4692/1097 3125/4693/1097 3126/4694/1097
f 3127/4695/1098 3128/4696/1098 3129/4697/1098
f 3130/4698/1099 3131/4699/1099 3132/4700/1099
f 3133/4690/1093 3134/4701/1093 3135/4702/1093
f 3136/4703/1100 3137/4704/1100 3138/4705/1100
f 3139/4697/1094 3140/4706/1094 3141/4707/1094
f 3142/4708/1095 3143/4709/1095 3144/4710/1095
f 3145/4711/1101 3146/4712/1101 3147/4713/1101
f 3148/4714/1097 3149/4715/1097 3150/4716/1097
f 3151/4717/1098 3152/4718/1098 3153/4719/1098
f 3154/4720/1102 3155/4721/1102 3156/4722/1102
f 3157/4690/1093 3158/4701/1093 3159/4702/1093
f 3160/4723/1100 3161/4724/1100 3162/4725/1100
f 3163/4726/1101 3164/4727/1101 3165/4728/1101
f 3166/4729/1097 3167/4730/1097 3168/4731/1097
f 3169/4732/1103 3170/4733/1103 3171/4734/1103
f 3172/4694/1104 3173/4735/1104 3174/4736/1104
f 3175/4737/1105 3176/4738/1105 3177/4739/1105
f 3178/4740/1106 3179/4741/1106 3180/4742/1106
f 3181/4743/1105 3182/4738/1105 3183/4744/1105
f 3184/4745/1107 3185/4746/1107 3186/4747/1107
f 3187/4748/1103 3188/4749/1103 3189/4750/1103
f 3190/4751/1108 3191/4752/1108 3192/4753/1108
f 3193/4754/1106 3194/4755/1106 3195/4756/1106
f 3196/4757/1109 3197/4758/1109 3198/4759/1109
f 3199/4760/1104 3200/4761/1104 3201/4762/1104
f 3202/4763/1110 3203/4764/1110 3204/4765/1110
f 3205/4766/1111 3206/4767/1111 3207/4768/1111
f 3208/4769/1112 3209/4770/1112 3210/4771/1112
f 3211/4772/1093 3212/4773/1093 3213/4774/1093
f 3214/4775/1095 3215/4776/1095 3216/4777/1095
f 3217/4778/1113 3218/4779/1113 3219/4780/1113
f 3220/4781/1114 3221/4782/1114 3222/4783/1114
f 3223/4784/1100 3224/4785/1100 3225/4786/1100
f 3226/4787/1115 3227/4788/1115 3228/4789/1115
f 3277/4838/1105 3278/4839/1105 3279/4744/1105
f 3280/4840/1107 3281/4841/1107 3282/4842/1107
f 3283/4843/1103 3284/4844/1103 3285/4845/1103
f 3286/4846/1108 3287/4847/1108 3288/4753/1108
f 3289/4848/1120 3290/4849/1120 3291/4850/1120
f 3292/4851/1109 3293/4852/1109 3294/4759/1109
f 3295/4853/1116 3296/4854/1116 3297/4762/1116
f 3298/4855/1110 3299/4764/1110 3300/4856/1110
f 3110/4679/1121 3112/4681/1121 3114/4683/1121
f 3116/4685/1122 3111/4857/1122 3110/4858/1122
f 3118/4859/1123 3114/4860/1123 3113/4861/1123
f 3117/4862/1124 3120/4683/1124 3119/4688/1124
f 3124/4692/1125 3122/4690/1125 3121/4689/1125
f 3127/4863/1126 3126/4864/1126 3125/4865/1126
f 3131/4699/1127 3123/4866/1127 3122/4867/1127
f 3129/4697/1128 3132/4868/1128 3131/4690/1128
f 3121/4689/1129 3113/4682/1129 3112/4681/1129
f 3109/4678/1130 3125/4693/1130 3124/4692/1130
f 3128/4696/1131 3115/4869/1131 3117/4862/1131
f 3119/4688/1132 3130/4870/1132 3132/4868/1132
f 3136/4871/1121 3134/4701/1121 3133/4690/1121
f 3140/4706/1124 3142/4690/1124 3144/4872/1124
f 3149/4715/1125 3145/4737/1125 3147/4873/1125
f 3151/4717/1128 3155/4721/1128 3154/4720/1128
f 3141/4707/1131 3153/4874/1131 3152/4875/1131
f 3156/4876/1132 3144/4872/1132 3143/4877/1132
f 3138/4878/1130 3150/4716/1130 3149/4715/1130
f 3147/4873/1129 3135/4702/1129 3134/4701/1129
f 3160/4871/1121 3158/4701/1121 3157/4690/1121
f 3167/4730/1133 3163/4726/1133 3165/4728/1133
f 3162/4878/1130 3168/4875/1130 3167/4874/1130
f 3165/4738/1129 3159/4702/1129 3158/4701/1129
f 3161/4724/1122 3139/4879/1122 3141/4709/1122
f 3152/4718/1126 3166/4729/1126 3168/4731/1126
f 3164/4727/1127 3154/4720/1127 3156/4722/1127
f 3143/4709/1123 3157/4880/1123 3159/4881/1123
f 3173/4735/1124 3169/4690/1124 3171/4882/1124
f 3178/4714/1134 3176/4738/1134 3175/4737/1134
f 3174/4736/1131 3180/4883/1131 3179/4875/1131
f 3177/4739/1132 3171/4882/1132 3170/4877/1132
f 3175/4884/1127 3146/4712/1127 3145/4711/1127
f 3148/4885/1126 3179/4741/1126 3178/4740/1126
f 3172/4886/1122 3137/4704/1122 3136/4703/1122
f 3133/4887/1123 3170/4733/1123 3169/4732/1123
f 3185/4746/1127 3181/4888/1127 3183/4889/1127
f 3190/4855/1123 3188/4749/1123 3187/4748/1123
f 3192/4890/1129 3186/4747/1129 3185/4746/1129
f 3183/4889/1132 3189/4750/1132 3188/4749/1132
f 3196/4891/1126 3194/4755/1126 3193/4754/1126
f 3203/4764/1122 3199/4892/1122 3201/4893/1122
f 3204/4765/1130 3198/4894/1130 3197/4895/1130
f 3195/4756/1131 3201/4893/1131 3200/4896/1131
f 3193/4897/1128 3182/4738/1128 3181/4743/1128
f 3187/4898/1124 3200/4761/1124 3199/4760/1124
f 3191/4752/1121 3202/4899/1121 3204/4900/1121
f 3184/4737/1125 3197/4758/1125 3196/4757/1125
f 3208/4901/1127 3206/4767/1127 3205/4766/1127
f 3215/4776/1123 3211/4772/1123 3213/4774/1123
f 3210/4902/1132 3216/4903/1132 3215/4904/1132
f 3213/4905/1129 3207/4768/1129 3206/4767/1129
f 3221/4782/1126 3217/4860/1126 3219/4906/1126
f 3226/4787/1122 3224/4785/1122 3223/4784/1122
f 3222/4783/1131 3228/4907/1131 3227/4908/1131
f 3225/4909/1130 3219/4906/1130 3218/4910/1130
f 3223/4784/1121 3212/4773/1121 3211/4772/1121
f 3205/4683/1125 3218/4779/1125 3217/4778/1125
f 3227/4788/1135 3214/4775/1135 3216/4777/1135
f 3220/4911/1128 3209/4770/1128 3208/4769/1128
f 3281/4841/1127 3277/4888/1127 3279/4941/1127
f 3286/4855/1123 3284/4844/1123 3283/4843/1123
f 3288/4942/1129 3282/4842/1129 3281/4841/1129
f 3279/4941/1132 3285/4845/1132 3284/4844/1132
f 3292/4891/1126 3290/4849/1126 3289/4848/1126
f 3299/4764/1122 3295/4892/1122 3297/4943/1122
f 3300/4856/1130 3294/4841/1130 3293/4895/1130
f 3291/4850/1131 3297/4943/1131 3296/4896/1131
f 3289/4897/1128 3278/4839/1128 3277/4838/1128
f 3283/4944/1124 3296/4854/1124 3295/4853/1124
f 3287/4847/1121 3298/4945/1121 3300/4900/1121
f 3280/4946/1125 3293/4852/1125 3292/4851/1125
f 3124/4692/1138 3112/4681/1138 3109/4678/1138
f 3120/4947/1139 3110/4948/1139 3114/4949/1139
f 3127/4863/1140 3111/4857/1140 3115/4684/1140
f 3123/4866/1141 3118/4859/1141 3113/4861/1141
f 3132/4868/1142 3117/4862/1142 3119/4688/1142
f 3126/4950/1143 3131/4951/1143 3122/4949/1143
f 3169/4732/1139 3136/4703/1139 3133/4887/1139
f 3149/4715/1138 3134/4701/1138 3138/4878/1138
f 3177/4952/1141 3135/4953/1141 3146/4954/1141
f 3174/4955/1140 3150/4954/1140 3137/4953/1140
f 3160/4956/1139 3142/4951/1139 3139/4957/1139
f 3144/4872/1142 3153/4874/1142 3140/4706/1142
f 3168/4958/1140 3141/4709/1140 3152/4959/1140
f 3159/4881/1141 3156/4960/1141 3143/4709/1141
f 3178/4740/1143 3145/4711/1143 3148/4885/1143
f 3163/4726/1143 3151/4717/1143 3154/4720/1143
f 3167/4874/1138 3158/4701/1138 3162/4878/1138
f 3171/4882/1142 3180/4883/1142 3173/4735/1142
f 3184/4961/1143 3193/4962/1143 3181/4963/1143
f 3188/4749/1141 3185/4746/1141 3183/4889/1141
f 3182/4738/1142 3200/4761/1142 3189/4964/1142
f 3191/4964/1138 3197/4758/1138 3186/4965/1138
f 3187/4963/1139 3202/4899/1139 3190/4751/1139
f 3198/4894/1140 3201/4893/1140 3194/4755/1140
f 3205/4966/1143 3220/4967/1143 3208/4775/1143
f 3215/4904/1141 3206/4767/1141 3210/4902/1141
f 3212/4968/1138 3218/4779/1138 3207/4969/1138
f 3209/4770/1142 3227/4970/1142 3216/4968/1142
f 3214/4775/1139 3223/4784/1139 3211/4772/1139
f 3219/4906/1140 3228/4907/1140 3221/4782/1140
f 3280/4976/1143 3289/4977/1143 3277/4978/1143
f 3284/4844/1141 3281/4841/1141 3279/4941/1141
f 3278/4839/1142 3296/4854/1142 3285/4979/1142
f 3287/4979/1138 3293/4852/1138 3282/4738/1138
f 3283/4963/1139 3298/4945/1139 3286/4846/1139
f 3294/4841/1140 3297/4943/1140 3290/4849/1140
f 3110/4679/1121 3109/4678/1121 3112/4681/1121
f 3116/4685/1122 3115/4684/1122 3111/4857/1122
f 3118/4859/1123 3120/4980/1123 3114/4860/1123
f 3117/4862/1124 3116/4981/1124 3120/4683/1124
f 3124/4692/1125 3126/4694/1125 3122/4690/1125
f 3127/4863/1126 3129/4982/1126 3126/4864/1126
f 3131/4699/1127 3130/4698/1127 3123/4866/1127
f 3129/4697/1128 3128/4696/1128 3132/4868/1128
f 3121/4689/1129 3123/4691/1129 3113/4682/1129
f 3109/4678/1130 3111/4680/1130 3125/4693/1130
f 3128/4696/1131 3127/4695/1131 3115/4869/1131
f 3119/4688/1132 3118/4687/1132 3130/4870/1132
f 3136/4871/1121 3138/4878/1121 3134/4701/1121
f 3140/4706/1124 3139/4697/1124 3142/4690/1124
f 3149/4715/1125 3148/4714/1125 3145/4737/1125
f 3151/4717/1128 3153/4719/1128 3155/4721/1128
f 3141/4707/1131 3140/4706/1131 3153/4874/1131
f 3156/4876/1132 3155/4738/1132 3144/4872/1132
f 3138/4878/1130 3137/4983/1130 3150/4716/1130
f 3147/4873/1129 3146/4984/1129 3135/4702/1129
f 3160/4871/1144 3162/4878/1144 3158/4701/1144
f 3167/4730/1125 3166/4729/1125 3163/4726/1125
f 3162/4878/1130 3161/4983/1130 3168/4875/1130
f 3165/4738/1129 3164/4984/1129 3159/4702/1129
f 3161/4724/1122 3160/4723/1122 3139/4879/1122
f 3152/4718/1126 3151/4717/1126 3166/4729/1126
f 3164/4727/1127 3163/4726/1127 3154/4720/1127
f 3143/4709/1123 3142/4708/1123 3157/4880/1123
f 3173/4735/1135 3172/4694/1135 3169/4690/1135
f 3178/4714/1128 3180/4883/1128 3176/4738/1128
f 3174/4736/1131 3173/4735/1131 3180/4883/1131
f 3177/4739/1132 3176/4738/1132 3171/4882/1132
f 3175/4884/1127 3177/4733/1127 3146/4712/1127
f 3148/4885/1126 3150/4985/1126 3179/4741/1126
f 3172/4886/1122 3174/4986/1122 3137/4704/1122
f 3133/4887/1123 3135/4987/1123 3170/4733/1123
f 3185/4746/1127 3184/4745/1127 3181/4888/1127
f 3190/4855/1123 3192/4890/1123 3188/4749/1123
f 3192/4890/1129 3191/4988/1129 3186/4747/1129
f 3183/4889/1132 3182/4756/1132 3189/4750/1132
f 3196/4891/1126 3198/4894/1126 3194/4755/1126
f 3203/4764/1122 3202/4763/1122 3199/4892/1122
f 3204/4765/1130 3203/4764/1130 3198/4894/1130
f 3195/4756/1131 3194/4755/1131 3201/4893/1131
f 3193/4897/1128 3195/4989/1128 3182/4738/1128
f 3187/4898/1124 3189/4964/1124 3200/4761/1124
f 3191/4752/1121 3190/4751/1121 3202/4899/1121
f 3184/4737/1125 3186/4965/1125 3197/4758/1125
f 3208/4901/1127 3210/4902/1127 3206/4767/1127
f 3215/4776/1123 3214/4775/1123 3211/4772/1123
f 3210/4902/1132 3209/4783/1132 3216/4903/1132
f 3213/4905/1129 3212/4990/1129 3207/4768/1129
f 3221/4782/1126 3220/4781/1126 3217/4860/1126
f 3226/4787/1122 3228/4789/1122 3224/4785/1122
f 3222/4783/1131 3221/4782/1131 3228/4907/1131
f 3225/4909/1130 3224/4905/1130 3219/4906/1130
f 3223/4784/1121 3225/4786/1121 3212/4773/1121
f 3205/4683/1125 3207/4969/1125 3218/4779/1125
f 3227/4788/1124 3226/4787/1124 3214/4775/1124
f 3220/4911/1134 3222/4991/1134 3209/4770/1134
f 3281/4841/1127 3280/4840/1127 3277/4888/1127
f 3286/4855/1123 3288/4942/1123 3284/4844/1123
f 3288/4942/1129 3287/4988/1129 3282/4842/1129
f 3279/4941/1132 3278/4756/1132 3285/4845/1132
f 3292/4891/1126 3294/4841/1126 3290/4849/1126
f 3299/4764/1122 3298/4855/1122 3295/4892/1122
f 3300/4856/1130 3299/4764/1130 3294/4841/1130
f 3291/4850/1131 3290/4849/1131 3297/4943/1131
f 3289/4897/1128 3291/4996/1128 3278/4839/1128
f 3283/4944/1124 3285/4979/1124 3296/4854/1124
f 3287/4847/1121 3286/4846/1121 3298/4945/1121
f 3280/4946/1125 3282/4738/1125 3293/4852/1125
f 3124/4692/1138 3121/4689/1138 3112/4681/1138
f 3120/4947/1139 3116/4997/1139 3110/4948/1139
f 3127/4863/1140 3125/4865/1140 3111/4857/1140
f 3123/4866/1141 3130/4698/1141 3118/4859/1141
f 3132/4868/1142 3128/4696/1142 3117/4862/1142
f 3126/4950/1143 3129/4998/1143 3131/4951/1143
f 3169/4732/1139 3172/4886/1139 3136/4703/1139
f 3149/4715/1138 3147/4873/1138 3134/4701/1138
f 3177/4952/1141 3170/4955/1141 3135/4953/1141
f 3174/4955/1140 3179/4999/1140 3150/4954/1140
f 3160/4956/1139 3157/5000/1139 3142/4951/1139
f 3144/4872/1142 3155/4738/1142 3153/4874/1142
f 3168/4958/1140 3161/4724/1140 3141/4709/1140
f 3159/4881/1141 3164/5001/1141 3156/4960/1141
f 3178/4740/1143 3175/4884/1143 3145/4711/1143
f 3163/4726/1143 3166/4729/1143 3151/4717/1143
f 3167/4874/1138 3165/4738/1138 3158/4701/1138
f 3171/4882/1142 3176/4738/1142 3180/4883/1142
f 3184/4961/1143 3196/5002/1143 3193/4962/1143
f 3188/4749/1141 3192/4890/1141 3185/4746/1141
f 3182/4738/1142 3195/4989/1142 3200/4761/1142
f 3191/4964/1138 3204/4761/1138 3197/4758/1138
f 3187/4963/1139 3199/4962/1139 3202/4899/1139
f 3198/4894/1140 3203/4764/1140 3201/4893/1140
f 3205/4966/1143 3217/5003/1143 3220/4967/1143
f 3215/4904/1141 3213/4905/1141 3206/4767/1141
f 3212/4968/1138 3225/5004/1138 3218/4779/1138
f 3209/4770/1142 3222/4991/1142 3227/4970/1142
f 3214/4775/1139 3226/4787/1139 3223/4784/1139
f 3219/4906/1140 3224/4905/1140 3228/4907/1140
f 3280/4976/1143 3292/4945/1143 3289/4977/1143
f 3284/4844/1141 3288/4942/1141 3281/4841/1141
f 3278/4839/1142 3291/4996/1142 3296/4854/1142
f 3287/4979/1138 3300/5008/1138 3293/4852/1138
f 3283/4963/1139 3295/4977/1139 3298/4945/1139
f 3294/4841/1140 3299/4764/1140 3297/4943/1140
usemtl U702-PM
f 3229/4790/1110 3230/4791/1110 3231/4792/1110
f 3232/4793/1109 3233/4794/1109 3234/4795/1109
f 3235/4796/1098 3236/4797/1098 3237/4798/1098
f 3238/4799/1116 3239/4800/1116 3240/4801/1116
f 3241/4802/1110 3242/4803/1110 3243/4804/1110
f 3244/4805/1116 3245/4806/1116 3246/4807/1116
f 3247/4808/1114 3248/4809/1114 3249/4810/1114
f 3250/4811/1109 3251/4812/1109 3252/4813/1109
f 3253/4814/1108 3254/4815/1108 3255/4816/1108
f 3256/4817/1117 3257/4818/1117 3258/4819/1117
f 3259/4820/1108 3260/4821/1108 3261/4822/1108
f 3262/4823/1107 3263/4824/1107 3264/4825/1107
f 3265/4826/1112 3266/4827/1112 3267/4828/1112
f 3268/4829/1118 3269/4830/1118 3270/4831/1118
f 3271/4832/1107 3272/4833/1107 3273/4834/1107
f 3274/4835/1119 3275/4836/1119 3276/4837/1119
f 3244/4912/1122 3242/4803/1122 3241/4802/1122
f 3233/4794/1130 3229/4913/1130 3231/4914/1130
f 3236/4797/1126 3234/4795/1126 3233/4794/1126
f 3246/4915/1131 3247/4916/1131 3249/4830/1131
f 3251/4812/1130 3243/4804/1130 3242/4803/1130
f 3239/4800/1131 3237/4798/1131 3236/4797/1131
f 3240/4801/1122 3231/4914/1122 3230/4917/1122
f 3249/4830/1126 3252/4813/1126 3251/4812/1126
f 3257/4818/1123 3253/4918/1123 3255/4919/1123
f 3262/4920/1129 3260/4821/1129 3259/4820/1129
f 3265/4921/1127 3264/4922/1127 3263/4923/1127
f 3258/4819/1132 3269/4830/1132 3268/4829/1132
f 3271/4811/1129 3255/4919/1129 3254/4924/1129
f 3274/4799/1132 3267/4925/1132 3266/4798/1132
f 3276/4926/1123 3261/4822/1123 3260/4821/1123
f 3270/4831/1127 3273/4927/1127 3272/4928/1127
f 3256/4814/1124 3245/4806/1124 3244/4805/1124
f 3248/4809/1128 3268/4929/1128 3270/4930/1128
f 3263/4824/1136 3232/4931/1136 3234/4932/1136
f 3230/4791/1137 3259/4933/1137 3261/4934/1137
f 3238/4935/1124 3275/4836/1124 3274/4835/1124
f 3272/4833/1136 3250/4936/1136 3252/4937/1136
f 3241/4938/1137 3254/4815/1137 3253/4814/1137
f 3266/4827/1128 3235/4939/1128 3237/4940/1128
f 3232/4931/1138 3259/4933/1138 3229/4790/1138
f 3236/4797/1140 3231/4914/1140 3239/4800/1140
f 3230/4971/1139 3275/4836/1139 3240/4939/1139
f 3235/4939/1143 3263/4972/1143 3234/4971/1143
f 3238/4973/1142 3266/4823/1142 3237/4974/1142
f 3241/4971/1139 3256/4975/1139 3244/4939/1139
f 3249/4830/1140 3242/4803/1140 3246/4915/1140
f 3250/4936/1138 3254/4815/1138 3243/4806/1138
f 3245/4806/1142 3268/4929/1142 3247/4808/1142
f 3248/4939/1143 3272/4972/1143 3252/4971/1143
f 3255/4919/1141 3269/4830/1141 3257/4818/1141
f 3260/4821/1141 3267/4925/1141 3276/4926/1141
f 3244/4912/1122 3246/4915/1122 3242/4803/1122
f 3233/4794/1130 3232/4793/1130 3229/4913/1130
f 3236/4797/1126 3235/4796/1126 3234/4795/1126
f 3246/4915/1131 3245/4992/1131 3247/4916/1131
f 3251/4812/1130 3250/4811/1130 3243/4804/1130
f 3239/4800/1131 3238/4799/1131 3237/4798/1131
f 3240/4801/1122 3239/4800/1122 3231/4914/1122
f 3249/4830/1126 3248/4993/1126 3252/4813/1126
f 3257/4818/1123 3256/4817/1123 3253/4918/1123
f 3262/4920/1129 3264/4922/1129 3260/4821/1129
f 3265/4921/1127 3267/4925/1127 3264/4922/1127
f 3258/4819/1132 3257/4818/1132 3269/4830/1132
f 3271/4811/1129 3273/4927/1129 3255/4919/1129
f 3274/4799/1132 3276/4926/1132 3267/4925/1132
f 3276/4926/1123 3275/4994/1123 3261/4822/1123
f 3270/4831/1127 3269/4830/1127 3273/4927/1127
f 3256/4814/1124 3258/4995/1124 3245/4806/1124
f 3248/4809/1128 3247/4808/1128 3268/4929/1128
f 3263/4824/1125 3262/4823/1125 3232/4931/1125
f 3230/4791/1121 3229/4790/1121 3259/4933/1121
f 3238/4935/1124 3240/4939/1124 3275/4836/1124
f 3272/4833/1125 3271/4832/1125 3250/4936/1125
f 3241/4938/1121 3243/4806/1121 3254/4815/1121
f 3266/4827/1128 3265/4826/1128 3235/4939/1128
f 3232/4931/1138 3262/4823/1138 3259/4933/1138
f 3236/4797/1140 3233/4794/1140 3231/4914/1140
f 3230/4971/1139 3261/5005/1139 3275/4836/1139
f 3235/4939/1143 3265/4826/1143 3263/4972/1143
f 3238/4973/1142 3274/5006/1142 3266/4823/1142
f 3241/4971/1139 3253/5005/1139 3256/4975/1139
f 3249/4830/1140 3251/4812/1140 3242/4803/1140
f 3250/4936/1138 3271/4832/1138 3254/4815/1138
f 3245/4806/1142 3258/4995/1142 3268/4929/1142
f 3248/4939/1143 3270/5007/1143 3272/4972/1143
f 3255/4919/1141 3273/4927/1141 3269/4830/1141
f 3260/4821/1141 3264/4922/1141 3267/4925/1141
o Plane.009
v -0.518000 0.100000 1.298000
v -0.520000 0.098000 1.298000
v -0.518000 0.098000 1.300000
v -0.518000 0.100000 0.702000
v -0.518000 0.098000 0.700000
v -0.520000 0.098000 0.702000
v -0.518000 0.010000 1.298000
v -0.518000 0.012000 1.300000
v -0.520000 0.012000 1.298000
v -0.518000 0.010000 0.702000
v -0.520000 0.012000 0.702000
v -0.518000 0.012000 0.700000
v -0.504000 0.100000 1.298000
v -0.504000 0.098000 1.300000
v -0.502000 0.098000 1.298000
v -0.504000 0.100000 0.702000
v -0.502000 0.098000 0.702000
v -0.504000 0.098000 0.700000
v -0.504000 0.010000 1.298000
v -0.502000 0.012000 1.298000
v -0.504000 0.012000 1.300000
v -0.504000 0.010000 0.702000
v -0.504000 0.012000 0.700000
v -0.502000 0.012000 0.702000
v -0.584000 0.102000 1.296000
v -0.582000 0.104000 1.296000
v -0.584000 0.104000 1.298000
v -0.584000 0.102000 0.704000
v -0.584000 0.104000 0.702000
v -0.582000 0.104000 0.704000
v -0.584000 0.886000 0.702000
v -0.584000 0.888000 0.704000
v -0.582000 0.886000 0.704000
v -0.584000 0.886000 1.298000
v -0.582000 0.886000 1.296000
v -0.584000 0.888000 1.296000
v -0.598000 0.102000 1.296000
v -0.598000 0.104000 1.298000
v -0.600000 0.104000 1.296000
v -0.598000 0.102000 0.704000
v -0.600000 0.104000 0.704000
v -0.598000 0.104000 0.702000
v -0.598000 0.886000 0.702000
v -0.600000 0.886000 0.704000
v -0.598000 0.888000 0.704000
v -0.598000 0.886000 1.298000
v -0.598000 0.888000 1.296000
v -0.600000 0.886000 1.296000
vn -0.5773 0.5774 0.5773
vn -0.5774 0.5773 -0.5774
vn -0.5773 -0.5774 0.5773
vn -0.5774 -0.5773 -0.5773
vn 0.5773 0.5774 0.5773
vn 0.5774 0.5773 -0.5773
vn 0.5773 -0.5774 0.5773
vn 0.5774 -0.5773 -0.5774
vn 0.5774 -0.5773 0.5774
vn 0.5774 -0.5773 -0.5773
vn 0.5774 0.5774 -0.5774
vn 0.5774 0.5773 0.5774
vn -0.5774 -0.5773 0.5774
vn -0.5774 -0.5773 -0.5774
vn -0.5773 0.5773 -0.5774
vn -0.5774 0.5773 0.5774
vn -0.7071 0.7071 -0.0000
vn -0.7071 -0.7071 -0.0000
vn -0.7071 -0.0000 -0.7071
vn -0.7071 -0.0000 0.7071
vn 0.7071 0.7071 -0.0000
vn 0.7071 -0.7071 -0.0000
vn 0.7071 -0.0000 -0.7071
vn 0.7071 -0.0000 0.7071
vn -0.0000 0.7071 -0.7071
vn -0.0000 -0.7071 -0.7071
vn -0.0000 0.7071 0.7071
vn -0.0000 -0.7071 0.7071
vn -0.0000 1.0000 -0.0000
vn -1.0000 -0.0000 -0.0000
vn -0.0000 -0.0000 1.0000
vn -0.0000 -0.0000 -1.0000
vn -0.0000 -1.0000 -0.0000
vn 1.0000 -0.0000 -0.0000
vt 0.349000 0.202000
vt 0.347000 0.202000
vt 0.349000 0.200000
vt 0.349000 0.175333
vt 0.349000 0.173333
vt 0.347000 0.173333
vt 0.349000 0.202000
vt 0.349000 0.200000
vt 0.347000 0.202000
vt 0.349000 0.798000
vt 0.347000 0.798000
vt 0.349000 0.800000
vt 0.363000 0.202000
vt 0.363000 0.200000
vt 0.365000 0.202000
vt 0.363000 0.798000
vt 0.365000 0.798000
vt 0.363000 0.800000
vt 0.363000 0.202000
vt 0.365000 0.202000
vt 0.363000 0.200000
vt 0.363000 0.798000
vt 0.365000 0.798000
vt 0.204000 0.177333
vt 0.204000 0.179333
vt 0.202000 0.179333
vt 0.343000 0.796000
vt 0.343000 0.798000
vt 0.345000 0.796000
vt 0.343000 0.798000
vt 0.343000 0.796000
vt 0.345000 0.796000
vt 0.202000 0.961333
vt 0.204000 0.961333
vt 0.204000 0.963333
vt 0.329000 0.177333
vt 0.329000 0.179333
vt 0.327000 0.179333
vt 0.796000 0.177333
vt 0.796000 0.179333
vt 0.798000 0.179333
vt 0.798000 0.961333
vt 0.796000 0.961333
vt 0.796000 0.963333
vt 0.329000 0.202000
vt 0.329000 0.204000
vt 0.327000 0.204000
vt 0.349000 0.798000
vt 0.349000 0.087333
vt 0.347000 0.087333
vt 0.349000 0.173333
vt 0.347000 0.173333
vt 0.363000 0.173333
vt 0.365000 0.087333
vt 0.363000 0.087333
vt 0.365000 0.173333
vt 0.363000 0.173333
vt 0.363000 0.175333
vt 0.796000 0.177333
vt 0.796000 0.179333
vt 0.798000 0.961333
vt 0.796000 0.961334
vt 0.343000 0.204000
vt 0.345000 0.204000
vt 0.204000 0.177333
vt 0.204000 0.179333
vt 0.202000 0.961333
vt 0.202000 0.179333
vt 0.329000 0.796000
vt 0.343000 0.202000
vt 0.343000 0.177333
vt 0.329000 0.796000
vt 0.329000 0.798000
vt 0.798000 0.087333
vt 0.202000 0.173333
vt 0.798000 0.173333
vt 0.202000 0.173333
vt 0.798000 0.087333
vt 0.343000 0.961333
vt 0.343000 0.179333
vt 0.343000 0.179333
vt 0.329000 0.961333
vt 0.204000 0.961334
vt 0.347000 0.798000
vt 0.365000 0.087333
vt 0.798000 0.179333
vt 0.327000 0.796000
vt 0.202000 0.087333
vt 0.329000 0.204000
vt 0.329000 0.179333
s 0
usemtl U702-ST9
f 3301/5009/1145 3302/5010/1145 3303/5011/1145
f 3304/5012/1146 3305/5013/1146 3306/5014/1146
f 3307/5015/1147 3308/5016/1147 3309/5017/1147
f 3310/5018/1148 3311/5019/1148 3312/5020/1148
f 3313/5021/1149 3314/5022/1149 3315/5023/1149
f 3316/5024/1150 3317/5025/1150 3318/5026/1150
f 3319/5027/1151 3320/5028/1151 3321/5029/1151
f 3322/5030/1152 3323/5026/1152 3324/5031/1152
f 3304/5056/1161 3302/5010/1161 3301/5009/1161
f 3311/5019/1162 3307/5015/1162 3309/5017/1162
f 3306/5014/1163 3312/5057/1163 3311/5058/1163
f 3309/5058/1164 3303/5059/1164 3302/5060/1164
f 3317/5025/1165 3313/5021/1165 3315/5023/1165
f 3322/5030/1166 3320/5028/1166 3319/5027/1166
f 3318/5061/1167 3324/5062/1167 3323/5063/1167
f 3321/5063/1168 3315/5064/1168 3314/5065/1168
f 3316/5066/1169 3305/5013/1169 3304/5012/1169
f 3310/5018/1170 3323/5026/1170 3322/5030/1170
f 3314/5022/1171 3301/5009/1171 3303/5011/1171
f 3319/5027/1172 3308/5016/1172 3307/5015/1172
f 3301/5009/1173 3316/5024/1173 3304/5056/1173
f 3311/5082/1174 3302/5083/1174 3306/5084/1174
f 3308/5057/1175 3314/5065/1175 3303/5059/1175
f 3305/5013/1176 3323/5063/1176 3312/5057/1176
f 3310/5018/1177 3319/5027/1177 3307/5015/1177
f 3315/5085/1178 3324/5086/1178 3317/5084/1178
f 3304/5056/1161 3306/5092/1161 3302/5010/1161
f 3311/5019/1162 3310/5018/1162 3307/5015/1162
f 3306/5014/1163 3305/5013/1163 3312/5057/1163
f 3309/5058/1164 3308/5057/1164 3303/5059/1164
f 3317/5025/1165 3316/5024/1165 3313/5021/1165
f 3322/5030/1166 3324/5031/1166 3320/5028/1166
f 3318/5061/1167 3317/5064/1167 3324/5062/1167
f 3321/5063/1168 3320/5093/1168 3315/5064/1168
f 3316/5066/1169 3318/5061/1169 3305/5013/1169
f 3310/5018/1170 3312/5020/1170 3323/5026/1170
f 3314/5022/1171 3313/5021/1171 3301/5009/1171
f 3319/5027/1172 3321/5029/1172 3308/5016/1172
f 3301/5009/1173 3313/5021/1173 3316/5024/1173
f 3311/5082/1174 3309/5096/1174 3302/5083/1174
f 3308/5057/1175 3321/5063/1175 3314/5065/1175
f 3305/5013/1176 3318/5061/1176 3323/5063/1176
f 3310/5018/1177 3322/5030/1177 3319/5027/1177
f 3315/5085/1178 3320/5096/1178 3324/5086/1178
usemtl U702-PM
f 3325/5032/1153 3326/5033/1153 3327/5034/1153
f 3328/5035/1154 3329/5036/1154 3330/5037/1154
f 3331/5038/1155 3332/5039/1155 3333/5040/1155
f 3334/5041/1156 3335/5042/1156 3336/5043/1156
f 3337/5044/1157 3338/5045/1157 3339/5046/1157
f 3340/5047/1158 3341/5048/1158 3342/5049/1158
f 3343/5050/1159 3344/5051/1159 3345/5052/1159
f 3346/5053/1160 3347/5054/1160 3348/5055/1160
f 3328/5067/1166 3326/5033/1166 3325/5032/1166
f 3330/5068/1167 3331/5069/1167 3333/5070/1167
f 3335/5042/1168 3327/5034/1168 3326/5033/1168
f 3333/5040/1165 3336/5071/1165 3335/5072/1165
f 3341/5048/1162 3337/5073/1162 3339/5074/1162
f 3342/5049/1163 3344/5051/1163 3343/5050/1163
f 3346/5075/1164 3339/5074/1164 3338/5076/1164
f 3345/5077/1161 3348/5055/1161 3347/5054/1161
f 3347/5054/1171 3334/5078/1171 3336/5071/1171
f 3325/5079/1172 3338/5045/1172 3337/5044/1172
f 3329/5036/1170 3340/5080/1170 3342/5081/1170
f 3343/5081/1169 3332/5039/1169 3331/5038/1169
f 3325/5071/1177 3340/5080/1177 3328/5035/1177
f 3335/5042/1178 3330/5068/1178 3333/5070/1178
f 3334/5087/1175 3338/5045/1175 3327/5088/1175
f 3329/5089/1176 3343/5090/1176 3331/5087/1176
f 3332/5039/1173 3347/5054/1173 3336/5071/1173
f 3341/5048/1174 3348/5091/1174 3344/5051/1174
f 3328/5067/1166 3330/5068/1166 3326/5033/1166
f 3330/5068/1167 3329/5094/1167 3331/5069/1167
f 3335/5042/1168 3334/5041/1168 3327/5034/1168
f 3333/5040/1165 3332/5039/1165 3336/5071/1165
f 3341/5048/1162 3340/5047/1162 3337/5073/1162
f 3342/5049/1163 3341/5048/1163 3344/5051/1163
f 3346/5075/1164 3348/5091/1164 3339/5074/1164
f 3345/5077/1161 3344/5095/1161 3348/5055/1161
f 3347/5054/1171 3346/5053/1171 3334/5078/1171
f 3325/5079/1172 3327/5088/1172 3338/5045/1172
f 3329/5036/1170 3328/5035/1170 3340/5080/1170
f 3343/5081/1169 3345/5077/1169 3332/5039/1169
f 3325/5071/1177 3337/5097/1177 3340/5080/1177
f 3335/5042/1178 3326/5033/1178 3330/5068/1178
f 3334/5087/1175 3346/5090/1175 3338/5045/1175
f 3329/5089/1176 3342/5098/1176 3343/5090/1176
f 3332/5039/1173 3345/5077/1173 3347/5054/1173
f 3341/5048/1174 3339/5074/1174 3348/5091/1174
o Plane.010
v -2.758000 0.100000 0.002000
v -2.760000 0.102000 0.002000
v -2.758000 0.102000 0.000000
v -2.760000 0.102000 0.598000
v -2.758000 0.100000 0.598000
v -2.758000 0.102000 0.600000
v -1.652000 0.102000 0.000000
v -1.650000 0.102000 0.002000
v -1.652000 0.100000 0.002000
v -1.652000 0.102000 0.580000
v -1.652000 0.100000 0.578000
v -1.650000 0.102000 0.578000
v -2.160000 0.102000 0.000000
v -2.160000 0.100000 0.002000
v -2.162000 0.102000 0.600000
v -2.162000 0.100000 0.598000
v -2.160000 0.102000 0.598000
v -2.758000 0.116000 0.000000
v -2.760000 0.116000 0.002000
v -2.758000 0.118000 0.002000
v -2.760000 0.116000 0.598000
v -2.758000 0.116000 0.600000
v -2.758000 0.118000 0.598000
v -2.162000 0.118000 0.598000
v -2.162000 0.116000 0.600000
v -2.160000 0.116000 0.598000
v -1.652000 0.118000 0.002000
v -1.650000 0.116000 0.002000
v -1.652000 0.116000 0.000000
v -2.162000 0.100000 0.578000
v -2.158000 0.102000 0.580000
v -2.160000 0.102000 0.582000
v -2.160000 0.116000 0.000000
v -2.160000 0.118000 0.002000
v -2.760000 0.102000 0.580000
v -2.758000 0.100000 0.580000
v -2.758000 0.118000 0.580000
v -2.760000 0.116000 0.580000
v -1.650000 0.116000 0.578000
v -1.652000 0.118000 0.578000
v -1.652000 0.116000 0.580000
v -2.158000 0.116000 0.580000
v -2.162000 0.118000 0.578000
v -2.160000 0.116000 0.582000
v -1.652000 0.118000 0.002000
v -1.652000 0.120000 0.000000
v -1.650000 0.120000 0.002000
v -1.652000 0.118000 0.578000
v -1.650000 0.120000 0.578000
v -1.652000 0.120000 0.580000
v -1.652000 0.890000 0.002000
v -1.650000 0.888000 0.002000
v -1.652000 0.888000 0.000000
v -1.652000 0.890000 0.578000
v -1.652000 0.888000 0.580000
v -1.650000 0.888000 0.578000
v -1.666000 0.118000 0.578000
v -1.666000 0.120000 0.580000
v -1.668000 0.120000 0.578000
v -1.666000 0.118000 0.002000
v -1.668000 0.120000 0.002000
v -1.666000 0.120000 0.000000
v -1.666000 0.890000 0.578000
v -1.668000 0.888000 0.578000
v -1.666000 0.888000 0.580000
v -1.666000 0.890000 0.002000
v -1.666000 0.888000 0.000000
v -1.668000 0.888000 0.002000
v -2.760000 0.120000 0.598000
v -2.758000 0.118000 0.598000
v -2.758000 0.120000 0.600000
v -2.162000 0.120000 0.600000
v -2.162000 0.118000 0.598000
v -2.160000 0.120000 0.598000
v -2.760000 0.120000 0.582000
v -2.758000 0.120000 0.580000
v -2.758000 0.118000 0.582000
v -2.160000 0.120000 0.582000
v -2.162000 0.118000 0.582000
v -2.162000 0.120000 0.580000
v -2.760000 0.888000 0.582000
v -2.758000 0.890000 0.582000
v -2.758000 0.888000 0.580000
v -2.760000 0.888000 0.598000
v -2.758000 0.888000 0.600000
v -2.758000 0.890000 0.598000
v -2.162000 0.888000 0.600000
v -2.160000 0.888000 0.598000
v -2.162000 0.890000 0.598000
v -2.160000 0.888000 0.582000
v -2.162000 0.888000 0.580000
v -2.162000 0.890000 0.582000
v -1.652000 0.100000 0.518000
v -1.652000 0.098000 0.520000
v -1.650000 0.098000 0.518000
v -2.256000 0.100000 0.518000
v -2.258000 0.098000 0.518000
v -2.256000 0.098000 0.520000
v -1.652000 0.010000 0.518000
v -1.650000 0.012000 0.518000
v -1.652000 0.012000 0.520000
v -2.256000 0.010000 0.518000
v -2.256000 0.012000 0.520000
v -2.258000 0.012000 0.518000
v -1.652000 0.100000 0.504000
v -1.650000 0.098000 0.504000
v -1.652000 0.098000 0.502000
v -2.256000 0.100000 0.504000
v -2.256000 0.098000 0.502000
v -2.258000 0.098000 0.504000
v -1.652000 0.010000 0.504000
v -1.652000 0.012000 0.502000
v -1.650000 0.012000 0.504000
v -2.256000 0.010000 0.504000
v -2.258000 0.012000 0.504000
v -2.256000 0.012000 0.502000
v -1.670000 0.888000 0.580000
v -1.668000 0.888000 0.578000
v -1.670000 0.890000 0.578000
v -2.740000 0.888000 0.580000
v -2.740000 0.890000 0.578000
v -2.742000 0.888000 0.578000
v -1.670000 0.888000 0.480000
v -1.670000 0.890000 0.482000
v -1.668000 0.888000 0.482000
v -2.740000 0.888000 0.480000
v -2.742000 0.888000 0.482000
v -2.740000 0.890000 0.482000
v -1.670000 0.874000 0.580000
v -1.670000 0.872000 0.578000
v -1.668000 0.874000 0.578000
v -2.740000 0.874000 0.580000
v -2.742000 0.874000 0.578000
v -2.740000 0.872000 0.578000
v -1.670000 0.874000 0.480000
v -1.668000 0.874000 0.482000
v -1.670000 0.872000 0.482000
v -2.740000 0.874000 0.480000
v -2.740000 0.872000 0.482000
v -2.742000 0.874000 0.482000
v -1.654000 0.886000 0.600000
v -1.652000 0.886000 0.598000
v -1.654000 0.888000 0.598000
v -2.156000 0.888000 0.598000
v -2.158000 0.886000 0.598000
v -2.156000 0.886000 0.600000
v -2.158000 0.104000 0.598000
v -2.156000 0.102000 0.598000
v -2.156000 0.104000 0.600000
v -1.654000 0.102000 0.598000
v -1.652000 0.104000 0.598000
v -1.654000 0.104000 0.600000
v -1.654000 0.102000 0.584000
v -1.654000 0.104000 0.582000
v -1.652000 0.104000 0.584000
v -2.156000 0.102000 0.584000
v -2.158000 0.104000 0.584000
v -2.156000 0.104000 0.582000
v -2.158000 0.886000 0.584000
v -2.156000 0.888000 0.584000
v -2.156000 0.886000 0.582000
v -1.654000 0.888000 0.584000
v -1.652000 0.886000 0.584000
v -1.654000 0.886000 0.582000
v -1.670000 0.888000 0.100000
v -1.668000 0.888000 0.098000
v -1.670000 0.890000 0.098000
v -2.740000 0.888000 0.100000
v -2.740000 0.890000 0.098000
v -2.742000 0.888000 0.098000
v -1.670000 0.888000 0.000000
v -1.670000 0.890000 0.002000
v -1.668000 0.888000 0.002000
v -2.740000 0.888000 0.000000
v -2.742000 0.888000 0.002000
v -2.740000 0.890000 0.002000
v -1.670000 0.874000 0.100000
v -1.670000 0.872000 0.098000
v -1.668000 0.874000 0.098000
v -2.740000 0.874000 0.100000
v -2.742000 0.874000 0.098000
v -2.740000 0.872000 0.098000
v -1.670000 0.874000 0.000000
v -1.668000 0.874000 0.002000
v -1.670000 0.872000 0.002000
v -2.740000 0.874000 0.000000
v -2.740000 0.872000 0.002000
v -2.742000 0.874000 0.002000
v -2.743998 0.118000 0.002000
v -2.743998 0.120000 0.000000
v -2.741998 0.120000 0.002000
v -2.743998 0.118000 0.578000
v -2.741998 0.120000 0.578000
v -2.743998 0.120000 0.580000
v -2.743998 0.890000 0.002000
v -2.741998 0.888000 0.002000
v -2.743998 0.888000 0.000000
v -2.743998 0.890000 0.578000
v -2.743998 0.888000 0.580000
v -2.741998 0.888000 0.578000
v -2.757998 0.118000 0.578000
v -2.757998 0.120000 0.580000
v -2.759998 0.120000 0.578000
v -2.757998 0.118000 0.002000
v -2.759998 0.120000 0.002000
v -2.757998 0.120000 0.000000
v -2.757998 0.890000 0.578000
v -2.759998 0.888000 0.578000
v -2.757998 0.888000 0.580000
v -2.757998 0.890000 0.002000
v -2.757998 0.888000 0.000000
v -2.759998 0.888000 0.002000
vn -0.5773 -0.5774 -0.5773
vn -0.5773 -0.5774 0.5774
vn 0.5774 -0.5773 -0.5774
vn 0.5774 -0.5773 0.5774
vn 0.5773 -0.5774 0.5774
vn -0.5773 0.5774 -0.5773
vn -0.5773 0.5774 0.5774
vn 0.5773 0.5774 0.5774
vn 0.5773 0.5773 -0.5774
vn 0.3015 -0.9045 0.3015
vn 0.5774 0.5773 0.5774
vn 0.3015 0.9045 0.3015
vn 0.5773 -0.5773 -0.5774
vn 0.5773 0.5774 -0.5774
vn 0.5773 0.5773 0.5774
vn -0.5774 -0.5774 0.5773
vn -0.5774 -0.5774 -0.5773
vn -0.5774 0.5774 0.5773
vn -0.5774 0.5774 -0.5773
vn -0.5773 -0.5774 -0.5774
vn 0.5773 -0.5774 -0.5774
vn -0.5773 0.5774 0.5773
vn -0.5773 -0.5774 0.5773
vn 0.5774 0.5774 0.5773
vn -0.5773 0.5773 0.5775
vn 0.5774 0.5774 -0.5773
vn -0.5773 0.5773 -0.5774
vn 0.5774 -0.5774 0.5773
vn -0.5773 -0.5773 0.5774
vn 0.5774 -0.5774 -0.5773
vn -0.5773 -0.5773 -0.5774
vn -0.5773 0.5773 0.5774
vn 0.5773 -0.5773 0.5774
vn -0.5773 0.5774 -0.5774
vn -0.0000 -0.7071 -0.7071
vn -0.7071 -0.7071 -0.0000
vn -0.0000 -0.7071 0.7071
vn 0.7071 -0.7071 -0.0000
vn -0.7071 0.7071 -0.0000
vn -0.0000 0.7071 0.7071
vn 0.7071 0.7071 -0.0000
vn -0.7071 -0.0000 0.7071
vn 0.7071 -0.0000 0.7071
vn -0.7071 -0.0000 -0.7071
vn 0.7071 -0.0000 -0.7071
vn -0.0000 0.7071 -0.7071
vn 0.7070 -0.0000 0.7072
vn 0.7070 -0.0000 -0.7072
vn -0.7071 -0.0000 -0.7072
vn -0.7070 -0.0000 -0.7072
vn -0.7070 -0.0000 0.7072
vn -0.7072 -0.0000 0.7071
vn -0.0000 -0.0000 -1.0000
vn -1.0000 -0.0000 -0.0000
vn -0.0000 -1.0000 -0.0000
vn -0.0000 -0.0000 1.0000
vn 1.0000 -0.0000 -0.0000
vn -0.0000 1.0000 -0.0000
vn 0.7072 -0.0000 0.7071
vn -0.7071 -0.0000 0.7072
vn -0.7072 -0.0000 -0.7070
vn -0.7072 -0.0000 0.7070
vn -0.7072 -0.0000 -0.7071
vt 0.968727 0.232727
vt 0.968727 0.234727
vt 0.970727 0.234727
vt 0.372727 0.234727
vt 0.372727 0.232727
vt 0.370727 0.234727
vt 0.954409 0.234727
vt 0.956409 0.234727
vt 0.954409 0.232727
vt 0.954409 0.234727
vt 0.954409 0.232727
vt 0.956409 0.234727
vt 0.444409 0.234727
vt 0.444409 0.232727
vt 0.446409 0.234727
vt -0.151591 0.248727
vt -0.153591 0.248727
vt -0.151591 0.250727
vt -0.153591 0.248727
vt -0.151591 0.248727
vt -0.151591 0.250727
vt 0.444409 0.250727
vt 0.444409 0.248727
vt 0.446409 0.248727
vt 0.968727 0.250727
vt 0.968727 0.248727
vt 0.970727 0.248727
vt 0.446409 0.232727
vt 0.448409 0.234727
vt 0.446409 0.234727
vt 0.392727 0.248727
vt 0.392727 0.250727
vt 0.390727 0.248727
vt 0.448409 0.248727
vt 0.446409 0.250727
vt 0.954409 0.250727
vt 0.954409 0.252727
vt 0.956409 0.252727
vt 0.392727 0.250727
vt 0.392727 0.252727
vt 0.390727 0.252727
vt 0.954409 0.968727
vt 0.956409 0.968727
vt 0.954409 0.970727
vt 0.954409 0.392727
vt 0.954409 0.390727
vt 0.956409 0.392727
vt 0.940409 0.392727
vt 0.940409 0.390727
vt 0.938409 0.392727
vt 0.968727 0.250727
vt 0.968727 0.252727
vt 0.970727 0.252727
vt 0.940409 0.392727
vt 0.940409 0.390727
vt 0.940409 0.968727
vt 0.940409 0.970727
vt 0.938409 0.968727
vt -0.153591 0.372727
vt -0.151591 0.372727
vt -0.151591 0.370727
vt 0.444409 0.370727
vt 0.444409 0.372727
vt 0.446409 0.372727
vt 0.388727 0.252727
vt 0.388727 0.250727
vt 0.446409 0.388727
vt 0.444409 0.388727
vt 0.444409 0.390727
vt -0.153591 0.388727
vt -0.151591 0.388727
vt -0.151591 0.390727
vt -0.153591 1.020727
vt -0.151591 1.020728
vt -0.151591 1.022727
vt 0.444409 1.020727
vt 0.446409 1.020727
vt 0.444409 1.022727
vt 0.388727 1.020727
vt 0.390727 1.020727
vt 0.388727 1.022727
vt 0.954606 0.232727
vt 0.954606 0.230727
vt 0.956409 0.230727
vt 0.392727 0.232727
vt 0.392727 0.230727
vt 0.390727 0.230727
vt 0.954606 0.392727
vt 0.956409 0.392727
vt 0.954606 0.390727
vt 0.410212 0.392727
vt 0.410212 0.390727
vt 0.408409 0.392727
vt 0.406727 0.232727
vt 0.406727 0.230727
vt 0.408727 0.230727
vt 0.410212 0.232727
vt 0.410212 0.230727
vt 0.408409 0.230727
vt 0.954606 0.406727
vt 0.954606 0.408727
vt 0.956409 0.406727
vt 0.410212 0.406727
vt 0.408409 0.406727
vt 0.410212 0.408727
vt 0.936375 1.020727
vt 0.938409 1.020727
vt 0.936375 1.022727
vt -0.151557 0.390727
vt -0.151558 0.392727
vt -0.153591 0.392727
vt 0.936375 0.490727
vt 0.936375 0.488727
vt 0.938409 0.488727
vt 0.490727 1.020728
vt 0.488727 1.020727
vt 0.488727 1.022727
vt 0.936375 0.390727
vt 0.936375 0.392727
vt 0.390727 1.006727
vt 0.392727 1.006727
vt 0.392727 1.004727
vt 0.490727 1.006727
vt 0.488727 1.006727
vt 0.488727 1.004727
vt -0.151557 0.490727
vt -0.151558 0.488727
vt -0.153591 0.488727
vt 0.370727 1.018727
vt 0.372727 1.018727
vt 0.372727 1.020727
vt 0.450409 0.372727
vt 0.448409 0.372727
vt 0.450409 0.370727
vt 0.448409 0.372727
vt 0.450409 0.372727
vt 0.450409 0.370727
vt 0.952409 0.372727
vt 0.954409 0.372727
vt 0.952409 0.370727
vt 0.952409 0.234727
vt 0.952409 0.236727
vt 0.954409 0.236727
vt 0.450409 0.386727
vt 0.448409 0.386727
vt 0.450409 0.388727
vt 0.448409 0.386727
vt 0.450409 0.386727
vt 0.450409 0.388727
vt 0.386727 1.020727
vt 0.386727 1.018727
vt 0.388727 1.018727
vt 0.936375 1.020727
vt 0.938409 1.020728
vt -0.151557 0.390727
vt -0.151558 0.392727
vt -0.153591 0.392727
vt 0.936375 0.490727
vt 0.936375 0.488727
vt 0.490727 1.020727
vt 0.488727 1.020728
vt 0.936375 0.392727
vt 0.938409 0.392727
vt 0.390727 1.006727
vt 0.392727 1.006727
vt 0.392727 1.004727
vt 0.490727 1.006727
vt 0.488727 1.006727
vt -0.151558 0.488727
vt -0.153591 0.488727
vt 0.954409 0.250727
vt 0.954409 0.252727
vt 0.968727 1.022727
vt 0.968727 1.020728
vt 0.970727 1.020727
vt 0.954409 1.022727
vt 0.954409 1.020727
vt 0.956409 1.020727
vt 0.940409 0.392727
vt 0.940409 0.390727
vt 0.968727 0.250727
vt 0.968727 0.252727
vt 0.970727 0.252727
vt 0.392727 1.022727
vt 0.392727 1.020727
vt 0.940409 1.022727
vt 0.940409 1.020727
vt -0.151591 0.232727
vt 0.446409 0.234727
vt 0.446409 0.232727
vt 0.390727 0.234727
vt 0.390727 0.232727
vt -0.151591 0.234727
vt 0.388727 0.234727
vt 0.372727 0.232727
vt 0.390727 0.232727
vt 0.372727 0.248727
vt 0.390727 0.250727
vt 0.390727 0.248727
vt -0.153591 0.234727
vt -0.151591 0.234727
vt 0.954409 0.248727
vt 0.956409 0.248727
vt 0.446409 0.248727
vt 0.954409 0.250727
vt 0.968727 0.248727
vt 0.954409 0.248727
vt 0.968727 0.232727
vt 0.392727 0.234727
vt 0.392727 0.232727
vt 0.372727 0.250727
vt 0.388727 0.248727
vt 0.390727 0.234727
vt 0.968727 0.252727
vt 0.392727 1.020727
vt 0.392727 0.252727
vt 0.968727 1.020727
vt 0.970727 1.020727
vt 0.940409 0.250727
vt 0.954409 0.392727
vt -0.153591 0.388727
vt -0.151591 0.388727
vt -0.153591 0.372727
vt -0.151591 0.372727
vt 0.444409 0.370727
vt 0.446409 0.388727
vt 0.444409 0.388727
vt 0.444409 0.390727
vt 0.444409 0.252727
vt 0.446409 0.252727
vt -0.153591 0.252727
vt 0.388727 0.252727
vt 0.388727 1.020727
vt 0.410212 0.232727
vt 0.410212 0.230727
vt 0.408409 0.144727
vt 0.410212 0.144727
vt 0.954606 0.144727
vt 0.954606 0.232727
vt 0.954606 0.230727
vt 0.406727 0.230727
vt 0.410212 0.144727
vt 0.406727 0.144727
vt 0.956409 0.144727
vt 0.956409 0.230727
vt 0.392727 0.232727
vt 0.406727 0.232727
vt 0.936375 0.390727
vt 0.936375 0.392727
vt -0.151557 0.490727
vt -0.151558 0.488727
vt -0.151557 0.390727
vt 0.936375 0.490727
vt 0.936375 0.488727
vt -0.151558 0.392727
vt 0.938409 0.488727
vt 0.936375 1.006727
vt 0.938409 1.006727
vt 0.450409 0.234727
vt 0.448409 1.018727
vt 0.450409 0.236727
vt 0.448409 0.236727
vt 0.952409 1.020727
vt 0.450409 1.018727
vt 0.450409 1.020727
vt 0.952409 1.018727
vt 0.954409 1.018727
vt 0.952409 0.386727
vt 0.954409 0.386727
vt 0.370727 0.236727
vt 0.448409 0.236727
vt 0.450409 0.236727
vt 0.952409 1.018728
vt 0.936375 0.392727
vt -0.151558 0.488727
vt 0.936375 0.488727
vt -0.151558 0.392727
vt -0.153591 0.392727
vt 0.938409 0.488727
vt 0.936375 1.006727
vt 0.968727 0.252727
vt 0.968727 1.022727
vt 0.940409 0.250727
vt 0.954409 0.392727
vt 0.954409 0.390727
vt 0.940409 1.022727
vt 0.444409 0.392727
vt -0.151591 0.968727
vt 0.446409 0.968727
vt 0.444409 0.372727
vt -0.151591 0.390727
vt 0.968727 0.234727
vt 0.954409 0.392727
vt 0.954409 0.968727
vt 0.372727 0.248727
vt 0.372727 0.234727
vt 0.444409 0.392727
vt -0.151591 0.390727
vt 0.444409 0.372727
vt 0.954409 0.392727
vt 0.446409 0.968727
vt 0.940409 0.968727
vt 0.940409 1.020727
vt 0.954409 1.020727
vt 0.954409 1.020727
vt 0.940409 0.252727
vt 0.954409 0.252727
vt 0.372727 0.252727
vt -0.151591 0.252727
vt 0.372727 1.020727
vt -0.151591 0.252727
vt 0.444409 1.020727
vt 0.444409 0.252727
vt 0.954606 0.392727
vt 0.410212 0.406727
vt 0.410212 0.392727
vt 0.392727 0.144727
vt 0.392727 0.230727
vt -0.151558 1.020727
vt 0.488727 1.020727
vt 0.392727 1.020727
vt -0.151558 1.006727
vt 0.952409 0.236727
vt 0.372727 0.236727
vt 0.386727 0.236727
vt 0.952409 0.372727
vt 0.952409 0.386727
vt 0.386727 0.236727
vt 0.372727 1.018727
vt 0.386727 1.018727
vt 0.392727 1.020728
vt 0.392727 1.020728
vt 0.940409 0.968727
vt 0.954409 0.968727
vt 0.940409 0.252727
vt 0.954409 0.392727
vt -0.151591 0.232727
vt 0.940409 0.252727
vt -0.151591 0.370727
vt 0.446409 0.372727
vt 0.410212 0.230727
vt 0.954606 0.144727
vt -0.153591 0.488727
vt 0.488727 1.006727
vt 0.952409 1.020727
vt 0.938409 0.392727
vt 0.488727 1.006727
vt 0.940409 1.020728
vt -0.151591 0.372727
vt 0.954409 0.968727
vt 0.940409 1.020728
vt -0.151591 1.020727
vt 0.954606 0.406727
vt 0.406727 0.144727
vt 0.372727 0.236727
s 0
usemtl U702-ST9
f 3349/5099/1179 3350/5100/1179 3351/5101/1179
f 3352/5102/1180 3353/5103/1180 3354/5104/1180
f 3355/5105/1181 3356/5106/1181 3357/5107/1181
f 3358/5108/1182 3359/5109/1182 3360/5110/1182
f 3363/5111/1183 3364/5112/1183 3365/5113/1183
f 3366/5114/1184 3367/5115/1184 3368/5116/1184
f 3369/5117/1185 3370/5118/1185 3371/5119/1185
f 3372/5120/1186 3373/5121/1186 3374/5122/1186
f 3375/5123/1187 3376/5124/1187 3377/5125/1187
f 3378/5126/1188 3379/5127/1188 3380/5128/1188
f 3387/5129/1189 3388/5130/1189 3389/5131/1189
f 3390/5132/1190 3391/5133/1190 3392/5122/1190
f 3393/5134/1191 3394/5135/1191 3395/5136/1191
f 3396/5137/1182 3397/5138/1182 3398/5139/1182
f 3399/5140/1192 3400/5141/1192 3401/5142/1192
f 3402/5143/1193 3403/5144/1193 3404/5145/1193
f 3405/5146/1194 3406/5147/1194 3407/5148/1194
f 3408/5149/1195 3409/5150/1195 3410/5151/1195
f 3411/5152/1196 3412/5148/1196 3413/5153/1196
f 3414/5154/1197 3415/5155/1197 3416/5156/1197
f 3417/5157/1180 3418/5158/1180 3419/5159/1180
f 3420/5160/1183 3421/5161/1183 3422/5162/1183
f 3423/5163/1198 3424/5139/1198 3425/5164/1198
f 3426/5165/1199 3427/5166/1199 3428/5167/1199
f 3429/5168/1197 3430/5169/1197 3431/5170/1197
f 3432/5171/1196 3433/5172/1196 3434/5173/1196
f 3435/5174/1186 3436/5175/1186 3437/5176/1186
f 3438/5177/1192 3439/5178/1192 3440/5179/1192
f 3441/5180/1189 3442/5181/1189 3443/5182/1189
f 3444/5183/1200 3445/5184/1200 3446/5185/1200
f 3447/5186/1182 3448/5187/1182 3449/5188/1182
f 3450/5189/1201 3451/5190/1201 3452/5191/1201
f 3453/5192/1192 3454/5193/1192 3455/5194/1192
f 3456/5195/1184 3457/5196/1184 3458/5197/1184
f 3459/5198/1199 3460/5199/1199 3461/5200/1199
f 3462/5201/1179 3463/5202/1179 3464/5203/1179
f 3465/5204/1202 3466/5205/1202 3467/5206/1202
f 3468/5207/1203 3469/5208/1203 3470/5209/1203
f 3471/5210/1204 3472/5211/1204 3473/5212/1204
f 3474/5213/1205 3475/5214/1205 3476/5215/1205
f 3477/5216/1206 3478/5217/1206 3479/5148/1206
f 3480/5218/1207 3481/5219/1207 3482/5220/1207
f 3483/5221/1208 3484/5222/1208 3485/5223/1208
f 3486/5224/1209 3487/5225/1209 3488/5226/1209
f 3513/5251/1202 3514/5252/1202 3515/5206/1202
f 3516/5253/1210 3517/5254/1210 3518/5255/1210
f 3519/5256/1204 3520/5257/1204 3521/5212/1204
f 3522/5258/1205 3523/5259/1205 3524/5215/1205
f 3525/5216/1206 3526/5260/1206 3527/5261/1206
f 3528/5262/1207 3529/5263/1207 3530/5264/1207
f 3531/5265/1208 3532/5266/1208 3533/5223/1208
f 3534/5224/1209 3535/5267/1209 3536/5268/1209
f 3537/5269/1191 3538/5270/1191 3539/5136/1191
f 3540/5137/1211 3541/5138/1211 3542/5139/1211
f 3543/5271/1192 3544/5272/1192 3545/5273/1192
f 3546/5274/1186 3547/5275/1186 3548/5276/1186
f 3549/5277/1207 3550/5278/1207 3551/5148/1207
f 3552/5279/1209 3553/5280/1209 3554/5281/1209
f 3555/5282/1185 3556/5283/1185 3557/5178/1185
f 3558/5284/1212 3559/5285/1212 3560/5205/1212
f 3349/5286/1213 3361/5287/1213 3362/5288/1213
f 3353/5103/1214 3383/5289/1214 3384/5290/1214
f 3354/5291/1215 3364/5112/1215 3363/5111/1215
f 3380/5292/1216 3364/5293/1216 3378/5294/1216
f 3369/5295/1217 3385/5296/1217 3386/5297/1217
f 3371/5119/1218 3373/5121/1218 3372/5120/1218
f 3376/5124/1219 3388/5130/1219 3387/5129/1219
f 3370/5118/1220 3352/5298/1220 3354/5291/1220
f 3363/5111/1221 3374/5122/1221 3373/5121/1221
f 3351/5299/1222 3367/5115/1222 3366/5114/1222
f 3356/5106/1223 3377/5300/1223 3376/5301/1223
f 3379/5127/1215 3359/5109/1215 3358/5108/1215
f 3381/5302/1224 3375/5303/1224 3377/5300/1224
f 3384/5290/1214 3350/5100/1214 3349/5099/1214
f 3386/5297/1217 3368/5149/1217 3367/5304/1217
f 3388/5303/1218 3390/5132/1218 3389/5305/1218
f 3357/5306/1216 3360/5307/1216 3359/5308/1216
f 3366/5114/1224 3382/5133/1224 3381/5302/1224
f 3372/5309/1219 3392/5310/1219 3391/5296/1219
f 3389/5305/1221 3360/5110/1221 3387/5301/1221
f 3362/5288/1213 3355/5105/1213 3357/5107/1213
f 3392/5310/1225 3379/5311/1225 3390/5131/1225
f 3393/5149/1216 3397/5138/1216 3396/5137/1216
f 3400/5141/1219 3402/5143/1219 3404/5145/1219
f 3395/5312/1223 3401/5273/1223 3400/5272/1223
f 3404/5313/1221 3398/5139/1221 3397/5138/1221
f 3409/5150/1214 3405/5130/1214 3407/5314/1214
f 3414/5154/1217 3412/5148/1217 3411/5152/1217
f 3410/5151/1222 3416/5315/1222 3415/5316/1222
f 3413/5178/1220 3407/5314/1220 3406/5139/1220
f 3408/5317/1213 3394/5135/1213 3393/5134/1213
f 3399/5140/1224 3415/5155/1224 3414/5154/1224
f 3406/5147/1215 3396/5318/1215 3398/5144/1215
f 3411/5152/1218 3403/5144/1218 3402/5143/1218
f 3418/5158/1214 3423/5319/1214 3425/5320/1214
f 3419/5159/1215 3421/5161/1215 3420/5160/1215
f 3422/5162/1216 3427/5166/1216 3426/5165/1216
f 3425/5320/1213 3428/5167/1213 3427/5166/1213
f 3432/5321/1217 3430/5169/1217 3429/5168/1217
f 3434/5322/1218 3435/5323/1218 3437/5161/1218
f 3437/5161/1219 3438/5324/1219 3440/5325/1219
f 3431/5170/1224 3440/5325/1224 3439/5326/1224
f 3436/5175/1221 3420/5327/1221 3422/5328/1221
f 3417/5329/1220 3433/5172/1220 3432/5171/1220
f 3439/5178/1226 3426/5330/1226 3428/5139/1226
f 3424/5139/1222 3429/5331/1222 3431/5178/1222
f 3444/5332/1218 3442/5181/1218 3441/5180/1218
f 3451/5190/1215 3447/5186/1215 3449/5188/1215
f 3446/5333/1220 3452/5334/1220 3451/5335/1220
f 3449/5336/1221 3443/5182/1221 3442/5181/1221
f 3457/5196/1224 3453/5337/1224 3455/5338/1224
f 3462/5201/1213 3460/5199/1213 3459/5198/1213
f 3458/5339/1227 3464/5340/1227 3463/5341/1227
f 3461/5342/1223 3455/5338/1223 3454/5343/1223
f 3459/5198/1216 3448/5187/1216 3447/5186/1216
f 3441/5344/1219 3454/5193/1219 3453/5192/1219
f 3463/5202/1214 3450/5189/1214 3452/5191/1214
f 3456/5345/1217 3445/5184/1217 3444/5183/1217
f 3469/5208/1218 3465/5346/1218 3467/5347/1218
f 3474/5348/1224 3472/5211/1224 3471/5210/1224
f 3476/5349/1217 3470/5209/1217 3469/5208/1217
f 3467/5347/1219 3473/5212/1219 3472/5211/1219
f 3480/5350/1215 3478/5217/1215 3477/5216/1215
f 3487/5225/1213 3483/5351/1213 3485/5352/1213
f 3488/5226/1214 3482/5353/1214 3481/5209/1214
f 3479/5148/1216 3485/5352/1216 3484/5354/1216
f 3486/5265/1228 3475/5214/1228 3474/5213/1228
f 3468/5178/1229 3481/5219/1229 3480/5218/1229
f 3466/5205/1221 3477/5355/1221 3479/5356/1221
f 3471/5258/1223 3484/5222/1223 3483/5221/1223
f 3517/5254/1218 3513/5346/1218 3515/5372/1218
f 3522/5348/1224 3520/5257/1224 3519/5256/1224
f 3524/5373/1217 3518/5255/1217 3517/5254/1217
f 3515/5372/1219 3521/5212/1219 3520/5257/1219
f 3528/5350/1215 3526/5260/1215 3525/5216/1215
f 3535/5267/1213 3531/5351/1213 3533/5374/1213
f 3536/5268/1214 3530/5375/1214 3529/5376/1214
f 3527/5261/1216 3533/5374/1216 3532/5377/1216
f 3534/5265/1228 3523/5259/1228 3522/5258/1228
f 3516/5178/1229 3529/5263/1229 3528/5262/1229
f 3514/5252/1221 3525/5378/1221 3527/5356/1221
f 3519/5258/1223 3532/5266/1223 3531/5265/1223
f 3537/5149/1216 3541/5138/1216 3540/5137/1216
f 3544/5272/1219 3546/5282/1219 3548/5313/1219
f 3539/5379/1223 3545/5273/1223 3544/5272/1223
f 3548/5313/1221 3542/5139/1221 3541/5138/1221
f 3553/5280/1214 3549/5130/1214 3551/5314/1214
f 3558/5380/1217 3556/5283/1217 3555/5282/1217
f 3554/5281/1228 3560/5315/1228 3559/5316/1228
f 3557/5178/1229 3551/5314/1229 3550/5139/1229
f 3552/5381/1213 3538/5270/1213 3537/5269/1213
f 3543/5274/1224 3559/5285/1224 3558/5284/1224
f 3550/5278/1215 3540/5382/1215 3542/5383/1215
f 3555/5384/1218 3547/5275/1218 3546/5274/1218
f 3366/5114/1231 3361/5287/1231 3351/5299/1231
f 3386/5297/1232 3350/5100/1232 3383/5289/1232
f 3378/5385/1233 3349/5386/1233 3362/5387/1233
f 3364/5388/1233 3384/5389/1233 3378/5385/1233
f 3373/5121/1234 3354/5291/1234 3363/5111/1234
f 3369/5295/1232 3383/5289/1232 3352/5102/1232
f 3356/5390/1235 3387/5129/1235 3360/5307/1235
f 3359/5391/1233 3362/5387/1233 3357/5392/1233
f 3381/5302/1231 3355/5105/1231 3361/5287/1231
f 3389/5305/1234 3379/5127/1234 3358/5108/1234
f 3380/5292/1235 3374/5393/1235 3365/5394/1235
f 3391/5395/1236 3368/5386/1236 3385/5396/1236
f 3372/5397/1236 3385/5396/1236 3371/5322/1236
f 3388/5398/1236 3382/5399/1236 3391/5395/1236
f 3396/5318/1233 3408/5400/1233 3393/5140/1233
f 3400/5272/1235 3397/5138/1235 3395/5312/1235
f 3394/5135/1231 3415/5401/1231 3401/5402/1231
f 3403/5403/1234 3406/5404/1234 3398/5405/1234
f 3399/5140/1236 3411/5152/1236 3402/5143/1236
f 3407/5314/1232 3416/5315/1232 3409/5150/1232
f 3417/5406/1232 3429/5331/1232 3423/5163/1232
f 3418/5158/1233 3427/5166/1233 3421/5161/1233
f 3420/5327/1234 3433/5172/1234 3419/5407/1234
f 3426/5330/1235 3436/5408/1235 3422/5406/1235
f 3424/5409/1231 3439/5410/1231 3428/5411/1231
f 3440/5325/1236 3434/5322/1236 3437/5161/1236
f 3441/5412/1236 3456/5413/1236 3444/5414/1236
f 3451/5335/1234 3442/5181/1234 3446/5333/1234
f 3448/5415/1235 3454/5193/1235 3443/5416/1235
f 3445/5184/1232 3463/5341/1232 3452/5415/1232
f 3450/5189/1233 3459/5198/1233 3447/5186/1233
f 3455/5338/1231 3464/5340/1231 3457/5196/1231
f 3468/5417/1234 3477/5355/1234 3465/5204/1234
f 3472/5211/1236 3469/5208/1236 3467/5347/1236
f 3466/5313/1235 3484/5222/1235 3473/5418/1235
f 3475/5214/1232 3481/5219/1232 3470/5419/1232
f 3471/5204/1231 3486/5420/1231 3474/5417/1231
f 3482/5353/1233 3485/5352/1233 3478/5217/1233
f 3516/5417/1234 3525/5378/1234 3513/5251/1234
f 3520/5257/1236 3517/5254/1236 3515/5372/1236
f 3514/5429/1235 3532/5266/1235 3521/5214/1235
f 3523/5259/1232 3529/5263/1232 3518/5430/1232
f 3519/5204/1231 3534/5420/1231 3522/5417/1231
f 3530/5375/1233 3533/5374/1233 3526/5260/1233
f 3540/5382/1233 3552/5431/1233 3537/5432/1233
f 3544/5272/1235 3541/5138/1235 3539/5379/1235
f 3538/5270/1231 3559/5285/1231 3545/5403/1231
f 3547/5275/1234 3550/5433/1234 3542/5135/1234
f 3543/5432/1236 3555/5152/1236 3546/5434/1236
f 3551/5314/1232 3560/5315/1232 3553/5280/1232
f 3349/5286/1213 3351/5299/1213 3361/5287/1213
f 3353/5103/1214 3352/5102/1214 3383/5289/1214
f 3354/5291/1215 3353/5435/1215 3364/5112/1215
f 3380/5292/1216 3365/5394/1216 3364/5293/1216
f 3369/5295/1217 3371/5309/1217 3385/5296/1217
f 3371/5119/1218 3370/5118/1218 3373/5121/1218
f 3376/5124/1219 3375/5123/1219 3388/5130/1219
f 3370/5118/1220 3369/5117/1220 3352/5298/1220
f 3363/5111/1221 3365/5113/1221 3374/5122/1221
f 3351/5299/1222 3350/5298/1222 3367/5115/1222
f 3356/5106/1223 3355/5105/1223 3377/5300/1223
f 3379/5127/1215 3378/5126/1215 3359/5109/1215
f 3381/5302/1224 3382/5133/1224 3375/5303/1224
f 3384/5290/1214 3383/5289/1214 3350/5100/1214
f 3386/5297/1217 3385/5296/1217 3368/5149/1217
f 3388/5303/1218 3391/5133/1218 3390/5132/1218
f 3357/5306/1216 3356/5390/1216 3360/5307/1216
f 3366/5114/1224 3368/5116/1224 3382/5133/1224
f 3372/5309/1219 3374/5393/1219 3392/5310/1219
f 3389/5305/1221 3358/5108/1221 3360/5110/1221
f 3362/5288/1213 3361/5287/1213 3355/5105/1213
f 3392/5310/1237 3380/5292/1237 3379/5311/1237
f 3393/5149/1216 3395/5312/1216 3397/5138/1216
f 3400/5141/1219 3399/5140/1219 3402/5143/1219
f 3395/5312/1223 3394/5281/1223 3401/5273/1223
f 3404/5313/1221 3403/5178/1221 3398/5139/1221
f 3409/5150/1214 3408/5149/1214 3405/5130/1214
f 3414/5154/1217 3416/5156/1217 3412/5148/1217
f 3410/5151/1222 3409/5150/1222 3416/5315/1222
f 3413/5178/1220 3412/5313/1220 3407/5314/1220
f 3408/5317/1213 3410/5436/1213 3394/5135/1213
f 3399/5140/1224 3401/5142/1224 3415/5155/1224
f 3406/5147/1215 3405/5146/1215 3396/5318/1215
f 3411/5152/1218 3413/5153/1218 3403/5144/1218
f 3418/5158/1214 3417/5157/1214 3423/5319/1214
f 3419/5159/1215 3418/5158/1215 3421/5161/1215
f 3422/5162/1216 3421/5161/1216 3427/5166/1216
f 3425/5320/1213 3424/5396/1213 3428/5167/1213
f 3432/5321/1217 3434/5322/1217 3430/5169/1217
f 3434/5322/1218 3433/5437/1218 3435/5323/1218
f 3437/5161/1219 3436/5438/1219 3438/5324/1219
f 3431/5170/1224 3430/5169/1224 3440/5325/1224
f 3436/5175/1225 3435/5174/1225 3420/5327/1225
f 3417/5329/1220 3419/5407/1220 3433/5172/1220
f 3439/5178/1223 3438/5177/1223 3426/5330/1223
f 3424/5139/1222 3423/5163/1222 3429/5331/1222
f 3444/5332/1218 3446/5333/1218 3442/5181/1218
f 3451/5190/1215 3450/5189/1215 3447/5186/1215
f 3446/5333/1238 3445/5197/1238 3452/5334/1238
f 3449/5336/1221 3448/5342/1221 3443/5182/1221
f 3457/5196/1224 3456/5195/1224 3453/5337/1224
f 3462/5201/1213 3464/5203/1213 3460/5199/1213
f 3458/5339/1222 3457/5439/1222 3464/5340/1222
f 3461/5342/1223 3460/5440/1223 3455/5338/1223
f 3459/5198/1216 3461/5200/1216 3448/5187/1216
f 3441/5344/1219 3443/5416/1219 3454/5193/1219
f 3463/5202/1214 3462/5201/1214 3450/5189/1214
f 3456/5345/1217 3458/5339/1217 3445/5184/1217
f 3469/5208/1218 3468/5207/1218 3465/5346/1218
f 3474/5348/1224 3476/5349/1224 3472/5211/1224
f 3476/5349/1217 3475/5441/1217 3470/5209/1217
f 3467/5347/1219 3466/5148/1219 3473/5212/1219
f 3480/5350/1215 3482/5353/1215 3478/5217/1215
f 3487/5225/1213 3486/5224/1213 3483/5351/1213
f 3488/5226/1214 3487/5225/1214 3482/5353/1214
f 3479/5148/1216 3478/5217/1216 3485/5352/1216
f 3486/5265/1239 3488/5442/1239 3475/5214/1239
f 3468/5178/1240 3470/5419/1240 3481/5219/1240
f 3466/5205/1221 3465/5204/1221 3477/5355/1221
f 3471/5258/1223 3473/5418/1223 3484/5222/1223
f 3517/5254/1218 3516/5253/1218 3513/5346/1218
f 3522/5348/1224 3524/5373/1224 3520/5257/1224
f 3524/5373/1217 3523/5441/1217 3518/5255/1217
f 3515/5372/1219 3514/5444/1219 3521/5212/1219
f 3528/5350/1215 3530/5375/1215 3526/5260/1215
f 3535/5267/1213 3534/5224/1213 3531/5351/1213
f 3536/5268/1214 3535/5267/1214 3530/5375/1214
f 3527/5261/1216 3526/5260/1216 3533/5374/1216
f 3534/5265/1239 3536/5445/1239 3523/5259/1239
f 3516/5178/1240 3518/5430/1240 3529/5263/1240
f 3514/5252/1221 3513/5251/1221 3525/5378/1221
f 3519/5258/1223 3521/5214/1223 3532/5266/1223
f 3537/5149/1216 3539/5379/1216 3541/5138/1216
f 3544/5272/1219 3543/5271/1219 3546/5282/1219
f 3539/5379/1223 3538/5281/1223 3545/5273/1223
f 3548/5313/1221 3547/5178/1221 3542/5139/1221
f 3553/5280/1214 3552/5279/1214 3549/5130/1214
f 3558/5380/1217 3560/5315/1217 3556/5283/1217
f 3554/5281/1222 3553/5280/1222 3560/5315/1222
f 3557/5178/1220 3556/5283/1220 3551/5314/1220
f 3552/5381/1213 3554/5433/1213 3538/5270/1213
f 3543/5274/1224 3545/5403/1224 3559/5285/1224
f 3550/5278/1215 3549/5277/1215 3540/5382/1215
f 3555/5384/1218 3557/5446/1218 3547/5275/1218
f 3366/5114/1231 3381/5302/1231 3361/5287/1231
f 3386/5297/1232 3367/5304/1232 3350/5100/1232
f 3378/5385/1233 3384/5389/1233 3349/5386/1233
f 3364/5388/1233 3353/5447/1233 3384/5389/1233
f 3373/5121/1234 3370/5118/1234 3354/5291/1234
f 3369/5295/1232 3386/5297/1232 3383/5289/1232
f 3356/5390/1235 3376/5124/1235 3387/5129/1235
f 3359/5391/1233 3378/5385/1233 3362/5387/1233
f 3381/5302/1231 3377/5300/1231 3355/5105/1231
f 3389/5305/1234 3390/5132/1234 3379/5127/1234
f 3380/5292/1235 3392/5310/1235 3374/5393/1235
f 3391/5395/1236 3382/5399/1236 3368/5386/1236
f 3372/5397/1236 3391/5395/1236 3385/5396/1236
f 3388/5398/1236 3375/5448/1236 3382/5399/1236
f 3396/5318/1233 3405/5146/1233 3408/5400/1233
f 3400/5272/1235 3404/5313/1235 3397/5138/1235
f 3394/5135/1231 3410/5436/1231 3415/5401/1231
f 3403/5403/1234 3413/5449/1234 3406/5404/1234
f 3399/5140/1236 3414/5154/1236 3411/5152/1236
f 3407/5314/1232 3412/5313/1232 3416/5315/1232
f 3417/5406/1232 3432/5408/1232 3429/5331/1232
f 3418/5158/1233 3425/5320/1233 3427/5166/1233
f 3420/5327/1234 3435/5174/1234 3433/5172/1234
f 3426/5330/1235 3438/5177/1235 3436/5408/1235
f 3424/5409/1231 3431/5450/1231 3439/5410/1231
f 3440/5325/1236 3430/5169/1236 3434/5322/1236
f 3441/5412/1236 3453/5451/1236 3456/5413/1236
f 3451/5335/1234 3449/5336/1234 3442/5181/1234
f 3448/5415/1235 3461/5452/1235 3454/5193/1235
f 3445/5184/1232 3458/5339/1232 3463/5341/1232
f 3450/5189/1233 3462/5201/1233 3459/5198/1233
f 3455/5338/1231 3460/5440/1231 3464/5340/1231
f 3468/5417/1234 3480/5420/1234 3477/5355/1234
f 3472/5211/1236 3476/5349/1236 3469/5208/1236
f 3466/5313/1235 3479/5219/1235 3484/5222/1235
f 3475/5214/1232 3488/5442/1232 3481/5219/1232
f 3471/5204/1231 3483/5355/1231 3486/5420/1231
f 3482/5353/1233 3487/5225/1233 3485/5352/1233
f 3516/5417/1234 3528/5420/1234 3525/5378/1234
f 3520/5257/1236 3524/5373/1236 3517/5254/1236
f 3514/5429/1235 3527/5263/1235 3532/5266/1235
f 3523/5259/1232 3536/5445/1232 3529/5263/1232
f 3519/5204/1231 3531/5355/1231 3534/5420/1231
f 3530/5375/1233 3535/5267/1233 3533/5374/1233
f 3540/5382/1233 3549/5277/1233 3552/5431/1233
f 3544/5272/1235 3548/5313/1235 3541/5138/1235
f 3538/5270/1231 3554/5433/1231 3559/5285/1231
f 3547/5275/1234 3557/5446/1234 3550/5433/1234
f 3543/5432/1236 3558/5431/1236 3555/5152/1236
f 3551/5314/1232 3556/5283/1232 3560/5315/1232
usemtl U702-PM
f 3489/5227/1202 3490/5228/1202 3491/5229/1202
f 3492/5230/1196 3493/5231/1196 3494/5232/1196
f 3495/5233/1180 3496/5234/1180 3497/5235/1180
f 3498/5236/1206 3499/5237/1206 3500/5238/1206
f 3501/5239/1208 3502/5240/1208 3503/5241/1208
f 3504/5242/1198 3505/5243/1198 3506/5244/1198
f 3507/5245/1197 3508/5246/1197 3509/5247/1197
f 3510/5248/1204 3511/5249/1204 3512/5250/1204
f 3504/5357/1213 3502/5240/1213 3501/5239/1213
f 3507/5358/1228 3506/5359/1228 3505/5360/1228
f 3510/5361/1224 3509/5362/1224 3508/5363/1224
f 3503/5241/1223 3512/5364/1223 3511/5365/1223
f 3499/5237/1216 3501/5366/1216 3503/5367/1216
f 3505/5243/1214 3496/5234/1214 3495/5233/1214
f 3500/5368/1221 3490/5228/1221 3489/5227/1221
f 3493/5231/1217 3508/5246/1217 3507/5245/1217
f 3511/5249/1219 3491/5229/1219 3490/5228/1219
f 3497/5235/1215 3498/5236/1215 3500/5238/1215
f 3494/5362/1230 3495/5369/1230 3497/5370/1230
f 3489/5371/1218 3492/5363/1218 3494/5362/1218
f 3489/5371/1234 3497/5370/1234 3500/5421/1234
f 3511/5249/1235 3499/5422/1235 3503/5423/1235
f 3508/5246/1236 3491/5424/1236 3510/5425/1236
f 3505/5426/1232 3493/5427/1232 3507/5428/1232
f 3501/5366/1233 3496/5234/1233 3504/5242/1233
f 3506/5359/1231 3512/5364/1231 3502/5240/1231
f 3504/5357/1213 3506/5359/1213 3502/5240/1213
f 3507/5358/1241 3509/5362/1241 3506/5359/1241
f 3510/5361/1224 3512/5364/1224 3509/5362/1224
f 3503/5241/1223 3502/5240/1223 3512/5364/1223
f 3499/5237/1216 3498/5236/1216 3501/5366/1216
f 3505/5243/1214 3504/5242/1214 3496/5234/1214
f 3500/5368/1221 3499/5422/1221 3490/5228/1221
f 3493/5231/1217 3492/5230/1217 3508/5246/1217
f 3511/5249/1219 3510/5248/1219 3491/5229/1219
f 3497/5235/1215 3496/5234/1215 3498/5236/1215
f 3494/5362/1229 3493/5358/1229 3495/5369/1229
f 3489/5371/1218 3491/5443/1218 3492/5363/1218
f 3489/5371/1234 3494/5362/1234 3497/5370/1234
f 3511/5249/1235 3490/5228/1235 3499/5422/1235
f 3508/5246/1236 3492/5230/1236 3491/5424/1236
f 3505/5426/1232 3495/5453/1232 3493/5427/1232
f 3501/5366/1233 3498/5236/1233 3496/5234/1233
f 3506/5359/1231 3509/5362/1231 3512/5364/1231
o Plane.011
v -1.050000 0.102000 0.002000
v -1.052000 0.100000 0.002000
v -1.052000 0.102000 0.000000
v -1.050000 0.102000 0.578000
v -1.052000 0.102000 0.580000
v -1.052000 0.100000 0.578000
v -1.648000 0.102000 0.000000
v -1.648000 0.100000 0.002000
v -1.650000 0.102000 0.002000
v -1.648000 0.102000 0.580000
v -1.650000 0.102000 0.578000
v -1.648000 0.100000 0.578000
v -1.050000 0.116000 0.578000
v -1.052000 0.118000 0.578000
v -1.052000 0.116000 0.580000
v -1.050000 0.116000 0.002000
v -1.052000 0.116000 0.000000
v -1.052000 0.118000 0.002000
v -1.648000 0.116000 0.000000
v -1.650000 0.116000 0.002000
v -1.648000 0.118000 0.002000
v -1.648000 0.116000 0.580000
v -1.648000 0.118000 0.578000
v -1.650000 0.116000 0.578000
v -1.052000 0.118000 0.578000
v -1.050000 0.120000 0.578000
v -1.052000 0.120000 0.580000
v -1.052000 0.118000 0.002000
v -1.052000 0.120000 0.000000
v -1.050000 0.120000 0.002000
v -1.052000 0.890000 0.578000
v -1.052000 0.888000 0.580000
v -1.050000 0.888000 0.578000
v -1.052000 0.890000 0.002000
v -1.050000 0.888000 0.002000
v -1.052000 0.888000 0.000000
v -1.066000 0.118000 0.578000
v -1.066000 0.120000 0.580000
v -1.068000 0.120000 0.578000
v -1.066000 0.118000 0.002000
v -1.068000 0.120000 0.002000
v -1.066000 0.120000 0.000000
v -1.066000 0.890000 0.578000
v -1.068000 0.888000 0.578000
v -1.066000 0.888000 0.580000
v -1.066000 0.890000 0.002000
v -1.066000 0.888000 0.000000
v -1.068000 0.888000 0.002000
v -1.648000 0.118000 0.002000
v -1.650000 0.120000 0.002000
v -1.648000 0.120000 0.000000
v -1.648000 0.118000 0.578000
v -1.648000 0.120000 0.580000
v -1.650000 0.120000 0.578000
v -1.648000 0.890000 0.002000
v -1.648000 0.888000 0.000000
v -1.650000 0.888000 0.002000
v -1.648000 0.890000 0.578000
v -1.650000 0.888000 0.578000
v -1.648000 0.888000 0.580000
v -1.634000 0.118000 0.578000
v -1.632000 0.120000 0.578000
v -1.634000 0.120000 0.580000
v -1.634000 0.118000 0.002000
v -1.634000 0.120000 0.000000
v -1.632000 0.120000 0.002000
v -1.634000 0.890000 0.578000
v -1.634000 0.888000 0.580000
v -1.632000 0.888000 0.578000
v -1.634000 0.890000 0.002000
v -1.632000 0.888000 0.002000
v -1.634000 0.888000 0.000000
v -1.052000 0.100000 0.518000
v -1.052000 0.098000 0.520000
v -1.050000 0.098000 0.518000
v -1.648000 0.100000 0.518000
v -1.650000 0.098000 0.518000
v -1.648000 0.098000 0.520000
v -1.052000 0.010000 0.518000
v -1.050000 0.012000 0.518000
v -1.052000 0.012000 0.520000
v -1.648000 0.010000 0.518000
v -1.648000 0.012000 0.520000
v -1.650000 0.012000 0.518000
v -1.052000 0.100000 0.504000
v -1.050000 0.098000 0.504000
v -1.052000 0.098000 0.502000
v -1.648000 0.100000 0.504000
v -1.648000 0.098000 0.502000
v -1.650000 0.098000 0.504000
v -1.052000 0.010000 0.504000
v -1.052000 0.012000 0.502000
v -1.050000 0.012000 0.504000
v -1.648000 0.010000 0.504000
v -1.650000 0.012000 0.504000
v -1.648000 0.012000 0.502000
v -1.070000 0.888000 0.580000
v -1.068000 0.888000 0.578000
v -1.070000 0.890000 0.578000
v -1.630000 0.888000 0.580000
v -1.630000 0.890000 0.578000
v -1.632000 0.888000 0.578000
v -1.070000 0.888000 0.480000
v -1.070000 0.890000 0.482000
v -1.068000 0.888000 0.482000
v -1.630000 0.888000 0.480000
v -1.632000 0.888000 0.482000
v -1.630000 0.890000 0.482000
v -1.070000 0.874000 0.580000
v -1.070000 0.872000 0.578000
v -1.068000 0.874000 0.578000
v -1.630000 0.874000 0.580000
v -1.632000 0.874000 0.578000
v -1.630000 0.872000 0.578000
v -1.070000 0.874000 0.480000
v -1.068000 0.874000 0.482000
v -1.070000 0.872000 0.482000
v -1.630000 0.874000 0.480000
v -1.630000 0.872000 0.482000
v -1.632000 0.874000 0.482000
v -1.054000 0.102000 0.584000
v -1.054000 0.104000 0.582000
v -1.052000 0.104000 0.584000
v -1.646000 0.102000 0.584000
v -1.648000 0.104000 0.584000
v -1.646000 0.104000 0.582000
v -1.052000 0.491000 0.584000
v -1.054000 0.491000 0.582000
v -1.054000 0.493000 0.584000
v -1.648000 0.696500 0.584000
v -1.646000 0.696500 0.582000
v -1.646000 0.694500 0.584000
v -1.648000 0.886000 0.584000
v -1.646000 0.888000 0.584000
v -1.646000 0.886000 0.582000
v -1.054000 0.888000 0.584000
v -1.052000 0.886000 0.584000
v -1.054000 0.886000 0.582000
v -1.052000 0.696500 0.584000
v -1.054000 0.694500 0.584000
v -1.054000 0.696500 0.582000
v -1.648000 0.491000 0.584000
v -1.646000 0.493000 0.584000
v -1.646000 0.491000 0.582000
v -1.052000 0.688500 0.584000
v -1.054000 0.688500 0.582000
v -1.054000 0.690500 0.584000
v -1.052000 0.499000 0.584000
v -1.054000 0.497000 0.584000
v -1.054000 0.499000 0.582000
v -1.648000 0.499000 0.584000
v -1.646000 0.499000 0.582000
v -1.646000 0.497000 0.584000
v -1.648000 0.688500 0.584000
v -1.646000 0.690500 0.584000
v -1.646000 0.688500 0.582000
v -1.054000 0.102000 0.598000
v -1.052000 0.104000 0.598000
v -1.054000 0.104000 0.600000
v -1.646000 0.102000 0.598000
v -1.646000 0.104000 0.600000
v -1.648000 0.104000 0.598000
v -1.052000 0.491000 0.598000
v -1.054000 0.493000 0.598000
v -1.054000 0.491000 0.600000
v -1.648000 0.696500 0.598000
v -1.646000 0.694500 0.598000
v -1.646000 0.696500 0.600000
v -1.648000 0.886000 0.598000
v -1.646000 0.886000 0.600000
v -1.646000 0.888000 0.598000
v -1.054000 0.888000 0.598000
v -1.054000 0.886000 0.600000
v -1.052000 0.886000 0.598000
v -1.052000 0.696500 0.598000
v -1.054000 0.696500 0.600000
v -1.054000 0.694500 0.598000
v -1.052000 0.688500 0.598000
v -1.054000 0.690500 0.598000
v -1.054000 0.688500 0.600000
v -1.052000 0.499000 0.598000
v -1.054000 0.499000 0.600000
v -1.054000 0.497000 0.598000
v -1.648000 0.491000 0.598000
v -1.646000 0.491000 0.600000
v -1.646000 0.493000 0.598000
v -1.648000 0.499000 0.598000
v -1.646000 0.497000 0.598000
v -1.646000 0.499000 0.600000
v -1.648000 0.688500 0.598000
v -1.646000 0.688500 0.600000
v -1.646000 0.690500 0.598000
v -1.070000 0.888000 0.100000
v -1.068000 0.888000 0.098000
v -1.070000 0.890000 0.098000
v -1.630000 0.888000 0.100000
v -1.630000 0.890000 0.098000
v -1.632000 0.888000 0.098000
v -1.070000 0.888000 0.000000
v -1.070000 0.890000 0.002000
v -1.068000 0.888000 0.002000
v -1.630000 0.888000 0.000000
v -1.632000 0.888000 0.002000
v -1.630000 0.890000 0.002000
v -1.070000 0.874000 0.100000
v -1.070000 0.872000 0.098000
v -1.068000 0.874000 0.098000
v -1.630000 0.874000 0.100000
v -1.632000 0.874000 0.098000
v -1.630000 0.872000 0.098000
v -1.070000 0.874000 0.000000
v -1.068000 0.874000 0.002000
v -1.070000 0.872000 0.002000
v -1.630000 0.874000 0.000000
v -1.630000 0.872000 0.002000
v -1.632000 0.874000 0.002000
vn 0.5774 -0.5774 -0.5773
vn 0.5774 -0.5774 0.5773
vn -0.5773 -0.5773 -0.5774
vn -0.5773 -0.5773 0.5774
vn 0.5774 0.5774 0.5773
vn 0.5774 0.5774 -0.5773
vn -0.5773 0.5773 -0.5774
vn -0.5773 0.5773 0.5774
vn -0.5774 -0.5773 0.5774
vn -0.5773 0.5774 -0.5774
vn -0.5773 -0.5774 -0.5774
vn 0.5773 0.5773 0.5774
vn -0.5774 0.5774 0.5773
vn 0.5774 0.5773 -0.5774
vn -0.5774 0.5774 -0.5773
vn 0.5774 -0.5773 0.5774
vn -0.5774 -0.5774 0.5773
vn 0.5773 -0.5773 -0.5774
vn -0.5774 -0.5774 -0.5773
vn 0.5774 -0.5773 -0.5774
vn 0.5773 0.5773 -0.5774
vn -0.5774 0.5773 -0.5774
vn -0.5774 -0.5773 -0.5774
vn 0.5773 -0.5774 0.5774
vn 0.5773 -0.5773 0.5774
vn -0.5774 0.5774 0.5774
vn -0.5774 -0.5774 0.5774
vn 0.5774 0.5773 0.5774
vn 0.5773 0.5774 -0.5774
vn 0.7071 -0.7071 -0.0000
vn -0.0000 -0.7071 -0.7071
vn -0.0000 -0.7071 0.7071
vn -0.7071 -0.7071 -0.0000
vn 0.7071 0.7071 -0.0000
vn -0.0000 0.7071 -0.7071
vn -0.0000 0.7071 0.7071
vn -0.7071 0.7071 -0.0000
vn -0.7071 -0.0000 -0.7071
vn -0.7071 -0.0000 0.7071
vn 0.7071 -0.0000 -0.7071
vn 0.7071 -0.0000 0.7071
vn -0.7071 -0.0000 0.7072
vn 1.0000 -0.0000 -0.0000
vn -0.0000 -1.0000 -0.0000
vn -0.0000 -0.0000 -1.0000
vn -0.0000 -0.0000 1.0000
vn -1.0000 -0.0000 -0.0000
vn -0.0000 1.0000 -0.0000
vn 0.7072 -0.0000 -0.7071
vn 0.7072 -0.0000 0.7071
vn -0.7071 -0.0000 -0.7072
vt 0.966000 0.159750
vt 0.966000 0.157750
vt 0.968000 0.159750
vt 0.800000 0.159750
vt 0.798000 0.159750
vt 0.798000 0.157750
vt 0.202000 0.159750
vt 0.201999 0.157750
vt 0.200000 0.159750
vt 0.388000 0.159750
vt 0.390000 0.159750
vt 0.390000 0.157750
vt 0.390000 0.173750
vt 0.390000 0.175750
vt 0.388000 0.173750
vt 0.800000 0.173750
vt 0.798000 0.173750
vt 0.798000 0.175750
vt 0.968000 0.173750
vt 0.966000 0.173750
vt 0.966000 0.175750
vt 0.202000 0.173750
vt 0.201999 0.175750
vt 0.200000 0.173750
vt 0.390000 0.175750
vt 0.390000 0.177750
vt 0.388000 0.177750
vt 0.798000 0.175750
vt 0.798000 0.177750
vt 0.800000 0.177750
vt 0.798000 0.390000
vt 0.798000 0.388000
vt 0.799999 0.390000
vt 0.798000 0.966000
vt 0.800000 0.966000
vt 0.798000 0.968000
vt 0.784000 0.175750
vt 0.784000 0.177750
vt 0.782000 0.177750
vt 0.966000 0.175750
vt 0.966000 0.177750
vt 0.968000 0.177750
vt 0.784000 0.390000
vt 0.782000 0.390000
vt 0.784000 0.388000
vt 0.784000 0.966000
vt 0.784000 0.968000
vt 0.782000 0.966000
vt 0.966000 0.175750
vt 0.968000 0.177750
vt 0.202000 0.390000
vt 0.202000 0.388000
vt 0.200000 0.390000
vt 0.202000 0.947750
vt 0.202000 0.945750
vt 0.200000 0.945750
vt 0.390000 0.947750
vt 0.390000 0.945750
vt 0.388000 0.945750
vt 0.390000 0.177750
vt 0.216000 0.175750
vt 0.216000 0.177750
vt 0.218000 0.177750
vt 0.216000 0.947750
vt 0.216000 0.945750
vt 0.218000 0.945750
vt 0.966000 0.947750
vt 0.966000 0.945750
vt 0.968000 0.945750
vt 0.798000 0.157750
vt 0.798000 0.155750
vt 0.800000 0.155750
vt 0.390000 0.157750
vt 0.390000 0.155750
vt 0.388000 0.155750
vt 0.798000 0.390000
vt 0.800000 0.390000
vt 0.798000 0.388000
vt 0.202000 0.390000
vt 0.201999 0.388000
vt 0.200000 0.390000
vt 0.798000 0.404000
vt 0.800000 0.404000
vt 0.798000 0.406000
vt 0.201999 0.157750
vt 0.202000 0.155750
vt 0.200000 0.155750
vt 0.798000 0.404000
vt 0.798000 0.406000
vt 0.800000 0.404000
vt 0.202000 0.404000
vt 0.200000 0.404000
vt 0.201999 0.406000
vt 0.780000 0.945750
vt 0.782000 0.945750
vt 0.780000 0.947750
vt 0.220000 0.388000
vt 0.220000 0.390000
vt 0.218000 0.390000
vt 0.780000 0.488000
vt 0.780000 0.486000
vt 0.782000 0.486000
vt 0.220000 0.945750
vt 0.218000 0.945750
vt 0.220000 0.947750
vt 0.780000 0.388000
vt 0.780000 0.390000
vt 0.782000 0.390000
vt 0.220000 0.931750
vt 0.218000 0.931750
vt 0.220000 0.929750
vt 0.488000 0.931750
vt 0.486000 0.931750
vt 0.486000 0.929750
vt 0.220000 0.488000
vt 0.220000 0.486000
vt 0.218000 0.486000
vt 0.796000 0.159750
vt 0.796000 0.161077
vt 0.798000 0.161077
vt 0.384000 0.159750
vt 0.384000 0.161077
vt 0.386000 0.161077
vt 0.798000 0.417757
vt 0.796000 0.417757
vt 0.796000 0.419083
vt 0.202000 0.689097
vt 0.204000 0.689097
vt 0.203999 0.686417
vt 0.384000 0.943070
vt 0.384000 0.945750
vt 0.386000 0.943070
vt 0.796000 0.384000
vt 0.798000 0.384000
vt 0.796000 0.386000
vt 0.796000 0.384000
vt 0.796000 0.386000
vt 0.202000 0.384000
vt 0.203999 0.384000
vt 0.203999 0.386000
vt 0.798000 0.679736
vt 0.796000 0.679736
vt 0.796000 0.682417
vt 0.798000 0.384000
vt 0.202000 0.425764
vt 0.204000 0.425764
vt 0.203999 0.423083
vt 0.204000 0.384000
vt 0.370000 0.159750
vt 0.370000 0.161077
vt 0.368000 0.161077
vt 0.204000 0.159750
vt 0.204000 0.161077
vt 0.202000 0.161077
vt 0.370000 0.417757
vt 0.370000 0.419083
vt 0.368000 0.417757
vt 0.202000 0.370000
vt 0.204000 0.370000
vt 0.203999 0.368000
vt 0.202000 0.943070
vt 0.204000 0.943070
vt 0.203999 0.945750
vt 0.796000 0.945750
vt 0.796000 0.943070
vt 0.798000 0.943070
vt 0.798000 0.689097
vt 0.796000 0.689097
vt 0.796000 0.686417
vt 0.370000 0.679736
vt 0.370000 0.682417
vt 0.368000 0.679736
vt 0.798000 0.425764
vt 0.796000 0.425764
vt 0.796000 0.423083
vt 0.202000 0.417757
vt 0.204000 0.417757
vt 0.203999 0.419083
vt 0.202000 0.370000
vt 0.203999 0.370000
vt 0.202000 0.679736
vt 0.204000 0.679736
vt 0.203999 0.682417
vt 0.779999 0.945750
vt 0.782000 0.945750
vt 0.220000 0.390000
vt 0.780000 0.486000
vt 0.782000 0.486000
vt 0.218000 0.945750
vt 0.779999 0.388000
vt 0.780000 0.390000
vt 0.782000 0.390000
vt 0.220000 0.931750
vt 0.218000 0.931750
vt 0.488000 0.931750
vt 0.486000 0.931750
vt 0.220000 0.488000
vt 0.220000 0.486000
vt 0.218000 0.486000
vt 0.390000 0.159750
vt 0.390000 0.157750
vt 0.798000 0.159750
vt 0.798000 0.157750
vt 0.202000 0.159750
vt 0.966000 0.159750
vt 0.966000 0.173750
vt 0.202000 0.173750
vt 0.798000 0.173750
vt 0.390000 0.173750
vt 0.390000 0.175750
vt 0.968000 0.159750
vt 0.388000 0.173750
vt 0.800000 0.159750
vt 0.800000 0.173750
vt 0.966000 0.177750
vt 0.968000 0.945750
vt 0.390000 0.945750
vt 0.388000 0.945750
vt 0.388000 0.177750
vt 0.798000 0.175750
vt 0.784000 0.175750
vt 0.390000 0.177750
vt 0.966000 0.947750
vt 0.966000 0.945750
vt 0.390000 0.947750
vt 0.202000 0.175750
vt 0.202000 0.177750
vt 0.216000 0.947750
vt 0.216000 0.945750
vt 0.216000 0.390000
vt 0.202000 0.947750
vt 0.202000 0.945750
vt 0.201999 0.157750
vt 0.202000 0.155750
vt 0.200000 0.069750
vt 0.202000 0.069750
vt 0.798000 0.069750
vt 0.798000 0.157750
vt 0.798000 0.155750
vt 0.202000 0.069750
vt 0.200000 0.069750
vt 0.800000 0.069750
vt 0.404000 0.157750
vt 0.798000 0.390000
vt 0.800000 0.390000
vt 0.780000 0.388000
vt 0.220000 0.486000
vt 0.220000 0.388000
vt 0.780000 0.488000
vt 0.780000 0.486000
vt 0.220000 0.390000
vt 0.218000 0.390000
vt 0.220000 0.945750
vt 0.218000 0.945750
vt 0.780000 0.931750
vt 0.782000 0.931750
vt 0.488000 0.945750
vt 0.220000 0.931750
vt 0.203999 0.159750
vt 0.202000 0.943070
vt 0.796000 0.945750
vt 0.204000 0.943070
vt 0.204000 0.945750
vt 0.798000 0.689097
vt 0.796000 0.943070
vt 0.798000 0.943070
vt 0.798000 0.425764
vt 0.202000 0.417757
vt 0.204000 0.161077
vt 0.202000 0.679736
vt 0.796000 0.689097
vt 0.203999 0.417757
vt 0.204000 0.679736
vt 0.796000 0.425764
vt 0.796000 0.161077
vt 0.796000 0.417757
vt 0.202000 0.689097
vt 0.204000 0.689097
vt 0.798000 0.679736
vt 0.796000 0.679736
vt 0.202000 0.425764
vt 0.204000 0.425764
vt 0.796000 0.419083
vt 0.796000 0.682417
vt 0.798000 0.370000
vt 0.202000 0.384000
vt 0.384000 0.417757
vt 0.384000 0.419083
vt 0.384000 0.159750
vt 0.384000 0.679736
vt 0.384000 0.682417
vt 0.370000 0.943070
vt 0.370000 0.945750
vt 0.202000 0.370000
vt 0.370000 0.159750
vt 0.796000 0.370000
vt 0.798000 0.370000
vt 0.779999 0.390000
vt 0.220000 0.486000
vt 0.782000 0.486000
vt 0.220000 0.945750
vt 0.780000 0.931750
vt 0.220000 0.931750
vt 0.202000 0.390000
vt 0.798000 0.966000
vt 0.798000 0.390000
vt 0.798000 0.966000
vt 0.202000 0.390000
vt 0.798000 0.390000
vt 0.784000 0.966000
vt 0.798000 0.945750
vt 0.784000 0.945750
vt 0.798000 0.945750
vt 0.216000 0.966000
vt 0.202000 0.966000
vt 0.202000 0.177750
vt 0.216000 0.390000
vt 0.202000 0.966000
vt 0.202000 0.404000
vt 0.390000 0.069750
vt 0.404000 0.155750
vt 0.404000 0.069750
vt 0.390000 0.069750
vt 0.486000 0.945750
vt 0.486000 0.945750
vt 0.390000 0.931750
vt 0.780000 0.945750
vt 0.204000 0.370000
vt 0.204000 0.384000
vt 0.384000 0.161076
vt 0.370000 0.417757
vt 0.384000 0.417757
vt 0.796000 0.370000
vt 0.384000 0.689097
vt 0.384000 0.943070
vt 0.370000 0.689097
vt 0.370000 0.425764
vt 0.384000 0.425764
vt 0.384000 0.425764
vt 0.370000 0.679736
vt 0.390000 0.945750
vt 0.486000 0.945750
vt 0.390000 0.931750
vt 0.201999 0.157750
vt 0.966000 0.157750
vt 0.966000 0.175750
vt 0.201999 0.175750
vt 0.390000 0.945750
vt 0.784000 0.177750
vt 0.216000 0.388000
vt 0.200000 0.155750
vt 0.404000 0.155750
vt 0.782000 0.390000
vt 0.204000 0.419083
vt 0.204000 0.682417
vt 0.204000 0.686417
vt 0.204000 0.423083
vt 0.796000 0.370000
vt 0.204000 0.370000
vt 0.370000 0.161076
vt 0.202000 0.966000
vt 0.202000 0.966000
vt 0.784000 0.390000
vt 0.486000 0.931750
vt 0.780000 0.931750
vt 0.796000 0.370000
vt 0.204000 0.370000
vt 0.370000 0.943070
vt 0.370000 0.425764
vt 0.486000 0.931750
s 0
usemtl U702-ST9
f 3561/5454/1242 3562/5455/1242 3563/5456/1242
f 3564/5457/1243 3565/5458/1243 3566/5459/1243
f 3567/5460/1244 3568/5461/1244 3569/5462/1244
f 3570/5463/1245 3571/5464/1245 3572/5465/1245
f 3573/5466/1246 3574/5467/1246 3575/5468/1246
f 3576/5469/1247 3577/5470/1247 3578/5471/1247
f 3579/5472/1248 3580/5473/1248 3581/5474/1248
f 3582/5475/1249 3583/5476/1249 3584/5477/1249
f 3585/5478/1243 3586/5479/1243 3587/5480/1243
f 3588/5481/1242 3589/5482/1242 3590/5483/1242
f 3591/5484/1246 3592/5485/1246 3593/5486/1246
f 3594/5487/1247 3595/5488/1247 3596/5489/1247
f 3597/5490/1250 3598/5491/1250 3599/5492/1250
f 3600/5493/1244 3601/5494/1244 3602/5495/1244
f 3603/5496/1249 3604/5497/1249 3605/5498/1249
f 3606/5499/1248 3607/5500/1248 3608/5501/1248
f 3609/5502/1244 3610/5494/1244 3611/5503/1244
f 3612/5504/1245 3613/5505/1245 3614/5506/1245
f 3615/5507/1251 3616/5508/1251 3617/5509/1251
f 3618/5510/1249 3619/5511/1249 3620/5512/1249
f 3621/5478/1243 3622/5513/1243 3623/5480/1243
f 3624/5514/1242 3625/5515/1242 3626/5516/1242
f 3627/5517/1246 3628/5518/1246 3629/5519/1246
f 3630/5520/1247 3631/5521/1247 3632/5522/1247
f 3633/5523/1246 3634/5524/1246 3635/5525/1246
f 3636/5526/1249 3637/5527/1249 3638/5528/1249
f 3639/5529/1243 3640/5530/1243 3641/5531/1243
f 3642/5532/1250 3643/5533/1250 3644/5534/1250
f 3645/5535/1247 3646/5536/1247 3647/5537/1247
f 3648/5538/1248 3649/5539/1248 3650/5540/1248
f 3651/5541/1242 3652/5542/1242 3653/5543/1242
f 3654/5544/1252 3655/5545/1252 3656/5546/1252
f 3657/5547/1253 3658/5548/1253 3659/5549/1253
f 3660/5550/1254 3661/5551/1254 3662/5552/1254
f 3663/5553/1255 3664/5554/1255 3665/5555/1255
f 3666/5556/1256 3667/5557/1256 3668/5558/1256
f 3669/5559/1257 3670/5560/1257 3671/5561/1257
f 3672/5562/1258 3673/5563/1258 3674/5564/1258
f 3675/5565/1259 3676/5566/1259 3677/5567/1259
f 3678/5568/1260 3679/5569/1260 3680/5570/1260
f 3753/5637/1269 3754/5638/1269 3755/5549/1269
f 3756/5550/1254 3757/5639/1254 3758/5552/1254
f 3759/5553/1270 3760/5640/1270 3761/5641/1270
f 3762/5556/1256 3763/5642/1256 3764/5558/1256
f 3765/5643/1265 3766/5644/1265 3767/5645/1265
f 3768/5646/1258 3769/5647/1258 3770/5564/1258
f 3771/5648/1261 3772/5649/1261 3773/5567/1261
f 3774/5650/1260 3775/5651/1260 3776/5652/1260
f 3562/5455/1271 3564/5653/1271 3566/5654/1271
f 3568/5461/1272 3563/5655/1272 3562/5656/1272
f 3570/5657/1273 3566/5459/1273 3565/5458/1273
f 3569/5658/1274 3572/5465/1274 3571/5464/1274
f 3576/5659/1275 3574/5467/1275 3573/5466/1275
f 3579/5660/1276 3578/5471/1276 3577/5470/1276
f 3583/5476/1277 3575/5661/1277 3574/5481/1277
f 3581/5474/1278 3584/5662/1278 3583/5663/1278
f 3580/5473/1279 3567/5664/1279 3569/5658/1279
f 3571/5464/1280 3582/5665/1280 3584/5662/1280
f 3577/5470/1281 3561/5666/1281 3563/5655/1281
f 3565/5458/1282 3573/5667/1282 3575/5661/1282
f 3588/5502/1271 3586/5479/1271 3585/5478/1271
f 3595/5488/1275 3591/5484/1275 3593/5486/1275
f 3590/5668/1281 3596/5669/1281 3595/5521/1281
f 3593/5670/1282 3587/5480/1282 3586/5479/1282
f 3601/5494/1274 3597/5663/1274 3599/5513/1274
f 3606/5499/1278 3604/5497/1278 3603/5496/1278
f 3602/5495/1279 3608/5521/1279 3607/5669/1279
f 3605/5671/1280 3599/5513/1280 3598/5672/1280
f 3603/5496/1277 3592/5485/1277 3591/5484/1277
f 3585/5673/1273 3598/5491/1273 3597/5490/1273
f 3607/5500/1276 3594/5487/1276 3596/5489/1276
f 3600/5674/1272 3589/5482/1272 3588/5481/1272
f 3610/5494/1274 3612/5663/1274 3614/5675/1274
f 3615/5676/1278 3619/5511/1278 3618/5510/1278
f 3611/5503/1279 3617/5677/1279 3616/5669/1279
f 3620/5512/1280 3614/5675/1280 3613/5672/1280
f 3624/5502/1271 3622/5513/1271 3621/5478/1271
f 3631/5521/1275 3627/5678/1275 3629/5670/1275
f 3626/5494/1281 3632/5522/1281 3631/5521/1281
f 3629/5670/1282 3623/5480/1282 3622/5513/1282
f 3625/5515/1272 3609/5679/1272 3611/5680/1272
f 3616/5508/1276 3630/5681/1276 3632/5682/1276
f 3621/5683/1273 3613/5505/1273 3612/5504/1273
f 3628/5518/1277 3618/5684/1277 3620/5685/1277
f 3636/5686/1277 3634/5524/1277 3633/5523/1277
f 3643/5533/1273 3639/5529/1273 3641/5531/1273
f 3638/5687/1283 3644/5688/1283 3643/5689/1283
f 3641/5690/1282 3635/5525/1282 3634/5524/1282
f 3649/5539/1276 3645/5691/1276 3647/5692/1276
f 3654/5544/1272 3652/5542/1272 3651/5541/1272
f 3650/5540/1279 3656/5693/1279 3655/5694/1279
f 3653/5695/1281 3647/5692/1281 3646/5525/1281
f 3648/5696/1278 3637/5527/1278 3636/5526/1278
f 3642/5532/1274 3655/5545/1274 3654/5544/1274
f 3646/5536/1275 3633/5697/1275 3635/5698/1275
f 3651/5541/1271 3640/5530/1271 3639/5529/1271
f 3661/5551/1277 3657/5699/1277 3659/5560/1277
f 3666/5650/1276 3664/5554/1276 3663/5553/1276
f 3668/5700/1278 3662/5552/1278 3661/5551/1278
f 3659/5560/1275 3665/5555/1275 3664/5554/1275
f 3672/5701/1273 3670/5560/1273 3669/5559/1273
f 3679/5569/1272 3675/5702/1272 3677/5703/1272
f 3680/5570/1274 3674/5704/1274 3673/5705/1274
f 3671/5561/1271 3677/5703/1271 3676/5555/1271
f 3673/5563/1280 3660/5706/1280 3662/5707/1280
f 3658/5548/1282 3669/5708/1282 3671/5709/1282
f 3663/5710/1281 3676/5566/1281 3675/5565/1281
f 3667/5557/1279 3678/5711/1279 3680/5563/1279
f 3757/5639/1277 3753/5699/1277 3755/5751/1277
f 3762/5650/1276 3760/5640/1276 3759/5553/1276
f 3764/5752/1278 3758/5552/1278 3757/5639/1278
f 3755/5751/1275 3761/5641/1275 3760/5640/1275
f 3768/5701/1273 3766/5644/1273 3765/5643/1273
f 3775/5651/1272 3771/5702/1272 3773/5554/1272
f 3776/5652/1274 3770/5704/1274 3769/5552/1274
f 3767/5645/1271 3773/5554/1271 3772/5753/1271
f 3769/5647/1280 3756/5754/1280 3758/5707/1280
f 3754/5638/1282 3765/5755/1282 3767/5709/1282
f 3759/5710/1281 3772/5649/1281 3771/5648/1281
f 3763/5642/1279 3774/5756/1279 3776/5563/1279
f 3576/5659/1284 3564/5653/1284 3561/5454/1284
f 3572/5757/1285 3562/5758/1285 3566/5759/1285
f 3579/5660/1286 3563/5655/1286 3567/5460/1286
f 3575/5661/1287 3570/5657/1287 3565/5458/1287
f 3584/5662/1288 3569/5658/1288 3571/5464/1288
f 3578/5760/1289 3583/5761/1289 3574/5759/1289
f 3585/5762/1285 3600/5763/1285 3588/5758/1285
f 3595/5521/1284 3586/5479/1284 3590/5668/1284
f 3592/5764/1287 3598/5491/1287 3587/5482/1287
f 3589/5482/1286 3607/5765/1286 3596/5766/1286
f 3594/5487/1289 3603/5496/1289 3591/5484/1289
f 3599/5513/1288 3608/5521/1288 3601/5494/1288
f 3624/5767/1285 3612/5504/1285 3609/5768/1285
f 3614/5675/1288 3617/5677/1288 3610/5494/1288
f 3632/5682/1286 3611/5680/1286 3616/5508/1286
f 3623/5515/1287 3620/5685/1287 3613/5769/1287
f 3627/5770/1289 3615/5771/1289 3618/5761/1289
f 3631/5521/1284 3622/5513/1284 3626/5494/1284
f 3633/5697/1289 3648/5772/1289 3636/5761/1289
f 3643/5689/1287 3634/5524/1287 3638/5687/1287
f 3640/5773/1284 3646/5774/1284 3635/5527/1284
f 3637/5527/1288 3655/5775/1288 3644/5776/1288
f 3642/5532/1285 3651/5541/1285 3639/5529/1285
f 3647/5692/1286 3656/5693/1286 3649/5539/1286
f 3660/5706/1287 3669/5708/1287 3657/5547/1287
f 3664/5554/1289 3661/5551/1289 3659/5560/1289
f 3658/5670/1284 3676/5566/1284 3665/5777/1284
f 3667/5778/1288 3673/5779/1288 3662/5670/1288
f 3663/5780/1286 3678/5711/1286 3666/5556/1286
f 3674/5704/1285 3677/5703/1285 3670/5560/1285
f 3756/5754/1287 3765/5755/1287 3753/5637/1287
f 3760/5640/1289 3757/5639/1289 3755/5751/1289
f 3754/5794/1284 3772/5649/1284 3761/5795/1284
f 3763/5795/1288 3769/5796/1288 3758/5794/1288
f 3759/5780/1286 3774/5756/1286 3762/5556/1286
f 3770/5704/1285 3773/5554/1285 3766/5644/1285
f 3562/5455/1271 3561/5454/1271 3564/5653/1271
f 3568/5461/1272 3567/5460/1272 3563/5655/1272
f 3570/5657/1273 3572/5797/1273 3566/5459/1273
f 3569/5658/1274 3568/5798/1274 3572/5465/1274
f 3576/5659/1275 3578/5799/1275 3574/5467/1275
f 3579/5660/1276 3581/5800/1276 3578/5471/1276
f 3583/5476/1277 3582/5475/1277 3575/5661/1277
f 3581/5474/1278 3580/5473/1278 3584/5662/1278
f 3580/5473/1279 3579/5472/1279 3567/5664/1279
f 3571/5464/1280 3570/5463/1280 3582/5665/1280
f 3577/5470/1281 3576/5469/1281 3561/5666/1281
f 3565/5458/1282 3564/5457/1282 3573/5667/1282
f 3588/5502/1271 3590/5668/1271 3586/5479/1271
f 3595/5488/1275 3594/5487/1275 3591/5484/1275
f 3590/5668/1290 3589/5503/1290 3596/5669/1290
f 3593/5670/1291 3592/5671/1291 3587/5480/1291
f 3601/5494/1274 3600/5493/1274 3597/5663/1274
f 3606/5499/1278 3608/5501/1278 3604/5497/1278
f 3602/5495/1279 3601/5494/1279 3608/5521/1279
f 3605/5671/1280 3604/5801/1280 3599/5513/1280
f 3603/5496/1277 3605/5498/1277 3592/5485/1277
f 3585/5673/1273 3587/5482/1273 3598/5491/1273
f 3607/5500/1276 3606/5499/1276 3594/5487/1276
f 3600/5674/1272 3602/5802/1272 3589/5482/1272
f 3610/5494/1274 3609/5502/1274 3612/5663/1274
f 3615/5676/1278 3617/5677/1278 3619/5511/1278
f 3611/5503/1279 3610/5494/1279 3617/5677/1279
f 3620/5512/1280 3619/5511/1280 3614/5675/1280
f 3624/5502/1271 3626/5494/1271 3622/5513/1271
f 3631/5521/1275 3630/5520/1275 3627/5678/1275
f 3626/5494/1281 3625/5503/1281 3632/5522/1281
f 3629/5670/1282 3628/5671/1282 3623/5480/1282
f 3625/5515/1272 3624/5514/1272 3609/5679/1272
f 3616/5508/1276 3615/5507/1276 3630/5681/1276
f 3621/5683/1273 3623/5803/1273 3613/5505/1273
f 3628/5518/1277 3627/5517/1277 3618/5684/1277
f 3636/5686/1277 3638/5687/1277 3634/5524/1277
f 3643/5533/1273 3642/5532/1273 3639/5529/1273
f 3638/5687/1280 3637/5804/1280 3644/5688/1280
f 3641/5690/1282 3640/5695/1282 3635/5525/1282
f 3649/5539/1276 3648/5538/1276 3645/5691/1276
f 3654/5544/1272 3656/5546/1272 3652/5542/1272
f 3650/5540/1292 3649/5539/1292 3656/5693/1292
f 3653/5695/1281 3652/5690/1281 3647/5692/1281
f 3648/5696/1278 3650/5805/1278 3637/5527/1278
f 3642/5532/1274 3644/5534/1274 3655/5545/1274
f 3646/5536/1275 3645/5535/1275 3633/5697/1275
f 3651/5541/1271 3653/5543/1271 3640/5530/1271
f 3661/5551/1277 3660/5550/1277 3657/5699/1277
f 3666/5650/1276 3668/5700/1276 3664/5554/1276
f 3668/5700/1278 3667/5570/1278 3662/5552/1278
f 3659/5560/1275 3658/5806/1275 3665/5555/1275
f 3672/5701/1273 3674/5704/1273 3670/5560/1273
f 3679/5569/1272 3678/5568/1272 3675/5702/1272
f 3680/5570/1274 3679/5569/1274 3674/5704/1274
f 3671/5561/1271 3670/5560/1271 3677/5703/1271
f 3673/5563/1280 3672/5562/1280 3660/5706/1280
f 3658/5548/1282 3657/5547/1282 3669/5708/1282
f 3663/5710/1281 3665/5777/1281 3676/5566/1281
f 3667/5557/1279 3666/5556/1279 3678/5711/1279
f 3757/5639/1277 3756/5550/1277 3753/5699/1277
f 3762/5650/1276 3764/5752/1276 3760/5640/1276
f 3764/5752/1278 3763/5570/1278 3758/5552/1278
f 3755/5751/1275 3754/5561/1275 3761/5641/1275
f 3768/5701/1273 3770/5704/1273 3766/5644/1273
f 3775/5651/1272 3774/5650/1272 3771/5702/1272
f 3776/5652/1274 3775/5651/1274 3770/5704/1274
f 3767/5645/1271 3766/5644/1271 3773/5554/1271
f 3769/5647/1280 3768/5646/1280 3756/5754/1280
f 3754/5638/1282 3753/5637/1282 3765/5755/1282
f 3759/5710/1281 3761/5795/1281 3772/5649/1281
f 3763/5642/1279 3762/5556/1279 3774/5756/1279
f 3576/5659/1284 3573/5466/1284 3564/5653/1284
f 3572/5757/1285 3568/5814/1285 3562/5758/1285
f 3579/5660/1286 3577/5470/1286 3563/5655/1286
f 3575/5661/1287 3582/5475/1287 3570/5657/1287
f 3584/5662/1288 3580/5473/1288 3569/5658/1288
f 3578/5760/1289 3581/5815/1289 3583/5761/1289
f 3585/5762/1285 3597/5816/1285 3600/5763/1285
f 3595/5521/1284 3593/5670/1284 3586/5479/1284
f 3592/5764/1287 3605/5765/1287 3598/5491/1287
f 3589/5482/1286 3602/5802/1286 3607/5765/1286
f 3594/5487/1289 3606/5499/1289 3603/5496/1289
f 3599/5513/1288 3604/5801/1288 3608/5521/1288
f 3624/5767/1285 3621/5683/1285 3612/5504/1285
f 3614/5675/1288 3619/5511/1288 3617/5677/1288
f 3632/5682/1286 3625/5515/1286 3611/5680/1286
f 3623/5515/1287 3628/5518/1287 3620/5685/1287
f 3627/5770/1289 3630/5767/1289 3615/5771/1289
f 3631/5521/1284 3629/5670/1284 3622/5513/1284
f 3633/5697/1289 3645/5535/1289 3648/5772/1289
f 3643/5689/1287 3641/5690/1287 3634/5524/1287
f 3640/5773/1284 3653/5775/1284 3646/5774/1284
f 3637/5527/1288 3650/5805/1288 3655/5775/1288
f 3642/5532/1285 3654/5544/1285 3651/5541/1285
f 3647/5692/1286 3652/5690/1286 3656/5693/1286
f 3660/5706/1287 3672/5562/1287 3669/5708/1287
f 3664/5554/1289 3668/5700/1289 3661/5551/1289
f 3658/5670/1284 3671/5779/1284 3676/5566/1284
f 3667/5778/1288 3680/5817/1288 3673/5779/1288
f 3663/5780/1286 3675/5818/1286 3678/5711/1286
f 3674/5704/1285 3679/5569/1285 3677/5703/1285
f 3756/5754/1287 3768/5646/1287 3765/5755/1287
f 3760/5640/1289 3764/5752/1289 3757/5639/1289
f 3754/5794/1284 3767/5796/1284 3772/5649/1284
f 3763/5795/1288 3776/5823/1288 3769/5796/1288
f 3759/5780/1286 3771/5818/1286 3774/5756/1286
f 3770/5704/1285 3775/5651/1285 3773/5554/1285
usemtl U702-PM
f 3681/5571/1261 3682/5572/1261 3683/5573/1261
f 3684/5574/1260 3685/5575/1260 3686/5576/1260
f 3687/5577/1262 3688/5578/1262 3689/5579/1262
f 3690/5580/1260 3691/5581/1260 3692/5582/1260
f 3693/5583/1256 3694/5584/1256 3695/5585/1256
f 3696/5586/1262 3697/5587/1262 3698/5588/1262
f 3699/5587/1259 3700/5589/1259 3701/5590/1259
f 3702/5591/1263 3703/5592/1263 3704/5593/1263
f 3705/5594/1262 3706/5595/1262 3707/5596/1262
f 3708/5597/1259 3709/5586/1259 3710/5590/1259
f 3711/5598/1264 3712/5599/1264 3713/5600/1264
f 3714/5591/1256 3715/5601/1256 3716/5593/1256
f 3717/5602/1265 3718/5603/1265 3719/5604/1265
f 3720/5605/1258 3721/5606/1258 3722/5607/1258
f 3723/5608/1253 3724/5609/1253 3725/5610/1253
f 3726/5611/1258 3727/5612/1258 3728/5613/1258
f 3729/5614/1254 3730/5615/1254 3731/5616/1254
f 3732/5617/1253 3733/5618/1253 3734/5619/1253
f 3735/5620/1266 3736/5621/1266 3737/5622/1266
f 3738/5623/1253 3739/5624/1253 3740/5625/1253
f 3741/5626/1266 3742/5627/1266 3743/5628/1266
f 3744/5629/1267 3745/5630/1267 3746/5631/1267
f 3747/5632/1268 3748/5633/1268 3749/5613/1268
f 3750/5634/1254 3751/5635/1254 3752/5636/1254
f 3684/5712/1272 3682/5572/1272 3681/5571/1272
f 3683/5573/1281 3688/5578/1281 3687/5577/1281
f 3693/5713/1279 3691/5581/1279 3690/5580/1279
f 3696/5714/1276 3695/5715/1276 3694/5716/1276
f 3699/5717/1281 3698/5718/1281 3697/5719/1281
f 3708/5720/1281 3706/5595/1281 3705/5594/1281
f 3702/5721/1279 3686/5722/1279 3685/5607/1279
f 3714/5723/1279 3712/5599/1279 3711/5598/1279
f 3692/5582/1272 3701/5724/1272 3700/5622/1272
f 3704/5725/1276 3689/5579/1276 3688/5578/1276
f 3716/5726/1276 3707/5596/1276 3706/5595/1276
f 3713/5600/1272 3710/5727/1272 3709/5628/1272
f 3721/5606/1273 3717/5571/1273 3719/5728/1273
f 3719/5728/1282 3723/5577/1282 3725/5729/1282
f 3730/5615/1280 3726/5730/1280 3728/5731/1280
f 3733/5618/1277 3731/5616/1277 3730/5615/1277
f 3736/5621/1282 3734/5619/1282 3733/5618/1282
f 3742/5627/1282 3738/5732/1282 3740/5733/1282
f 3745/5630/1280 3722/5607/1280 3721/5606/1280
f 3751/5635/1280 3747/5734/1280 3749/5735/1280
f 3728/5731/1273 3737/5622/1273 3736/5621/1273
f 3746/5631/1277 3725/5729/1277 3724/5736/1277
f 3752/5636/1277 3740/5733/1277 3739/5737/1277
f 3749/5735/1273 3743/5628/1273 3742/5627/1273
f 3741/5738/1271 3709/5586/1271 3708/5597/1271
f 3711/5739/1274 3748/5633/1274 3747/5632/1274
f 3724/5609/1275 3687/5740/1275 3689/5741/1275
f 3681/5742/1271 3718/5603/1271 3717/5602/1271
f 3735/5738/1271 3700/5589/1271 3699/5587/1271
f 3690/5739/1274 3727/5612/1274 3726/5611/1274
f 3739/5624/1275 3705/5743/1275 3707/5744/1275
f 3694/5584/1278 3729/5745/1278 3731/5746/1278
f 3744/5747/1278 3703/5592/1278 3702/5591/1278
f 3720/5748/1274 3685/5575/1274 3684/5574/1274
f 3697/5587/1275 3732/5749/1275 3734/5750/1275
f 3750/5747/1278 3715/5601/1278 3714/5591/1278
f 3681/5589/1285 3720/5781/1285 3684/5782/1285
f 3682/5572/1286 3704/5725/1286 3688/5578/1286
f 3687/5740/1284 3718/5603/1284 3683/5783/1284
f 3685/5575/1288 3744/5784/1288 3702/5785/1288
f 3703/5592/1289 3724/5786/1289 3689/5589/1289
f 3690/5787/1288 3729/5745/1288 3693/5583/1288
f 3701/5724/1286 3695/5715/1286 3698/5718/1286
f 3700/5589/1285 3727/5612/1285 3692/5782/1285
f 3694/5782/1289 3732/5749/1289 3696/5586/1289
f 3697/5788/1284 3735/5789/1284 3699/5787/1284
f 3705/5743/1284 3741/5790/1284 3708/5791/1284
f 3710/5727/1286 3716/5726/1286 3706/5595/1286
f 3715/5601/1289 3739/5786/1289 3707/5589/1289
f 3709/5586/1285 3748/5633/1285 3713/5782/1285
f 3711/5792/1288 3750/5793/1288 3714/5743/1288
f 3745/5630/1287 3719/5728/1287 3725/5729/1287
f 3730/5615/1287 3736/5621/1287 3733/5618/1287
f 3751/5635/1287 3742/5627/1287 3740/5733/1287
f 3684/5712/1272 3686/5722/1272 3682/5572/1272
f 3683/5573/1281 3682/5572/1281 3688/5578/1281
f 3693/5713/1279 3695/5715/1279 3691/5581/1279
f 3696/5714/1276 3698/5718/1276 3695/5715/1276
f 3699/5717/1281 3701/5724/1281 3698/5718/1281
f 3708/5720/1281 3710/5727/1281 3706/5595/1281
f 3702/5721/1279 3704/5725/1279 3686/5722/1279
f 3714/5723/1279 3716/5726/1279 3712/5599/1279
f 3692/5582/1272 3691/5581/1272 3701/5724/1272
f 3704/5725/1276 3703/5807/1276 3689/5579/1276
f 3716/5726/1276 3715/5808/1276 3707/5596/1276
f 3713/5600/1272 3712/5599/1272 3710/5727/1272
f 3721/5606/1273 3720/5605/1273 3717/5571/1273
f 3719/5728/1282 3718/5573/1282 3723/5577/1282
f 3730/5615/1280 3729/5614/1280 3726/5730/1280
f 3733/5618/1277 3732/5617/1277 3731/5616/1277
f 3736/5621/1282 3735/5620/1282 3734/5619/1282
f 3742/5627/1282 3741/5626/1282 3738/5732/1282
f 3745/5630/1280 3744/5629/1280 3722/5607/1280
f 3751/5635/1280 3750/5634/1280 3747/5734/1280
f 3728/5731/1273 3727/5809/1273 3737/5622/1273
f 3746/5631/1277 3745/5630/1277 3725/5729/1277
f 3752/5636/1277 3751/5635/1277 3740/5733/1277
f 3749/5735/1273 3748/5810/1273 3743/5628/1273
f 3741/5738/1271 3743/5749/1271 3709/5586/1271
f 3711/5739/1274 3713/5782/1274 3748/5633/1274
f 3724/5609/1275 3723/5608/1275 3687/5740/1275
f 3681/5742/1271 3683/5783/1271 3718/5603/1271
f 3735/5738/1271 3737/5811/1271 3700/5589/1271
f 3690/5739/1274 3692/5782/1274 3727/5612/1274
f 3739/5624/1275 3738/5623/1275 3705/5743/1275
f 3694/5584/1278 3693/5583/1278 3729/5745/1278
f 3744/5747/1278 3746/5812/1278 3703/5592/1278
f 3720/5748/1274 3722/5813/1274 3685/5575/1274
f 3697/5587/1275 3696/5586/1275 3732/5749/1275
f 3750/5747/1278 3752/5812/1278 3715/5601/1278
f 3681/5589/1285 3717/5819/1285 3720/5781/1285
f 3682/5572/1286 3686/5722/1286 3704/5725/1286
f 3687/5740/1284 3723/5608/1284 3718/5603/1284
f 3685/5575/1288 3722/5813/1288 3744/5784/1288
f 3703/5592/1289 3746/5812/1289 3724/5786/1289
f 3690/5787/1288 3726/5789/1288 3729/5745/1288
f 3701/5724/1286 3691/5581/1286 3695/5715/1286
f 3700/5589/1285 3737/5811/1285 3727/5612/1285
f 3694/5782/1289 3731/5820/1289 3732/5749/1289
f 3697/5788/1284 3734/5821/1284 3735/5789/1284
f 3705/5743/1284 3738/5623/1284 3741/5790/1284
f 3710/5727/1286 3712/5599/1286 3716/5726/1286
f 3715/5601/1289 3752/5812/1289 3739/5786/1289
f 3709/5586/1285 3743/5749/1285 3748/5633/1285
f 3711/5792/1288 3747/5822/1288 3750/5793/1288
f 3745/5630/1287 3721/5606/1287 3719/5728/1287
f 3730/5615/1287 3728/5731/1287 3736/5621/1287
f 3751/5635/1287 3749/5735/1287 3742/5627/1287
o Plane.012
v 0.000000 0.102000 0.580000
v -0.002000 0.100000 0.580000
v 0.000000 0.102000 0.002000
v -0.002000 0.100000 0.002000
v -0.002000 0.102000 0.000000
v -0.580000 0.100000 0.002000
v -0.580000 0.102000 0.000000
v -0.580000 0.102000 0.582000
v -0.582000 0.102000 0.580000
v -0.578000 0.100000 0.578000
v 0.000000 0.102000 0.698000
v -0.002000 0.102000 0.700000
v -0.002000 0.100000 0.698000
v -0.580000 0.102000 0.698000
v -0.578000 0.100000 0.698000
v -0.578000 0.102000 0.700000
v -1.048000 0.102000 0.000000
v -1.048000 0.100000 0.002000
v -1.050000 0.102000 0.002000
v -1.048000 0.102000 0.580000
v -1.050000 0.102000 0.578000
v -1.048000 0.100000 0.578000
v -0.002000 0.118000 0.580000
v 0.000000 0.116000 0.580000
v 0.000000 0.116000 0.002000
v -0.002000 0.116000 0.000000
v -0.002000 0.118000 0.002000
v -0.580000 0.116000 0.000000
v -0.580000 0.118000 0.002000
v -0.580000 0.116000 0.582000
v -0.578000 0.118000 0.578000
v -0.582000 0.116000 0.580000
v 0.000000 0.116000 0.698000
v -0.002000 0.118000 0.698000
v -0.002000 0.116000 0.700000
v -0.580000 0.116000 0.698000
v -0.578000 0.116000 0.700000
v -0.578000 0.118000 0.698000
v -1.048000 0.116000 0.000000
v -1.050000 0.116000 0.002000
v -1.048000 0.118000 0.002000
v -1.048000 0.116000 0.580000
v -1.048000 0.118000 0.578000
v -1.050000 0.116000 0.578000
v -0.002000 0.118000 0.698000
v 0.000000 0.120000 0.698000
v -0.002000 0.120000 0.700000
v -0.578000 0.118000 0.698000
v -0.578000 0.120000 0.700000
v -0.580000 0.120000 0.698000
v -1.048000 0.118000 0.002000
v -1.050000 0.120000 0.002000
v -1.048000 0.120000 0.000000
v -1.048000 0.118000 0.578000
v -1.048000 0.120000 0.580000
v -1.050000 0.120000 0.578000
v -0.002000 0.890000 0.698000
v -0.002000 0.888000 0.700000
v 0.000000 0.888000 0.698000
v -0.578000 0.890000 0.698000
v -0.580000 0.888000 0.698000
v -0.578000 0.888000 0.700000
v -1.048000 0.890000 0.002000
v -1.048000 0.888000 0.000000
v -1.050000 0.888000 0.002000
v -1.048000 0.890000 0.578000
v -1.050000 0.888000 0.578000
v -1.048000 0.888000 0.580000
v -0.578000 0.118000 0.684000
v -0.580000 0.120000 0.684000
v -0.578000 0.120000 0.682000
v -0.002000 0.118000 0.684000
v -0.002000 0.120000 0.682000
v 0.000000 0.120000 0.684000
v -0.578000 0.890000 0.684000
v -0.578000 0.888000 0.682000
v -0.580000 0.888000 0.684000
v -0.002000 0.890000 0.684000
v 0.000000 0.888000 0.684000
v -0.002000 0.888000 0.682000
v -1.034000 0.118000 0.578000
v -1.032000 0.120000 0.578000
v -1.034000 0.120000 0.580000
v -1.034000 0.118000 0.002000
v -1.034000 0.120000 0.000000
v -1.032000 0.120000 0.002000
v -1.034000 0.890000 0.578000
v -1.034000 0.888000 0.580000
v -1.032000 0.888000 0.578000
v -1.034000 0.890000 0.002000
v -1.032000 0.888000 0.002000
v -1.034000 0.888000 0.000000
v -0.518000 0.100000 0.522000
v -0.518000 0.098000 0.520000
v -0.520000 0.098000 0.522000
v -0.518000 0.100000 0.698000
v -0.520000 0.098000 0.698000
v -0.518000 0.098000 0.700000
v -0.518000 0.010000 0.522000
v -0.520000 0.012000 0.522000
v -0.518000 0.012000 0.520000
v -0.518000 0.010000 0.698000
v -0.518000 0.012000 0.700000
v -0.520000 0.012000 0.698000
v -0.504000 0.100000 0.698000
v -0.504000 0.098000 0.700000
v -0.502000 0.098000 0.698000
v -0.504000 0.100000 0.522000
v -0.502000 0.098000 0.522000
v -0.504000 0.098000 0.520000
v -0.504000 0.010000 0.698000
v -0.502000 0.012000 0.698000
v -0.504000 0.012000 0.700000
v -0.504000 0.010000 0.522000
v -0.504000 0.012000 0.520000
v -0.502000 0.012000 0.522000
v -0.504000 0.100000 0.518000
v -0.504000 0.098000 0.520000
v -0.502000 0.098000 0.518000
v -1.048000 0.100000 0.518000
v -1.050000 0.098000 0.518000
v -1.048000 0.098000 0.520000
v -0.504000 0.010000 0.518000
v -0.502000 0.012000 0.518000
v -0.504000 0.012000 0.520000
v -1.048000 0.010000 0.518000
v -1.048000 0.012000 0.520000
v -1.050000 0.012000 0.518000
v -0.504000 0.100000 0.504000
v -0.502000 0.098000 0.504000
v -0.504000 0.098000 0.502000
v -1.048000 0.100000 0.504000
v -1.048000 0.098000 0.502000
v -1.050000 0.098000 0.504000
v -0.504000 0.010000 0.504000
v -0.504000 0.012000 0.502000
v -0.502000 0.012000 0.504000
v -1.048000 0.010000 0.504000
v -1.050000 0.012000 0.504000
v -1.048000 0.012000 0.502000
v -1.030000 0.888000 0.580000
v -1.030000 0.890000 0.578000
v -1.032000 0.888000 0.578000
v -0.020000 0.888000 0.580000
v -0.018000 0.888000 0.578000
v -0.020000 0.890000 0.578000
v -1.030000 0.888000 0.480000
v -1.032000 0.888000 0.482000
v -1.030000 0.890000 0.482000
v -0.020000 0.888000 0.480000
v -0.020000 0.890000 0.482000
v -0.018000 0.888000 0.482000
v -0.580000 0.888000 0.680000
v -0.578000 0.888000 0.682000
v -0.578000 0.890000 0.680000
v -0.580000 0.888000 0.584000
v -0.578000 0.890000 0.584000
v -0.578000 0.888000 0.582000
v -0.480000 0.888000 0.680000
v -0.482000 0.890000 0.680000
v -0.482000 0.888000 0.682000
v -0.480000 0.888000 0.584000
v -0.482000 0.888000 0.582000
v -0.482000 0.890000 0.584000
v -1.030000 0.874000 0.580000
v -1.032000 0.874000 0.578000
v -1.030000 0.872000 0.578000
v -0.020000 0.874000 0.580000
v -0.020000 0.872000 0.578000
v -0.018000 0.874000 0.578000
v -1.030000 0.874000 0.480000
v -1.030000 0.872000 0.482000
v -1.032000 0.874000 0.482000
v -0.020000 0.874000 0.480000
v -0.018000 0.874000 0.482000
v -0.020000 0.872000 0.482000
v -0.580000 0.874000 0.680000
v -0.578000 0.872000 0.680000
v -0.578000 0.874000 0.682000
v -0.580000 0.874000 0.584000
v -0.578000 0.874000 0.582000
v -0.578000 0.872000 0.584000
v -0.480000 0.874000 0.680000
v -0.482000 0.874000 0.682000
v -0.482000 0.872000 0.680000
v -0.480000 0.874000 0.584000
v -0.482000 0.872000 0.584000
v -0.482000 0.874000 0.582000
v -0.598000 0.886000 0.698000
v -0.598000 0.888000 0.696000
v -0.600000 0.886000 0.696000
v -0.598000 0.886000 0.583990
v -0.600000 0.886000 0.585990
v -0.598000 0.888000 0.585995
v -0.598000 0.102000 0.584005
v -0.600000 0.104000 0.584010
v -0.598000 0.104000 0.582010
v -0.600000 0.104000 0.696000
v -0.598000 0.102000 0.696000
v -0.598000 0.104000 0.698000
v -0.584000 0.102000 0.696000
v -0.582000 0.104000 0.696000
v -0.584000 0.104000 0.698000
v -0.584000 0.102000 0.584005
v -0.584000 0.104000 0.582010
v -0.582000 0.104000 0.584010
v -0.584000 0.886000 0.583990
v -0.584000 0.888000 0.585995
v -0.582000 0.886000 0.585990
v -0.584000 0.888000 0.696000
v -0.584000 0.886000 0.698000
v -0.582000 0.886000 0.696000
v -1.046000 0.104000 0.600007
v -1.048000 0.104000 0.598007
v -1.046000 0.102000 0.598007
v -0.602000 0.104000 0.598003
v -0.604000 0.104000 0.600003
v -0.604000 0.102000 0.597998
v -0.602000 0.886000 0.599988
v -0.604000 0.888000 0.599984
v -0.604000 0.886000 0.601979
v -1.046000 0.886000 0.600011
v -1.046000 0.888000 0.598011
v -1.048000 0.886000 0.598002
v -1.046000 0.888000 0.584011
v -1.046000 0.886000 0.582011
v -1.048000 0.886000 0.584002
v -0.604000 0.888000 0.585984
v -0.602000 0.886000 0.585988
v -0.604000 0.886000 0.583979
v -0.602000 0.104000 0.584003
v -0.604000 0.102000 0.583998
v -0.604000 0.104000 0.582003
v -1.046000 0.102000 0.584007
v -1.048000 0.104000 0.584007
v -1.046000 0.104000 0.582007
v -1.030000 0.888000 0.100000
v -1.030000 0.890000 0.098000
v -1.032000 0.888000 0.098000
v -0.020000 0.888000 0.100000
v -0.018000 0.888000 0.098000
v -0.020000 0.890000 0.098000
v -1.030000 0.888000 0.000000
v -1.032000 0.888000 0.002000
v -1.030000 0.890000 0.002000
v -0.020000 0.888000 0.000000
v -0.020000 0.890000 0.002000
v -0.018000 0.888000 0.002000
v -1.030000 0.874000 0.100000
v -1.032000 0.874000 0.098000
v -1.030000 0.872000 0.098000
v -0.020000 0.874000 0.100000
v -0.020000 0.872000 0.098000
v -0.018000 0.874000 0.098000
v -1.030000 0.874000 0.000000
v -1.030000 0.872000 0.002000
v -1.032000 0.874000 0.002000
v -0.020000 0.874000 0.000000
v -0.018000 0.874000 0.002000
v -0.020000 0.872000 0.002000
v -0.002000 0.118000 0.002000
v -0.002000 0.120000 0.000000
v 0.000000 0.120000 0.002000
v -0.002000 0.120000 0.682000
v -0.002000 0.118000 0.680000
v 0.000000 0.120000 0.680000
v -0.002000 0.888000 0.682000
v 0.000000 0.888000 0.680000
v -0.002000 0.890000 0.680000
v -0.002000 0.890000 0.002000
v 0.000000 0.888000 0.002000
v -0.002000 0.888000 0.000000
v -0.016000 0.118000 0.002000
v -0.018000 0.120000 0.002000
v -0.016000 0.120000 0.000000
v -0.016000 0.120000 0.682000
v -0.018000 0.120000 0.680000
v -0.016000 0.118000 0.680000
v -0.016000 0.888000 0.682000
v -0.016000 0.890000 0.680000
v -0.018000 0.888000 0.680000
v -0.016000 0.890000 0.002000
v -0.016000 0.888000 0.000000
v -0.018000 0.888000 0.002000
vn 0.5774 -0.5773 -0.5773
vn -0.3015 -0.9045 0.3015
vn 0.5774 -0.5773 0.5774
vn -0.5774 -0.5773 0.5773
vn -0.5774 -0.5774 -0.5773
vn -0.5774 -0.5774 0.5773
vn 0.5773 0.5774 -0.5774
vn -0.3015 0.9045 0.3015
vn 0.5774 0.5773 0.5774
vn -0.5774 0.5773 0.5773
vn -0.5774 0.5774 -0.5773
vn -0.5774 0.5774 0.5773
vn 0.5773 0.5773 0.5774
vn -0.5774 0.5774 0.5774
vn -0.5773 0.5774 -0.5774
vn -0.5773 0.5773 0.5774
vn 0.5774 -0.5773 -0.5774
vn -0.5773 0.5774 -0.5773
vn 0.5773 0.5773 -0.5774
vn 0.5773 -0.5773 0.5774
vn 0.5773 -0.5773 -0.5774
vn -0.5774 0.5773 0.5774
vn 0.5774 0.5773 0.5773
vn 0.5774 0.5774 -0.5773
vn 0.5773 -0.5774 -0.5774
vn 0.5773 0.5774 0.5774
vn -0.5773 0.5773 -0.5774
vn 0.5774 0.5773 -0.5773
vn -0.5774 0.5774 -0.5774
vn 0.5773 0.5774 0.5773
vn 0.5773 0.5774 -0.5773
vn -0.5773 -0.5773 0.5774
vn 0.5774 -0.5774 0.5773
vn -0.5773 -0.5773 -0.5774
vn -0.5774 -0.5773 -0.5773
vn 0.5774 -0.5774 -0.5773
vn -0.5769 0.5783 -0.5769
vn -0.5778 -0.5764 -0.5778
vn -0.5774 -0.5773 0.5774
vn 0.5774 -0.5773 0.5773
vn 0.5778 -0.5764 -0.5778
vn 0.5769 0.5783 -0.5769
vn 0.5774 0.5774 0.5774
vn -0.5773 -0.5774 0.5774
vn 0.5769 -0.5783 0.5769
vn 0.5761 0.5772 0.5787
vn -0.5790 0.5765 0.5765
vn -0.5756 0.5782 -0.5782
vn 0.5786 0.5775 -0.5760
vn -0.5774 -0.5773 -0.5774
vn 0.5774 0.5774 0.5773
vn 0.5773 -0.5774 0.5774
vn -0.5773 -0.5774 -0.5774
vn -0.5773 0.5774 0.5774
vn 0.7071 -0.7071 -0.0000
vn -0.0000 -0.7071 -0.7071
vn -0.7071 -0.7071 -0.0000
vn -0.0000 -0.7071 0.7071
vn 0.7071 0.7071 -0.0000
vn -0.0000 0.7071 -0.7071
vn -0.7071 0.7071 -0.0000
vn -0.0000 0.7071 0.7071
vn 0.7071 -0.0000 -0.7071
vn -0.7071 -0.0000 -0.7071
vn -0.7071 -0.0000 0.7071
vn 0.7071 -0.0000 0.7071
vn 0.7071 0.0018 -0.7071
vn -0.0000 0.7080 -0.7062
vn -0.0000 -0.7062 -0.7080
vn -0.7071 0.0018 -0.7071
vn 0.0031 0.7071 -0.7071
vn 0.7087 0.0018 -0.7055
vn -0.0032 0.7071 0.7071
vn -0.0000 -0.7080 0.7062
vn 0.7055 -0.0018 0.7087
vn 1.0000 -0.0000 -0.0000
vn -0.0000 -1.0000 -0.0000
vn -0.0000 -0.0000 -1.0000
vn -0.0000 -0.0000 1.0000
vn -1.0000 -0.0000 -0.0000
vn -0.0000 1.0000 -0.0000
vn -0.0000 0.0025 -1.0000
vn -0.0045 -0.0025 1.0000
vn 0.0032 0.7080 -0.7062
vn -0.7055 -0.0000 -0.7087
vn -0.7087 -0.0000 0.7055
vn -0.0032 0.7062 0.7080
vn 0.7071 -0.0018 0.7071
vn 0.0045 0.0025 -1.0000
vt 1.031807 0.202871
vt 1.031807 0.200871
vt 1.033807 0.202871
vt 0.527258 0.202871
vt 0.525258 0.202871
vt 0.527258 0.200871
vt 0.335806 0.202871
vt 0.333806 0.202871
vt 0.335806 0.200871
vt 0.335806 0.200871
vt 0.059258 0.202871
vt 0.059258 0.200871
vt 0.057258 0.202871
vt 0.453806 0.202871
vt 0.455806 0.202871
vt 0.455806 0.200871
vt 1.031807 0.216871
vt 1.033807 0.216871
vt 1.031807 0.218871
vt 0.527258 0.451806
vt 0.529258 0.455806
vt 0.525268 0.453806
vt 1.107258 0.335806
vt 1.105258 0.335806
vt 1.105258 0.333806
vt 0.527258 0.216871
vt 0.529258 0.216871
vt 0.529258 0.218871
vt 1.033807 0.216871
vt 1.031807 0.216871
vt 1.031807 0.218871
vt 0.059258 0.453806
vt 0.059258 0.455806
vt 0.057258 0.455806
vt 0.335806 0.218871
vt 0.335806 0.220871
vt 0.333806 0.220871
vt 0.529258 0.220871
vt 0.527258 0.220871
vt 1.031807 0.218871
vt 1.031807 0.220871
vt 1.033807 0.220871
vt 0.059258 0.218871
vt 0.059258 0.220871
vt 0.057258 0.220871
vt 1.105258 0.335806
vt 1.107258 0.335806
vt 0.529258 0.335806
vt 0.527258 0.335806
vt 0.529258 0.333806
vt 0.059258 0.990871
vt 0.059258 0.988871
vt 0.057258 0.988871
vt 0.455806 0.990871
vt 0.455806 0.988871
vt 0.453806 0.988871
vt 0.529258 0.349806
vt 0.527258 0.349806
vt 0.529258 0.351806
vt 1.105258 0.218871
vt 1.105258 0.220871
vt 1.107258 0.220871
vt 0.529258 0.349806
vt 0.529258 0.351806
vt 0.527258 0.349806
vt 1.105258 0.349806
vt 1.107258 0.349806
vt 1.105258 0.351806
vt 0.455806 0.218871
vt 0.455806 0.220871
vt 0.453806 0.220871
vt 0.073258 0.218871
vt 0.073258 0.220871
vt 0.075258 0.220871
vt 0.073258 0.990871
vt 0.073258 0.988871
vt 0.075258 0.988871
vt 1.031807 0.990871
vt 1.031807 0.988871
vt 1.033807 0.988871
vt 0.529258 0.200871
vt 0.529258 0.198871
vt 0.527258 0.198871
vt 0.335140 0.200871
vt 0.335140 0.198871
vt 0.333806 0.198871
vt 0.529258 0.452473
vt 0.527258 0.452473
vt 0.529258 0.453806
vt 0.529258 0.335140
vt 0.529258 0.333806
vt 0.527258 0.335140
vt 0.543258 0.335140
vt 0.543258 0.333806
vt 0.545258 0.335140
vt 0.452473 0.200871
vt 0.452473 0.198871
vt 0.453806 0.198871
vt 0.543258 0.335140
vt 0.545258 0.335140
vt 0.543258 0.333806
vt 0.543258 0.452473
vt 0.543258 0.453806
vt 0.545258 0.452473
vt 0.543477 0.200871
vt 0.543477 0.198871
vt 0.545258 0.198871
vt 0.455806 0.200871
vt 0.455806 0.198871
vt 0.453806 0.198871
vt 0.543477 0.455806
vt 0.545258 0.455806
vt 0.543477 0.453806
vt 0.059039 0.110871
vt 0.059039 0.112871
vt 0.057258 0.112871
vt 0.543477 0.469807
vt 0.545258 0.469806
vt 0.543477 0.471806
vt 0.059039 0.200871
vt 0.059039 0.198871
vt 0.057258 0.198871
vt 0.543477 0.110871
vt 0.543477 0.112871
vt 0.545258 0.112871
vt 0.059039 0.469806
vt 0.057258 0.469806
vt 0.059039 0.471806
vt 0.077294 0.453806
vt 0.077294 0.455806
vt 0.075258 0.455806
vt 0.453806 0.988871
vt 0.455806 0.988871
vt 0.455806 0.990871
vt 0.553806 0.988871
vt 0.551806 0.988871
vt 0.551806 0.990871
vt 1.105223 0.553806
vt 1.105222 0.551806
vt 1.107258 0.551806
vt 0.353806 0.988871
vt 0.351806 0.988871
vt 0.353806 0.990871
vt 0.527258 0.449806
vt 0.529258 0.449806
vt 0.529258 0.451806
vt 0.627258 0.353806
vt 0.625258 0.353806
vt 0.625258 0.351806
vt 0.627258 0.988871
vt 0.625258 0.988871
vt 0.625258 0.990871
vt 0.453806 0.974871
vt 0.455806 0.974871
vt 0.455806 0.972871
vt 1.105223 0.453806
vt 1.105223 0.455806
vt 1.107258 0.455806
vt 0.077294 0.553806
vt 0.077294 0.551806
vt 0.075258 0.551806
vt 1.105223 0.974871
vt 1.107258 0.974871
vt 1.105223 0.972871
vt 0.527258 0.353806
vt 0.529258 0.353806
vt 0.527258 0.974871
vt 0.529258 0.974871
vt 0.529258 0.972871
vt 0.627258 0.974871
vt 0.625258 0.974871
vt 0.625258 0.972871
vt 0.627258 0.449806
vt 0.625258 0.449806
vt 0.625258 0.451806
vt 0.509258 0.335806
vt 0.509258 0.337806
vt 0.507258 0.337806
vt 0.449816 0.986871
vt 0.447816 0.986871
vt 0.447811 0.988871
vt 0.449801 0.202871
vt 0.449796 0.204871
vt 0.451796 0.204871
vt 0.337806 0.204871
vt 0.337806 0.202871
vt 0.335806 0.204871
vt 0.337806 0.202871
vt 0.335806 0.204871
vt 0.523258 0.449802
vt 0.523258 0.451801
vt 0.525258 0.449796
vt 0.523258 0.449811
vt 0.523258 0.447811
vt 0.525258 0.447816
vt 0.523258 0.337806
vt 0.523258 0.335806
vt 0.525258 0.337806
vt 0.061258 0.204871
vt 0.059258 0.204871
vt 0.061258 0.202871
vt 0.505258 0.204866
vt 0.503258 0.204871
vt 0.503258 0.202871
vt 0.505258 0.433818
vt 0.503258 0.433822
vt 0.503258 0.431822
vt 0.061258 0.433796
vt 0.061258 0.435796
vt 0.059258 0.435805
vt 0.061267 0.988871
vt 0.061258 0.986871
vt 0.059258 0.986871
vt 0.503258 0.447822
vt 0.505258 0.447818
vt 0.503258 0.449822
vt 0.505258 0.449803
vt 0.503258 0.449808
vt 0.503258 0.451803
vt 0.061258 0.449800
vt 0.059258 0.449800
vt 0.061258 0.451800
vt 0.077294 0.453806
vt 0.077294 0.455806
vt 0.075258 0.455806
vt 0.453806 0.988871
vt 0.455806 0.988871
vt 0.553806 0.988871
vt 0.551806 0.988871
vt 0.551806 0.990871
vt 1.105223 0.553806
vt 1.105223 0.551806
vt 1.107258 0.551806
vt 0.453806 0.974871
vt 0.455806 0.974871
vt 1.105222 0.453806
vt 1.105223 0.455807
vt 1.107258 0.455806
vt 0.077294 0.551806
vt 0.075258 0.551806
vt 1.105222 0.974871
vt 1.107258 0.974871
vt 0.000000 0.000000
vt 0.453806 0.202871
vt 0.453806 0.200871
vt 0.527258 0.200871
vt 1.105258 0.202871
vt 1.105258 0.200871
vt 0.451806 0.202871
vt 1.105258 0.200871
vt 0.529258 0.202871
vt 0.529258 0.200871
vt 0.527258 0.202871
vt 0.059258 0.200871
vt 1.031807 0.202871
vt 1.107258 1.031807
vt 1.105258 0.453806
vt 1.107258 0.453806
vt 0.527258 1.033806
vt 1.105258 1.031807
vt 1.105258 1.033807
vt 0.529258 0.335806
vt 0.059258 1.033807
vt 0.527258 1.031806
vt 0.059258 1.031806
vt 1.033807 0.202871
vt 0.453806 0.216871
vt 0.455806 0.216871
vt 0.335806 0.216871
vt 0.525258 0.216871
vt 1.105258 0.218871
vt 0.455806 0.220871
vt 1.031807 0.988871
vt 1.033807 0.988871
vt 0.453806 0.220871
vt 1.105258 0.220871
vt 1.107258 0.988871
vt 1.105258 0.988871
vt 0.529258 0.988871
vt 0.529258 0.220871
vt 1.105258 0.988871
vt 0.527258 0.988871
vt 0.527258 0.220871
vt 0.349806 0.218871
vt 0.527258 0.335806
vt 0.455806 0.988871
vt 0.059258 0.218871
vt 0.059258 0.220871
vt 0.073258 0.990871
vt 0.073258 0.988871
vt 0.059258 0.990871
vt 0.059258 0.988871
vt 0.073258 0.218871
vt 0.073258 0.220871
vt 0.452473 0.200871
vt 0.453806 0.112871
vt 0.452473 0.112871
vt 0.335140 0.112871
vt 0.335140 0.200871
vt 0.335140 0.198871
vt 0.452473 0.112871
vt 0.453806 0.112871
vt 0.333806 0.112871
vt 0.333806 0.198871
vt 0.543258 0.200871
vt 0.529258 0.335140
vt 0.529258 0.333806
vt 0.059039 0.200871
vt 0.543477 0.110871
vt 0.059039 0.198871
vt 0.543477 0.200871
vt 0.543477 0.198871
vt 0.059039 0.110871
vt 0.059039 0.112871
vt 0.545258 0.198871
vt 0.059039 0.455806
vt 0.057258 0.455806
vt 0.543477 0.469806
vt 0.545258 0.469807
vt 0.469806 0.200871
vt 0.543477 0.455806
vt 1.105223 0.453806
vt 0.077294 0.553806
vt 1.105223 0.455806
vt 1.107258 0.455806
vt 0.075258 0.551806
vt 0.527258 0.353806
vt 0.529258 0.353806
vt 0.627258 0.449806
vt 0.625258 0.449806
vt 0.077294 0.453806
vt 0.077294 0.455806
vt 1.105222 0.551806
vt 0.527258 0.449806
vt 0.627258 0.353806
vt 0.625258 0.353806
vt 0.529258 0.449806
vt 0.529258 0.451806
vt 0.453806 0.988871
vt 0.553806 0.974871
vt 0.551806 0.974871
vt 1.105222 0.988871
vt 0.627258 0.974871
vt 0.353806 0.974871
vt 0.351806 0.974871
vt 0.453806 0.974871
vt 0.455806 0.974871
vt 0.627258 0.988871
vt 0.449796 0.204871
vt 0.449816 0.986871
vt 0.451796 0.204871
vt 0.447811 0.988871
vt 0.337806 0.986871
vt 0.447816 0.986871
vt 0.335806 0.986871
vt 0.509258 0.449811
vt 0.335806 0.986871
vt 0.337806 0.986871
vt 0.509258 0.449801
vt 0.509258 0.451801
vt 0.509258 0.204871
vt 0.523258 0.202871
vt 0.523258 0.204871
vt 0.509258 0.447811
vt 0.507258 0.447816
vt 0.503258 0.986871
vt 0.505258 0.204876
vt 0.505258 0.986876
vt 0.061258 0.202871
vt 0.503258 0.204871
vt 0.503258 0.202871
vt 0.061258 0.204871
vt 0.059258 0.204871
vt 0.061258 0.986871
vt 0.061258 0.435799
vt 0.061258 0.449796
vt 0.503258 0.435808
vt 0.505258 0.435803
vt 0.505258 0.986866
vt 0.503258 0.986871
vt 0.077294 0.551806
vt 1.105223 0.455806
vt 1.105222 0.551806
vt 0.455806 0.988871
vt 0.551806 0.974871
vt 1.105258 0.453806
vt 0.529258 0.455806
vt 0.453806 0.216871
vt 0.527258 0.216871
vt 0.059258 0.455806
vt 0.527258 1.031806
vt 0.059258 0.216871
vt 0.059258 0.202871
vt 0.335806 0.216871
vt 1.105258 0.216871
vt 1.105258 0.202871
vt 1.105258 0.349806
vt 0.349806 0.988871
vt 0.335806 0.988871
vt 0.335806 0.988871
vt 0.349806 0.220871
vt 0.335806 0.220871
vt 0.073258 1.031807
vt 0.059258 0.455806
vt 0.059258 1.031806
vt 0.073258 0.455806
vt 0.059258 1.031807
vt 0.543258 0.452473
vt 0.543258 0.112871
vt 0.529258 0.112871
vt 0.543258 0.198871
vt 0.529258 0.198871
vt 0.059039 0.469806
vt 0.059039 0.455806
vt 0.455806 0.112871
vt 0.469807 0.198871
vt 0.469806 0.112871
vt 0.077294 0.974871
vt 1.105223 0.988871
vt 0.077294 0.988871
vt 0.551806 0.988871
vt 0.077294 0.988871
vt 0.449806 0.988871
vt 0.529258 0.988871
vt 0.529258 0.988871
vt 0.353806 0.988871
vt 0.449806 0.974871
vt 0.523258 0.986871
vt 0.523258 0.204871
vt 0.509258 0.986871
vt 0.523258 0.337806
vt 0.449800 0.204871
vt 0.435805 0.986871
vt 0.449805 0.986871
vt 0.447818 0.986871
vt 0.435803 0.204871
vt 0.449803 0.204871
vt 0.453806 0.200871
vt 0.057258 1.031807
vt 0.333806 0.216871
vt 1.107258 0.220871
vt 0.349806 0.220871
vt 1.033807 0.220871
vt 0.335140 0.112871
vt 0.543258 0.198871
vt 0.057258 0.198871
vt 0.545258 0.112871
vt 0.469807 0.198871
vt 0.625258 0.451806
vt 1.107258 0.988871
vt 0.625258 0.974871
vt 0.449801 0.202871
vt 0.337806 0.988871
vt 0.509258 0.202871
vt 0.503267 0.988871
vt 0.059258 0.986871
vt 0.059258 0.435799
vt 0.059258 0.449805
vt 0.075258 0.455806
vt 1.105258 0.216871
vt 0.451806 0.216871
vt 0.349806 0.988871
vt 0.073258 0.455806
vt 0.469807 0.112871
vt 1.105222 0.974871
vt 0.551806 0.974871
vt 0.077294 0.974871
vt 0.529258 0.974871
vt 0.353806 0.974871
vt 0.509258 0.204871
vt 0.509258 0.337806
vt 0.435799 0.204871
vt 0.433818 0.986871
s 0
usemtl U702-ST9
f 3779/5824/1293 3780/5825/1293 3781/5826/1293
f 3784/5827/1294 3785/5828/1294 3786/5829/1294
f 3787/5830/1295 3788/5831/1295 3789/5832/1295
f 3790/5830/1296 3791/5833/1296 3792/5831/1296
f 3793/5834/1297 3794/5835/1297 3795/5836/1297
f 3796/5837/1298 3797/5838/1298 3798/5839/1298
f 3801/5840/1299 3802/5841/1299 3803/5842/1299
f 3806/5843/1300 3807/5844/1300 3808/5845/1300
f 3809/5846/1301 3810/5847/1301 3811/5848/1301
f 3812/5849/1302 3813/5850/1302 3814/5851/1302
f 3815/5852/1303 3816/5853/1303 3817/5854/1303
f 3818/5855/1304 3819/5856/1304 3820/5857/1304
f 3821/5858/1295 3822/5859/1295 3823/5860/1295
f 3824/5851/1296 3825/5861/1296 3826/5862/1296
f 3827/5863/1297 3828/5864/1297 3829/5865/1297
f 3830/5866/1298 3831/5867/1298 3832/5868/1298
f 3833/5869/1305 3834/5848/1305 3835/5870/1305
f 3836/5871/1306 3837/5872/1306 3838/5873/1306
f 3839/5874/1307 3840/5875/1307 3841/5876/1307
f 3842/5877/1308 3843/5878/1308 3844/5879/1308
f 3845/5880/1297 3846/5881/1297 3847/5882/1297
f 3848/5883/1309 3849/5884/1309 3850/5885/1309
f 3851/5886/1310 3852/5887/1310 3853/5888/1310
f 3854/5889/1311 3855/5890/1311 3856/5891/1311
f 3857/5892/1312 3858/5893/1312 3859/5894/1312
f 3860/5895/1313 3861/5896/1313 3862/5897/1313
f 3863/5898/1305 3864/5899/1305 3865/5900/1305
f 3866/5901/1299 3867/5902/1299 3868/5903/1299
f 3869/5904/1307 3870/5905/1307 3871/5906/1307
f 3872/5907/1314 3873/5908/1314 3874/5909/1314
f 3875/5910/1297 3876/5911/1297 3877/5912/1297
f 3878/5913/1296 3879/5914/1296 3880/5915/1296
f 3881/5916/1315 3882/5917/1315 3883/5918/1315
f 3884/5919/1316 3885/5920/1316 3886/5921/1316
f 3887/5922/1295 3888/5923/1295 3889/5924/1295
f 3890/5925/1317 3891/5926/1317 3892/5927/1317
f 3893/5928/1315 3894/5929/1315 3895/5930/1315
f 3896/5931/1304 3897/5932/1304 3898/5933/1304
f 3899/5934/1295 3900/5935/1295 3901/5936/1295
f 3902/5937/1298 3903/5938/1298 3904/5939/1298
f 3905/5940/1316 3906/5941/1316 3907/5942/1316
f 3908/5943/1303 3909/5944/1303 3910/5945/1303
f 3911/5946/1317 3912/5947/1317 3913/5948/1317
f 3914/5949/1297 3915/5950/1297 3916/5951/1297
f 3917/5952/1308 3918/5953/1308 3919/5954/1308
f 3920/5955/1318 3921/5956/1318 3922/5957/1318
f 3923/5958/1319 3924/5959/1319 3925/5960/1319
f 3926/5961/1320 3927/5962/1320 3928/5963/1320
f 3929/5964/1306 3930/5965/1306 3931/5966/1306
f 3932/5967/1321 3933/5968/1321 3934/5969/1321
f 3935/5970/1322 3936/5971/1322 3937/5972/1322
f 3938/5973/1323 3939/5974/1323 3940/5975/1323
f 3941/5976/1324 3942/5977/1324 3943/5978/1324
f 3944/5979/1325 3945/5980/1325 3946/5981/1325
f 3947/5982/1326 3948/5983/1326 3949/5984/1326
f 3950/5985/1317 3951/5986/1317 3952/5987/1317
f 3953/5988/1296 3954/5989/1296 3955/5882/1296
f 3956/5990/1327 3957/5991/1327 3958/5992/1327
f 3959/5993/1325 3960/5994/1325 3961/5995/1325
f 3962/5996/1328 3963/5997/1328 3964/5998/1328
f 4013/6046/1308 4014/6047/1308 4015/6048/1308
f 4016/6049/1343 4017/6050/1343 4018/5957/1343
f 4019/6051/1319 4020/6052/1319 4021/6053/1319
f 4022/6054/1299 4023/6055/1299 4024/6056/1299
f 4025/6057/1324 4026/6058/1324 4027/5978/1324
f 4028/6059/1344 4029/6060/1344 4030/6061/1344
f 4031/5982/1326 4032/6062/1326 4033/6063/1326
f 4034/6064/1328 4035/6065/1328 4036/5987/1328
f 4037/6066/1317 4038/6066/1317 4039/6066/1317
f 4040/6066/1344 4041/6066/1344 4042/6066/1344
f 4043/6066/1305 4044/6066/1305 4045/6066/1305
f 4046/6066/1299 4047/6066/1299 4048/6066/1299
f 4049/6066/1345 4050/6066/1345 4051/6066/1345
f 4052/6066/1336 4053/6066/1336 4054/6066/1336
f 4055/6066/1346 4056/6066/1346 4057/6066/1346
f 4058/6066/1307 4059/6066/1307 4060/6066/1307
f 3780/5825/1347 3777/6067/1347 3778/6068/1347
f 3782/6069/1348 3781/6070/1348 3780/6071/1348
f 3778/6068/1347 3787/5830/1347 3789/5832/1347
f 3784/6072/1349 3791/5833/1349 3790/5830/1349
f 3789/6073/1350 3792/6074/1350 3791/6075/1350
f 3794/5835/1348 3783/6076/1348 3782/6069/1348
f 3785/5828/1350 3798/6077/1350 3786/5829/1350
f 3795/6078/1349 3798/5839/1349 3797/5838/1349
f 3801/6079/1351 3799/6080/1351 3800/6081/1351
f 3804/6082/1352 3803/6083/1352 3802/6084/1352
f 3800/6081/1351 3810/5847/1351 3809/5846/1351
f 3814/6085/1353 3806/5843/1353 3812/5872/1353
f 3811/5848/1354 3814/6085/1354 3813/5873/1354
f 3815/6086/1352 3805/6087/1352 3804/6082/1352
f 3819/5856/1354 3808/5845/1354 3807/5844/1354
f 3817/6088/1353 3820/5857/1353 3819/5856/1353
f 3779/5824/1355 3802/5841/1355 3801/5840/1355
f 3816/5853/1356 3793/6089/1356 3795/6078/1356
f 3797/5838/1357 3818/6090/1357 3820/6091/1357
f 3809/6092/1358 3788/5831/1358 3787/5830/1358
f 3785/5828/1357 3806/5849/1357 3808/6093/1357
f 3813/5850/1357 3790/6076/1357 3792/6074/1357
f 3821/6094/1350 3825/5861/1350 3824/5851/1350
f 3828/5864/1349 3830/5892/1349 3832/6095/1349
f 3834/5848/1354 3836/5871/1354 3838/5873/1354
f 3839/5901/1353 3843/5878/1353 3842/5877/1353
f 3829/5865/1356 3841/6096/1356 3840/6097/1356
f 3844/5879/1357 3832/6095/1357 3831/6098/1357
f 3823/6099/1358 3835/6100/1358 3834/6101/1358
f 3838/6102/1357 3826/5862/1357 3825/5861/1357
f 3849/5884/1348 3845/5851/1348 3847/6103/1348
f 3854/5889/1352 3852/5887/1352 3851/5886/1352
f 3850/5885/1355 3856/6104/1355 3855/6100/1355
f 3853/6105/1356 3847/6103/1356 3846/6106/1356
f 3848/6107/1347 3822/5859/1347 3821/5858/1347
f 3833/5869/1351 3855/5890/1351 3854/5889/1351
f 3837/5872/1353 3851/5886/1353 3853/5888/1353
f 3846/5881/1349 3824/6085/1349 3826/6108/1349
f 3860/5854/1347 3858/5893/1347 3857/5892/1347
f 3867/5902/1351 3863/5957/1351 3865/6109/1351
f 3862/5864/1355 3868/5903/1355 3867/5902/1355
f 3865/6109/1358 3859/5894/1358 3858/5893/1358
f 3861/5896/1348 3827/6110/1348 3829/6111/1348
f 3840/5875/1352 3866/6112/1352 3868/6113/1352
f 3864/5899/1354 3842/6114/1354 3844/6115/1354
f 3831/5867/1350 3857/6116/1350 3859/6117/1350
f 3869/6118/1353 3873/5908/1353 3872/5907/1353
f 3876/5911/1349 3878/5913/1349 3880/5915/1349
f 3871/5920/1356 3877/6119/1356 3876/6120/1356
f 3880/6121/1357 3874/5909/1357 3873/5908/1357
f 3885/5920/1351 3881/6122/1351 3883/6123/1351
f 3890/5925/1347 3888/5923/1347 3887/5922/1347
f 3886/5921/1355 3892/6124/1355 3891/6125/1355
f 3889/6126/1358 3883/6123/1358 3882/6127/1358
f 3884/6128/1352 3870/5905/1352 3869/5904/1352
f 3875/5910/1348 3891/5926/1348 3890/5925/1348
f 3882/5917/1354 3872/6129/1354 3874/6130/1354
f 3887/5922/1350 3879/5914/1350 3878/5913/1350
f 3896/6131/1354 3894/5929/1354 3893/5928/1354
f 3903/5938/1350 3899/6132/1350 3901/5947/1350
f 3898/6133/1357 3904/5939/1357 3903/5938/1357
f 3901/5947/1358 3895/5930/1358 3894/5929/1358
f 3909/5944/1352 3905/6134/1352 3907/6135/1352
f 3914/6136/1348 3912/5947/1348 3911/5946/1348
f 3910/5945/1356 3916/6137/1356 3915/5939/1356
f 3913/5948/1355 3907/6135/1355 3906/6138/1355
f 3915/5950/1349 3902/6139/1349 3904/6140/1349
f 3900/5935/1347 3911/6141/1347 3913/6142/1347
f 3908/6143/1353 3897/5932/1353 3896/5931/1353
f 3906/5941/1351 3893/6144/1351 3895/5935/1351
f 3920/6145/1354 3918/5953/1354 3917/5952/1354
f 3927/5962/1352 3923/6146/1352 3925/6062/1352
f 3928/5963/1351 3922/6147/1351 3921/6148/1351
f 3919/5954/1353 3925/6062/1353 3924/6149/1353
f 3933/5968/1353 3929/6150/1353 3931/6151/1353
f 3938/6152/1351 3936/5971/1351 3935/5970/1351
f 3940/6153/1352 3934/5969/1352 3933/5968/1352
f 3931/6151/1354 3937/5972/1354 3936/5971/1354
f 3945/5980/1350 3941/6154/1350 3943/6155/1350
f 3950/6054/1348 3948/5983/1348 3947/5982/1348
f 3952/6156/1347 3946/5981/1347 3945/5980/1347
f 3943/6155/1349 3949/5984/1349 3948/5983/1349
f 3956/6157/1349 3954/5989/1349 3953/5988/1349
f 3963/5997/1347 3959/6158/1347 3961/6159/1347
f 3964/5998/1348 3958/6160/1348 3957/6161/1348
f 3955/5882/1350 3961/6159/1350 3960/5972/1350
f 3942/5977/1357 3917/6162/1357 3919/5878/1357
f 3924/5959/1356 3947/6163/1356 3949/6164/1356
f 3926/6165/1355 3951/5986/1355 3950/5985/1355
f 3962/6166/1355 3939/5974/1355 3938/5973/1355
f 3932/6105/1356 3957/5991/1356 3956/5990/1356
f 3930/5965/1357 3953/6167/1357 3955/6168/1357
f 3921/5956/1358 3944/6169/1358 3946/6170/1358
f 3935/6171/1358 3960/5994/1358 3959/5993/1358
f 4016/6145/1354 4014/6047/1354 4013/6046/1354
f 4023/6055/1352 4019/6146/1352 4021/6204/1352
f 4024/6056/1351 4018/6205/1351 4017/5981/1351
f 4015/6048/1353 4021/6204/1353 4020/6063/1353
f 4029/6060/1350 4025/6154/1350 4027/5953/1350
f 4034/6054/1348 4032/6062/1348 4031/5982/1348
f 4036/6206/1347 4030/6061/1347 4029/6060/1347
f 4027/5953/1349 4033/6063/1349 4032/6062/1349
f 4026/6058/1357 4013/6162/1357 4015/6207/1357
f 4020/6052/1356 4031/6163/1356 4033/6208/1356
f 4022/6165/1355 4035/6065/1355 4034/6064/1355
f 4017/6050/1358 4028/6169/1358 4030/6058/1358
f 4040/6066/1358 4044/6066/1358 4043/6066/1358
f 4045/6066/1351 4047/6066/1351 4046/6066/1351
f 4037/6066/1347 4042/6066/1347 4041/6066/1347
f 4048/6066/1355 4039/6066/1355 4038/6066/1355
f 4053/6066/1357 4055/6066/1357 4057/6066/1357
f 4057/6066/1353 4058/6066/1353 4060/6066/1353
f 4050/6066/1349 4054/6066/1349 4053/6066/1349
f 4060/6066/1356 4051/6066/1356 4050/6066/1356
f 4056/6066/1354 4043/6066/1354 4045/6066/1354
f 4046/6066/1352 4059/6066/1352 4058/6066/1352
f 4049/6066/1348 4038/6066/1348 4037/6066/1348
f 4041/6066/1350 4052/6066/1350 4054/6066/1350
f 3801/5840/1368 3777/6067/1368 3779/5824/1368
f 3791/6085/1369 3778/6209/1369 3789/5869/1369
f 3786/6210/1369 3780/6083/1369 3778/6209/1369
f 3800/6211/1368 3787/5830/1368 3777/6067/1368
f 3804/6212/1370 3781/6070/1370 3783/6076/1370
f 3798/6213/1369 3782/6214/1369 3786/6210/1369
f 3815/6215/1370 3783/6076/1370 3793/5834/1370
f 3808/6093/1371 3796/6216/1371 3785/5828/1371
f 3812/6217/1372 3784/6072/1372 3790/5830/1372
f 3811/6218/1371 3792/6074/1371 3788/6219/1371
f 3820/6091/1372 3795/6078/1372 3797/5838/1372
f 3807/5844/1373 3803/6083/1373 3805/6087/1373
f 3814/6085/1373 3799/6080/1373 3807/5844/1373
f 3805/6087/1373 3819/5856/1373 3807/5844/1373
f 3824/6085/1369 3848/6220/1369 3821/5869/1369
f 3834/6101/1371 3825/5861/1371 3823/6099/1371
f 3822/5859/1368 3855/6221/1368 3835/6222/1368
f 3837/6223/1372 3846/6224/1372 3826/6225/1372
f 3860/6226/1369 3830/6227/1369 3827/6228/1369
f 3832/6095/1372 3841/6096/1372 3828/5864/1372
f 3868/6113/1370 3829/6111/1370 3840/5875/1370
f 3859/6117/1371 3844/6115/1371 3831/5867/1371
f 3833/5869/1373 3851/5886/1373 3836/5871/1373
f 3863/6229/1373 3839/6230/1373 3842/5856/1373
f 3847/6103/1370 3856/6104/1370 3849/5884/1370
f 3867/5902/1368 3858/5893/1368 3862/5864/1368
f 3872/6129/1373 3884/6231/1373 3869/5910/1373
f 3876/6120/1372 3873/5908/1372 3871/5920/1372
f 3870/5905/1370 3891/6232/1370 3877/6233/1370
f 3879/6233/1371 3882/6234/1371 3874/6235/1371
f 3875/5910/1369 3887/5922/1369 3878/5913/1369
f 3883/6123/1368 3892/6124/1368 3885/5920/1368
f 3893/6144/1373 3908/6236/1373 3896/6237/1373
f 3903/5938/1371 3894/5929/1371 3898/6133/1371
f 3900/6238/1368 3906/6239/1368 3895/5932/1368
f 3897/5932/1372 3915/6240/1372 3904/6238/1372
f 3902/6139/1369 3911/6141/1369 3899/5934/1369
f 3907/6135/1370 3916/6137/1370 3909/5944/1370
f 3941/6241/1371 3920/6242/1371 3917/6243/1371
f 3922/6147/1373 3925/6062/1373 3918/5953/1373
f 3949/6164/1372 3919/5878/1372 3924/5959/1372
f 3946/6170/1368 3928/6244/1368 3921/5956/1368
f 3950/5985/1370 3923/6245/1370 3926/6165/1370
f 3932/6246/1372 3953/6167/1372 3929/5964/1372
f 3936/5971/1373 3933/5968/1373 3931/6151/1373
f 3930/6247/1371 3960/5994/1371 3937/5974/1371
f 3939/5974/1370 3957/5991/1370 3934/6248/1370
f 3935/6249/1368 3962/6250/1368 3938/6246/1368
f 3948/5983/1369 3945/5980/1369 3943/6155/1369
f 3958/6160/1369 3961/6159/1369 3954/5989/1369
f 4025/6241/1371 4016/6242/1371 4013/6243/1371
f 4018/6205/1373 4021/6204/1373 4014/6047/1373
f 4033/6208/1372 4015/6207/1372 4020/6052/1372
f 4030/6058/1368 4024/5959/1368 4017/6050/1368
f 4034/6064/1370 4019/6245/1370 4022/6165/1370
f 4032/6062/1369 4029/6060/1369 4027/5953/1369
f 4054/6066/1369 4037/6066/1369 4041/6066/1369
f 4044/6066/1368 4039/6066/1368 4047/6066/1368
f 4051/6066/1370 4048/6066/1370 4038/6066/1370
f 4055/6066/1371 4040/6066/1371 4043/6066/1371
f 4058/6066/1373 4045/6066/1373 4046/6066/1373
f 4050/6066/1372 4057/6066/1372 4060/6066/1372
f 3780/5825/1347 3779/5824/1347 3777/6067/1347
f 3782/6069/1348 3783/6076/1348 3781/6070/1348
f 3778/6068/1347 3777/6067/1347 3787/5830/1347
f 3784/6072/1349 3786/6261/1349 3791/5833/1349
f 3789/6073/1350 3788/6219/1350 3792/6074/1350
f 3794/5835/1348 3793/5834/1348 3783/6076/1348
f 3785/5828/1350 3796/6216/1350 3798/6077/1350
f 3795/6078/1349 3794/5825/1349 3798/5839/1349
f 3801/6079/1351 3803/6083/1351 3799/6080/1351
f 3804/6082/1352 3805/6087/1352 3803/6083/1352
f 3800/6081/1351 3799/6080/1351 3810/5847/1351
f 3814/6085/1353 3807/5844/1353 3806/5843/1353
f 3811/5848/1354 3810/5847/1354 3814/6085/1354
f 3815/6086/1352 3817/6088/1352 3805/6087/1352
f 3819/5856/1354 3818/5855/1354 3808/5845/1354
f 3817/6088/1353 3816/6262/1353 3820/5857/1353
f 3779/5824/1355 3781/5826/1355 3802/5841/1355
f 3816/5853/1356 3815/5852/1356 3793/6089/1356
f 3797/5838/1357 3796/5837/1357 3818/6090/1357
f 3809/6092/1358 3811/6263/1358 3788/5831/1358
f 3785/5828/1357 3784/5827/1357 3806/5849/1357
f 3813/5850/1357 3812/5849/1357 3790/6076/1357
f 3821/6094/1350 3823/6099/1350 3825/5861/1350
f 3828/5864/1349 3827/5863/1349 3830/5892/1349
f 3834/5848/1354 3833/5869/1354 3836/5871/1354
f 3839/5901/1353 3841/6096/1353 3843/5878/1353
f 3829/5865/1356 3828/5864/1356 3841/6096/1356
f 3844/5879/1357 3843/5878/1357 3832/6095/1357
f 3823/6099/1358 3822/6264/1358 3835/6100/1358
f 3838/6102/1357 3837/6105/1357 3826/5862/1357
f 3849/5884/1348 3848/5883/1348 3845/5851/1348
f 3854/5889/1352 3856/5891/1352 3852/5887/1352
f 3850/5885/1355 3849/5884/1355 3856/6104/1355
f 3853/6105/1356 3852/6102/1356 3847/6103/1356
f 3848/6107/1347 3850/6265/1347 3822/5859/1347
f 3833/5869/1351 3835/5870/1351 3855/5890/1351
f 3837/5872/1353 3836/5871/1353 3851/5886/1353
f 3846/5881/1349 3845/5880/1349 3824/6085/1349
f 3860/5854/1347 3862/5864/1347 3858/5893/1347
f 3867/5902/1351 3866/5901/1351 3863/5957/1351
f 3862/5864/1355 3861/6266/1355 3868/5903/1355
f 3865/6109/1358 3864/6162/1358 3859/5894/1358
f 3861/5896/1348 3860/5895/1348 3827/6110/1348
f 3840/5875/1352 3839/5874/1352 3866/6112/1352
f 3864/5899/1354 3863/5898/1354 3842/6114/1354
f 3831/5867/1350 3830/5866/1350 3857/6116/1350
f 3869/6118/1353 3871/5920/1353 3873/5908/1353
f 3876/5911/1349 3875/5910/1349 3878/5913/1349
f 3871/5920/1356 3870/5933/1356 3877/6119/1356
f 3880/6121/1357 3879/6126/1357 3874/5909/1357
f 3885/5920/1351 3884/5919/1351 3881/6122/1351
f 3890/5925/1347 3892/5927/1347 3888/5923/1347
f 3886/5921/1355 3885/5920/1355 3892/6124/1355
f 3889/6126/1358 3888/6267/1358 3883/6123/1358
f 3884/6128/1352 3886/6268/1352 3870/5905/1352
f 3875/5910/1348 3877/5912/1348 3891/5926/1348
f 3882/5917/1354 3881/5916/1354 3872/6129/1354
f 3887/5922/1350 3889/5924/1350 3879/5914/1350
f 3896/6131/1354 3898/6133/1354 3894/5929/1354
f 3903/5938/1350 3902/5937/1350 3899/6132/1350
f 3898/6133/1357 3897/6269/1357 3904/5939/1357
f 3901/5947/1358 3900/6270/1358 3895/5930/1358
f 3909/5944/1352 3908/5943/1352 3905/6134/1352
f 3914/6136/1348 3916/6137/1348 3912/5947/1348
f 3910/5945/1356 3909/5944/1356 3916/6137/1356
f 3913/5948/1355 3912/5947/1355 3907/6135/1355
f 3915/5950/1349 3914/5949/1349 3902/6139/1349
f 3900/5935/1347 3899/5934/1347 3911/6141/1347
f 3908/6143/1353 3910/6271/1353 3897/5932/1353
f 3906/5941/1351 3905/5940/1351 3893/6144/1351
f 3920/6145/1354 3922/6147/1354 3918/5953/1354
f 3927/5962/1352 3926/5961/1352 3923/6146/1352
f 3928/5963/1351 3927/5962/1351 3922/6147/1351
f 3919/5954/1353 3918/5953/1353 3925/6062/1353
f 3933/5968/1353 3932/5967/1353 3929/6150/1353
f 3938/6152/1351 3940/6153/1351 3936/5971/1351
f 3940/6153/1352 3939/6272/1352 3934/5969/1352
f 3931/6151/1354 3930/5882/1354 3937/5972/1354
f 3945/5980/1350 3944/5979/1350 3941/6154/1350
f 3950/6054/1348 3952/6156/1348 3948/5983/1348
f 3952/6156/1347 3951/5963/1347 3946/5981/1347
f 3943/6155/1349 3942/5954/1349 3949/5984/1349
f 3956/6157/1349 3958/6160/1349 3954/5989/1349
f 3963/5997/1347 3962/5996/1347 3959/6158/1347
f 3964/5998/1348 3963/5997/1348 3958/6160/1348
f 3955/5882/1350 3954/5989/1350 3961/6159/1350
f 3942/5977/1357 3941/5976/1357 3917/6162/1357
f 3924/5959/1356 3923/5958/1356 3947/6163/1356
f 3926/6165/1355 3928/6273/1355 3951/5986/1355
f 3962/6166/1355 3964/6274/1355 3939/5974/1355
f 3932/6105/1356 3934/6248/1356 3957/5991/1356
f 3930/5965/1357 3929/5964/1357 3953/6167/1357
f 3921/5956/1358 3920/5955/1358 3944/6169/1358
f 3935/6171/1358 3937/5974/1358 3960/5994/1358
f 4016/6145/1354 4018/6205/1354 4014/6047/1354
f 4023/6055/1352 4022/6054/1352 4019/6146/1352
f 4024/6056/1351 4023/6055/1351 4018/6205/1351
f 4015/6048/1353 4014/6047/1353 4021/6204/1353
f 4029/6060/1350 4028/6059/1350 4025/6154/1350
f 4034/6054/1348 4036/6206/1348 4032/6062/1348
f 4036/6206/1347 4035/6056/1347 4030/6061/1347
f 4027/5953/1349 4026/6282/1349 4033/6063/1349
f 4026/6058/1357 4025/6057/1357 4013/6162/1357
f 4020/6052/1356 4019/6051/1356 4031/6163/1356
f 4022/6165/1355 4024/6273/1355 4035/6065/1355
f 4017/6050/1358 4016/6049/1358 4028/6169/1358
f 4040/6066/1358 4042/6066/1358 4044/6066/1358
f 4045/6066/1351 4044/6066/1351 4047/6066/1351
f 4037/6066/1347 4039/6066/1347 4042/6066/1347
f 4048/6066/1355 4047/6066/1355 4039/6066/1355
f 4053/6066/1357 4052/6066/1357 4055/6066/1357
f 4057/6066/1353 4056/6066/1353 4058/6066/1353
f 4050/6066/1349 4049/6066/1349 4054/6066/1349
f 4060/6066/1356 4059/6066/1356 4051/6066/1356
f 4056/6066/1354 4055/6066/1354 4043/6066/1354
f 4046/6066/1352 4048/6066/1352 4059/6066/1352
f 4049/6066/1348 4051/6066/1348 4038/6066/1348
f 4041/6066/1350 4040/6066/1350 4052/6066/1350
f 3801/5840/1368 3800/6211/1368 3777/6067/1368
f 3791/6085/1369 3786/6210/1369 3778/6209/1369
f 3786/6210/1369 3782/6214/1369 3780/6083/1369
f 3800/6211/1368 3809/6092/1368 3787/5830/1368
f 3804/6212/1370 3802/6283/1370 3781/6070/1370
f 3798/6213/1369 3794/6230/1369 3782/6214/1369
f 3815/6215/1370 3804/6212/1370 3783/6076/1370
f 3808/6093/1371 3818/6215/1371 3796/6216/1371
f 3812/6217/1372 3806/6284/1372 3784/6072/1372
f 3811/6218/1371 3813/5850/1371 3792/6074/1371
f 3820/6091/1372 3816/5853/1372 3795/6078/1372
f 3807/5844/1373 3799/6080/1373 3803/6083/1373
f 3814/6085/1373 3810/5847/1373 3799/6080/1373
f 3805/6087/1373 3817/6088/1373 3819/5856/1373
f 3824/6085/1369 3845/5880/1369 3848/6220/1369
f 3834/6101/1371 3838/6102/1371 3825/5861/1371
f 3822/5859/1368 3850/6265/1368 3855/6221/1368
f 3837/6223/1372 3853/6285/1372 3846/6224/1372
f 3860/6226/1369 3857/6286/1369 3830/6227/1369
f 3832/6095/1372 3843/5878/1372 3841/6096/1372
f 3868/6113/1370 3861/5896/1370 3829/6111/1370
f 3859/6117/1371 3864/5899/1371 3844/6115/1371
f 3833/5869/1373 3854/5889/1373 3851/5886/1373
f 3863/6229/1373 3866/6226/1373 3839/6230/1373
f 3847/6103/1370 3852/6102/1370 3856/6104/1370
f 3867/5902/1368 3865/6109/1368 3858/5893/1368
f 3872/6129/1373 3881/5916/1373 3884/6231/1373
f 3876/6120/1372 3880/6121/1372 3873/5908/1372
f 3870/5905/1370 3886/6268/1370 3891/6232/1370
f 3879/6233/1371 3889/6232/1371 3882/6234/1371
f 3875/5910/1369 3890/5925/1369 3887/5922/1369
f 3883/6123/1368 3888/6267/1368 3892/6124/1368
f 3893/6144/1373 3905/5940/1373 3908/6236/1373
f 3903/5938/1371 3901/5947/1371 3894/5929/1371
f 3900/6238/1368 3913/6287/1368 3906/6239/1368
f 3897/5932/1372 3910/6271/1372 3915/6240/1372
f 3902/6139/1369 3914/5949/1369 3911/6141/1369
f 3907/6135/1370 3912/5947/1370 3916/6137/1370
f 3941/6241/1371 3944/6288/1371 3920/6242/1371
f 3922/6147/1373 3927/5962/1373 3925/6062/1373
f 3949/6164/1372 3942/5977/1372 3919/5878/1372
f 3946/6170/1368 3951/6289/1368 3928/6244/1368
f 3950/5985/1370 3947/6290/1370 3923/6245/1370
f 3932/6246/1372 3956/6250/1372 3953/6167/1372
f 3936/5971/1373 3940/6153/1373 3933/5968/1373
f 3930/6247/1371 3955/6291/1371 3960/5994/1371
f 3939/5974/1370 3964/6274/1370 3957/5991/1370
f 3935/6249/1368 3959/6292/1368 3962/6250/1368
f 3948/5983/1369 3952/6156/1369 3945/5980/1369
f 3958/6160/1369 3963/5997/1369 3961/6159/1369
f 4025/6241/1371 4028/6288/1371 4016/6242/1371
f 4018/6205/1373 4023/6055/1373 4021/6204/1373
f 4033/6208/1372 4026/6058/1372 4015/6207/1372
f 4030/6058/1368 4035/6208/1368 4024/5959/1368
f 4034/6064/1370 4031/6290/1370 4019/6245/1370
f 4032/6062/1369 4036/6206/1369 4029/6060/1369
f 4054/6066/1369 4049/6066/1369 4037/6066/1369
f 4044/6066/1368 4042/6066/1368 4039/6066/1368
f 4051/6066/1370 4059/6066/1370 4048/6066/1370
f 4055/6066/1371 4052/6066/1371 4040/6066/1371
f 4058/6066/1373 4056/6066/1373 4045/6066/1373
f 4050/6066/1372 4053/6066/1372 4057/6066/1372
usemtl U702-PM
f 3965/5999/1308 3966/6000/1308 3967/6001/1308
f 3968/6002/1329 3969/6003/1329 3970/6004/1329
f 3971/6005/1330 3972/6006/1330 3973/6007/1330
f 3974/6008/1331 3975/6009/1331 3976/6010/1331
f 3977/6011/1332 3978/6008/1332 3979/6012/1332
f 3980/6013/1333 3981/6014/1333 3982/6015/1333
f 3983/6016/1334 3984/6017/1334 3985/6018/1334
f 3986/6019/1335 3987/6020/1335 3988/6021/1335
f 3989/6022/1336 3990/6023/1336 3991/6024/1336
f 3992/6025/1337 3993/6026/1337 3994/6027/1337
f 3995/6028/1338 3996/6029/1338 3997/6030/1338
f 3998/6031/1339 3999/6032/1339 4000/6033/1339
f 4001/6034/1340 4002/6035/1340 4003/6036/1340
f 4004/6037/1341 4005/6038/1341 4006/6039/1341
f 4007/6040/1333 4008/6041/1333 4009/6042/1333
f 4010/6043/1342 4011/6044/1342 4012/6045/1342
f 3977/6011/1347 3982/6172/1347 3978/6008/1347
f 3983/6173/1359 3982/6172/1359 3981/6174/1359
f 3984/6175/1351 3988/6176/1351 3985/6177/1351
f 3979/6012/1358 3988/6176/1358 3987/6178/1358
f 3968/6179/1360 3984/6017/1360 3983/6016/1360
f 3974/6008/1357 3965/6180/1357 3967/6181/1357
f 3981/6014/1361 3971/6182/1361 3973/6183/1361
f 3976/6184/1350 3977/6185/1350 3979/6186/1350
f 3967/6001/1353 3970/6187/1353 3969/6188/1353
f 3972/6006/1362 3968/6002/1362 3973/6007/1362
f 3972/6006/1349 3975/6009/1349 3974/6008/1349
f 3987/6020/1354 3966/6000/1354 3965/5999/1354
f 4001/6034/1363 4006/6189/1363 4002/6035/1363
f 4007/6190/1364 4006/6189/1364 4005/6191/1364
f 4010/6192/1361 4009/6193/1361 4008/6194/1361
f 4003/6036/1356 4012/6195/1356 4011/6196/1356
f 3996/6029/1351 4005/6038/1351 4004/6037/1351
f 3998/6197/1357 3990/6023/1357 3989/6022/1357
f 3991/6198/1349 4011/6044/1349 4010/6043/1349
f 4001/6199/1353 4000/6033/1353 3999/6032/1353
f 3998/6031/1365 3996/6029/1365 3999/6032/1365
f 3994/6200/1347 4007/6040/1347 3992/6201/1347
f 3993/6026/1366 3991/6024/1366 3994/6027/1366
f 3993/6026/1367 3995/6202/1367 3997/6203/1367
f 3987/6251/1371 3976/6184/1371 3979/6186/1371
f 3974/6008/1372 3969/6003/1372 3972/6006/1372
f 3984/6017/1373 3966/6000/1373 3986/6019/1373
f 3981/6252/1374 3968/6253/1374 3983/6251/1374
f 3977/6254/1369 3971/6182/1369 3980/6013/1369
f 3978/6008/1368 3985/6177/1368 3988/6176/1368
f 4011/6255/1372 4000/6256/1372 4003/6257/1372
f 3994/6200/1369 4010/6043/1369 4008/6041/1369
f 3998/6197/1375 3993/6026/1375 3997/6203/1375
f 4005/6258/1368 3992/6259/1368 4007/6260/1368
f 3999/6032/1373 4004/6037/1373 4001/6199/1373
f 4002/6035/1370 4009/6193/1370 4012/6195/1370
f 3977/6011/1347 3980/6275/1347 3982/6172/1347
f 3983/6173/1359 3985/6177/1359 3982/6172/1359
f 3984/6175/1351 3986/6276/1351 3988/6176/1351
f 3979/6012/1358 3978/6008/1358 3988/6176/1358
f 3968/6179/1360 3970/6187/1360 3984/6017/1360
f 3974/6008/1357 3976/6010/1357 3965/6180/1357
f 3981/6014/1361 3980/6013/1361 3971/6182/1361
f 3976/6184/1350 3975/6277/1350 3977/6185/1350
f 3967/6001/1353 3966/6000/1353 3970/6187/1353
f 3972/6006/1362 3969/6003/1362 3968/6002/1362
f 3972/6006/1349 3971/6005/1349 3975/6009/1349
f 3987/6020/1354 3986/6019/1354 3966/6000/1354
f 4001/6034/1376 4004/6278/1376 4006/6189/1376
f 4007/6190/1359 4009/6193/1359 4006/6189/1359
f 4010/6192/1348 4012/6195/1348 4009/6193/1348
f 4003/6036/1377 4002/6035/1377 4012/6195/1377
f 3996/6029/1351 3995/6028/1351 4005/6038/1351
f 3998/6197/1378 4000/6279/1378 3990/6023/1378
f 3991/6198/1349 3990/6280/1349 4011/6044/1349
f 4001/6199/1353 4003/6281/1353 4000/6033/1353
f 3998/6031/1379 3997/6030/1379 3996/6029/1379
f 3994/6200/1347 4008/6041/1347 4007/6040/1347
f 3993/6026/1350 3989/6022/1350 3991/6024/1350
f 3993/6026/1380 3992/6025/1380 3995/6202/1380
f 3987/6251/1371 3965/6253/1371 3976/6184/1371
f 3974/6008/1372 3967/6181/1372 3969/6003/1372
f 3984/6017/1373 3970/6187/1373 3966/6000/1373
f 3981/6252/1374 3973/6293/1374 3968/6253/1374
f 3977/6254/1369 3975/6294/1369 3971/6182/1369
f 3978/6008/1368 3982/6172/1368 3985/6177/1368
f 4011/6255/1372 3990/6295/1372 4000/6256/1372
f 3994/6200/1369 3991/6198/1369 4010/6043/1369
f 3998/6197/1371 3989/6022/1371 3993/6026/1371
f 4005/6258/1368 3995/6296/1368 3992/6259/1368
f 3999/6032/1373 3996/6029/1373 4004/6037/1373
f 4002/6035/1381 4006/6189/1381 4009/6193/1381
o Plane.013
o Window.001
v 0.255000 0.900000 4.818001
v 0.255000 2.332999 4.818001
v 0.255001 0.960000 5.480500
v 0.255001 2.272999 5.480500
v 0.255000 0.960000 4.878004
v 0.255000 2.272999 4.878004
v 0.235001 0.960000 5.480500
v 0.235001 2.272999 5.480500
v 0.235000 0.960000 4.878004
v 0.235000 2.272999 4.878004
v 0.235000 0.940000 4.858004
v 0.185000 0.940000 4.858004
v 0.185000 0.900000 4.818001
v 0.235000 2.292999 4.858004
v 0.185000 2.292999 5.500501
v 0.185000 2.292999 4.858004
v 0.185000 2.332999 4.818001
v 0.235001 1.000000 5.440500
v 0.235000 1.000000 4.918004
v 0.235001 2.232999 5.440500
v 0.235000 2.232999 4.918004
v 0.185000 0.920000 5.520500
v 0.185000 0.920000 4.838004
v 0.185000 2.312999 4.838004
v 0.185000 2.312999 5.520500
v 0.165000 1.000000 5.440500
v 0.165000 1.000000 4.918004
v 0.165000 2.232999 4.918004
v 0.165000 2.232999 5.440500
v 0.185000 0.940000 5.500501
v 0.235001 0.940000 5.500501
v 0.235001 2.292999 5.500501
v 0.165000 0.920000 5.520500
v 0.165000 0.920000 4.838004
v 0.165000 2.312999 4.838004
v 0.165000 2.312999 5.520500
v 0.210000 0.990000 5.450500
v 0.210000 2.242999 5.450500
v 0.190000 2.242999 4.908004
v 0.210000 2.232999 5.440500
v 0.210000 2.232999 4.918004
v 0.210000 1.000000 5.440500
v 0.210000 1.000000 4.918004
v 0.190000 2.232999 5.440500
v 0.190000 2.232999 4.918004
v 0.190000 1.000000 5.440500
v 0.190000 1.000000 4.918004
v 0.210000 0.990000 4.908008
v 0.210000 2.242999 4.908008
v 0.190000 0.990000 4.908008
v 0.190000 0.990000 5.450505
v 0.190000 2.242999 5.450505
v 0.255001 0.900000 6.263003
v 0.255001 2.332999 6.263003
v 0.255001 0.900000 5.540501
v 0.255001 2.332999 5.540501
v 0.255001 0.960000 6.203004
v 0.255001 2.272999 6.203004
v 0.255001 0.960000 5.600500
v 0.255001 2.272999 5.600500
v 0.235001 0.960000 6.203004
v 0.235001 2.272999 6.203004
v 0.235001 0.960000 5.600500
v 0.235001 2.272999 5.600500
v 0.185000 0.940000 5.580501
v 0.185000 0.900000 5.540501
v 0.235001 2.292999 5.580501
v 0.185001 2.332999 6.263003
v 0.185000 0.900000 6.263003
v 0.185000 2.292999 6.223003
v 0.185000 2.292999 5.580501
v 0.185000 2.332999 5.540501
v 0.235001 1.000000 6.163004
v 0.235001 1.000000 5.640500
v 0.235001 2.232999 6.163004
v 0.235001 2.232999 5.640500
v 0.185000 0.920000 6.243004
v 0.185000 0.920000 5.560500
v 0.185000 2.312999 5.560500
v 0.185000 2.312999 6.243004
v 0.165000 1.000000 6.163004
v 0.165000 1.000000 5.640500
v 0.165000 2.232999 5.640500
v 0.165000 2.232999 6.163004
v 0.185000 0.940000 6.223003
v 0.235001 0.940000 6.223003
v 0.235001 0.940000 5.580501
v 0.235001 2.292999 6.223003
v 0.165000 0.920000 6.243004
v 0.165000 0.920000 5.560500
v 0.165000 2.312999 5.560500
v 0.165000 2.312999 6.243004
v 0.210000 2.242999 5.630500
v 0.190000 0.990000 5.630500
v 0.190001 2.242999 6.173003
v 0.210001 2.232999 6.163004
v 0.210000 2.232999 5.640500
v 0.210001 1.000000 6.163004
v 0.210000 1.000000 5.640500
v 0.190001 2.232999 6.163004
v 0.190000 2.232999 5.640500
v 0.190001 1.000000 6.163004
v 0.190000 1.000000 5.640500
v 0.210000 0.990000 5.630500
v 0.210001 0.990000 6.173003
v 0.210001 2.242999 6.173003
v 0.190000 2.242999 5.630500
v 0.190001 0.990000 6.173003
vn -0.0000 -0.0000 1.0000
vn 1.0000 -0.0000 -0.0000
vn -0.0000 -0.0000 -1.0000
vn -0.0000 -1.0000 -0.0000
vn -0.0000 1.0000 -0.0000
vn -1.0000 -0.0000 -0.0000
vn -0.0002 -0.0000 -1.0000
vn -0.0002 -0.0000 1.0000
vt 0.528143 1.156499
vt 0.548143 -0.156500
vt 0.548143 1.156499
vt 0.559999 1.156499
vt 0.499999 -0.216500
vt 0.559999 -0.156500
vt 1.162496 -0.156500
vt 1.222498 1.216499
vt 1.162496 1.156499
vt 0.499999 1.216499
vt 0.528143 -0.156500
vt 0.548143 1.156499
vt 0.548143 -0.156500
vt 0.528143 0.559999
vt 0.548143 1.162496
vt 0.548143 0.559999
vt 0.528143 1.162496
vt 1.182496 -0.176500
vt 0.478143 1.182496
vt 0.528143 0.539999
vt 0.528143 1.182496
vt 0.539999 -0.176500
vt 0.548143 0.499999
vt 0.478143 1.222498
vt 0.548143 1.222498
vt 1.182496 1.176499
vt 0.539999 1.176499
vt 0.478143 -0.176500
vt 0.528143 1.176499
vt 0.528143 -0.176500
vt 0.478143 1.176499
vt 0.528143 -0.176500
vt 0.528143 1.176499
vt 0.478143 0.539999
vt 1.222498 -0.216500
vt 0.548143 -0.216500
vt 0.478143 1.216499
vt 0.548143 1.216499
vt 0.478143 0.499999
vt 0.458143 1.116499
vt 0.483143 -0.116500
vt 0.483143 1.116499
vt 0.478143 -0.196500
vt 0.458143 1.196499
vt 0.478143 1.196499
vt 0.520000 -0.196500
vt 0.520000 1.196499
vt 1.202496 1.196499
vt 1.202496 -0.196500
vt 0.483143 1.122496
vt 0.458143 0.599999
vt 0.483143 0.599999
vt 0.478143 0.520000
vt 0.458143 1.202496
vt 0.478143 1.202496
vt 0.478143 1.196499
vt 0.458143 -0.196500
vt 0.478143 -0.196500
vt 0.458143 0.520000
vt 0.599999 -0.116500
vt 1.122496 -0.116500
vt 0.599999 1.116499
vt 1.122496 1.116499
vt 0.483143 -0.116500
vt 0.458143 1.116499
vt 0.483143 1.116499
vt 0.503143 0.599999
vt 0.528143 1.122496
vt 0.528143 0.599999
vt 0.528143 -0.116500
vt 0.503143 1.116499
vt 0.528143 1.116499
vt 0.503143 1.122496
vt 0.503143 1.116499
vt 0.528143 -0.116500
vt 0.528143 1.116499
vt 0.483143 0.589999
vt 0.503143 1.132496
vt 0.503143 0.589999
vt 0.503143 -0.126500
vt 0.483143 1.126499
vt 0.503143 1.126499
vt 0.483143 1.132496
vt 0.483143 1.126499
vt 0.503143 -0.126500
vt 0.503143 1.126499
vt 1.132496 1.126499
vt 0.589999 1.126499
vt 0.589999 -0.126500
vt 1.132496 -0.126500
vt 0.589995 1.126499
vt 1.132492 -0.126500
vt 1.132492 1.126499
vt 0.589995 -0.126500
vt 0.528143 1.156499
vt 0.548143 -0.156500
vt -0.222504 1.216499
vt -0.162504 -0.156500
vt -0.162504 1.156499
vt -0.222504 -0.216500
vt 0.440000 -0.156500
vt 0.499999 -0.216500
vt 0.440000 1.156499
vt 0.528143 -0.156500
vt 0.548143 1.156499
vt 0.548143 -0.156500
vt 0.528143 -0.162504
vt 0.548143 0.440000
vt 0.548143 -0.162504
vt 0.528143 0.440000
vt 0.459999 -0.176500
vt 0.478143 0.459999
vt 0.528143 -0.182504
vt 0.528143 0.459999
vt -0.182504 -0.176500
vt 0.548143 -0.222504
vt 0.478143 0.499999
vt -0.182504 1.176499
vt 0.459999 1.176499
vt 0.478143 -0.176500
vt 0.528143 1.176499
vt 0.528143 -0.176500
vt 0.478143 1.176499
vt 0.528143 -0.176500
vt 0.478143 -0.182504
vt 0.548143 -0.216500
vt 0.478143 1.216499
vt 0.548143 1.216499
vt 0.478143 -0.222504
vt 0.548143 1.216499
vt 0.478143 -0.216500
vt 0.548143 -0.216500
vt 0.458143 1.116499
vt 0.483143 -0.116500
vt 0.483143 1.116499
vt 0.478143 -0.196500
vt 0.458143 1.196499
vt -0.202504 -0.196500
vt -0.202504 1.196499
vt 0.480000 1.196499
vt 0.480000 -0.196500
vt 0.483143 0.400000
vt 0.458143 -0.122504
vt 0.483143 -0.122504
vt 0.478143 -0.202504
vt 0.458143 0.480000
vt 0.478143 0.480000
vt 0.478143 1.196499
vt 0.458143 -0.196500
vt 0.478143 -0.196500
vt 0.458143 -0.202504
vt -0.122504 -0.116500
vt 0.400000 -0.116500
vt 0.400000 1.116499
vt -0.122504 1.116499
vt 0.483143 -0.116500
vt 0.458143 1.116499
vt 0.483143 1.116499
vt 0.503143 -0.122504
vt 0.528143 0.400000
vt 0.528143 -0.122504
vt 0.528143 -0.116500
vt 0.503143 1.116499
vt 0.528143 1.116499
vt 0.503143 1.116499
vt 0.528143 -0.116500
vt 0.528143 1.116499
vt 0.483143 -0.132504
vt 0.503143 0.409999
vt 0.503143 -0.132504
vt 0.503143 -0.126500
vt 0.483143 1.126499
vt 0.503143 1.126499
vt 0.483143 0.409999
vt 0.483143 1.126499
vt 0.503143 -0.126500
vt 0.503143 1.126499
vt -0.132504 1.126499
vt -0.132504 -0.126500
vt 0.409999 -0.126500
vt 0.409999 1.126499
vt 0.528143 -0.156500
vt 0.478143 -0.176500
vt 0.478143 -0.216500
vt 0.458143 -0.116500
vt 0.458143 -0.196500
vt 0.458143 1.122496
vt 0.458143 -0.116500
vt 0.503143 -0.116500
vt 0.503143 -0.116500
vt 0.483143 -0.126500
vt 0.483143 -0.126500
vt 0.528143 -0.156500
vt 0.528143 1.156499
vt 0.478143 -0.222504
vt 0.478143 1.176499
vt 0.478143 -0.176500
vt 0.478143 -0.216500
vt 0.478143 1.216499
vt 0.458143 -0.116500
vt 0.458143 -0.196500
vt 0.458143 0.400000
vt 0.458143 1.196499
vt 0.458143 -0.116500
vt 0.503143 0.400000
vt 0.503143 -0.116500
vt 0.503143 -0.116500
vt 0.483143 -0.126500
vt 0.483143 -0.126500
s 0
usemtl Plastic
f 4070/6297/1382 4065/6298/1382 4066/6299/1382
f 4064/6300/1383 4115/6301/1383 4063/6302/1383
f 4115/6301/1383 4065/6303/1383 4063/6302/1383
f 4065/6303/1383 4062/6304/1383 4066/6305/1383
f 4066/6305/1383 4116/6306/1383 4064/6300/1383
f 4067/6307/1384 4064/6308/1384 4063/6309/1384
f 4068/6310/1385 4066/6311/1385 4064/6312/1385
f 4069/6313/1386 4063/6312/1386 4065/6311/1386
f 4071/6314/1387 4067/6302/1387 4069/6303/1387
f 4072/6315/1386 4091/6316/1386 4071/6317/1386
f 4072/6314/1387 4126/6301/1387 4090/6318/1387
f 4115/6319/1385 4073/6320/1385 4061/6321/1385
f 4068/6300/1387 4074/6322/1387 4070/6305/1387
f 4074/6322/1387 4069/6303/1387 4070/6305/1387
f 4067/6302/1387 4092/6323/1387 4068/6300/1387
f 4090/6324/1384 4092/6325/1384 4091/6326/1384
f 4076/6327/1382 4071/6328/1382 4074/6329/1382
f 4075/6330/1385 4074/6317/1385 4092/6316/1385
f 4072/6314/1387 4077/6304/1387 4073/6331/1387
f 4132/6306/1387 4076/6322/1387 4075/6323/1387
f 4075/6323/1387 4126/6301/1387 4132/6306/1387
f 4061/6332/1384 4077/6333/1384 4062/6334/1384
f 4062/6321/1386 4132/6335/1386 4116/6319/1386
f 4088/6336/1382 4107/6337/1382 4105/6338/1382
f 4083/6339/1384 4095/6340/1384 4084/6341/1384
f 4075/6323/1383 4082/6342/1383 4090/6318/1383
f 4076/6322/1383 4085/6343/1383 4075/6323/1383
f 4072/6314/1383 4084/6344/1383 4076/6322/1383
f 4072/6314/1383 4082/6342/1383 4083/6345/1383
f 4107/6346/1386 4086/6347/1386 4106/6348/1386
f 4082/6349/1385 4094/6350/1385 4083/6351/1385
f 4085/6352/1382 4093/6353/1382 4082/6354/1382
f 4084/6351/1386 4096/6355/1386 4085/6349/1386
f 4078/6356/1383 4071/6314/1383 4079/6357/1383
f 4080/6358/1383 4074/6322/1383 4092/6323/1383
f 4079/6357/1383 4074/6322/1383 4081/6359/1383
f 4080/6358/1383 4091/6318/1383 4078/6356/1383
f 4086/6356/1387 4094/6345/1387 4093/6342/1387
f 4089/6358/1387 4095/6344/1387 4088/6359/1387
f 4088/6359/1387 4094/6345/1387 4087/6357/1387
f 4086/6356/1387 4096/6343/1387 4089/6358/1387
f 4106/6360/1384 4089/6361/1384 4104/6362/1384
f 4089/6347/1385 4105/6346/1385 4104/6348/1385
f 4100/6363/1385 4081/6364/1385 4080/6365/1385
f 4078/6366/1384 4100/6367/1384 4080/6368/1384
f 4103/6369/1386 4078/6365/1386 4079/6364/1386
f 4101/6370/1382 4079/6371/1382 4081/6372/1382
f 4112/6373/1385 4109/6374/1385 4098/6375/1385
f 4097/6376/1388 4112/6377/1388 4098/6378/1388
f 4110/6379/1386 4097/6375/1386 4108/6374/1386
f 4099/6380/1389 4108/6381/1389 4109/6382/1389
f 4109/6383/1387 4100/6358/1387 4098/6384/1387
f 4098/6384/1387 4102/6356/1387 4097/6385/1387
f 4108/6386/1387 4102/6356/1387 4103/6357/1387
f 4109/6383/1387 4103/6357/1387 4101/6359/1387
f 4099/6383/1383 4104/6358/1383 4105/6359/1383
f 4111/6385/1383 4104/6358/1383 4112/6384/1383
f 4110/6386/1383 4106/6356/1383 4111/6385/1383
f 4099/6383/1383 4107/6357/1383 4110/6386/1383
f 4124/6391/1382 4119/6392/1382 4120/6308/1382
f 4114/6393/1383 4117/6394/1383 4118/6395/1383
f 4113/6396/1383 4119/6397/1383 4117/6394/1383
f 4115/6398/1383 4120/6399/1383 4119/6397/1383
f 4116/6306/1383 4118/6395/1383 4120/6399/1383
f 4121/6400/1384 4118/6401/1384 4117/6402/1384
f 4122/6403/1385 4120/6404/1385 4118/6405/1385
f 4123/6406/1386 4117/6405/1386 4119/6404/1386
f 4147/6407/1387 4121/6394/1387 4123/6397/1387
f 4125/6408/1386 4146/6409/1386 4147/6410/1386
f 4126/6398/1387 4145/6411/1387 4125/6407/1387
f 4113/6412/1385 4126/6413/1385 4115/6319/1385
f 4148/6414/1387 4124/6399/1387 4122/6395/1387
f 4127/6415/1387 4123/6397/1387 4124/6399/1387
f 4121/6394/1387 4148/6414/1387 4122/6395/1387
f 4145/6416/1384 4148/6417/1384 4146/6418/1384
f 4131/6419/1382 4147/6420/1382 4127/6325/1382
f 4130/6421/1385 4127/6410/1385 4148/6409/1385
f 4125/6407/1387 4132/6306/1387 4126/6398/1387
f 4132/6306/1387 4130/6414/1387 4128/6393/1387
f 4130/6414/1387 4129/6396/1387 4128/6393/1387
f 4115/6422/1384 4132/6423/1384 4116/6424/1384
f 4116/6319/1386 4128/6425/1386 4114/6412/1386
f 4114/6426/1382 4129/6427/1382 4113/6428/1382
f 4143/6429/1382 4163/6430/1382 4161/6431/1382
f 4138/6432/1384 4151/6433/1384 4139/6352/1384
f 4130/6414/1383 4137/6434/1383 4145/6411/1383
f 4131/6415/1383 4140/6435/1383 4130/6414/1383
f 4125/6407/1383 4139/6436/1383 4131/6415/1383
f 4125/6407/1383 4137/6434/1383 4138/6437/1383
f 4163/6438/1386 4141/6439/1386 4162/6440/1386
f 4137/6441/1385 4150/6442/1385 4138/6443/1385
f 4140/6444/1382 4149/6445/1382 4137/6446/1382
f 4139/6443/1386 4152/6447/1386 4140/6441/1386
f 4133/6448/1383 4147/6407/1383 4134/6449/1383
f 4136/6450/1383 4148/6414/1383 4135/6451/1383
f 4134/6449/1383 4127/6415/1383 4136/6450/1383
f 4135/6451/1383 4146/6411/1383 4133/6448/1383
f 4142/6449/1387 4149/6434/1387 4141/6448/1387
f 4144/6451/1387 4151/6436/1387 4143/6450/1387
f 4143/6450/1387 4150/6437/1387 4142/6449/1387
f 4141/6448/1387 4152/6435/1387 4144/6451/1387
f 4162/6452/1384 4144/6453/1384 4160/6454/1384
f 4144/6439/1385 4161/6438/1385 4160/6440/1385
f 4156/6455/1385 4136/6456/1385 4135/6457/1385
f 4133/6458/1384 4156/6459/1384 4135/6460/1384
f 4134/6456/1386 4158/6455/1386 4133/6457/1386
f 4157/6461/1382 4134/6462/1382 4136/6463/1382
f 4155/6464/1385 4153/6465/1385 4166/6466/1385
f 4165/6467/1384 4155/6468/1384 4166/6469/1384
f 4154/6470/1386 4165/6466/1386 4164/6465/1386
f 4167/6471/1382 4164/6472/1382 4153/6473/1382
f 4166/6474/1387 4157/6450/1387 4156/6451/1387
f 4166/6474/1387 4158/6448/1387 4165/6475/1387
f 4165/6475/1387 4159/6449/1387 4164/6476/1387
f 4164/6476/1387 4157/6450/1387 4153/6477/1387
f 4155/6474/1383 4161/6450/1383 4167/6477/1383
f 4168/6475/1383 4160/6451/1383 4155/6474/1383
f 4168/6475/1383 4163/6449/1383 4162/6448/1383
f 4167/6477/1383 4163/6449/1383 4154/6476/1383
f 4070/6297/1382 4069/6478/1382 4065/6298/1382
f 4064/6300/1383 4116/6306/1383 4115/6301/1383
f 4115/6301/1383 4061/6331/1383 4065/6303/1383
f 4065/6303/1383 4061/6331/1383 4062/6304/1383
f 4066/6305/1383 4062/6304/1383 4116/6306/1383
f 4067/6307/1384 4068/6391/1384 4064/6308/1384
f 4068/6310/1385 4070/6313/1385 4066/6311/1385
f 4069/6313/1386 4067/6310/1386 4063/6312/1386
f 4071/6314/1387 4091/6318/1387 4067/6302/1387
f 4072/6315/1386 4090/6330/1386 4091/6316/1386
f 4072/6314/1387 4073/6331/1387 4126/6301/1387
f 4115/6319/1385 4126/6413/1385 4073/6320/1385
f 4068/6300/1387 4092/6323/1387 4074/6322/1387
f 4074/6322/1387 4071/6314/1387 4069/6303/1387
f 4067/6302/1387 4091/6318/1387 4092/6323/1387
f 4090/6324/1384 4075/6419/1384 4092/6325/1384
f 4076/6327/1382 4072/6479/1382 4071/6328/1382
f 4075/6330/1385 4076/6315/1385 4074/6317/1385
f 4072/6314/1387 4076/6322/1387 4077/6304/1387
f 4132/6306/1387 4077/6304/1387 4076/6322/1387
f 4075/6323/1387 4090/6318/1387 4126/6301/1387
f 4061/6332/1384 4073/6480/1384 4077/6333/1384
f 4062/6321/1386 4077/6320/1386 4132/6335/1386
f 4088/6336/1382 4087/6481/1382 4107/6337/1382
f 4083/6339/1384 4094/6482/1384 4095/6340/1384
f 4075/6323/1383 4085/6343/1383 4082/6342/1383
f 4076/6322/1383 4084/6344/1383 4085/6343/1383
f 4072/6314/1383 4083/6345/1383 4084/6344/1383
f 4072/6314/1383 4090/6318/1383 4082/6342/1383
f 4107/6346/1386 4087/6483/1386 4086/6347/1386
f 4082/6349/1385 4093/6355/1385 4094/6350/1385
f 4085/6352/1382 4096/6433/1382 4093/6353/1382
f 4084/6351/1386 4095/6350/1386 4096/6355/1386
f 4078/6356/1383 4091/6318/1383 4071/6314/1383
f 4080/6358/1383 4081/6359/1383 4074/6322/1383
f 4079/6357/1383 4071/6314/1383 4074/6322/1383
f 4080/6358/1383 4092/6323/1383 4091/6318/1383
f 4086/6356/1387 4087/6357/1387 4094/6345/1387
f 4089/6358/1387 4096/6343/1387 4095/6344/1387
f 4088/6359/1387 4095/6344/1387 4094/6345/1387
f 4086/6356/1387 4093/6342/1387 4096/6343/1387
f 4106/6360/1384 4086/6484/1384 4089/6361/1384
f 4089/6347/1385 4088/6483/1385 4105/6346/1385
f 4100/6363/1385 4101/6369/1385 4081/6364/1385
f 4078/6366/1384 4102/6485/1384 4100/6367/1384
f 4103/6369/1386 4102/6363/1386 4078/6365/1386
f 4101/6370/1382 4103/6486/1382 4079/6371/1382
f 4112/6373/1385 4099/6379/1385 4109/6374/1385
f 4097/6376/1388 4111/6487/1388 4112/6377/1388
f 4110/6379/1386 4111/6373/1386 4097/6375/1386
f 4099/6380/1382 4110/6488/1382 4108/6381/1382
f 4109/6383/1387 4101/6359/1387 4100/6358/1387
f 4098/6384/1387 4100/6358/1387 4102/6356/1387
f 4108/6386/1387 4097/6385/1387 4102/6356/1387
f 4109/6383/1387 4108/6386/1387 4103/6357/1387
f 4099/6383/1383 4112/6384/1383 4104/6358/1383
f 4111/6385/1383 4106/6356/1383 4104/6358/1383
f 4110/6386/1383 4107/6357/1383 4106/6356/1383
f 4099/6383/1383 4105/6359/1383 4107/6357/1383
f 4124/6391/1382 4123/6489/1382 4119/6392/1382
f 4114/6393/1383 4113/6396/1383 4117/6394/1383
f 4113/6396/1383 4115/6398/1383 4119/6397/1383
f 4115/6398/1383 4116/6306/1383 4120/6399/1383
f 4116/6306/1383 4114/6393/1383 4118/6395/1383
f 4121/6400/1384 4122/6490/1384 4118/6401/1384
f 4122/6403/1385 4124/6406/1385 4120/6404/1385
f 4123/6406/1386 4121/6403/1386 4117/6405/1386
f 4147/6407/1387 4146/6411/1387 4121/6394/1387
f 4125/6408/1386 4145/6421/1386 4146/6409/1386
f 4126/6398/1387 4129/6396/1387 4145/6411/1387
f 4113/6412/1385 4129/6491/1385 4126/6413/1385
f 4148/6414/1387 4127/6415/1387 4124/6399/1387
f 4127/6415/1387 4147/6407/1387 4123/6397/1387
f 4121/6394/1387 4146/6411/1387 4148/6414/1387
f 4145/6416/1384 4130/6492/1384 4148/6417/1384
f 4131/6419/1382 4125/6493/1382 4147/6420/1382
f 4130/6421/1385 4131/6408/1385 4127/6410/1385
f 4125/6407/1387 4131/6415/1387 4132/6306/1387
f 4132/6306/1387 4131/6415/1387 4130/6414/1387
f 4130/6414/1387 4145/6411/1387 4129/6396/1387
f 4115/6422/1384 4126/6494/1384 4132/6423/1384
f 4116/6319/1386 4132/6413/1386 4128/6425/1386
f 4114/6426/1382 4128/6495/1382 4129/6427/1382
f 4143/6429/1382 4142/6496/1382 4163/6430/1382
f 4138/6432/1384 4150/6497/1384 4151/6433/1384
f 4130/6414/1383 4140/6435/1383 4137/6434/1383
f 4131/6415/1383 4139/6436/1383 4140/6435/1383
f 4125/6407/1383 4138/6437/1383 4139/6436/1383
f 4125/6407/1383 4145/6411/1383 4137/6434/1383
f 4163/6438/1386 4142/6498/1386 4141/6439/1386
f 4137/6441/1385 4149/6447/1385 4150/6442/1385
f 4140/6444/1382 4152/6499/1382 4149/6445/1382
f 4139/6443/1386 4151/6442/1386 4152/6447/1386
f 4133/6448/1383 4146/6411/1383 4147/6407/1383
f 4136/6450/1383 4127/6415/1383 4148/6414/1383
f 4134/6449/1383 4147/6407/1383 4127/6415/1383
f 4135/6451/1383 4148/6414/1383 4146/6411/1383
f 4142/6449/1387 4150/6437/1387 4149/6434/1387
f 4144/6451/1387 4152/6435/1387 4151/6436/1387
f 4143/6450/1387 4151/6436/1387 4150/6437/1387
f 4141/6448/1387 4149/6434/1387 4152/6435/1387
f 4162/6452/1384 4141/6500/1384 4144/6453/1384
f 4144/6439/1385 4143/6498/1385 4161/6438/1385
f 4156/6455/1385 4157/6501/1385 4136/6456/1385
f 4133/6458/1384 4158/6502/1384 4156/6459/1384
f 4134/6456/1386 4159/6501/1386 4158/6455/1386
f 4157/6461/1382 4159/6503/1382 4134/6462/1382
f 4155/6464/1385 4167/6470/1385 4153/6465/1385
f 4165/6467/1384 4168/6504/1384 4155/6468/1384
f 4154/6470/1386 4168/6464/1386 4165/6466/1386
f 4167/6471/1382 4154/6505/1382 4164/6472/1382
f 4166/6474/1387 4153/6477/1387 4157/6450/1387
f 4166/6474/1387 4156/6451/1387 4158/6448/1387
f 4165/6475/1387 4158/6448/1387 4159/6449/1387
f 4164/6476/1387 4159/6449/1387 4157/6450/1387
f 4155/6474/1383 4160/6451/1383 4161/6450/1383
f 4168/6475/1383 4162/6448/1383 4160/6451/1383
f 4168/6475/1383 4154/6476/1383 4163/6449/1383
f 4167/6477/1383 4161/6450/1383 4163/6449/1383
usemtl Glass
f 4098/6387/1383 4108/6388/1383 4109/6389/1383
f 4112/6387/1387 4110/6388/1387 4111/6390/1387
f 4166/6474/1383 4164/6476/1383 4153/6477/1383
f 4155/6474/1387 4154/6476/1387 4168/6475/1387
f 4098/6387/1383 4097/6390/1383 4108/6388/1383
f 4112/6387/1387 4099/6389/1387 4110/6388/1387
f 4166/6474/1383 4165/6475/1383 4164/6476/1383
f 4155/6474/1387 4167/6477/1387 4154/6476/1387
o Window.002
v -4.699999 2.242999 8.161667
v -4.699999 0.100000 8.161667
v -5.510003 0.110000 8.161667
v -4.709999 0.110000 8.161667
v -5.510003 2.232999 8.161667
v -4.709999 2.232999 8.161667
v -5.510003 0.110000 8.141667
v -4.709999 0.110000 8.141667
v -5.510003 2.232999 8.141667
v -4.709999 2.232999 8.141667
v -5.520002 2.242999 8.161667
v -5.520002 0.100000 8.161667
v -4.699999 2.242999 8.141667
v -4.699999 0.100000 8.141667
v -5.520002 2.242999 8.141667
v -5.520002 0.100000 8.141667
v -4.629999 2.312999 8.186667
v -5.590003 2.312999 8.186667
v -5.590003 0.030000 8.186667
v -4.629999 0.030000 8.186667
v -4.649999 2.292999 8.116667
v -5.570002 0.050000 8.116667
v -4.649999 0.050000 8.116667
v -4.649999 0.050000 8.166668
v -4.649999 2.292999 8.166668
v -4.709999 2.232999 8.186667
v -5.510003 2.232999 8.186667
v -5.510003 0.110000 8.186667
v -4.709999 0.110000 8.186667
v -4.629999 2.312999 8.166668
v -5.590003 2.312999 8.166668
v -5.590003 0.030000 8.166668
v -4.629999 0.030000 8.166668
v -5.510003 2.232999 8.116667
v -4.709999 2.232999 8.116667
v -5.510003 0.110000 8.116667
v -4.709999 0.110000 8.116667
v -5.610002 2.332999 8.166668
v -5.570002 2.292999 8.166668
v -5.570002 2.292999 8.116667
v -5.610002 0.010000 8.166668
v -5.570002 0.050000 8.166668
v -5.550003 2.272999 8.116667
v -5.550003 0.070000 8.116667
v -4.669999 2.272999 8.116667
v -4.669999 0.070000 8.116667
v -5.550003 2.272999 8.096667
v -5.550003 0.070000 8.096667
v -4.669999 2.272999 8.096667
v -4.669999 0.070000 8.096667
v -5.610002 2.332999 8.096667
v -5.610002 0.010000 8.096667
v -4.610002 0.010000 8.096667
v -4.610002 2.332999 8.096667
v -3.669999 0.070000 8.096667
v -3.669999 2.272999 8.096667
v -4.550003 0.070000 8.096667
v -4.550003 2.272999 8.096667
v -3.669999 0.070000 8.116667
v -3.669999 2.272999 8.116667
v -4.550003 0.070000 8.116667
v -4.550003 2.272999 8.116667
v -3.649999 0.050000 8.166668
v -4.570002 0.050000 8.166668
v -4.610002 0.010000 8.166668
v -4.570002 2.292999 8.166668
v -4.610002 2.332999 8.166668
v -3.709999 0.110000 8.116667
v -4.510003 0.110000 8.116667
v -3.709999 2.232999 8.116667
v -4.510003 2.232999 8.116667
v -3.629999 0.030000 8.166668
v -4.590003 0.030000 8.166668
v -4.590003 2.312999 8.166668
v -3.629999 2.312999 8.166668
v -3.709999 0.110000 8.186667
v -4.510003 0.110000 8.186667
v -4.510003 2.232999 8.186667
v -3.709999 2.232999 8.186667
v -3.649999 2.292999 8.166668
v -3.649999 0.050000 8.116667
v -4.570002 0.050000 8.116667
v -4.570002 2.292999 8.116667
v -3.649999 2.292999 8.116667
v -3.629999 0.030000 8.186667
v -4.590003 0.030000 8.186667
v -4.590003 2.312999 8.186667
v -3.629999 2.312999 8.186667
v -4.520002 2.242999 8.141667
v -4.520002 2.242999 8.161667
v -3.699999 0.100000 8.161667
v -3.709999 2.232999 8.141667
v -4.510003 2.232999 8.141667
v -3.709999 0.110000 8.141667
v -4.510003 0.110000 8.141667
v -3.709999 2.232999 8.161667
v -4.510003 2.232999 8.161667
v -3.709999 0.110000 8.161667
v -4.510003 0.110000 8.161667
v -4.520002 0.100000 8.141667
v -3.699999 0.100000 8.141667
v -3.699999 2.242999 8.141667
v -4.520002 0.100000 8.161667
v -3.699999 2.242999 8.161667
v -6.870002 0.100000 8.161667
v -5.699999 0.100000 8.141667
v -6.870002 2.242999 8.141667
v -6.870002 0.100000 8.141667
v -6.860003 0.110000 8.161667
v -5.709999 0.110000 8.161667
v -6.860003 2.232999 8.161667
v -5.709999 2.232999 8.161667
v -6.860003 0.110000 8.141667
v -5.709999 0.110000 8.141667
v -6.860003 2.232999 8.141667
v -5.709999 2.232999 8.141667
v -5.699999 2.242999 8.161667
v -5.699999 0.100000 8.161667
v -6.870002 2.242999 8.161667
v -5.699999 2.242999 8.141667
v -5.629999 2.312999 8.186667
v -6.940002 2.312999 8.186667
v -6.940002 0.030000 8.186667
v -5.629999 0.030000 8.186667
v -5.649999 2.292999 8.116667
v -6.920002 0.050000 8.116667
v -6.920002 2.292999 8.166668
v -5.649999 2.292999 8.166668
v -5.709999 2.232999 8.186667
v -6.860003 2.232999 8.186667
v -6.860003 0.110000 8.186667
v -5.709999 0.110000 8.186667
v -5.629999 2.312999 8.166668
v -6.940002 2.312999 8.166668
v -6.940002 0.030000 8.166668
v -5.629999 0.030000 8.166668
v -6.860003 2.232999 8.116667
v -5.709999 2.232999 8.116667
v -6.860003 0.110000 8.116667
v -5.709999 0.110000 8.116667
v -6.960002 2.332999 8.166668
v -6.920002 2.292999 8.116667
v -6.960002 0.010000 8.166668
v -6.920002 0.050000 8.166668
v -5.649999 0.050000 8.166668
v -5.649999 0.050000 8.116667
v -6.900002 2.272999 8.116667
v -6.900002 0.070000 8.116667
v -5.669999 2.272999 8.116667
v -5.669999 0.070000 8.116667
v -6.900002 2.272999 8.096667
v -6.900002 0.070000 8.096667
v -5.669999 2.272999 8.096667
v -5.669999 0.070000 8.096667
v -6.960002 2.332999 8.096667
v -6.960002 0.010000 8.096667
v -2.259999 0.010000 8.096667
v -2.259999 2.332999 8.096667
v -3.610002 0.010000 8.096667
v -3.610002 2.332999 8.096667
v -2.319999 0.070000 8.096667
v -2.319999 2.272999 8.096667
v -3.550003 0.070000 8.096667
v -3.550003 2.272999 8.096667
v -2.319999 0.070000 8.116667
v -2.319999 2.272999 8.116667
v -3.550003 0.070000 8.116667
v -3.550003 2.272999 8.116667
v -2.299999 0.050000 8.116667
v -3.570002 0.050000 8.116667
v -2.299999 0.050000 8.166668
v -3.570002 0.050000 8.166668
v -3.610002 0.010000 8.166668
v -2.299999 2.292999 8.116667
v -3.570002 2.292999 8.116667
v -2.259999 2.332999 8.166667
v -2.259999 0.010000 8.166668
v -2.299999 2.292999 8.166668
v -3.610002 2.332999 8.166668
v -2.359999 0.110000 8.116667
v -3.510003 0.110000 8.116667
v -2.359999 2.232999 8.116667
v -3.510003 2.232999 8.116667
v -2.279999 0.030000 8.166668
v -3.590003 0.030000 8.166668
v -3.590003 2.312999 8.166668
v -2.279999 2.312999 8.166668
v -2.359999 0.110000 8.186667
v -3.510003 0.110000 8.186667
v -3.510003 2.232999 8.186667
v -2.359999 2.232999 8.186667
v -3.570002 2.292999 8.166668
v -2.279999 0.030000 8.186667
v -3.590003 0.030000 8.186667
v -3.590003 2.312999 8.186667
v -2.279999 2.312999 8.186667
v -3.520002 2.242999 8.141667
v -2.349999 0.100000 8.141667
v -3.520002 0.100000 8.161667
v -2.349999 0.100000 8.161667
v -2.359999 2.232999 8.141667
v -3.510003 2.232999 8.141667
v -2.359999 0.110000 8.141667
v -3.510003 0.110000 8.141667
v -2.359999 2.232999 8.161667
v -3.510003 2.232999 8.161667
v -2.359999 0.110000 8.161667
v -3.510003 0.110000 8.161667
v -3.520002 0.100000 8.141667
v -2.349999 2.242999 8.141667
v -3.520002 2.242999 8.161667
v -2.349999 2.242999 8.161667
vn -0.0000 -0.0000 1.0000
vn -0.0000 -0.0000 -1.0000
vn -0.0000 -1.0000 -0.0000
vn -0.0000 -0.0001 -1.0000
vn -0.0000 1.0000 -0.0000
vn -0.0000 0.0001 1.0000
vn -1.0000 -0.0000 -0.0000
vn 1.0000 -0.0000 -0.0000
vn -0.0000 -0.0001 1.0000
vn -0.0000 0.0001 -1.0000
vt 0.410006 -0.571500
vt -0.399998 -0.561499
vt -0.409997 -0.571499
vt -0.409997 1.571499
vt 0.410006 1.571499
vt 0.410006 0.503142
vt -0.409997 0.483143
vt -0.409997 0.503142
vt 0.400006 -0.561500
vt 0.410006 0.483143
vt 0.400006 1.561499
vt -0.399998 1.561499
vt 0.503142 -0.571500
vt 0.483143 1.571499
vt 0.503142 1.571499
vt -0.399998 0.503142
vt 0.400006 0.528143
vt -0.399998 0.528143
vt 0.503142 -0.571499
vt 0.503142 1.561499
vt 0.528143 -0.561499
vt 0.528143 1.561499
vt 0.400006 0.458142
vt -0.399998 0.483143
vt 0.400006 0.483143
vt 0.400006 0.503142
vt 0.483143 -0.561500
vt 0.458142 1.561499
vt 0.483143 1.561499
vt 0.528143 -0.561500
vt 0.483143 -0.561499
vt 0.478142 1.641499
vt 0.458142 -0.641500
vt 0.478142 -0.641500
vt 0.460006 0.528143
vt -0.459997 0.478142
vt -0.459997 0.528143
vt -0.399998 0.458142
vt -0.479998 0.478142
vt 0.480006 0.458142
vt 0.480006 0.478142
vt 0.460006 0.478142
vt -0.459997 -0.621500
vt -0.479998 1.641499
vt -0.459997 1.621499
vt 0.528143 1.621499
vt 0.478142 -0.621500
vt 0.528143 -0.621500
vt 0.528143 -0.621500
vt 0.478142 1.621499
vt -0.479998 0.458142
vt 0.500006 1.661499
vt 0.460006 1.621499
vt -0.499997 1.661499
vt -0.499997 -0.661500
vt 0.500006 -0.661500
vt 0.548142 -0.661500
vt 0.478142 1.661499
vt 0.548142 1.661499
vt -0.479998 -0.641500
vt 0.480006 -0.641500
vt 0.460006 -0.621500
vt -0.499997 0.548142
vt 0.500006 0.478143
vt 0.500006 0.548142
vt 0.478142 -0.641500
vt 0.458142 1.641499
vt 0.480006 1.641499
vt -0.439998 -0.601500
vt -0.439998 1.601499
vt -0.499997 0.478142
vt 0.440006 1.601499
vt 0.440006 -0.601500
vt -0.439998 0.528143
vt 0.440006 0.548142
vt -0.439998 0.548142
vt 0.440006 0.528143
vt 0.528143 -0.601500
vt 0.548142 1.601499
vt 0.548142 -0.601500
vt 0.528143 1.601499
vt 0.548142 -0.601500
vt 1.500006 1.661499
vt 1.440006 -0.601500
vt 1.440006 1.601499
vt 1.500006 -0.661500
vt 0.560002 -0.601500
vt 0.500003 -0.661500
vt 0.560002 1.601499
vt 1.440006 0.528143
vt 0.560002 0.548142
vt 1.440006 0.548142
vt 0.560002 0.528143
vt 0.540003 -0.621500
vt 0.540003 0.478142
vt 1.460006 0.528143
vt 0.540003 0.528143
vt 1.460006 -0.621500
vt 1.500006 0.548142
vt 0.500003 0.478142
vt 0.500003 0.548142
vt 1.460006 1.621499
vt 0.540003 1.621499
vt 1.460006 0.478142
vt 0.500003 1.661499
vt 1.500006 0.478143
vt 1.480006 -0.641500
vt 1.480006 1.641499
vt 0.520002 1.641499
vt 0.520002 -0.641500
vt 0.600002 0.458142
vt 1.400006 0.483143
vt 0.600002 0.483143
vt 1.480006 0.478142
vt 0.520002 0.458142
vt 0.520002 0.478142
vt 1.480006 0.458142
vt 1.400006 -0.561500
vt 0.600002 -0.561499
vt 0.600002 1.561499
vt 1.400006 1.561499
vt 1.400006 0.458142
vt 1.400006 0.503142
vt 0.600002 0.528143
vt 1.400006 0.528143
vt 0.600002 0.503142
vt 1.410006 0.483143
vt 0.590003 0.503142
vt 1.410006 0.503142
vt 0.590003 0.483143
vt 1.410006 1.571499
vt 1.410006 -0.571500
vt 0.590003 -0.571499
vt 0.590003 1.571499
vt -0.589994 -0.571500
vt -1.749998 -0.561499
vt -1.759997 -0.571499
vt -0.589994 1.571499
vt -1.759997 1.571499
vt -0.589994 0.503142
vt -1.759997 0.483143
vt -1.759997 0.503142
vt -0.599994 -0.561500
vt -0.589994 0.483143
vt -0.599994 1.561499
vt -1.749998 1.561499
vt -1.749998 0.503142
vt -0.599994 0.528143
vt -1.749998 0.528143
vt -0.599994 0.458142
vt -1.749998 0.483143
vt -0.599994 0.483143
vt -0.599994 0.503142
vt -0.539994 0.528143
vt -1.809997 0.478142
vt -1.809997 0.528143
vt -1.749998 0.458142
vt -1.829998 0.478142
vt -0.519994 0.458142
vt -0.519994 0.478142
vt -0.539994 0.478142
vt -1.809997 -0.621500
vt -1.829998 1.641499
vt -1.809997 1.621499
vt -1.829998 0.458142
vt -0.499994 1.661499
vt -0.539994 1.621499
vt -1.849997 1.661499
vt -1.849997 -0.661500
vt -0.499994 -0.661500
vt -1.829998 -0.641500
vt -0.519994 -0.641500
vt -0.539994 -0.621500
vt -1.849997 0.548142
vt -0.499994 0.478143
vt -0.499994 0.548142
vt -0.519994 1.641499
vt -1.789998 -0.601500
vt -1.789998 1.601499
vt -1.849997 0.478142
vt -0.559994 1.601499
vt -0.559994 -0.601500
vt -1.789998 0.528143
vt -0.559994 0.548142
vt -1.789998 0.548142
vt -0.559994 0.528143
vt 2.850006 1.661499
vt 2.790006 -0.601500
vt 2.790006 1.601499
vt 1.500003 -0.661500
vt 1.560002 -0.601500
vt 1.560002 1.601499
vt 1.500003 1.661499
vt 2.790006 0.528143
vt 1.560002 0.548142
vt 2.790006 0.548142
vt 1.560002 0.528143
vt 1.540003 -0.621500
vt 1.540003 0.478142
vt 2.810006 0.528143
vt 1.540003 0.528143
vt 2.850006 -0.661500
vt 2.810006 -0.621500
vt 2.850006 0.548142
vt 1.500003 0.478142
vt 1.500003 0.548142
vt 2.810006 1.621499
vt 1.540003 1.621499
vt 2.810006 0.478142
vt 2.850006 0.478143
vt 0.478142 -0.661500
vt 0.548142 -0.661500
vt 2.830006 -0.641500
vt 2.830006 1.641499
vt 1.520002 1.641499
vt 1.520002 -0.641500
vt 1.600002 0.458142
vt 2.750006 0.483143
vt 1.600002 0.483143
vt 2.830006 0.478142
vt 1.520002 0.458142
vt 1.520002 0.478142
vt 2.830006 0.458142
vt 2.750006 -0.561500
vt 1.600002 -0.561499
vt 1.600002 1.561499
vt 2.750006 1.561499
vt 2.750006 0.458142
vt 2.750006 0.503142
vt 1.600002 0.528143
vt 2.750006 0.528143
vt 1.600002 0.503142
vt 2.760005 0.483143
vt 1.590003 0.503142
vt 2.760005 0.503142
vt 1.590003 0.483143
vt 2.760005 1.571499
vt 2.760005 -0.571500
vt 1.590003 -0.571499
vt 1.590003 1.571499
vt 0.483143 -0.571500
vt 0.483143 -0.571499
vt 0.503142 -0.561499
vt 0.458142 -0.561500
vt 0.503142 -0.561500
vt 0.458142 -0.561499
vt 0.478142 -0.621500
vt 0.478142 -0.661500
vt 0.458142 -0.641500
vt 0.500006 0.478142
vt 0.528143 -0.601500
vt 1.500006 0.478142
vt -0.499994 0.478142
vt 2.850006 0.478142
vt 0.478143 1.661499
s 0
usemtl Plastic
f 4182/6506/1390 4175/6507/1390 4184/6508/1390
f 4170/6506/1393 4171/6507/1393 4172/6514/1393
f 4170/6506/1391 4174/6516/1391 4169/6510/1391
f 4184/6508/1390 4177/6517/1390 4183/6509/1390
f 4169/6510/1391 4173/6517/1391 4179/6509/1391
f 4181/6510/1395 4177/6517/1395 4178/6516/1395
f 4182/6518/1396 4169/6519/1396 4181/6520/1396
f 4175/6521/1394 4205/6522/1394 4204/6523/1394
f 4179/6519/1397 4184/6524/1397 4183/6520/1397
f 4181/6510/1390 4176/6514/1390 4182/6506/1390
f 4177/6525/1397 4204/6526/1397 4202/6527/1397
f 4194/6528/1392 4173/6529/1392 4174/6530/1392
f 4178/6531/1392 4202/6523/1392 4203/6522/1392
f 4172/6532/1396 4194/6533/1396 4174/6534/1396
f 4205/6535/1396 4178/6525/1396 4203/6527/1396
f 4179/6509/1391 4171/6507/1391 4180/6508/1391
f 4195/6533/1397 4171/6536/1397 4173/6534/1397
f 4198/6537/1397 4188/6538/1397 4201/6539/1397
f 4191/6540/1392 4210/6541/1392 4190/6542/1392
f 4196/6543/1394 4172/6530/1394 4171/6529/1394
f 4199/6544/1394 4185/6545/1394 4198/6546/1394
f 4208/6542/1394 4193/6547/1394 4189/6540/1394
f 4210/6548/1391 4199/6549/1391 4207/6550/1391
f 4189/6551/1397 4192/6552/1397 4191/6553/1397
f 4190/6554/1396 4207/6555/1396 4208/6551/1396
f 4201/6546/1392 4187/6556/1392 4200/6544/1392
f 4235/6557/1390 4207/6550/1390 4193/6558/1390
f 4210/6548/1390 4206/6559/1390 4209/6560/1390
f 4193/6558/1390 4233/6561/1390 4235/6557/1390
f 4220/6562/1396 4206/6563/1396 4219/6564/1396
f 4195/6517/1390 4187/6565/1390 4196/6507/1390
f 4205/6514/1391 4190/6548/1391 4204/6507/1391
f 4202/6517/1391 4190/6548/1391 4208/6550/1391
f 4197/6514/1390 4187/6565/1390 4188/6566/1390
f 4192/6567/1391 4200/6565/1391 4210/6548/1391
f 4219/6568/1394 4235/6569/1394 4222/6570/1394
f 4200/6571/1396 4186/6572/1396 4199/6537/1396
f 4193/6558/1391 4201/6566/1391 4192/6567/1391
f 4207/6550/1391 4198/6573/1391 4193/6558/1391
f 4202/6517/1391 4189/6558/1391 4203/6516/1391
f 4194/6516/1390 4186/6549/1390 4195/6517/1390
f 4197/6514/1390 4185/6573/1390 4194/6516/1390
f 4203/6516/1391 4191/6567/1391 4205/6514/1391
f 4208/6550/1390 4212/6574/1390 4211/6575/1390
f 4221/6570/1392 4209/6576/1392 4220/6568/1392
f 4189/6558/1390 4211/6575/1390 4213/6577/1390
f 4210/6548/1390 4233/6561/1390 4192/6567/1390
f 4214/6578/1390 4189/6558/1390 4213/6577/1390
f 4212/6579/1394 4218/6580/1394 4216/6581/1394
f 4213/6582/1392 4215/6581/1392 4217/6580/1392
f 4190/6548/1390 4214/6578/1390 4212/6574/1390
f 4221/6561/1391 4216/6574/1391 4218/6578/1391
f 4222/6557/1391 4218/6578/1391 4217/6577/1391
f 4215/6575/1391 4222/6557/1391 4217/6577/1391
f 4214/6583/1396 4217/6584/1396 4218/6585/1396
f 4220/6560/1391 4215/6575/1391 4216/6574/1391
f 4211/6586/1397 4216/6587/1397 4215/6584/1397
f 4230/6586/1397 4225/6587/1397 4226/6584/1397
f 4328/6588/1391 4223/6589/1391 4224/6590/1391
f 4327/6591/1391 4225/6592/1391 4223/6589/1391
f 4221/6593/1391 4226/6594/1391 4225/6592/1391
f 4226/6594/1391 4328/6588/1391 4224/6590/1391
f 4227/6583/1396 4224/6584/1396 4223/6585/1396
f 4228/6595/1392 4226/6596/1392 4224/6597/1392
f 4229/6598/1394 4223/6597/1394 4225/6596/1394
f 4250/6599/1390 4227/6589/1390 4229/6592/1390
f 4232/6600/1394 4249/6601/1394 4250/6602/1394
f 4232/6599/1390 4341/6591/1390 4231/6603/1390
f 4327/6604/1392 4233/6605/1392 4221/6606/1392
f 4252/6607/1390 4230/6594/1390 4228/6590/1390
f 4251/6608/1390 4229/6592/1390 4230/6594/1390
f 4227/6589/1390 4252/6607/1390 4228/6590/1390
f 4231/6552/1396 4252/6551/1396 4249/6553/1396
f 4234/6555/1397 4250/6554/1397 4251/6551/1397
f 4248/6609/1392 4251/6602/1392 4252/6601/1392
f 4232/6599/1390 4235/6610/1390 4233/6593/1390
f 4347/6588/1390 4234/6608/1390 4248/6607/1390
f 4248/6607/1390 4341/6591/1390 4347/6588/1390
f 4221/6562/1396 4235/6563/1396 4222/6564/1396
f 4222/6606/1394 4347/6611/1394 4328/6604/1394
f 4246/6533/1397 4267/6536/1397 4265/6534/1397
f 4241/6571/1396 4255/6572/1396 4242/6537/1396
f 4248/6607/1391 4240/6612/1391 4231/6603/1391
f 4234/6608/1391 4243/6613/1391 4248/6607/1391
f 4232/6599/1391 4242/6614/1391 4234/6608/1391
f 4231/6603/1391 4241/6615/1391 4232/6599/1391
f 4245/6616/1394 4266/6617/1394 4267/6618/1394
f 4240/6619/1392 4254/6620/1392 4241/6621/1392
f 4243/6537/1397 4253/6538/1397 4240/6539/1397
f 4242/6621/1394 4256/6622/1394 4243/6619/1394
f 4236/6623/1391 4250/6599/1391 4237/6624/1391
f 4239/6625/1391 4252/6607/1391 4238/6626/1391
f 4239/6625/1391 4250/6599/1391 4251/6608/1391
f 4238/6626/1391 4249/6603/1391 4236/6623/1391
f 4244/6623/1390 4254/6615/1390 4253/6612/1390
f 4247/6626/1390 4255/6614/1390 4246/6625/1390
f 4246/6625/1390 4254/6615/1390 4245/6624/1390
f 4244/6623/1390 4256/6613/1390 4247/6626/1390
f 4266/6532/1396 4247/6533/1396 4264/6534/1396
f 4247/6627/1392 4265/6618/1392 4264/6617/1392
f 4260/6628/1392 4239/6629/1392 4238/6630/1392
f 4236/6535/1396 4260/6525/1396 4238/6527/1396
f 4263/6631/1394 4236/6630/1394 4237/6629/1394
f 4261/6525/1397 4237/6526/1397 4239/6527/1397
f 4272/6632/1392 4257/6633/1392 4270/6634/1392
f 4269/6518/1396 4272/6519/1396 4270/6520/1396
f 4271/6635/1394 4269/6634/1394 4268/6633/1394
f 4258/6519/1397 4268/6524/1397 4257/6520/1397
f 4270/6636/1395 4261/6625/1395 4260/6626/1395
f 4270/6636/1390 4262/6623/1390 4269/6637/1390
f 4269/6637/1390 4263/6624/1390 4268/6638/1390
f 4268/6638/1390 4261/6625/1390 4257/6639/1390
f 4272/6636/1391 4265/6625/1391 4258/6639/1391
f 4259/6637/1391 4264/6626/1391 4272/6636/1391
f 4259/6637/1393 4267/6624/1393 4266/6623/1393
f 4258/6639/1391 4267/6624/1391 4271/6638/1391
f 4274/6640/1395 4281/6641/1395 4276/6642/1395
f 4286/6640/1391 4277/6641/1391 4278/6648/1391
f 4286/6640/1391 4280/6650/1391 4285/6643/1391
f 4276/6642/1390 4283/6651/1390 4275/6644/1390
f 4285/6643/1391 4279/6651/1391 4287/6644/1391
f 4288/6643/1390 4283/6651/1390 4284/6650/1390
f 4274/6518/1396 4285/6519/1396 4288/6520/1396
f 4281/6652/1394 4308/6653/1394 4307/6654/1394
f 4288/6643/1390 4282/6648/1390 4274/6640/1390
f 4283/6525/1397 4307/6526/1397 4305/6527/1397
f 4297/6655/1392 4279/6656/1392 4280/6657/1392
f 4284/6658/1392 4305/6654/1392 4306/6653/1392
f 4278/6532/1396 4297/6533/1396 4280/6534/1396
f 4308/6535/1396 4284/6525/1396 4306/6527/1396
f 4287/6644/1391 4277/6641/1391 4273/6642/1391
f 4298/6533/1397 4277/6536/1397 4279/6534/1397
f 4301/6537/1397 4292/6538/1397 4304/6539/1397
f 4314/6659/1392 4312/6660/1392 4294/6661/1392
f 4299/6662/1394 4278/6657/1394 4277/6656/1394
f 4302/6663/1394 4289/6664/1394 4301/6665/1394
f 4310/6661/1394 4296/6666/1394 4293/6659/1394
f 4312/6667/1391 4302/6668/1391 4295/6669/1391
f 4293/6551/1397 4313/6552/1397 4314/6553/1397
f 4294/6554/1396 4295/6555/1396 4310/6551/1396
f 4304/6665/1392 4291/6670/1392 4303/6663/1392
f 4206/6671/1390 4295/6669/1390 4296/6672/1390
f 4312/6667/1390 4309/6673/1390 4311/6674/1390
f 4296/6672/1390 4209/6675/1390 4206/6671/1390
f 4324/6562/1396 4309/6563/1396 4323/6564/1396
f 4298/6651/1390 4291/6676/1390 4299/6641/1390
f 4308/6648/1391 4294/6667/1391 4307/6641/1391
f 4305/6651/1391 4294/6667/1391 4310/6669/1391
f 4299/6641/1390 4292/6677/1390 4300/6648/1390
f 4313/6678/1391 4303/6676/1391 4312/6667/1391
f 4323/6679/1394 4206/6680/1394 4219/6681/1394
f 4303/6571/1396 4290/6572/1396 4302/6537/1396
f 4296/6672/1391 4304/6677/1391 4313/6678/1391
f 4295/6669/1391 4301/6682/1391 4296/6672/1391
f 4305/6651/1391 4293/6672/1391 4306/6650/1391
f 4297/6650/1390 4290/6668/1390 4298/6651/1390
f 4300/6648/1390 4289/6682/1390 4297/6650/1390
f 4306/6650/1391 4314/6678/1391 4308/6648/1391
f 4310/6669/1390 4316/6683/1390 4315/6684/1390
f 4220/6681/1392 4311/6685/1392 4324/6679/1392
f 4293/6672/1390 4315/6684/1390 4317/6686/1390
f 4312/6667/1390 4209/6675/1390 4313/6678/1390
f 4318/6687/1390 4293/6672/1390 4317/6686/1390
f 4316/6688/1394 4322/6689/1394 4320/6690/1394
f 4317/6691/1392 4319/6690/1392 4321/6689/1392
f 4294/6667/1390 4318/6687/1390 4316/6683/1390
f 4220/6675/1391 4320/6683/1391 4322/6687/1391
f 4219/6671/1391 4322/6687/1391 4321/6686/1391
f 4319/6684/1391 4219/6671/1391 4321/6686/1391
f 4318/6583/1396 4321/6584/1396 4322/6585/1396
f 4324/6674/1391 4319/6684/1391 4320/6683/1391
f 4315/6586/1397 4320/6587/1397 4319/6584/1397
f 4336/6586/1397 4331/6587/1397 4332/6584/1397
f 4326/6692/1391 4329/6693/1391 4330/6694/1391
f 4329/6693/1391 4327/6695/1391 4331/6696/1391
f 4327/6695/1391 4332/6697/1391 4331/6696/1391
f 4328/6698/1391 4330/6694/1391 4332/6697/1391
f 4333/6583/1396 4330/6584/1396 4329/6585/1396
f 4334/6699/1392 4332/6700/1392 4330/6701/1392
f 4335/6702/1394 4329/6701/1394 4331/6700/1394
f 4338/6703/1390 4333/6693/1390 4335/6696/1390
f 4340/6704/1394 4337/6705/1394 4338/6706/1394
f 4340/6703/1390 4345/6707/1390 4339/6708/1390
f 4325/6709/1392 4341/6710/1392 4327/6711/1392
f 4342/6712/1390 4336/6697/1390 4334/6694/1390
f 4343/6713/1390 4335/6696/1390 4336/6697/1390
f 4333/6693/1390 4342/6712/1390 4334/6694/1390
f 4339/6552/1396 4342/6551/1396 4337/6553/1396
f 4360/6555/1397 4338/6554/1397 4343/6551/1397
f 4346/6714/1392 4343/6706/1392 4342/6705/1392
f 4340/6703/1390 4347/6698/1390 4341/6695/1390
f 4347/6698/1390 4346/6712/1390 4344/6692/1390
f 4346/6712/1390 4345/6707/1390 4344/6692/1390
f 4327/6562/1396 4347/6563/1396 4328/6564/1396
f 4328/6711/1394 4344/6715/1394 4326/6709/1394
f 4326/6564/1397 4345/6716/1397 4325/6717/1397
f 4358/6533/1397 4376/6536/1397 4374/6534/1397
f 4353/6571/1396 4363/6572/1396 4354/6537/1396
f 4346/6712/1391 4352/6718/1391 4339/6708/1391
f 4360/6713/1391 4355/6719/1391 4346/6712/1391
f 4340/6703/1391 4354/6720/1391 4360/6713/1391
f 4339/6708/1391 4353/6721/1391 4340/6703/1391
f 4357/6722/1394 4375/6723/1394 4376/6724/1394
f 4352/6725/1392 4362/6726/1392 4353/6727/1392
f 4355/6537/1397 4361/6538/1397 4352/6539/1397
f 4354/6727/1394 4364/6728/1394 4355/6725/1394
f 4348/6729/1391 4338/6703/1391 4349/6730/1391
f 4351/6731/1391 4342/6712/1391 4350/6732/1391
f 4351/6731/1391 4338/6703/1391 4343/6713/1391
f 4350/6732/1391 4337/6708/1391 4348/6729/1391
f 4357/6730/1390 4361/6718/1390 4356/6729/1390
f 4359/6732/1390 4363/6720/1390 4358/6731/1390
f 4358/6731/1390 4362/6721/1390 4357/6730/1390
f 4356/6729/1390 4364/6719/1390 4359/6732/1390
f 4375/6532/1396 4359/6533/1396 4373/6534/1396
f 4359/6733/1392 4374/6724/1392 4373/6723/1392
f 4369/6734/1392 4351/6735/1392 4350/6736/1392
f 4348/6535/1396 4369/6525/1396 4350/6527/1396
f 4372/6737/1394 4348/6736/1394 4349/6735/1394
f 4370/6525/1397 4349/6526/1397 4351/6527/1397
f 4380/6738/1392 4365/6739/1392 4378/6740/1392
f 4366/6518/1396 4380/6519/1396 4378/6520/1396
f 4367/6741/1394 4366/6740/1394 4377/6739/1394
f 4379/6519/1397 4377/6524/1397 4365/6520/1397
f 4378/6742/1390 4370/6731/1390 4369/6732/1390
f 4378/6742/1390 4371/6729/1390 4366/6743/1390
f 4366/6743/1395 4372/6730/1395 4377/6744/1395
f 4377/6744/1390 4370/6731/1390 4365/6745/1390
f 4380/6742/1391 4374/6731/1391 4379/6745/1391
f 4368/6743/1391 4373/6732/1391 4380/6742/1391
f 4368/6743/1391 4376/6730/1391 4375/6729/1391
f 4379/6745/1391 4376/6730/1391 4367/6744/1391
f 4182/6506/1398 4176/6514/1398 4175/6507/1398
f 4170/6506/1391 4180/6508/1391 4171/6507/1391
f 4170/6506/1391 4172/6514/1391 4174/6516/1391
f 4184/6508/1390 4175/6507/1390 4177/6517/1390
f 4169/6510/1399 4174/6516/1399 4173/6517/1399
f 4181/6510/1390 4183/6509/1390 4177/6517/1390
f 4182/6518/1396 4170/6746/1396 4169/6519/1396
f 4175/6521/1394 4176/6531/1394 4205/6522/1394
f 4179/6519/1397 4180/6747/1397 4184/6524/1397
f 4181/6510/1390 4178/6516/1390 4176/6514/1390
f 4177/6525/1397 4175/6748/1397 4204/6526/1397
f 4194/6528/1392 4195/6543/1392 4173/6529/1392
f 4178/6531/1392 4177/6521/1392 4202/6523/1392
f 4172/6532/1396 4197/6749/1396 4194/6533/1396
f 4205/6535/1396 4176/6750/1396 4178/6525/1396
f 4179/6509/1391 4173/6517/1391 4171/6507/1391
f 4195/6533/1397 4196/6751/1397 4171/6536/1397
f 4198/6537/1397 4185/6572/1397 4188/6538/1397
f 4191/6540/1392 4192/6547/1392 4210/6541/1392
f 4196/6543/1394 4197/6528/1394 4172/6530/1394
f 4199/6544/1394 4186/6556/1394 4185/6545/1394
f 4208/6542/1394 4207/6541/1394 4193/6547/1394
f 4210/6548/1391 4200/6565/1391 4199/6549/1391
f 4189/6551/1397 4193/6555/1397 4192/6552/1397
f 4190/6554/1396 4210/6752/1396 4207/6555/1396
f 4201/6546/1392 4188/6545/1392 4187/6556/1392
f 4235/6557/1390 4206/6559/1390 4207/6550/1390
f 4210/6548/1390 4207/6550/1390 4206/6559/1390
f 4193/6558/1390 4192/6567/1390 4233/6561/1390
f 4220/6562/1396 4209/6753/1396 4206/6563/1396
f 4195/6517/1390 4186/6549/1390 4187/6565/1390
f 4205/6514/1391 4191/6567/1391 4190/6548/1391
f 4202/6517/1391 4204/6507/1391 4190/6548/1391
f 4197/6514/1390 4196/6507/1390 4187/6565/1390
f 4192/6567/1391 4201/6566/1391 4200/6565/1391
f 4219/6568/1394 4206/6576/1394 4235/6569/1394
f 4200/6571/1396 4187/6754/1396 4186/6572/1396
f 4193/6558/1391 4198/6573/1391 4201/6566/1391
f 4207/6550/1391 4199/6549/1391 4198/6573/1391
f 4202/6517/1391 4208/6550/1391 4189/6558/1391
f 4194/6516/1390 4185/6573/1390 4186/6549/1390
f 4197/6514/1390 4188/6566/1390 4185/6573/1390
f 4203/6516/1391 4189/6558/1391 4191/6567/1391
f 4208/6550/1390 4190/6548/1390 4212/6574/1390
f 4221/6570/1392 4233/6755/1392 4209/6576/1392
f 4189/6558/1390 4208/6550/1390 4211/6575/1390
f 4210/6548/1390 4209/6560/1390 4233/6561/1390
f 4214/6578/1390 4191/6567/1390 4189/6558/1390
f 4212/6579/1394 4214/6582/1394 4218/6580/1394
f 4213/6582/1392 4211/6579/1392 4215/6581/1392
f 4190/6548/1390 4191/6567/1390 4214/6578/1390
f 4221/6561/1391 4220/6560/1391 4216/6574/1391
f 4222/6557/1391 4221/6561/1391 4218/6578/1391
f 4215/6575/1391 4219/6559/1391 4222/6557/1391
f 4214/6583/1396 4213/6586/1396 4217/6584/1396
f 4220/6560/1391 4219/6559/1391 4215/6575/1391
f 4211/6586/1397 4212/6756/1397 4216/6587/1397
f 4230/6586/1397 4229/6756/1397 4225/6587/1397
f 4328/6588/1391 4327/6591/1391 4223/6589/1391
f 4327/6591/1391 4221/6593/1391 4225/6592/1391
f 4221/6593/1391 4222/6610/1391 4226/6594/1391
f 4226/6594/1391 4222/6610/1391 4328/6588/1391
f 4227/6583/1396 4228/6586/1396 4224/6584/1396
f 4228/6595/1392 4230/6598/1392 4226/6596/1392
f 4229/6598/1394 4227/6595/1394 4223/6597/1394
f 4250/6599/1390 4249/6603/1390 4227/6589/1390
f 4232/6600/1394 4231/6609/1394 4249/6601/1394
f 4232/6599/1390 4233/6593/1390 4341/6591/1390
f 4327/6604/1392 4341/6757/1392 4233/6605/1392
f 4252/6607/1390 4251/6608/1390 4230/6594/1390
f 4251/6608/1390 4250/6599/1390 4229/6592/1390
f 4227/6589/1390 4249/6603/1390 4252/6607/1390
f 4231/6552/1396 4248/6555/1396 4252/6551/1396
f 4234/6555/1397 4232/6752/1397 4250/6554/1397
f 4248/6609/1392 4234/6600/1392 4251/6602/1392
f 4232/6599/1390 4234/6608/1390 4235/6610/1390
f 4347/6588/1390 4235/6610/1390 4234/6608/1390
f 4248/6607/1390 4231/6603/1390 4341/6591/1390
f 4221/6562/1396 4233/6753/1396 4235/6563/1396
f 4222/6606/1394 4235/6605/1394 4347/6611/1394
f 4246/6533/1397 4245/6751/1397 4267/6536/1397
f 4241/6571/1396 4254/6754/1396 4255/6572/1396
f 4248/6607/1391 4243/6613/1391 4240/6612/1391
f 4234/6608/1391 4242/6614/1391 4243/6613/1391
f 4232/6599/1391 4241/6615/1391 4242/6614/1391
f 4231/6603/1391 4240/6612/1391 4241/6615/1391
f 4245/6616/1394 4244/6627/1394 4266/6617/1394
f 4240/6619/1392 4253/6622/1392 4254/6620/1392
f 4243/6537/1397 4256/6572/1397 4253/6538/1397
f 4242/6621/1394 4255/6620/1394 4256/6622/1394
f 4236/6623/1391 4249/6603/1391 4250/6599/1391
f 4239/6625/1391 4251/6608/1391 4252/6607/1391
f 4239/6625/1391 4237/6624/1391 4250/6599/1391
f 4238/6626/1391 4252/6607/1391 4249/6603/1391
f 4244/6623/1390 4245/6624/1390 4254/6615/1390
f 4247/6626/1390 4256/6613/1390 4255/6614/1390
f 4246/6625/1390 4255/6614/1390 4254/6615/1390
f 4244/6623/1390 4253/6612/1390 4256/6613/1390
f 4266/6532/1396 4244/6749/1396 4247/6533/1396
f 4247/6627/1392 4246/6616/1392 4265/6618/1392
f 4260/6628/1392 4261/6631/1392 4239/6629/1392
f 4236/6535/1396 4262/6750/1396 4260/6525/1396
f 4263/6631/1394 4262/6628/1394 4236/6630/1394
f 4261/6525/1397 4263/6748/1397 4237/6526/1397
f 4272/6632/1392 4258/6635/1392 4257/6633/1392
f 4269/6518/1396 4259/6746/1396 4272/6519/1396
f 4271/6635/1394 4259/6632/1394 4269/6634/1394
f 4258/6519/1397 4271/6747/1397 4268/6524/1397
f 4270/6636/1390 4257/6639/1390 4261/6625/1390
f 4270/6636/1390 4260/6626/1390 4262/6623/1390
f 4269/6637/1398 4262/6623/1398 4263/6624/1398
f 4268/6638/1390 4263/6624/1390 4261/6625/1390
f 4272/6636/1399 4264/6626/1399 4265/6625/1399
f 4259/6637/1391 4266/6623/1391 4264/6626/1391
f 4259/6637/1391 4271/6638/1391 4267/6624/1391
f 4258/6639/1391 4265/6625/1391 4267/6624/1391
f 4274/6640/1390 4282/6648/1390 4281/6641/1390
f 4286/6640/1391 4273/6642/1391 4277/6641/1391
f 4286/6640/1391 4278/6648/1391 4280/6650/1391
f 4276/6642/1390 4281/6641/1390 4283/6651/1390
f 4285/6643/1391 4280/6650/1391 4279/6651/1391
f 4288/6643/1398 4275/6644/1398 4283/6651/1398
f 4274/6518/1396 4286/6746/1396 4285/6519/1396
f 4281/6652/1394 4282/6658/1394 4308/6653/1394
f 4288/6643/1390 4284/6650/1390 4282/6648/1390
f 4283/6525/1397 4281/6748/1397 4307/6526/1397
f 4297/6655/1392 4298/6662/1392 4279/6656/1392
f 4284/6658/1392 4283/6652/1392 4305/6654/1392
f 4278/6532/1396 4300/6749/1396 4297/6533/1396
f 4308/6535/1396 4282/6750/1396 4284/6525/1396
f 4287/6644/1391 4279/6651/1391 4277/6641/1391
f 4298/6533/1397 4299/6751/1397 4277/6536/1397
f 4301/6537/1397 4289/6572/1397 4292/6538/1397
f 4314/6659/1392 4313/6666/1392 4312/6660/1392
f 4299/6662/1394 4300/6655/1394 4278/6657/1394
f 4302/6663/1394 4290/6670/1394 4289/6664/1394
f 4310/6661/1394 4295/6660/1394 4296/6666/1394
f 4312/6667/1391 4303/6676/1391 4302/6668/1391
f 4293/6551/1397 4296/6555/1397 4313/6552/1397
f 4294/6554/1396 4312/6752/1396 4295/6555/1396
f 4304/6665/1392 4292/6664/1392 4291/6670/1392
f 4206/6671/1390 4309/6673/1390 4295/6669/1390
f 4312/6667/1390 4295/6669/1390 4309/6673/1390
f 4296/6672/1390 4313/6678/1390 4209/6675/1390
f 4324/6562/1396 4311/6753/1396 4309/6563/1396
f 4298/6651/1390 4290/6668/1390 4291/6676/1390
f 4308/6648/1391 4314/6678/1391 4294/6667/1391
f 4305/6651/1391 4307/6641/1391 4294/6667/1391
f 4299/6641/1390 4291/6676/1390 4292/6677/1390
f 4313/6678/1391 4304/6677/1391 4303/6676/1391
f 4323/6679/1394 4309/6685/1394 4206/6680/1394
f 4303/6571/1396 4291/6754/1396 4290/6572/1396
f 4296/6672/1391 4301/6682/1391 4304/6677/1391
f 4295/6669/1391 4302/6668/1391 4301/6682/1391
f 4305/6651/1391 4310/6669/1391 4293/6672/1391
f 4297/6650/1390 4289/6682/1390 4290/6668/1390
f 4300/6648/1390 4292/6677/1390 4289/6682/1390
f 4306/6650/1391 4293/6672/1391 4314/6678/1391
f 4310/6669/1390 4294/6667/1390 4316/6683/1390
f 4220/6681/1392 4209/6758/1392 4311/6685/1392
f 4293/6672/1390 4310/6669/1390 4315/6684/1390
f 4312/6667/1390 4311/6674/1390 4209/6675/1390
f 4318/6687/1390 4314/6678/1390 4293/6672/1390
f 4316/6688/1394 4318/6691/1394 4322/6689/1394
f 4317/6691/1392 4315/6688/1392 4319/6690/1392
f 4294/6667/1390 4314/6678/1390 4318/6687/1390
f 4220/6675/1391 4324/6674/1391 4320/6683/1391
f 4219/6671/1391 4220/6675/1391 4322/6687/1391
f 4319/6684/1391 4323/6673/1391 4219/6671/1391
f 4318/6583/1396 4317/6586/1396 4321/6584/1396
f 4324/6674/1391 4323/6673/1391 4319/6684/1391
f 4315/6586/1397 4316/6756/1397 4320/6587/1397
f 4336/6586/1397 4335/6756/1397 4331/6587/1397
f 4326/6692/1391 4325/6707/1391 4329/6693/1391
f 4329/6693/1391 4325/6707/1391 4327/6695/1391
f 4327/6695/1391 4328/6698/1391 4332/6697/1391
f 4328/6698/1391 4326/6692/1391 4330/6694/1391
f 4333/6583/1396 4334/6586/1396 4330/6584/1396
f 4334/6699/1392 4336/6702/1392 4332/6700/1392
f 4335/6702/1394 4333/6699/1394 4329/6701/1394
f 4338/6703/1390 4337/6708/1390 4333/6693/1390
f 4340/6704/1394 4339/6714/1394 4337/6705/1394
f 4340/6703/1390 4341/6695/1390 4345/6707/1390
f 4325/6709/1392 4345/6759/1392 4341/6710/1392
f 4342/6712/1390 4343/6713/1390 4336/6697/1390
f 4343/6713/1390 4338/6703/1390 4335/6696/1390
f 4333/6693/1390 4337/6708/1390 4342/6712/1390
f 4339/6552/1396 4346/6555/1396 4342/6551/1396
f 4360/6555/1397 4340/6752/1397 4338/6554/1397
f 4346/6714/1392 4360/6704/1392 4343/6706/1392
f 4340/6703/1390 4360/6713/1390 4347/6698/1390
f 4347/6698/1390 4360/6713/1390 4346/6712/1390
f 4346/6712/1390 4339/6708/1390 4345/6707/1390
f 4327/6562/1396 4341/6753/1396 4347/6563/1396
f 4328/6711/1394 4347/6710/1394 4344/6715/1394
f 4326/6564/1397 4344/6760/1397 4345/6716/1397
f 4358/6533/1397 4357/6751/1397 4376/6536/1397
f 4353/6571/1396 4362/6754/1396 4363/6572/1396
f 4346/6712/1391 4355/6719/1391 4352/6718/1391
f 4360/6713/1391 4354/6720/1391 4355/6719/1391
f 4340/6703/1391 4353/6721/1391 4354/6720/1391
f 4339/6708/1391 4352/6718/1391 4353/6721/1391
f 4357/6722/1394 4356/6733/1394 4375/6723/1394
f 4352/6725/1392 4361/6728/1392 4362/6726/1392
f 4355/6537/1397 4364/6572/1397 4361/6538/1397
f 4354/6727/1394 4363/6726/1394 4364/6728/1394
f 4348/6729/1391 4337/6708/1391 4338/6703/1391
f 4351/6731/1391 4343/6713/1391 4342/6712/1391
f 4351/6731/1391 4349/6730/1391 4338/6703/1391
f 4350/6732/1391 4342/6712/1391 4337/6708/1391
f 4357/6730/1390 4362/6721/1390 4361/6718/1390
f 4359/6732/1390 4364/6719/1390 4363/6720/1390
f 4358/6731/1390 4363/6720/1390 4362/6721/1390
f 4356/6729/1390 4361/6718/1390 4364/6719/1390
f 4375/6532/1396 4356/6749/1396 4359/6533/1396
f 4359/6733/1392 4358/6722/1392 4374/6724/1392
f 4369/6734/1392 4370/6737/1392 4351/6735/1392
f 4348/6535/1396 4371/6750/1396 4369/6525/1396
f 4372/6737/1394 4371/6734/1394 4348/6736/1394
f 4370/6525/1397 4372/6748/1397 4349/6526/1397
f 4380/6738/1392 4379/6741/1392 4365/6739/1392
f 4366/6518/1396 4368/6746/1396 4380/6519/1396
f 4367/6741/1394 4368/6738/1394 4366/6740/1394
f 4379/6519/1397 4367/6747/1397 4377/6524/1397
f 4378/6742/1398 4365/6745/1398 4370/6731/1398
f 4378/6742/1390 4369/6732/1390 4371/6729/1390
f 4366/6743/1390 4371/6729/1390 4372/6730/1390
f 4377/6744/1390 4372/6730/1390 4370/6731/1390
f 4380/6742/1391 4373/6732/1391 4374/6731/1391
f 4368/6743/1391 4375/6729/1391 4373/6732/1391
f 4368/6743/1391 4367/6744/1391 4376/6730/1391
f 4379/6745/1391 4374/6731/1391 4376/6730/1391
usemtl Glass
f 4182/6506/1391 4183/6509/1391 4181/6510/1391
f 4182/6511/1392 4180/6512/1392 4184/6513/1392
f 4183/6513/1394 4169/6515/1394 4181/6511/1394
f 4179/6509/1390 4170/6506/1390 4169/6510/1390
f 4269/6637/1391 4257/6639/1391 4270/6636/1391
f 4258/6639/1390 4259/6637/1390 4272/6636/1390
f 4288/6643/1391 4276/6642/1391 4275/6644/1391
f 4274/6645/1392 4273/6646/1392 4276/6647/1392
f 4275/6647/1394 4285/6649/1394 4288/6645/1394
f 4276/6524/1396 4287/6519/1396 4275/6520/1396
f 4285/6643/1390 4273/6642/1390 4286/6640/1390
f 4378/6742/1391 4377/6744/1391 4365/6745/1391
f 4380/6742/1390 4367/6744/1390 4368/6743/1390
f 4182/6506/1391 4184/6508/1391 4183/6509/1391
f 4182/6511/1392 4170/6515/1392 4180/6512/1392
f 4183/6513/1394 4179/6512/1394 4169/6515/1394
f 4179/6509/1390 4180/6508/1390 4170/6506/1390
f 4269/6637/1391 4268/6638/1391 4257/6639/1391
f 4258/6639/1390 4271/6638/1390 4259/6637/1390
f 4288/6643/1391 4274/6640/1391 4276/6642/1391
f 4274/6645/1392 4286/6649/1392 4273/6646/1392
f 4275/6647/1394 4287/6646/1394 4285/6649/1394
f 4276/6524/1396 4273/6747/1396 4287/6519/1396
f 4285/6643/1390 4287/6644/1390 4273/6642/1390
f 4378/6742/1391 4366/6743/1391 4377/6744/1391
f 4380/6742/1390 4379/6745/1390 4367/6744/1390
