# Blender 4.5.3 LTS
# www.blender.org
mtllib Odlegla.mtl
o Tobiasz
v 0.510000 0.000000 0.010000
v 2.020000 0.730000 0.010000
v 0.000000 2.000000 -2.020000
v 2.800000 2.000000 -2.020000
v 2.020000 2.000000 0.010000
v 1.100000 0.730000 -2.125000
v 0.510000 2.210000 -2.020000
v 0.280000 2.210000 0.010000
v 1.100000 2.210000 0.010000
v 2.020000 2.210000 -2.020000
v 2.020000 2.210000 0.010000
v 1.100000 2.210000 -2.020000
v 0.280000 2.210000 -2.020000
v 0.510000 0.000000 0.110000
v 0.280000 0.730000 0.110000
v 1.100000 0.730000 0.110000
v 0.510000 0.000000 1.110000
v 1.100000 0.730000 1.110000
v 1.100000 0.730000 -2.065000
v 0.280000 2.000000 -2.065000
v 2.020000 2.000000 -2.125000
v 0.510000 2.000000 -2.125000
v 1.100000 -0.200000 0.210000
v 0.510000 -0.200000 0.210000
v 2.020000 2.000000 0.210000
v 2.020000 0.730000 0.210000
v 2.020000 2.210000 0.210000
v 1.300000 2.210000 -2.065000
v 1.300000 0.730000 0.010000
v 1.300000 2.000000 0.010000
v 1.300000 2.210000 0.010000
v 1.300000 0.730000 -2.065000
v 1.300000 0.730000 -2.125000
v 0.080000 0.730000 -2.325000
v 0.080000 2.000000 -2.325000
v 0.080000 2.210000 -2.325000
v 0.510000 -0.200000 2.110000
v 1.100000 -0.200000 2.110000
v 1.100000 2.210000 2.110000
v 0.080000 -0.200000 2.110000
v 1.300000 0.730000 2.110000
v 1.300000 2.000000 2.110000
v 0.510000 2.210000 2.110000
v 0.080000 2.210000 2.110000
v 0.510000 2.210000 0.010000
v 0.510000 2.000000 0.110000
v 0.510000 2.000000 1.110000
v 1.300000 2.210000 -2.125000
v 1.100000 2.210000 -2.065000
v 1.100000 2.210000 -2.125000
v 0.280000 0.000000 -1.890000
v 0.510000 0.000000 -1.890000
v 1.100000 0.000000 -1.890000
v 2.020000 0.000000 -1.890000
v 0.000000 0.730000 -1.880000
v 2.800000 0.730000 -1.890000
v 0.000000 2.000000 -1.890000
v 2.800000 2.000000 -1.890000
v 1.300000 0.000000 -1.890000
v 1.300000 2.210000 -2.020000
v 0.000000 0.900000 -2.020000
v 2.800000 0.900000 -2.020000
v 2.020000 0.900000 0.010000
v 0.280000 0.900000 0.110000
v 1.100000 0.900000 0.110000
v 1.100000 0.900000 1.110000
v 0.280000 0.900000 -2.065000
v 0.510000 0.900000 -2.125000
v 2.020000 0.900000 -2.125000
v 2.020000 0.900000 0.210000
v 1.300000 0.900000 0.010000
v 0.080000 0.900000 -2.325000
v 1.300000 0.900000 2.110000
v 2.800000 0.900000 -1.890000
v 0.000000 0.900000 -1.890000
v 0.510000 2.440000 -1.890000
v 1.300000 2.440000 -1.890000
v 2.020000 2.440000 0.010000
v 1.100000 2.440000 0.010000
v 0.280000 2.440000 -1.890000
v 2.020000 2.440000 -1.890000
v 1.100000 2.440000 -1.890000
v 0.280000 2.440000 0.010000
v 1.300000 2.440000 0.010000
v 0.510000 2.440000 0.010000
v 1.100000 0.730000 2.310000
v 0.510000 0.730000 2.310000
v 0.080000 0.730000 2.310000
v 1.100000 2.000000 2.310000
v 0.510000 2.000000 2.310000
v 0.080000 2.000000 2.310000
v 0.510000 0.900000 2.310000
v 0.080000 0.900000 2.310000
v 1.100000 0.900000 2.310000
v 0.280000 0.730000 2.110000
v 0.280000 0.900000 2.110000
v 0.510000 0.730000 2.110000
v 0.510000 0.900000 2.110000
v 1.100000 2.210000 1.110000
v 1.100000 -0.200000 1.110000
v 0.080000 -0.200000 1.110000
v 0.510000 -0.200000 1.110000
v 1.300000 0.730000 1.110000
v 0.080000 2.210000 1.110000
v 0.510000 2.210000 1.110000
v 1.300000 2.000000 1.110000
v 1.300000 0.900000 1.110000
v 1.100000 2.210000 0.910000
v 1.100000 -0.200000 0.910000
v 0.510000 2.210000 0.910000
v 0.510000 -0.200000 0.910000
v 1.300000 0.730000 0.910000
v 1.300000 2.000000 0.910000
v 1.300000 0.900000 0.910000
v -0.920000 0.730000 2.110000
v -0.920000 0.900000 2.110000
v -0.920000 2.000000 2.110000
v -0.920000 0.730000 1.110000
v -0.920000 0.900000 1.110000
v -0.920000 2.000000 1.110000
v 0.510000 0.001000 -2.020000
v 0.510000 0.000000 -2.019000
v 0.000000 0.001000 0.009000
v 0.001000 0.001000 0.010000
v 0.001000 0.000000 0.009000
v 0.001000 0.000000 -2.019000
v 0.001000 0.001000 -2.020000
v 0.000000 0.001000 -2.019000
v 0.279000 0.001000 0.010000
v 0.280000 0.001000 0.011000
v 0.281000 0.000000 0.009000
v 1.101000 0.001000 0.010000
v 1.099000 0.000000 0.009000
v 1.100000 0.001000 0.011000
v 2.799000 0.000000 0.009000
v 2.799000 0.001000 0.010000
v 2.800000 0.001000 0.009000
v 2.800000 0.001000 -2.019000
v 2.799000 0.001000 -2.020000
v 2.799000 0.000000 -2.019000
v 2.020000 0.001000 -2.020000
v 2.020000 0.000000 -2.019000
v 2.020000 0.000000 0.009000
v 2.020000 0.001000 0.010000
v 1.100000 0.000000 -2.019000
v 1.100000 0.001000 -2.020000
v 0.280000 0.000000 -2.019000
v 0.280000 0.001000 -2.020000
v 0.510000 0.730000 -2.021000
v 0.510000 0.729000 -2.020000
v 0.000000 0.730000 0.009000
v 0.001000 0.730000 0.010000
v 0.001000 0.730000 -2.021000
v 0.000000 0.731000 -2.019000
v 0.001000 0.729000 -2.020000
v 0.279000 0.730000 0.010000
v 0.280000 0.730000 0.011000
v 1.100000 0.730000 0.011000
v 1.101000 0.730000 0.010000
v 2.799000 0.730000 0.010000
v 2.800000 0.730000 0.009000
v 2.799000 0.730000 -2.021000
v 2.799000 0.729000 -2.020000
v 2.800000 0.731000 -2.019000
v 2.020000 0.730000 -2.021000
v 2.020000 0.729000 -2.020000
v 1.100000 0.729000 -2.020000
v 1.100000 0.730000 -2.021000
v 0.280000 0.729000 -2.020000
v 0.280000 0.730000 -2.021000
v 0.001000 2.000000 0.010000
v 0.000000 2.000000 0.009000
v 0.280000 1.999000 0.011000
v 0.279000 2.001000 0.010000
v 0.281000 2.000000 0.011000
v 1.100000 1.999000 0.011000
v 1.099000 2.000000 0.011000
v 1.101000 2.001000 0.010000
v 2.800000 2.000000 0.009000
v 2.799000 2.000000 0.010000
v 0.511000 0.730000 -2.125000
v 0.510000 0.731000 -2.125000
v 2.020000 0.731000 -2.125000
v 2.019000 0.730000 -2.125000
v 0.000000 2.210000 0.009000
v 0.001000 2.210000 0.010000
v 0.001000 2.210000 -2.020000
v 0.000000 2.209000 -2.020000
v 2.799000 2.210000 0.010000
v 2.800000 2.210000 0.009000
v 2.800000 2.209000 -2.020000
v 2.799000 2.210000 -2.020000
v 0.510000 2.210000 -1.891000
v 0.510000 2.211000 -1.890000
v 0.000000 2.469000 0.009000
v 0.001000 2.470000 0.009000
v 0.001000 2.469000 0.010000
v 0.280000 2.211000 -1.890000
v 0.280000 2.210000 -1.891000
v 0.280000 2.470000 0.009000
v 0.280000 2.469000 0.010000
v 1.100000 2.469000 0.010000
v 1.100000 2.470000 0.009000
v 2.799000 2.470000 0.009000
v 2.800000 2.469000 0.009000
v 2.799000 2.469000 0.010000
v 2.020000 2.210000 -1.891000
v 2.020000 2.211000 -1.890000
v 1.300000 2.210000 -1.891000
v 1.300000 2.211000 -1.890000
v 2.020000 2.469000 0.010000
v 2.020000 2.470000 0.009000
v 1.100000 2.211000 -1.890000
v 1.100000 2.210000 -1.891000
v 0.280000 0.001000 0.110000
v 0.281000 0.000000 0.110000
v 1.099000 0.000000 0.110000
v 1.100000 0.001000 0.110000
v 0.281000 2.000000 0.110000
v 0.280000 1.999000 0.110000
v 1.100000 1.999000 0.110000
v 1.099000 2.000000 0.110000
v 0.279000 0.001000 1.110000
v 0.281000 0.000000 1.111000
v 0.280000 0.001000 1.109000
v 1.099000 0.000000 1.110000
v 1.100000 0.001000 1.110000
v 0.280000 0.730000 1.109000
v 0.279000 0.730000 1.110000
v 0.280000 1.999000 1.109000
v 0.281000 2.000000 1.111000
v 0.279000 1.999000 1.110000
v 1.100000 1.999000 1.110000
v 1.099000 2.000000 1.110000
v 0.280000 0.730000 -2.064000
v 0.280000 0.731000 -2.065000
v 0.000000 0.731000 -2.064000
v 0.001000 0.730000 -2.064000
v 0.001000 0.731000 -2.065000
v 2.800000 0.731000 -2.064000
v 2.799000 0.731000 -2.065000
v 2.799000 0.730000 -2.064000
v 2.021000 0.731000 -2.065000
v 2.020000 0.731000 -2.066000
v 2.019000 0.730000 -2.064000
v 0.509000 0.731000 -2.065000
v 0.511000 0.730000 -2.064000
v 0.510000 0.731000 -2.066000
v 0.001000 2.000000 -2.065000
v 0.000000 2.000000 -2.064000
v 2.800000 2.000000 -2.064000
v 2.799000 2.000000 -2.065000
v 2.020000 2.000000 -2.066000
v 2.021000 2.000000 -2.065000
v 0.509000 2.000000 -2.065000
v 0.510000 2.000000 -2.066000
v 0.280000 2.209000 -2.065000
v 0.280000 2.210000 -2.064000
v 0.000000 2.209000 -2.064000
v 0.001000 2.209000 -2.065000
v 0.001000 2.210000 -2.064000
v 2.800000 2.209000 -2.064000
v 2.799000 2.210000 -2.064000
v 2.799000 2.209000 -2.065000
v 2.021000 2.209000 -2.065000
v 2.019000 2.210000 -2.064000
v 2.020000 2.209000 -2.066000
v 1.100000 0.730000 -2.324000
v 1.100000 0.729000 -2.325000
v 2.019000 0.730000 -2.324000
v 2.020000 0.731000 -2.324000
v 2.021000 0.729000 -2.325000
v 0.509000 0.729000 -2.325000
v 0.510000 0.731000 -2.324000
v 0.511000 0.730000 -2.324000
v 2.021000 2.000000 -2.325000
v 2.020000 2.000000 -2.324000
v 0.510000 2.000000 -2.324000
v 0.509000 2.000000 -2.325000
v 1.100000 2.670000 -2.324000
v 1.100000 2.669000 -2.325000
v 2.020000 2.670000 -2.324000
v 2.020000 2.669000 -2.325000
v 0.510000 2.669000 -2.325000
v 0.510000 2.670000 -2.324000
v 1.100000 2.669000 0.210000
v 1.100000 2.670000 0.209000
v 2.020000 2.669000 0.210000
v 2.020000 2.670000 0.209000
v 0.510000 2.670000 0.209000
v 0.510000 2.669000 0.210000
v 1.100000 -0.199000 -2.325000
v 1.100000 -0.200000 -2.324000
v 2.020000 -0.199000 -2.325000
v 2.020000 -0.200000 -2.324000
v 0.510000 -0.200000 -2.324000
v 0.510000 -0.199000 -2.325000
v 2.020000 -0.200000 0.209000
v 2.020000 -0.199000 0.210000
v 3.000000 0.730000 -2.324000
v 2.999000 0.730000 -2.325000
v 3.000000 2.000000 -2.324000
v 2.999000 2.000000 -2.325000
v 3.000000 2.669000 -2.324000
v 2.999000 2.669000 -2.325000
v 2.999000 2.670000 -2.324000
v 3.000000 2.669000 0.209000
v 2.999000 2.670000 0.209000
v 2.999000 2.669000 0.210000
v 2.999000 -0.199000 -2.325000
v 3.000000 -0.199000 -2.324000
v 2.999000 -0.200000 -2.324000
v 2.999000 -0.200000 0.209000
v 3.000000 -0.199000 0.209000
v 2.999000 -0.199000 0.210000
v 2.999000 2.000000 0.210000
v 3.000000 2.000000 0.209000
v 3.000000 0.730000 0.209000
v 2.999000 0.730000 0.210000
v -0.199000 0.730000 -2.325000
v -0.200000 0.730000 -2.324000
v -0.199000 2.000000 -2.325000
v -0.200000 2.000000 -2.324000
v -0.199000 2.669000 -2.325000
v -0.200000 2.669000 -2.324000
v -0.199000 2.670000 -2.324000
v 1.100000 2.210999 -2.325000
v 1.100000 2.210000 -2.324000
v -0.200000 -0.199000 -2.324000
v -0.199000 -0.199000 -2.325000
v -0.199000 -0.200000 -2.324000
v -0.200000 0.730000 0.209000
v -0.199000 0.730000 0.210000
v -0.200000 2.000000 0.209000
v -0.199000 2.000000 0.210000
v -0.199000 2.669000 0.210000
v -0.199000 2.670000 0.209000
v -0.200000 2.669000 0.209000
v -0.199000 -0.199000 0.210000
v -0.200000 -0.199000 0.209000
v -0.199000 -0.200000 0.209000
v 2.020000 2.209000 -2.324000
v 2.019000 2.210000 -2.324000
v 2.021000 2.210999 -2.325000
v 2.999000 2.210000 -2.325000
v 3.000000 2.210000 -2.324000
v 3.000000 2.210000 0.209000
v 2.999000 2.210000 0.210000
v -0.199000 2.210000 -2.325000
v -0.200000 2.210000 -2.324000
v -0.200000 2.210000 0.209000
v -0.199000 2.210000 0.210000
v 1.100000 2.210000 0.211000
v 1.100000 2.210999 0.210000
v 0.510000 2.210999 0.210000
v 0.510000 2.210000 0.211000
v 1.300000 2.669000 -2.325000
v 1.300000 2.670000 -2.324000
v 1.300000 2.670000 0.209000
v 1.300000 2.669000 0.210000
v 1.299000 2.210000 0.211000
v 1.300000 2.209000 0.211000
v 1.301000 2.210999 0.210000
v 1.300000 0.001000 -2.020000
v 1.300000 0.000000 -2.019000
v 1.300000 0.000000 0.009000
v 1.300000 0.001000 0.010000
v 1.300000 0.730000 -2.021000
v 1.300000 0.729000 -2.020000
v 1.300000 2.469000 0.010000
v 1.300000 2.470000 0.009000
v 1.300000 0.729000 -2.325000
v 1.300000 0.730000 -2.324000
v 1.300000 -0.200000 -2.324000
v 1.300000 -0.199000 -2.325000
v 1.301000 -0.199000 0.210000
v 1.300000 -0.199000 0.211000
v 1.299000 -0.200000 0.209000
v 1.300000 2.000000 0.211000
v 1.301000 2.000000 0.210000
v 1.300000 0.730000 0.211000
v 1.301000 0.730000 0.210000
v 0.080000 2.669000 -2.325000
v 0.080000 2.670000 -2.324000
v 0.080000 -0.199000 -2.325000
v 0.080000 -0.200000 -2.324000
v 0.079000 -0.199000 0.210000
v 0.081000 -0.200000 0.209000
v 0.080000 -0.199000 0.211000
v 0.080000 2.670000 0.209000
v 0.080000 2.669000 0.210000
v 0.079000 0.730000 0.210000
v 0.080000 0.730000 0.211000
v 0.079000 2.000000 0.210000
v 0.080000 2.000000 0.211000
v 0.080000 2.209000 0.211000
v 0.081000 2.210000 0.211000
v 0.079000 2.210999 0.210000
v 1.299000 2.210000 2.110000
v 1.300000 2.209000 2.110000
v 1.299000 -0.200000 2.110000
v 1.300000 -0.199000 2.110000
v -0.720000 0.730000 2.109000
v -0.719000 0.730000 2.110000
v -0.719000 0.000000 2.109000
v -0.720000 0.001000 2.109000
v -0.719000 0.001000 2.110000
v 0.510000 2.470000 0.009000
v 0.510000 2.469000 0.010000
v 0.510000 2.000000 0.011000
v 0.510000 2.001000 0.010000
v 1.300000 2.209000 1.110000
v 1.299000 2.210000 1.110000
v 2.020000 2.209000 -2.125000
v 2.019000 2.210000 -2.125000
v 1.300000 2.210000 -2.324000
v 1.300000 2.210999 -2.325000
v 0.510000 2.209000 -2.066000
v 0.511000 2.210000 -2.064000
v 0.509000 2.209000 -2.065000
v 0.511000 2.210000 -2.324000
v 0.510000 2.209000 -2.324000
v 0.509000 2.210999 -2.325000
v 0.511000 2.210000 -2.125000
v 0.510000 2.209000 -2.125000
v 0.001000 0.000000 -1.880036
v 0.000000 0.001000 -1.880000
v 2.799000 0.000000 -1.890000
v 2.800000 0.001000 -1.890000
v 0.001000 2.210000 -1.891000
v 0.001000 2.211000 -1.890000
v 0.000000 2.209000 -1.889000
v 2.799000 2.210000 -1.891000
v 2.800000 2.209000 -1.889000
v 2.799000 2.211000 -1.890000
v 0.000000 2.469000 -1.889000
v 0.001000 2.469000 -1.890000
v 0.001000 2.470000 -1.889000
v 2.800000 2.469000 -1.889000
v 2.799000 2.470000 -1.889000
v 2.799000 2.469000 -1.890000
v 1.100000 2.469000 -1.890000
v 1.100000 2.470000 -1.889000
v 1.300000 2.469000 -1.890000
v 1.300000 2.470000 -1.889000
v 2.020000 2.469000 -1.890000
v 2.020000 2.470000 -1.889000
v 0.280000 2.469000 -1.890000
v 0.280000 2.470000 -1.889000
v 0.510000 2.469000 -1.890000
v 0.510000 2.470000 -1.889000
v 0.000000 0.900000 0.009000
v 0.001000 0.900000 0.010000
v 0.279000 0.900000 0.010000
v 0.280000 0.900000 0.011000
v 2.799000 0.900000 0.010000
v 2.800000 0.900000 0.009000
v 1.101000 0.900000 0.010000
v 1.100000 0.900000 0.011000
v 0.280000 0.900000 1.109000
v 0.279000 0.900000 1.110000
v 0.000000 0.900000 -2.064000
v 0.001000 0.900000 -2.065000
v 0.510000 0.900000 -2.066000
v 0.509000 0.900000 -2.065000
v 2.021000 0.900000 -2.065000
v 2.020000 0.900000 -2.066000
v 2.799000 0.900000 -2.065000
v 2.800000 0.900000 -2.064000
v 0.509000 0.900000 -2.325000
v 0.510000 0.900000 -2.324000
v 2.020000 0.900000 -2.324000
v 2.021000 0.900000 -2.325000
v 2.999000 0.900000 -2.325000
v 3.000000 0.900000 -2.324000
v 3.000000 0.900000 0.209000
v 2.999000 0.900000 0.210000
v -0.200000 0.900000 -2.324000
v -0.199000 0.900000 -2.325000
v -0.199000 0.900000 0.210000
v -0.200000 0.900000 0.209000
v 1.301000 0.900000 0.210000
v 1.300000 0.900000 0.211000
v 0.080000 0.900000 0.211000
v 0.079000 0.900000 0.210000
v -0.720000 1.999000 1.111000
v -0.719000 1.999000 1.110000
v -0.719000 2.000000 1.111000
v 1.299000 -0.200000 1.110000
v 1.300000 -0.199000 1.110000
v 2.800000 2.440000 0.009000
v 2.799000 2.440000 0.010000
v 0.000000 2.440000 0.009000
v 0.001000 2.440000 0.010000
v 0.000000 2.440000 -1.889000
v 0.001000 2.440000 -1.890000
v 2.799000 2.440000 -1.890000
v 2.800000 2.440000 -1.889000
v 1.100000 -0.199000 2.310000
v 1.100000 -0.200000 2.309000
v 1.300000 -0.199000 2.309000
v 1.299000 -0.199000 2.310000
v 1.299000 -0.200000 2.309000
v 1.100000 2.210000 2.309000
v 1.100000 2.209000 2.310000
v 1.300000 2.209000 2.309000
v 1.299000 2.210000 2.309000
v 1.299000 2.209000 2.310000
v 0.510000 -0.199000 2.310000
v 0.510000 -0.200000 2.309000
v 0.080000 -0.200000 2.309000
v 0.080000 -0.199000 2.310000
v 1.300000 0.730000 2.309000
v 1.299000 0.730000 2.310000
v 1.300000 2.000000 2.309000
v 1.299000 2.000000 2.310000
v 1.299000 0.900000 2.310000
v 1.300000 0.900000 2.309000
v 0.510000 2.209000 2.310000
v 0.510000 2.210000 2.309000
v 0.080000 2.210000 2.309000
v 0.080000 2.209000 2.310000
v 0.510000 0.000000 2.109000
v 0.510000 0.001000 2.110000
v 1.100000 0.001000 2.109000
v 1.099000 0.000000 2.109000
v 1.099000 0.001000 2.110000
v 0.280000 0.000000 2.109000
v 0.280000 0.001000 2.110000
v 1.099000 0.730000 2.110000
v 1.100000 0.730000 2.109000
v 1.100000 0.900000 2.109000
v 1.099000 0.900000 2.110000
v 1.099000 2.000000 2.109000
v 1.100000 1.999000 2.109000
v 1.099000 1.999000 2.110000
v 0.510000 1.999000 2.110000
v 0.510000 2.000000 2.109000
v 0.280000 1.999000 2.110000
v 0.280000 2.000000 2.109000
v -0.720000 0.900000 1.111000
v -0.719000 0.900000 1.110000
v -0.719000 0.001000 1.110000
v -0.720000 0.001000 1.111000
v -0.719000 0.000000 1.111000
v -0.720000 0.730000 1.111000
v -0.719000 0.730000 1.110000
v 1.300000 -0.199000 0.910000
v 1.299000 -0.200000 0.910000
v 0.080000 2.000000 0.909000
v 0.079000 2.000000 0.910000
v 1.300000 2.209000 0.910000
v 1.299000 2.210000 0.910000
v 0.079000 -0.199000 0.910000
v 0.080000 -0.199000 0.909000
v 0.081000 -0.200000 0.911000
v 0.080000 0.730000 0.909000
v 0.079000 0.730000 0.910000
v 0.079000 2.209000 0.910000
v 0.081000 2.210000 0.911000
v 0.080000 2.209000 0.909000
v 0.079000 0.900000 0.910000
v 0.080000 0.900000 0.909000
v -0.920000 -0.199000 1.110000
v -0.919000 -0.200000 1.110000
v -0.919000 -0.200000 2.110000
v -0.920000 -0.199000 2.110000
v -0.919000 -0.199000 2.310000
v -0.920000 -0.199000 2.309000
v -0.919000 -0.200000 2.309000
v -0.920000 2.209000 2.110000
v -0.919000 2.210000 2.110000
v -0.919000 2.210000 1.110000
v -0.920000 2.209000 1.110000
v -0.919000 0.730000 2.310000
v -0.920000 0.730000 2.309000
v -0.919000 0.900000 2.310000
v -0.920000 0.900000 2.309000
v -0.919000 2.209000 2.310000
v -0.919000 2.210000 2.309000
v -0.920000 2.209000 2.309000
v -0.920000 2.000000 2.309000
v -0.919000 2.000000 2.310000
v -0.919000 -0.199000 0.910000
v -0.919000 -0.200000 0.911000
v -0.920000 -0.199000 0.911000
v -0.919000 0.730000 0.910000
v -0.920000 0.730000 0.911000
v -0.919000 2.209000 0.910000
v -0.920000 2.209000 0.911000
v -0.919000 2.210000 0.911000
v -0.920000 0.900000 0.911000
v -0.919000 0.900000 0.910000
v -0.919000 2.000000 0.910000
v -0.920000 2.000000 0.911000
v -0.720000 0.900000 2.109000
v -0.719000 0.900000 2.110000
v -0.719000 2.000000 2.109000
v -0.719000 1.999000 2.110000
v -0.720000 1.999000 2.109000
vn 1.0000 -0.0000 -0.0000
vn -0.0000 -1.0000 -0.0000
vn -1.0000 -0.0000 -0.0000
vn -0.0000 1.0000 -0.0000
vn -0.0000 -0.0000 -1.0000
vn -0.0000 -0.0000 1.0000
vn 0.5774 0.5774 -0.5774
vn 0.5774 0.5773 0.5774
vn 0.3015 0.9045 -0.3015
vn -0.3015 0.9045 -0.3016
vn -0.5774 0.5773 -0.5773
vn -0.5774 0.5773 0.5773
vn 0.9045 0.3015 0.3015
vn -0.9046 0.3015 0.3014
vn 0.3014 -0.3015 -0.9046
vn -0.3014 -0.3015 -0.9046
vn 0.5775 -0.5773 -0.5773
vn -0.5775 -0.5773 -0.5772
vn 0.3015 0.9045 0.3015
vn 0.3016 -0.9045 0.3015
vn 0.5773 0.5775 0.5773
vn -0.3016 0.9045 0.3015
vn 0.5772 -0.5775 0.5773
vn -0.5774 -0.5774 0.5774
vn -0.3014 -0.9046 0.3015
vn -0.3016 0.3015 -0.9045
vn 0.3015 0.3014 -0.9046
vn 0.5773 0.5774 0.5773
vn 0.5773 -0.5772 -0.5775
vn 0.5773 -0.5773 0.5775
vn -0.5773 0.5773 -0.5774
vn -0.5774 -0.5773 -0.5774
vn -0.5773 0.5774 0.5774
vn -0.5773 -0.5774 0.5773
vn -0.3015 -0.3014 -0.9046
vn 0.3015 0.3015 0.9045
vn 0.3015 -0.9046 0.3014
vn -0.3015 -0.9045 0.3015
vn -0.3015 0.3015 0.9045
vn 0.5773 0.5774 -0.5773
vn 0.3014 -0.9046 0.3015
vn 0.3015 -0.3015 -0.9046
vn 0.9045 -0.3016 0.3015
vn -0.9045 -0.3016 0.3016
vn 0.5775 -0.5772 0.5773
vn -0.5775 -0.5773 0.5773
vn 0.5774 -0.5773 0.5774
vn 0.5773 -0.5772 0.5775
vn 0.5773 0.5773 0.5775
vn -0.5773 0.5775 -0.5773
vn -0.5774 -0.5774 -0.5773
vn 0.5773 0.5773 0.5774
vn -0.3015 -0.9045 -0.3015
vn -0.3013 0.9046 -0.3015
vn -0.5774 -0.5773 0.5774
vn -0.5773 0.5773 0.5774
vn -0.5773 0.5774 -0.5774
vn 0.5774 -0.5774 -0.5773
vn -0.0000 0.7070 0.7072
vn 0.7071 0.7071 -0.0000
vn -0.0000 0.7071 -0.7071
vn -0.7071 0.7071 -0.0000
vn -0.0000 0.7071 0.7071
vn -0.0000 0.7072 0.7071
vn 0.7071 -0.0000 0.7071
vn -0.7073 -0.0000 -0.7069
vn 0.7071 -0.0000 -0.7071
vn -0.7070 -0.0000 -0.7072
vn -0.7073 -0.0000 0.7069
vn 0.7071 -0.7071 -0.0000
vn -0.7070 -0.7072 -0.0000
vn -0.7071 -0.0000 -0.7071
vn 0.7071 0.7072 -0.0000
vn -0.0000 -0.7071 -0.7071
vn -0.0000 -0.7072 0.7070
vn -0.7071 -0.7071 -0.0000
vn -0.0000 0.7071 0.7072
vn -0.7070 -0.0000 0.7072
vn -0.7072 -0.0000 0.7070
vn -0.0000 -0.7071 0.7071
vn -0.7071 -0.0000 0.7071
vn -0.0000 0.7070 -0.7072
vn 0.7071 -0.0000 -0.7072
vn -0.0000 -0.7072 -0.7071
vn 0.7072 -0.0000 -0.7070
vn 0.7069 -0.0000 -0.7073
vn 0.7072 -0.0000 0.7071
vn 0.7070 -0.0000 0.7072
vn -0.0000 -0.7070 -0.7072
vn -0.0000 -0.7072 0.7071
vn -0.0000 -0.7071 -0.7072
vn 0.7071 -0.0000 0.7072
vn 0.7072 0.7070 -0.0000
vn 0.7072 -0.0000 0.7070
vn -0.7070 -0.7073 -0.0000
vn -0.7072 -0.7070 -0.0000
vn -0.0000 -0.7072 -0.7070
vn 0.7073 -0.7070 -0.0000
vn -0.0000 -0.7071 0.7072
vn -0.0000 -0.7070 0.7072
vn -0.7072 -0.0000 0.7071
vn -0.7072 -0.0000 -0.7070
vn -0.7071 -0.0000 -0.7072
vn -0.7071 -0.0000 0.7072
vn -0.0000 0.7072 0.7070
vn 0.7070 0.7072 -0.0000
vn 0.7069 0.7073 -0.0000
vn -0.7073 0.7069 -0.0000
vn -0.7069 0.7073 -0.0000
vn -0.7070 0.7072 -0.0000
vn 0.7070 -0.0000 -0.7072
vn 0.7070 -0.7072 -0.0000
vn -0.7072 -0.7071 -0.0000
vn 0.7072 -0.7070 -0.0000
vn -0.7072 -0.0000 -0.7071
vn -0.7072 0.7070 -0.0000
vn -0.0000 0.7072 -0.7070
vn -0.7073 -0.7069 -0.0000
vn 0.7069 -0.7073 -0.0000
vn 0.7069 -0.0000 0.7073
vn -0.7073 0.7070 -0.0000
vt 2.218273 0.092574
vt 2.088273 1.192574
vt 2.088273 0.092574
vt 0.716334 2.218273
vt 0.916334 2.263273
vt 0.916334 2.218273
vt 0.098273 -0.077426
vt -0.901727 0.092574
vt 0.098273 0.092574
vt 0.716334 2.323273
vt 0.716334 2.263273
vt 0.916334 1.192574
vt 1.636334 1.402574
vt 1.636334 1.192574
vt 0.916334 0.092574
vt 1.636334 0.092574
vt 0.126334 -0.901727
vt -0.303666 -1.901727
vt 0.126334 -1.901728
vt -0.901727 1.192574
vt -1.901728 0.092574
vt -0.901727 0.092574
vt 0.716334 -1.901727
vt 0.716334 -0.901727
vt 0.126334 -0.901727
vt -0.303666 -0.901727
vt 0.716334 -0.901727
vt 0.916334 2.323273
vt 2.218273 1.192574
vt -1.901728 -0.077426
vt -0.901727 -0.077426
vt 0.916334 -0.077426
vt 1.636334 -0.077426
vt 0.126334 1.402574
vt 0.716334 1.632574
vt 0.716334 1.402574
vt 0.916334 1.402574
vt 1.636334 1.632574
vt -0.103666 1.402574
vt 0.126334 1.632574
vt 0.916334 1.632574
vt 0.126334 0.092574
vt -0.303666 1.192574
vt -0.303666 0.092574
vt 0.716334 0.092574
vt 0.126334 1.192574
vt 0.716334 -0.077426
vt 0.126334 -0.077426
vt -0.303666 -0.077426
vt 0.126334 0.092574
vt -0.103666 -0.077426
vt -0.103666 0.092574
vt -0.701727 0.092574
vt -0.701727 -0.077426
vt 0.716334 -0.701727
vt 0.126334 -0.701727
vt 0.126334 -0.701727
vt 0.716334 -0.701727
vt -0.701727 1.192574
vt 0.716334 -0.001727
vt 0.126334 -0.001727
vt -0.901727 -0.077426
vt -1.901727 0.092574
vt -0.901727 0.092574
vt -1.901727 1.192574
vt -0.901727 1.192574
vt -0.383666 -0.806426
vt -0.382666 -0.806426
vt -0.382666 -0.807426
vt -0.382666 -0.807426
vt -0.104666 -0.806426
vt -0.103666 -0.806426
vt -0.103666 -0.807426
vt 0.717334 -0.806426
vt 0.716334 -0.807426
vt 0.716334 -0.806426
vt 2.415334 -0.807426
vt 2.415334 -0.806426
vt 2.416334 -0.806426
vt 2.415334 -0.806426
vt 2.415334 -0.807426
vt 2.219273 -0.077426
vt 2.217339 -0.076426
vt 2.218273 -0.077426
vt 2.415334 -0.077426
vt 2.415335 -0.078426
vt 2.416334 -0.077426
vt -0.103666 1.191574
vt -0.104666 1.193574
vt -0.102671 1.192574
vt 0.716334 1.191574
vt 0.715336 1.192574
vt 0.717334 1.193574
vt 0.199267 1.661574
vt 0.199268 1.662574
vt 0.198273 1.661574
vt 0.199268 1.662574
vt 0.199268 1.661574
vt -0.104666 -0.901727
vt -0.102666 -0.902727
vt -0.103666 -0.901727
vt -0.103666 -0.900727
vt -0.102666 -0.902727
vt -0.104665 -0.901727
vt 2.262273 -0.076426
vt 2.262273 -0.077426
vt 2.263273 -0.076426
vt 2.263273 -0.076426
vt 2.262273 -0.077426
vt 1.637334 -0.076426
vt 1.636334 -0.076426
vt 0.125334 2.263273
vt 0.127334 2.262273
vt 0.126334 2.264254
vt 2.262273 1.401574
vt 2.263273 1.401574
vt 2.262273 1.402574
vt 2.262273 1.401574
vt 2.262273 1.402574
vt 2.263273 1.401574
vt 1.637334 2.263273
vt 1.635334 2.262273
vt 1.636334 2.264254
vt 1.635334 2.522272
vt 1.636334 2.522272
vt 1.636334 2.523273
vt 2.523273 -0.077426
vt 2.522273 -0.076426
vt 2.522273 -0.077426
vt 2.616334 1.861574
vt 2.615334 1.861574
vt 2.615334 1.862574
vt 2.616334 -0.000731
vt 2.615334 -0.000731
vt 2.615334 -0.001727
vt 2.615334 -1.006426
vt 2.616334 -1.006426
vt 2.615334 -1.007426
vt 2.615334 -0.000731
vt 2.616334 -0.000731
vt 2.615334 -0.001727
vt -0.582666 1.861574
vt -0.583666 1.861574
vt -0.582666 1.862574
vt -0.583666 -1.006426
vt -0.582666 -1.006426
vt -0.582666 -1.007426
vt -0.582666 -0.001727
vt -0.582666 -0.000731
vt -0.583666 -0.000731
vt -0.582666 -1.006426
vt 1.636334 2.522272
vt 1.635334 2.522273
vt -0.002727 1.402574
vt -0.002727 1.401574
vt -0.001727 1.402574
vt 0.917334 -1.006426
vt 0.916334 -1.006426
vt 0.916334 -1.007426
vt -0.304666 -0.001727
vt -0.302666 -0.000731
vt -0.303666 -0.002726
vt -0.303666 -0.002727
vt -0.302666 -0.002727
vt -0.303666 -0.001727
vt -1.102666 -1.900727
vt -1.103666 -1.900727
vt -1.102666 -1.901727
vt 0.126334 2.264273
vt 0.127334 2.262273
vt 0.125339 2.263273
vt 0.127334 2.522272
vt 0.126334 2.522272
vt 0.126334 2.523273
vt -0.382666 2.089273
vt -0.382666 2.088273
vt -0.383666 2.088273
vt 2.089273 1.402574
vt 2.087278 1.401574
vt 2.088273 1.403569
vt 2.087278 1.661574
vt 2.088273 1.661574
vt 2.087278 1.662574
vt 2.087278 1.661574
vt 2.087278 1.662574
vt 2.088273 1.661574
vt -1.103666 1.191574
vt -1.102666 1.191574
vt -1.102666 1.192574
vt -2.100728 -1.006426
vt -2.101727 -1.006426
vt -2.100728 -1.007426
vt -2.100728 1.401574
vt -2.100728 1.402574
vt -2.101727 1.401574
vt -1.900727 -0.806426
vt -1.900727 -0.807426
vt -1.901727 -0.806426
vt 0.715334 -1.900727
vt 0.716334 -1.900727
vt 0.715334 -1.901727
vt -1.102666 -0.806426
vt -1.103666 -0.806426
vt -1.102666 -0.807426
vt -0.304666 -1.006426
vt -0.303666 -1.006426
vt -0.303666 -1.007426
vt -0.304666 -0.701727
vt -0.302666 -0.702727
vt -0.303666 -0.700729
vt -1.302666 -1.006426
vt -1.303666 -1.006426
vt -1.302666 -1.007426
vt -1.302666 -2.101727
vt -1.302666 -2.100727
vt -1.303666 -2.100728
vt -1.302666 -0.701727
vt -1.302666 -0.702727
vt -1.303666 -0.702727
vt -1.302666 1.401574
vt -1.303666 1.401574
vt -1.302666 1.402574
vt -1.102666 -1.900727
vt -1.103666 -1.900727
vt -0.103666 -0.807426
vt -0.103666 -0.806426
vt 2.088273 -0.806426
vt 0.199273 -0.807426
vt 2.088275 -0.807426
vt 1.636334 -0.807426
vt 1.636334 -0.806426
vt 2.217273 -0.806426
vt 2.088273 -0.807426
vt 2.088273 -0.806426
vt 1.636334 -0.806426
vt 0.916334 -0.806426
vt 0.916334 -0.807426
vt 0.916334 -0.807426
vt 0.916334 -0.806426
vt 0.716334 -0.807426
vt 0.126334 -0.806426
vt 0.126334 -0.807426
vt -0.382666 -0.077426
vt -0.103666 -0.078426
vt -0.103666 -0.077426
vt 1.636334 -0.077426
vt 1.636334 -0.078426
vt 0.916334 -0.077426
vt 0.916334 -0.078426
vt 0.716334 -0.078426
vt 0.126334 -0.077426
vt 0.126334 -0.078426
vt -0.382666 -0.078426
vt -0.383666 -0.077426
vt 2.415334 -0.077426
vt 2.416334 -0.077426
vt -0.383666 -0.077426
vt -0.382666 -0.077426
vt 0.716334 -0.077426
vt -0.104666 -0.077426
vt 2.219273 -0.077426
vt 2.217273 -0.076426
vt -0.383666 0.092574
vt -0.382666 0.092574
vt 2.218273 1.402574
vt 2.218273 1.401574
vt -0.104666 0.092574
vt -0.103666 0.092574
vt 2.415334 0.092574
vt 2.416334 0.092574
vt 0.717334 0.092574
vt 2.415334 1.402574
vt 2.416334 1.192574
vt 2.415335 1.192574
vt -0.382666 1.192574
vt -0.383666 1.402574
vt -0.382666 1.402574
vt -0.103666 1.662574
vt -0.382666 1.661574
vt -0.382666 1.662574
vt 2.415334 1.662574
vt 1.636334 1.661574
vt 1.636334 1.662574
vt 0.916334 1.661574
vt 0.916334 1.662574
vt 0.716334 2.088273
vt 0.916334 2.089272
vt 0.916334 2.088273
vt 2.415335 1.661574
vt 2.416334 1.632574
vt 2.415334 1.632574
vt -0.383666 1.632574
vt -0.382666 1.632574
vt -0.103666 1.661574
vt 0.126334 1.662574
vt 0.126334 1.661574
vt 0.126334 1.193574
vt 0.126334 1.192574
vt -0.103666 0.197273
vt -0.102666 0.098273
vt -0.103666 0.098273
vt 0.716334 0.098273
vt 0.715334 0.197273
vt 0.716334 0.197273
vt 0.197273 -0.806426
vt 0.098273 -0.807426
vt 0.098273 -0.806426
vt 0.098273 -0.807426
vt 0.098273 -0.806426
vt -0.901727 -0.806426
vt -0.900727 -0.077426
vt -0.901727 -0.077426
vt -0.900727 0.092574
vt -0.901727 0.092574
vt 0.716334 -0.901727
vt 0.715334 0.098273
vt -0.901727 -0.807426
vt -0.900727 -0.806426
vt -0.382666 2.263273
vt -0.103666 2.262273
vt -0.103666 2.263273
vt 1.637334 2.263273
vt 2.415334 2.262273
vt 2.415334 2.263273
vt 2.263273 1.192574
vt 2.262273 0.092574
vt 2.263273 0.092574
vt 0.125334 -0.076426
vt 0.126334 0.092574
vt 0.125334 0.092574
vt 1.637334 0.092574
vt 2.262273 1.192574
vt 2.263273 0.092574
vt -0.382666 2.262273
vt -0.103666 2.263273
vt -0.103666 2.262273
vt 2.415334 2.262273
vt 2.415334 2.263273
vt 2.263273 1.192574
vt 2.262273 1.192574
vt 1.636334 1.192574
vt 1.637334 1.401574
vt 1.636334 1.401574
vt 1.635334 2.323273
vt 1.636334 2.264273
vt 1.636334 2.323273
vt 0.127334 2.323273
vt 0.916334 2.523273
vt 0.916334 2.522272
vt 0.127334 2.522273
vt 0.716334 2.523273
vt 2.523273 0.092574
vt 2.522273 0.092574
vt 2.523273 0.092574
vt 2.522273 -0.076426
vt 2.522272 0.092574
vt 0.126334 2.323273
vt 0.126334 2.522273
vt 1.636334 2.522276
vt 0.916334 2.523273
vt 0.916334 2.522276
vt 0.716334 2.522277
vt 0.126334 2.523272
vt 0.126334 2.522276
vt 2.523273 1.192574
vt 2.522273 1.401574
vt 2.523273 1.402574
vt 1.636334 -0.001727
vt 0.916334 -0.000731
vt 0.916334 -0.001727
vt 0.716334 -0.001727
vt 0.126334 -0.000731
vt 0.126334 -0.001727
vt 1.636334 -1.006426
vt 0.916334 -1.006426
vt 0.716334 -1.006426
vt 0.126334 -1.007426
vt 0.126334 -1.006426
vt 1.636334 -0.000731
vt 0.917334 -0.001727
vt 0.915334 -0.000731
vt 2.616334 -0.077426
vt 2.615334 0.092574
vt 2.616334 0.092574
vt 2.616334 1.192574
vt 2.615334 1.402574
vt 2.616334 1.402574
vt 2.616334 2.522276
vt 2.615334 -0.077426
vt 2.615334 2.522277
vt 2.615334 -1.006426
vt 2.616334 -0.077426
vt 2.615334 -0.077426
vt 2.615334 2.522277
vt 1.636334 2.523273
vt 1.636334 -0.001727
vt 1.636334 -0.000731
vt 1.636334 -1.007426
vt 2.615334 1.192574
vt 2.616334 1.402574
vt 2.615334 1.402574
vt 2.616334 0.092574
vt 2.615334 0.092574
vt -0.582666 -0.077426
vt -0.583666 0.092574
vt -0.582666 0.092574
vt -0.582666 1.402574
vt -0.583666 1.402574
vt -0.583666 -0.077426
vt -0.303666 2.523273
vt -0.303666 2.522277
vt -0.303666 -1.006426
vt -0.583666 -0.077426
vt -0.582666 0.092574
vt -0.583666 0.092574
vt -0.582666 1.861574
vt -0.583666 1.402574
vt -0.582666 1.402574
vt -0.582666 -0.077426
vt -0.582666 -0.000731
vt -0.583666 2.522276
vt -0.582666 2.522277
vt -0.582666 2.522276
vt -0.303666 -0.000731
vt -0.303666 -0.001727
vt 2.616334 1.861574
vt 2.615334 1.861574
vt -0.582666 1.192574
vt -0.583666 1.192574
vt -0.583666 1.192574
vt -0.582666 1.192574
vt 0.716334 1.402574
vt 0.126334 1.403574
vt 0.126334 1.402574
vt 0.716334 2.523273
vt 0.716334 -0.000731
vt 0.915334 1.402574
vt 0.716334 1.403574
vt -0.103666 2.088273
vt 0.126334 2.089273
vt 0.126334 2.088273
vt 0.716334 -0.806426
vt 0.716334 -0.077426
vt 0.716334 1.661574
vt 0.716334 1.662574
vt 0.716334 2.522273
vt 0.716334 -1.007426
vt 0.917334 0.092574
vt 0.916334 0.092574
vt 0.917334 -0.077426
vt 0.916334 1.401574
vt 0.917334 1.192574
vt 0.917334 1.403574
vt -0.582666 2.523273
vt -0.304666 -0.077426
vt -0.303666 0.092574
vt -0.304666 0.092574
vt -0.303666 1.401574
vt -0.304666 1.192574
vt -0.303666 1.192574
vt -0.302666 1.402574
vt -0.304666 1.403574
vt -0.303666 -0.077426
vt -0.304666 -1.006426
vt 0.915334 -0.701727
vt 0.916334 -0.002727
vt 0.916334 -0.701727
vt -1.901727 1.402574
vt -0.901727 1.401574
vt -0.901727 1.402574
vt 0.916334 -2.100728
vt 0.915334 -1.901728
vt 0.916334 -1.901728
vt -1.103666 0.092574
vt -1.901727 1.401574
vt -1.103666 -0.077426
vt -1.102666 0.092574
vt -1.102666 -0.077426
vt -0.901727 -0.806426
vt 0.715334 -0.901727
vt 1.636334 2.323273
vt 1.635334 2.323273
vt 2.523273 1.192574
vt 2.522273 1.401574
vt 2.522273 1.192574
vt 0.916334 2.522273
vt 0.127334 2.323273
vt 0.126334 2.323273
vt 0.125334 1.192574
vt 0.126334 1.401574
vt 0.125334 1.401574
vt 0.716334 2.522272
vt 2.217344 -0.806426
vt 2.217344 -0.807426
vt 0.199268 -0.807426
vt 0.199268 -0.806426
vt 2.218273 1.401574
vt 1.636334 2.089273
vt 1.636334 2.088273
vt 0.716334 2.089273
vt -0.382666 1.662574
vt -0.103666 1.661574
vt -0.103666 1.662574
vt 0.126334 1.661574
vt 0.126334 1.662574
vt 0.716334 1.661574
vt 0.716334 1.662574
vt 0.916334 1.662574
vt 1.636334 1.661574
vt 1.636334 1.662574
vt 2.415334 1.661574
vt 2.087278 1.632574
vt 2.088273 1.632574
vt 2.088273 1.632574
vt 2.087278 1.632574
vt 2.415334 2.089273
vt -0.103666 2.089272
vt -0.383666 1.192574
vt 0.717334 -0.077426
vt -0.900727 1.191574
vt -0.901727 1.191574
vt 1.637334 1.192574
vt 2.522273 1.192574
vt 2.615334 1.192574
vt 2.616334 1.192574
vt 0.916334 1.192574
vt -1.302666 -0.702727
vt -0.303666 -2.100728
vt -1.302666 -2.100728
vt 2.416334 1.402574
vt -0.383666 1.661574
vt 2.088273 1.403574
vt 2.087278 1.401574
vt 0.915334 -2.100728
vt 0.716334 -2.101728
vt 0.716334 -2.100728
vt 0.915334 -2.101727
vt 0.716334 -2.100728
vt 0.126334 -2.101727
vt 0.126334 -2.100728
vt -0.303666 -2.101727
vt -2.100728 -0.077426
vt -2.100728 1.192574
vt -2.101727 0.092574
vt -2.100728 0.092574
vt 0.126334 -2.101727
vt -2.101727 1.192574
vt -2.101727 -0.077426
vt 0.715334 -1.901727
vt 0.126334 -1.900727
vt 0.126334 -1.901727
vt -0.103666 -1.900727
vt -0.103666 -1.901727
vt -1.901727 -0.077426
vt -1.901727 1.191574
vt -1.900727 0.092574
vt -1.901727 0.092574
vt 0.126334 -1.901727
vt 0.126334 -1.900727
vt -0.103666 -1.901727
vt -0.103666 -1.900727
vt -1.900727 -0.077426
vt -1.102666 -0.902727
vt -1.102666 -0.901727
vt 0.915334 -0.901727
vt -0.701727 1.401574
vt -0.701727 1.402574
vt -0.304666 -0.701727
vt -0.302666 -0.702727
vt 0.916334 -0.901727
vt -0.304666 0.092574
vt -0.304666 -0.077426
vt -0.304666 1.401574
vt -0.304666 1.192574
vt -0.303666 0.092574
vt -1.302666 -1.901727
vt -1.303666 -0.901727
vt -1.302666 -0.901727
vt -1.303666 -1.901727
vt -1.303666 -1.901727
vt -1.302666 -0.901727
vt -1.303666 -0.901727
vt -1.302666 -1.901727
vt -1.302666 -0.077426
vt -1.303666 -0.077426
vt -1.302666 0.092574
vt -1.303666 0.092574
vt -1.303666 1.192574
vt -1.302666 1.401574
vt -1.303666 1.401574
vt -1.302666 1.192574
vt -1.303666 0.092574
vt -1.302666 -0.077426
vt -1.303666 -0.077426
vt -1.303666 1.192574
vt -1.302666 -1.006426
vt -1.303666 -1.006426
vt -1.302666 0.092574
vt -1.103666 -0.902727
vt -1.102666 -0.806426
vt -1.103666 -0.077426
vt -1.102666 0.092574
vt -1.102666 1.191574
vt -0.103666 2.217273
vt 0.716334 2.217273
vt 0.716334 2.088273
vt 0.199273 -0.077426
vt 0.199273 -0.806426
vt -0.382666 2.088273
vt -0.102666 0.199266
vt -0.382666 2.217336
vt 2.088273 -0.077426
vt 0.197273 -0.077426
vt 0.126334 0.198273
vt -0.102666 0.098273
vt 0.126334 0.098273
vt 0.715334 0.199268
vt 0.715334 0.098273
vt 0.916334 0.199268
vt 0.916334 2.088273
vt 2.415334 0.199268
vt 1.636334 2.088273
vt 1.636334 0.199268
vt 2.415334 2.088273
vt 1.636334 2.217273
vt 0.916334 2.217273
vt 0.716334 2.219273
vt 0.126334 2.219273
vt -0.103666 2.219273
vt 0.199268 0.092574
vt -0.382666 2.262273
vt -0.382666 2.219273
vt 0.197273 0.092574
vt 0.199268 -0.077426
vt 1.636334 2.219273
vt 0.916334 2.219273
vt 0.199268 1.192574
vt 0.199268 1.402574
vt 0.197273 1.191574
vt 0.126334 0.197273
vt -0.102666 0.197273
vt 0.098273 1.191574
vt 0.126334 0.098273
vt 0.199268 1.192574
vt 2.323273 -0.076426
vt 2.323273 0.092574
vt 2.264273 -0.076426
vt 2.264273 0.092574
vt 0.916334 2.323273
vt 0.199268 1.632574
vt -0.103666 1.632574
vt -0.382666 2.218273
vt -0.103666 2.218273
vt 0.199268 1.402574
vt 2.415334 2.218272
vt 1.636334 2.218273
vt 0.126334 2.218273
vt 0.126334 1.632574
vt 0.716334 1.403574
vt 0.126334 1.403574
vt -0.103666 0.199268
vt -0.382666 2.087278
vt -0.103666 2.087278
vt -0.382666 1.632574
vt -0.103666 1.403574
vt 0.126334 2.087278
vt 0.916334 0.199268
vt 0.716334 2.087278
vt 0.916334 2.087278
vt 0.126334 0.199268
vt 1.636334 2.087278
vt 2.415334 0.199268
vt 0.199268 1.632574
vt 1.636334 1.403574
vt 2.415334 1.403574
vt 2.415334 1.632574
vt 0.916334 1.403574
vt 0.098273 1.191574
vt 0.126334 -0.901727
vt -0.104666 -0.077426
vt -0.104666 -0.806426
vt 0.715334 -1.900727
vt -0.104666 0.092574
vt -0.104666 1.191574
vt -1.900727 1.191574
vt -0.103666 -0.076426
vt -0.382666 0.092574
vt -0.382666 -0.076426
vt 2.415334 -0.076426
vt -0.103666 1.192574
vt -0.382666 1.401574
vt -0.382666 1.192574
vt 2.415334 1.192574
vt 2.415334 0.092574
vt 2.264273 1.192574
vt 2.323273 1.401574
vt 2.323273 1.192574
vt -0.103666 1.401574
vt 0.125334 -0.078426
vt 0.916334 -0.078426
vt 1.637334 -0.078426
vt 1.637334 0.092574
vt 0.125334 0.092574
vt 1.637334 1.192574
vt 0.125334 1.192574
vt -0.303666 1.402574
vt 0.125334 1.403574
vt 0.126334 1.861575
vt 0.716334 1.861574
vt 0.916334 1.403574
vt 0.916334 1.861574
vt 1.636334 1.861574
vt 1.637334 1.403574
vt -0.303666 1.861575
vt 0.126334 1.861574
vt 0.716334 1.861574
vt 0.916334 1.861574
vt 1.636334 1.402574
vt 1.636334 1.861574
vt -0.303666 1.861574
vt 0.716334 2.522276
vt 0.126334 2.522276
vt 0.916334 2.522276
vt -0.303666 2.522276
vt 1.636334 -1.006426
vt 2.522276 -0.077426
vt -0.000731 -1.006426
vt 2.522277 -1.006426
vt 2.522276 0.092574
vt -0.000731 -0.077426
vt 2.522276 1.192574
vt -0.000731 0.092574
vt 2.522276 1.402574
vt -0.000731 1.192574
vt 2.522277 1.861574
vt -0.000731 1.402574
vt -0.000731 0.092574
vt -0.000731 -0.077426
vt -0.000731 1.192574
vt -0.000731 1.402574
vt -0.000731 1.861574
vt 0.126334 -0.002727
vt 0.716334 -0.002727
vt 0.915334 -0.701727
vt 0.915334 -0.002727
vt -0.002727 1.192574
vt -0.002727 -1.006426
vt -0.701727 -1.006426
vt -0.002727 0.092574
vt -0.002727 -0.077426
vt -0.002727 -1.006426
vt -0.700727 -0.077426
vt -0.002727 -0.077426
vt -0.700727 0.092574
vt -0.002727 0.092574
vt -0.002727 1.401574
vt -0.700727 1.192574
vt -0.700727 1.401574
vt -0.002727 1.192574
vt 0.915334 -2.100728
vt 0.915334 -1.901728
vt 0.915334 -0.901727
vt -1.901728 1.192574
vt 0.716334 -1.901728
vt -1.901728 -1.006426
vt -0.901727 -1.006426
vt -0.902727 -0.077426
vt -1.900727 -0.806426
vt -0.902727 -0.806426
vt -0.902727 0.092574
vt -0.382666 1.661574
vt -0.902727 1.191574
vt -1.900727 0.092574
vt 0.716334 -1.006426
vt 0.915334 -1.006426
vt 0.716334 1.192574
vt 0.915334 1.192574
vt 0.716334 1.401574
vt 0.915334 -0.077426
vt 0.915334 0.092574
vt -0.303666 1.401574
vt 0.126334 -0.077426
vt 0.126334 -0.806426
vt 0.715334 -0.077426
vt 0.715334 -0.806426
vt 0.715334 0.092574
vt 0.715334 1.191574
vt 0.126334 1.191574
vt -0.103666 1.191574
vt -0.303666 -0.901727
vt -0.901727 -1.006426
vt -1.901727 -0.077426
vt -0.702727 -1.006426
vt -0.702727 -0.077426
vt -1.901728 -1.006426
vt -2.100728 1.401574
vt -1.901727 1.401574
vt -0.901727 1.401574
vt -0.702727 1.192574
vt -0.702727 1.401574
vt -2.100728 0.092574
vt -0.702727 0.092574
vt 2.217273 -0.807426
vt 2.218272 1.402574
vt 2.416334 1.661574
vt 0.198273 -0.807426
vt 0.126334 -0.076426
vt 2.615334 2.523273
vt -0.583666 -0.000731
vt -0.582666 -0.001727
vt 2.415334 1.662574
vt -1.302666 -0.701727
vt -0.303666 -0.700727
vt -0.303666 1.401574
vt 0.126334 2.217273
vt -0.382666 0.199271
vt 2.415334 2.217273
vt 2.415334 2.219272
vt -0.382666 0.199268
vt -0.382666 1.403574
vt 0.716334 0.199268
vt 2.415334 2.087278
vt 2.415334 1.401574
vt 2.264273 1.401574
vt -0.000731 1.861574
vt -0.000731 -1.006426
vt -0.700727 -1.006426
vt -1.900727 1.191574
vt 0.915334 1.401574
s 0
usemtl Elevation
f 105/17/4 44/18/4 43/19/4
f 106/20/1 73/21/1 107/22/1
f 105/17/4 39/23/4 99/24/4
f 102/25/2 40/18/2 101/26/2
f 100/27/2 37/19/2 102/25/2
f 107/22/1 41/30/1 103/31/1
f 92/42/6 91/43/6 93/44/6
f 94/45/6 90/46/6 92/42/6
f 86/47/6 92/42/6 87/48/6
f 87/48/6 93/44/6 88/49/6
f 114/53/1 103/31/1 112/54/1
f 109/55/2 102/25/2 111/56/2
f 110/57/4 99/24/4 108/58/4
f 113/59/1 107/22/1 114/53/1
f 23/60/2 111/56/2 24/61/2
f 118/62/3 116/63/3 119/64/3
f 119/64/3 117/65/3 120/66/3
f 270/124/26 271/125/26 272/126/26
f 273/127/27 274/128/27 275/129/27
f 304/130/7 305/131/7 306/132/7
f 307/133/28 308/134/28 309/135/28
f 310/136/29 311/137/29 312/138/29
f 313/139/30 314/140/30 315/141/30
f 324/142/31 325/143/31 326/144/31
f 329/145/32 330/146/32 331/147/32
f 336/148/33 337/149/33 338/150/33
f 339/151/34 340/145/34 341/147/34
f 342/152/35 343/153/35 344/126/35
f 361/154/36 362/155/36 363/156/36
f 376/157/37 377/158/37 378/159/37
f 387/160/38 388/161/38 389/162/38
f 396/163/39 397/164/39 398/165/39
f 421/172/42 422/173/42 423/174/42
f 501/190/48 502/191/48 503/192/48
f 506/193/49 507/194/49 508/195/49
f 554/205/53 555/206/53 556/207/53
f 559/208/54 560/209/54 561/210/54
f 568/211/55 569/212/55 570/213/55
f 579/214/56 580/215/56 581/216/56
f 584/217/32 585/218/32 586/219/32
f 589/220/57 590/221/57 591/222/57
f 270/124/82 372/348/82 373/349/82
f 275/350/61 269/351/61 273/174/61
f 274/128/83 470/352/83 471/353/83
f 473/354/68 271/355/68 472/356/68
f 182/357/60 275/350/60 274/358/60
f 184/344/62 271/125/62 270/124/62
f 282/359/61 357/360/61 358/361/61
f 280/362/82 284/363/82 285/364/82
f 276/365/72 342/366/72 344/367/72
f 288/368/63 359/369/63 360/370/63
f 286/371/63 290/372/63 291/373/63
f 294/374/74 374/159/74 375/375/74
f 292/376/84 296/377/84 297/378/84
f 298/379/80 376/380/80 378/381/80
f 300/382/67 474/383/67 475/384/67
f 302/385/85 345/386/85 346/387/85
f 304/388/60 308/134/60 307/133/60
f 311/137/86 301/389/86 300/382/86
f 314/140/70 312/390/70 311/388/70
f 315/391/87 318/392/87 319/393/87
f 306/394/61 283/395/61 282/359/61
f 313/139/80 299/396/80 298/379/80
f 289/397/63 309/135/63 308/134/63
f 295/398/74 310/136/74 312/138/74
f 316/399/88 347/400/88 348/401/88
f 319/393/65 476/402/65 477/403/65
f 320/404/72 478/405/72 479/406/72
f 325/143/72 349/407/72 350/408/72
f 346/387/67 305/131/67 304/130/67
f 321/409/72 330/146/72 329/145/72
f 285/364/61 383/410/61 384/411/61
f 331/147/89 385/412/89 386/207/89
f 332/413/81 480/414/81 481/415/81
f 336/416/81 351/417/81 352/418/81
f 333/419/81 340/145/81 339/151/81
f 341/420/76 329/421/76 331/422/76
f 326/423/62 338/150/62 337/149/62
f 387/160/80 341/420/80 388/161/80
f 291/373/63 390/424/63 391/425/63
f 348/401/65 307/426/65 309/427/65
f 350/408/72 322/428/72 323/429/72
f 352/418/81 334/430/81 335/431/81
f 353/432/63 355/433/63 356/434/63
f 327/351/74 421/172/74 423/174/74
f 358/361/61 281/435/61 280/362/61
f 360/370/63 287/436/63 286/371/63
f 361/437/63 354/438/63 353/432/63
f 373/349/61 269/351/61 268/446/61
f 375/375/91 293/447/91 292/376/91
f 381/248/92 482/448/92 483/449/92
f 377/158/92 382/450/92 381/248/92
f 362/451/65 380/452/65 363/453/65
f 384/411/61 324/454/61 326/423/61
f 386/207/74 297/378/74 296/377/74
f 391/425/63 337/149/63 336/148/63
f 392/455/81 484/456/81 485/457/81
f 396/458/81 394/459/81 395/460/81
f 397/461/64 355/433/64 398/462/64
f 393/463/81 387/464/81 389/412/81
f 549/465/70 377/466/70 548/467/70
f 399/468/93 412/469/93 413/470/93
f 501/471/70 401/472/70 402/473/70
f 507/194/60 400/475/60 399/468/60
f 343/153/95 414/481/95 415/482/95
f 279/483/67 422/484/67 278/485/67
f 417/348/97 343/153/97 416/486/97
f 422/173/98 424/487/98 425/488/98
f 417/348/74 328/492/74 327/351/74
f 471/353/83 279/483/83 278/485/83
f 473/354/103 277/523/103 276/365/103
f 475/384/83 303/524/83 302/385/83
f 477/403/94 317/525/94 316/399/94
f 479/406/72 323/429/72 322/428/72
f 481/415/81 335/431/81 334/430/81
f 483/449/88 380/452/88 379/526/88
f 485/457/81 395/460/81 394/459/81
f 559/208/61 591/527/61 560/209/61
f 511/528/80 568/214/80 570/529/80
f 503/534/100 499/535/100 500/536/100
f 508/537/105 504/538/105 505/535/105
f 500/536/90 509/539/90 510/540/90
f 512/541/80 510/540/80 509/539/80
f 513/542/65 502/191/65 501/190/65
f 515/543/65 517/544/65 518/545/65
f 521/528/63 519/546/63 520/540/63
f 505/535/59 520/540/59 519/546/59
f 516/547/88 506/193/88 508/195/88
f 518/545/65 514/548/65 513/542/65
f 489/565/70 402/473/70 401/472/70
f 413/470/106 552/566/106 553/567/106
f 585/218/74 554/568/74 556/569/74
f 549/465/70 490/570/70 489/565/70
f 580/215/63 522/541/63 521/528/63
f 553/567/107 362/155/107 361/154/107
f 556/569/76 389/162/76 388/161/76
f 561/210/108 397/164/108 396/163/108
f 562/571/72 557/49/72 558/572/72
f 559/573/72 550/460/72 551/574/72
f 558/572/72 555/206/72 554/205/72
f 551/574/72 563/575/72 562/571/72
f 566/576/76 564/577/76 565/578/76
f 570/529/76 567/579/76 566/576/76
f 571/580/109 573/581/109 574/582/109
f 572/583/62 581/216/62 580/215/62
f 569/212/78 575/584/78 576/585/78
f 576/585/78 577/586/78 578/587/78
f 582/588/81 579/589/81 581/590/81
f 578/587/104 583/591/104 582/588/104
f 565/578/76 586/219/76 585/218/76
f 574/582/110 591/527/110 590/219/110
f 592/592/103 587/593/103 588/594/103
f 590/221/72 594/591/72 595/595/72
f 588/594/103 584/596/103 586/597/103
f 595/595/72 593/598/72 592/592/72
f 182/645/1 471/353/1 68/646/1
f 6/10/4 275/350/4 181/347/4
f 184/344/4 373/349/4 33/649/4
f 69/646/3 271/355/3 183/645/3
f 269/250/5 297/378/5 273/699/5
f 372/700/5 292/376/5 269/250/5
f 33/649/4 268/446/4 6/10/4
f 372/700/5 294/374/5 375/375/5
f 272/701/5 310/136/5 294/374/5
f 473/702/5 301/389/5 272/701/5
f 273/699/5 385/412/5 34/49/5
f 470/703/5 34/49/5 72/44/5
f 21/697/3 342/366/3 277/523/3
f 276/704/5 345/386/5 303/524/5
f 276/704/5 474/383/5 473/702/5
f 21/697/3 472/356/3 69/646/3
f 68/646/1 278/485/1 22/697/1
f 279/705/5 36/706/5 423/707/5
f 422/484/1 22/697/1 278/485/1
f 470/703/5 35/43/5 279/705/5
f 285/364/4 287/436/4 280/362/4
f 280/362/4 359/369/4 358/361/4
f 327/438/5 284/708/5 281/709/5
f 417/710/5 281/709/5 357/711/5
f 417/710/5 283/712/5 344/713/5
f 358/361/4 289/397/4 282/359/4
f 289/397/4 306/394/4 282/359/4
f 344/713/5 305/131/5 345/386/5
f 285/364/4 390/424/4 290/372/4
f 423/707/5 383/714/5 284/708/5
f 291/715/6 354/438/6 286/716/6
f 360/717/6 354/438/6 363/453/6
f 27/718/6 309/427/6 288/719/6
f 288/719/6 363/453/6 27/718/6
f 391/720/6 355/433/6 291/715/6
f 293/721/2 24/61/2 296/722/2
f 293/721/2 378/381/2 23/60/2
f 374/723/2 298/379/2 378/381/2
f 295/359/2 313/139/2 298/379/2
f 296/722/2 388/161/2 386/724/2
f 299/725/6 382/450/6 376/157/6
f 299/725/6 319/393/6 26/33/6
f 300/726/1 314/727/1 311/728/1
f 475/729/1 318/730/1 300/726/1
f 302/731/1 476/732/1 475/729/1
f 346/733/1 317/734/1 302/731/1
f 304/735/1 347/736/1 346/733/1
f 25/14/6 348/401/6 27/718/6
f 70/16/6 316/399/6 25/14/6
f 26/33/6 477/403/6 70/16/6
f 321/726/3 481/737/3 478/729/3
f 34/49/5 479/406/5 72/44/5
f 329/728/3 332/738/3 321/726/3
f 385/412/5 320/404/5 34/49/5
f 478/729/3 334/739/3 323/731/3
f 323/731/3 351/740/3 350/733/3
f 35/43/5 349/407/5 36/706/5
f 72/44/5 322/428/5 35/43/5
f 36/706/5 324/142/5 383/714/5
f 350/733/3 338/741/3 325/735/3
f 384/411/4 337/149/4 390/424/4
f 48/28/2 328/492/2 416/486/2
f 50/10/2 421/172/2 328/492/2
f 386/724/2 341/420/2 331/422/2
f 333/419/6 485/457/6 480/414/6
f 339/151/6 392/455/6 333/419/6
f 352/418/6 394/459/6 398/462/6
f 480/414/6 394/459/6 335/431/6
f 336/416/6 398/462/6 391/720/6
f 415/482/2 416/486/2 343/153/2
f 356/742/4 108/58/4 353/743/4
f 353/743/4 553/744/4 361/745/4
f 397/164/4 110/57/4 356/742/4
f 27/718/6 380/452/6 25/14/6
f 379/746/1 552/566/1 113/59/1
f 377/747/1 112/54/1 548/748/1
f 23/60/2 549/465/2 109/55/2
f 25/14/6 482/448/6 70/16/6
f 379/746/1 114/53/1 483/749/1
f 483/749/1 112/54/1 381/750/1
f 70/16/6 382/450/6 26/33/6
f 389/751/3 557/752/3 393/753/3
f 24/61/2 556/569/2 388/161/2
f 393/753/3 563/754/3 484/755/3
f 396/756/3 550/757/3 561/758/3
f 484/755/3 550/757/3 395/759/3
f 39/23/4 507/760/4 399/761/4
f 99/24/4 399/761/4 413/762/4
f 42/763/1 506/193/1 515/543/1
f 106/20/1 400/475/1 42/763/1
f 401/472/2 500/536/2 38/764/2
f 41/30/1 501/190/1 402/765/1
f 103/31/1 402/765/1 490/766/1
f 489/565/2 38/764/2 100/27/2
f 113/59/1 412/469/1 106/20/1
f 108/58/4 413/762/4 553/744/4
f 549/465/2 100/27/2 109/55/2
f 112/54/1 490/766/1 548/748/1
f 38/764/2 510/540/2 37/19/2
f 499/774/6 87/48/6 509/378/6
f 502/775/6 86/47/6 499/774/6
f 43/19/4 504/538/4 39/23/4
f 89/776/6 519/490/6 90/46/6
f 516/777/6 505/778/6 89/776/6
f 37/19/2 511/528/2 40/18/2
f 509/378/6 88/49/6 512/412/6
f 511/528/2 566/576/2 40/18/2
f 88/49/6 568/211/6 512/412/6
f 73/21/1 513/542/1 41/30/1
f 514/779/6 94/45/6 86/47/6
f 517/780/6 89/776/6 94/45/6
f 42/763/1 518/545/1 73/21/1
f 44/18/4 520/540/4 43/19/4
f 90/46/6 522/781/6 91/43/6
f 44/18/4 580/215/4 521/528/4
f 522/781/6 583/591/6 91/43/6
f 551/574/5 589/220/5 559/573/5
f 562/571/5 594/591/5 551/574/5
f 556/569/2 102/25/2 101/26/2
f 101/26/2 585/218/2 556/569/2
f 554/205/5 587/593/5 558/572/5
f 558/572/5 593/598/5 562/571/5
f 104/790/4 591/527/4 573/581/4
f 560/209/4 105/17/4 110/57/4
f 40/18/2 565/578/2 101/26/2
f 564/791/3 115/792/3 118/62/3
f 586/793/3 118/62/3 588/794/3
f 567/795/3 576/542/3 115/792/3
f 104/790/4 572/583/4 44/18/4
f 117/65/3 581/796/3 571/797/3
f 120/66/3 571/797/3 574/798/3
f 595/799/3 574/798/3 590/800/3
f 93/44/6 575/584/6 88/49/6
f 115/792/3 578/801/3 116/63/3
f 116/63/3 582/543/3 117/65/3
f 91/43/6 577/586/6 93/44/6
f 588/794/3 119/64/3 592/802/3
f 592/802/3 120/66/3 595/799/3
f 105/17/4 104/790/4 44/18/4
f 106/20/1 42/763/1 73/21/1
f 105/17/4 43/19/4 39/23/4
f 102/25/2 37/19/2 40/18/2
f 100/27/2 38/764/2 37/19/2
f 107/22/1 73/21/1 41/30/1
f 92/42/6 90/46/6 91/43/6
f 94/45/6 89/776/6 90/46/6
f 86/47/6 94/45/6 92/42/6
f 87/48/6 92/42/6 93/44/6
f 114/53/1 107/22/1 103/31/1
f 109/55/2 100/27/2 102/25/2
f 110/57/4 105/17/4 99/24/4
f 113/59/1 106/20/1 107/22/1
f 23/60/2 109/55/2 111/56/2
f 118/62/3 115/792/3 116/63/3
f 119/64/3 116/63/3 117/65/3
f 270/124/61 272/126/61 372/348/61
f 275/350/82 268/446/82 269/351/82
f 274/128/67 273/127/67 470/352/67
f 473/354/115 272/127/115 271/355/115
f 182/357/60 181/347/60 275/350/60
f 184/344/116 183/346/116 271/125/116
f 282/359/61 283/395/61 357/360/61
f 280/362/117 281/435/117 284/363/117
f 276/365/72 277/523/72 342/366/72
f 288/368/63 289/397/63 359/369/63
f 286/371/63 287/436/63 290/372/63
f 294/374/74 295/398/74 374/159/74
f 292/376/89 293/447/89 296/377/89
f 298/379/80 299/396/80 376/380/80
f 300/382/67 301/389/67 474/383/67
f 302/385/111 303/524/111 345/386/111
f 304/388/60 306/394/60 308/134/60
f 311/137/67 310/136/67 301/389/67
f 314/140/70 313/139/70 312/390/70
f 315/391/88 314/137/88 318/392/88
f 306/394/61 305/808/61 283/395/61
f 313/139/80 315/141/80 299/396/80
f 289/397/63 288/368/63 309/135/63
f 295/398/74 294/374/74 310/136/74
f 316/399/94 317/525/94 347/400/94
f 319/393/65 318/392/65 476/402/65
f 320/404/72 321/409/72 478/405/72
f 325/143/72 324/142/72 349/407/72
f 346/387/67 345/386/67 305/131/67
f 321/409/72 320/404/72 330/146/72
f 285/364/61 284/363/61 383/410/61
f 331/147/89 330/146/89 385/412/89
f 332/413/81 333/419/81 480/414/81
f 336/416/81 338/143/81 351/417/81
f 333/419/81 332/413/81 340/145/81
f 341/420/76 340/809/76 329/421/76
f 326/423/62 325/421/62 338/150/62
f 387/160/80 339/810/80 341/420/80
f 291/373/63 290/372/63 390/424/63
f 348/401/65 347/400/65 307/426/65
f 350/408/72 349/407/72 322/428/72
f 352/418/81 351/417/81 334/430/81
f 353/432/63 354/438/63 355/433/63
f 327/351/74 328/492/74 421/172/74
f 358/361/61 357/360/61 281/435/61
f 360/370/63 359/369/63 287/436/63
f 361/437/63 363/453/63 354/438/63
f 373/349/61 372/348/61 269/351/61
f 375/375/91 374/159/91 293/447/91
f 381/248/65 382/450/65 482/448/65
f 377/158/92 376/157/92 382/450/92
f 362/451/92 379/526/92 380/452/92
f 384/411/61 383/410/61 324/454/61
f 386/207/74 385/412/74 297/378/74
f 391/425/63 390/424/63 337/149/63
f 392/455/81 393/463/81 484/456/81
f 396/458/81 398/462/81 394/459/81
f 397/461/63 356/434/63 355/433/63
f 393/463/81 392/455/81 387/464/81
f 549/465/70 378/381/70 377/466/70
f 399/468/107 400/475/107 412/469/107
f 501/471/70 503/534/70 401/472/70
f 507/194/106 506/193/106 400/475/106
f 343/153/118 342/152/118 414/481/118
f 279/483/67 423/367/67 422/484/67
f 417/348/74 344/126/74 343/153/74
f 422/173/119 421/172/119 424/487/119
f 417/348/74 416/486/74 328/492/74
f 471/353/67 470/352/67 279/483/67
f 473/354/102 472/356/102 277/523/102
f 475/384/85 474/383/85 303/524/85
f 477/403/65 476/402/65 317/525/65
f 479/406/72 478/405/72 323/429/72
f 481/415/81 480/414/81 335/431/81
f 483/449/94 482/448/94 380/452/94
f 485/457/81 484/456/81 395/460/81
f 559/208/61 589/812/61 591/527/61
f 511/528/80 512/541/80 568/214/80
f 503/534/80 502/537/80 499/535/80
f 508/537/77 507/760/77 504/538/77
f 500/536/100 499/535/100 509/539/100
f 512/541/80 511/528/80 510/540/80
f 513/542/120 514/548/120 502/191/120
f 515/543/88 516/547/88 517/544/88
f 521/528/63 522/541/63 519/546/63
f 505/535/105 504/538/105 520/540/105
f 516/547/88 515/543/88 506/193/88
f 518/545/88 517/544/88 514/548/88
f 489/565/70 490/570/70 402/473/70
f 413/470/60 412/469/60 552/566/60
f 585/218/74 584/217/74 554/568/74
f 549/465/70 548/467/70 490/570/70
f 580/215/63 579/214/63 522/541/63
f 553/567/93 552/566/93 362/155/93
f 556/569/76 555/813/76 389/162/76
f 561/210/109 560/209/109 397/164/109
f 562/571/72 563/575/72 557/49/72
f 559/573/72 561/814/72 550/460/72
f 558/572/72 557/49/72 555/206/72
f 551/574/72 550/460/72 563/575/72
f 566/576/76 567/579/76 564/577/76
f 570/529/76 569/216/76 567/579/76
f 571/580/121 572/583/121 573/581/121
f 572/583/110 571/580/110 581/216/110
f 569/212/81 568/211/81 575/584/81
f 576/585/101 575/584/101 577/586/101
f 582/588/81 583/591/81 579/589/81
f 578/587/81 577/586/81 583/591/81
f 565/578/76 564/577/76 586/219/76
f 574/582/110 573/581/110 591/527/110
f 592/592/102 593/598/102 587/593/102
f 590/221/72 589/220/72 594/591/72
f 588/594/72 587/593/72 584/596/72
f 595/595/115 594/591/115 593/598/115
f 182/645/1 274/128/1 471/353/1
f 6/10/4 268/446/4 275/350/4
f 184/344/4 270/124/4 373/349/4
f 69/646/3 472/356/3 271/355/3
f 269/250/5 292/376/5 297/378/5
f 372/700/5 375/375/5 292/376/5
f 33/649/4 373/349/4 268/446/4
f 372/700/5 272/701/5 294/374/5
f 272/701/5 301/389/5 310/136/5
f 473/702/5 474/383/5 301/389/5
f 273/699/5 297/378/5 385/412/5
f 470/703/5 273/699/5 34/49/5
f 21/697/3 414/696/3 342/366/3
f 276/704/5 344/713/5 345/386/5
f 276/704/5 303/524/5 474/383/5
f 21/697/3 277/523/3 472/356/3
f 68/646/1 471/353/1 278/485/1
f 279/705/5 35/43/5 36/706/5
f 422/484/1 425/696/1 22/697/1
f 470/703/5 72/44/5 35/43/5
f 285/364/4 290/372/4 287/436/4
f 280/362/4 287/436/4 359/369/4
f 327/438/5 423/707/5 284/708/5
f 417/710/5 327/438/5 281/709/5
f 417/710/5 357/711/5 283/712/5
f 358/361/4 359/369/4 289/397/4
f 289/397/4 308/134/4 306/394/4
f 344/713/5 283/712/5 305/131/5
f 285/364/4 384/411/4 390/424/4
f 423/707/5 36/706/5 383/714/5
f 291/715/6 355/433/6 354/438/6
f 360/717/6 286/716/6 354/438/6
f 27/718/6 348/401/6 309/427/6
f 288/719/6 360/717/6 363/453/6
f 391/720/6 398/462/6 355/433/6
f 293/721/2 23/60/2 24/61/2
f 293/721/2 374/723/2 378/381/2
f 374/723/2 295/359/2 298/379/2
f 295/359/2 312/390/2 313/139/2
f 296/722/2 24/61/2 388/161/2
f 299/725/6 26/33/6 382/450/6
f 299/725/6 315/391/6 319/393/6
f 300/726/1 318/730/1 314/727/1
f 475/729/1 476/732/1 318/730/1
f 302/731/1 317/734/1 476/732/1
f 346/733/1 347/736/1 317/734/1
f 304/735/1 307/825/1 347/736/1
f 25/14/6 316/399/6 348/401/6
f 70/16/6 477/403/6 316/399/6
f 26/33/6 319/393/6 477/403/6
f 321/726/3 332/738/3 481/737/3
f 34/49/5 320/404/5 479/406/5
f 329/728/3 340/826/3 332/738/3
f 385/412/5 330/146/5 320/404/5
f 478/729/3 481/737/3 334/739/3
f 323/731/3 334/739/3 351/740/3
f 35/43/5 322/428/5 349/407/5
f 72/44/5 479/406/5 322/428/5
f 36/706/5 349/407/5 324/142/5
f 350/733/3 351/740/3 338/741/3
f 384/411/4 326/423/4 337/149/4
f 48/28/2 50/10/2 328/492/2
f 50/10/2 424/487/2 421/172/2
f 386/724/2 388/161/2 341/420/2
f 333/419/6 392/455/6 485/457/6
f 339/151/6 387/464/6 392/455/6
f 352/418/6 335/431/6 394/459/6
f 480/414/6 485/457/6 394/459/6
f 336/416/6 352/418/6 398/462/6
f 415/482/2 48/28/2 416/486/2
f 356/742/4 110/57/4 108/58/4
f 353/743/4 108/58/4 553/744/4
f 397/164/4 560/209/4 110/57/4
f 27/718/6 363/453/6 380/452/6
f 379/746/1 362/155/1 552/566/1
f 377/747/1 381/750/1 112/54/1
f 23/60/2 378/381/2 549/465/2
f 25/14/6 380/452/6 482/448/6
f 379/746/1 113/59/1 114/53/1
f 483/749/1 114/53/1 112/54/1
f 70/16/6 482/448/6 382/450/6
f 389/751/3 555/827/3 557/752/3
f 24/61/2 111/56/2 556/569/2
f 393/753/3 557/752/3 563/754/3
f 396/756/3 395/759/3 550/757/3
f 484/755/3 563/754/3 550/757/3
f 39/23/4 504/538/4 507/760/4
f 99/24/4 39/23/4 399/761/4
f 42/763/1 400/475/1 506/193/1
f 106/20/1 412/469/1 400/475/1
f 401/472/2 503/534/2 500/536/2
f 41/30/1 513/542/1 501/190/1
f 103/31/1 41/30/1 402/765/1
f 489/565/2 401/472/2 38/764/2
f 113/59/1 552/566/1 412/469/1
f 108/58/4 99/24/4 413/762/4
f 549/465/2 489/565/2 100/27/2
f 112/54/1 103/31/1 490/766/1
f 38/764/2 500/536/2 510/540/2
f 499/774/6 86/47/6 87/48/6
f 502/775/6 514/779/6 86/47/6
f 43/19/4 520/540/4 504/538/4
f 89/776/6 505/778/6 519/490/6
f 516/777/6 508/829/6 505/778/6
f 37/19/2 510/540/2 511/528/2
f 509/378/6 87/48/6 88/49/6
f 511/528/2 570/529/2 566/576/2
f 88/49/6 575/584/6 568/211/6
f 73/21/1 518/545/1 513/542/1
f 514/779/6 517/780/6 94/45/6
f 517/780/6 516/777/6 89/776/6
f 42/763/1 515/543/1 518/545/1
f 44/18/4 521/528/4 520/540/4
f 90/46/6 519/490/6 522/781/6
f 44/18/4 572/583/4 580/215/4
f 522/781/6 579/589/6 583/591/6
f 551/574/5 594/591/5 589/220/5
f 562/571/5 593/598/5 594/591/5
f 556/569/2 111/56/2 102/25/2
f 101/26/2 565/578/2 585/218/2
f 554/205/5 584/596/5 587/593/5
f 558/572/5 587/593/5 593/598/5
f 104/790/4 560/209/4 591/527/4
f 560/209/4 104/790/4 105/17/4
f 40/18/2 566/576/2 565/578/2
f 564/791/3 567/795/3 115/792/3
f 586/793/3 564/791/3 118/62/3
f 567/795/3 569/190/3 576/542/3
f 104/790/4 573/581/4 572/583/4
f 117/65/3 582/543/3 581/796/3
f 120/66/3 117/65/3 571/797/3
f 595/799/3 120/66/3 574/798/3
f 93/44/6 577/586/6 575/584/6
f 115/792/3 576/542/3 578/801/3
f 116/63/3 578/801/3 582/543/3
f 91/43/6 583/591/6 577/586/6
f 588/794/3 118/62/3 119/64/3
f 592/802/3 119/64/3 120/66/3
usemtl Floor
f 223/99/19 224/100/19 225/101/19
f 405/166/40 406/167/40 407/168/40
f 527/549/82 523/550/82 524/551/82
f 524/551/61 528/552/61 529/553/61
f 406/167/60 545/563/60 544/599/60
f 545/563/63 223/99/63 543/564/63
f 405/166/61 529/553/61 528/552/61
f 52/441/4 147/604/4 51/439/4
f 145/605/4 52/441/4 53/606/4
f 426/609/4 131/610/4 51/439/4
f 126/611/4 51/439/4 147/604/4
f 131/610/4 52/441/4 51/439/4
f 1/614/4 216/615/4 14/616/4
f 133/617/4 52/441/4 1/614/4
f 1/614/4 217/618/4 133/617/4
f 53/606/4 366/619/4 59/620/4
f 135/621/4 54/622/4 143/623/4
f 428/624/4 142/625/4 54/622/4
f 365/626/4 54/622/4 142/625/4
f 59/620/4 143/623/4 54/622/4
f 145/605/4 59/620/4 365/626/4
f 216/615/4 17/25/4 14/616/4
f 14/616/4 226/480/4 217/618/4
f 224/100/4 523/550/4 17/25/4
f 528/552/4 545/563/4 405/166/4
f 17/25/4 526/682/4 226/480/4
f 527/549/82 526/682/82 523/550/82
f 524/551/82 523/550/82 528/552/82
f 406/167/60 405/166/60 545/563/60
f 545/563/63 224/100/63 223/99/63
f 405/166/61 407/168/61 529/553/61
f 52/441/4 122/815/4 147/604/4
f 145/605/4 122/815/4 52/441/4
f 426/609/4 125/816/4 131/610/4
f 126/611/4 426/609/4 51/439/4
f 131/610/4 1/614/4 52/441/4
f 1/614/4 131/610/4 216/615/4
f 133/617/4 53/606/4 52/441/4
f 1/614/4 14/616/4 217/618/4
f 53/606/4 133/617/4 366/619/4
f 135/621/4 428/624/4 54/622/4
f 428/624/4 140/817/4 142/625/4
f 365/626/4 59/620/4 54/622/4
f 59/620/4 366/619/4 143/623/4
f 145/605/4 53/606/4 59/620/4
f 216/615/4 224/100/4 17/25/4
f 14/616/4 17/25/4 226/480/4
f 224/100/4 528/552/4 523/550/4
f 528/552/4 224/100/4 545/563/4
f 17/25/4 523/550/4 526/682/4
usemtl Wall
f 16/7/3 66/8/3 65/9/3
f 98/50/5 95/51/5 96/52/5
f 230/102/20 231/103/20 232/104/20
f 486/187/47 487/188/47 488/189/47
f 525/196/50 526/197/50 527/198/50
f 534/199/51 535/200/51 536/201/51
f 543/202/52 544/203/52 545/204/52
f 598/223/58 599/168/58 600/224/58
f 173/299/70 219/300/70 220/301/70
f 221/302/76 177/303/76 176/304/76
f 134/305/62 217/306/62 218/307/62
f 216/308/60 130/305/60 215/309/60
f 223/310/65 228/311/65 229/312/65
f 229/312/65 460/313/65 461/314/65
f 230/102/70 219/300/70 231/103/70
f 233/315/76 222/316/76 221/302/76
f 226/317/62 218/307/62 217/306/62
f 216/308/60 225/318/60 224/317/60
f 541/474/94 487/188/94 486/187/94
f 546/476/65 542/477/65 541/474/65
f 544/203/65 547/478/65 546/476/65
f 526/197/62 227/479/62 226/317/62
f 234/480/76 535/200/76 534/199/76
f 461/314/65 230/520/65 232/521/65
f 530/554/72 525/196/72 527/198/72
f 536/555/68 532/556/68 533/557/68
f 534/199/89 537/558/89 538/559/89
f 538/559/74 539/560/74 540/561/74
f 533/557/72 531/562/72 530/554/72
f 232/104/80 488/563/80 487/564/80
f 599/168/74 540/561/74 539/560/74
f 407/600/111 403/601/111 404/478/111
f 404/478/67 596/474/67 597/602/67
f 597/602/111 600/187/111 599/603/111
f 486/599/70 598/223/70 600/224/70
f 157/613/1 215/309/1 130/305/1
f 134/305/3 16/7/3 158/613/3
f 455/633/1 15/7/1 157/613/1
f 158/613/3 65/9/3 459/633/3
f 173/639/1 64/9/1 455/633/1
f 410/640/2 219/300/2 175/641/2
f 459/633/3 221/642/3 176/639/3
f 177/303/2 46/643/2 410/640/2
f 15/7/1 225/318/1 215/309/1
f 218/307/3 18/312/3 16/7/3
f 220/678/1 460/313/1 64/9/1
f 219/300/2 47/679/2 231/103/2
f 222/316/2 47/679/2 46/643/2
f 65/9/3 233/521/3 221/642/3
f 229/680/6 543/202/6 223/681/6
f 227/479/3 531/562/3 18/312/3
f 461/683/6 547/478/6 229/680/6
f 64/9/1 228/311/1 15/7/1
f 231/103/2 538/559/2 540/561/2
f 540/561/2 488/563/2 231/103/2
f 232/684/6 542/477/6 461/683/6
f 234/480/2 538/559/2 47/679/2
f 66/8/3 535/685/3 233/521/3
f 529/72/5 404/478/5 95/51/5
f 546/767/1 406/768/1 544/769/1
f 95/51/5 597/602/5 96/52/5
f 541/770/1 403/562/1 546/767/1
f 486/772/1 596/773/1 541/770/1
f 529/72/5 97/782/5 524/783/5
f 524/783/5 530/784/5 527/785/5
f 18/312/3 532/556/3 66/8/3
f 533/786/5 97/782/5 98/50/5
f 536/787/5 98/50/5 537/788/5
f 537/788/5 96/52/5 539/789/5
f 96/52/5 599/603/5 539/789/5
f 16/7/3 18/312/3 66/8/3
f 98/50/5 97/782/5 95/51/5
f 173/299/70 175/641/70 219/300/70
f 221/302/76 222/316/76 177/303/76
f 134/305/62 133/806/62 217/306/62
f 216/308/60 131/806/60 130/305/60
f 223/310/65 225/318/65 228/311/65
f 229/312/65 228/311/65 460/313/65
f 230/102/114 220/301/114 219/300/114
f 233/315/76 234/480/76 222/316/76
f 226/317/62 227/479/62 218/307/62
f 216/308/60 215/309/60 225/318/60
f 541/474/65 542/477/65 487/188/65
f 546/476/65 547/478/65 542/477/65
f 544/203/65 543/202/65 547/478/65
f 526/197/62 525/196/62 227/479/62
f 234/480/96 233/315/96 535/200/96
f 461/314/65 460/313/65 230/520/65
f 530/554/68 531/562/68 525/196/68
f 536/555/68 535/685/68 532/556/68
f 534/199/89 536/201/89 537/558/89
f 538/559/89 537/558/89 539/560/89
f 533/557/68 532/556/68 531/562/68
f 232/104/80 231/103/80 488/563/80
f 599/168/74 598/223/74 540/561/74
f 407/600/67 406/203/67 403/601/67
f 404/478/67 403/601/67 596/474/67
f 597/602/67 596/474/67 600/187/67
f 486/599/70 488/563/70 598/223/70
f 157/613/1 15/7/1 215/309/1
f 134/305/3 218/307/3 16/7/3
f 455/633/1 64/9/1 15/7/1
f 158/613/3 16/7/3 65/9/3
f 173/639/1 220/678/1 64/9/1
f 410/640/2 46/643/2 219/300/2
f 459/633/3 65/9/3 221/642/3
f 177/303/2 222/316/2 46/643/2
f 15/7/1 228/311/1 225/318/1
f 218/307/3 227/479/3 18/312/3
f 220/678/1 230/520/1 460/313/1
f 219/300/2 46/643/2 47/679/2
f 222/316/2 234/480/2 47/679/2
f 65/9/3 66/8/3 233/521/3
f 229/680/6 547/478/6 543/202/6
f 227/479/3 525/196/3 531/562/3
f 461/683/6 542/477/6 547/478/6
f 64/9/1 460/313/1 228/311/1
f 231/103/2 47/679/2 538/559/2
f 540/561/2 598/223/2 488/563/2
f 232/684/6 487/188/6 542/477/6
f 234/480/2 534/199/2 538/559/2
f 66/8/3 532/556/3 535/685/3
f 529/72/5 407/600/5 404/478/5
f 546/767/1 403/562/1 406/768/1
f 95/51/5 404/478/5 597/602/5
f 541/770/1 596/773/1 403/562/1
f 486/772/1 600/828/1 596/773/1
f 529/72/5 95/51/5 97/782/5
f 524/783/5 97/782/5 530/784/5
f 18/312/3 531/562/3 532/556/3
f 533/786/5 530/784/5 97/782/5
f 536/787/5 533/786/5 98/50/5
f 537/788/5 98/50/5 96/52/5
f 96/52/5 597/602/5 599/603/5
usemtl Ceil
f 195/94/17 196/95/17 197/96/17
f 204/97/18 205/98/18 206/96/18
f 436/181/45 437/182/45 438/183/45
f 439/184/46 440/185/46 441/186/46
f 196/95/70 436/181/70 438/183/70
f 200/278/74 197/279/74 196/280/74
f 204/281/74 211/282/74 212/283/74
f 212/283/74 370/284/74 371/285/74
f 206/289/72 491/290/72 492/291/72
f 201/294/74 408/295/74 409/296/74
f 371/285/74 202/444/74 203/445/74
f 409/296/74 203/445/74 202/444/74
f 440/185/76 205/98/76 204/97/76
f 438/501/80 448/502/80 449/503/80
f 449/503/99 450/504/99 451/505/99
f 451/505/100 442/506/100 443/507/100
f 443/507/75 444/284/75 445/508/75
f 445/508/80 446/509/80 447/510/80
f 441/511/75 447/510/75 446/509/75
f 437/182/65 495/512/65 496/513/65
f 439/184/101 497/514/101 498/515/101
f 494/293/67 195/531/67 197/279/67
f 495/512/1 195/94/1 493/650/1
f 200/661/2 438/662/2 449/663/2
f 494/293/5 201/294/5 83/651/5
f 83/651/5 409/296/5 85/40/5
f 451/666/2 200/661/2 449/663/2
f 85/40/5 202/444/5 79/35/5
f 79/35/5 370/284/5 84/41/5
f 371/667/2 443/668/2 445/669/2
f 443/668/2 408/670/2 451/666/2
f 447/671/2 204/672/2 212/623/2
f 78/38/5 206/289/5 492/291/5
f 491/673/3 439/184/3 498/515/3
f 84/41/5 211/282/5 78/38/5
f 212/623/2 445/669/2 447/671/2
f 437/771/6 80/651/6 448/502/6
f 446/509/6 497/676/6 441/511/6
f 450/504/6 82/35/6 442/506/6
f 442/506/6 77/41/6 444/284/6
f 444/284/6 81/38/6 446/509/6
f 448/502/6 76/658/6 450/504/6
f 196/95/70 195/94/70 436/181/70
f 200/278/74 201/294/74 197/279/74
f 204/281/74 206/289/74 211/282/74
f 212/283/74 211/282/74 370/284/74
f 206/289/72 205/805/72 491/290/72
f 201/294/74 200/278/74 408/295/74
f 371/285/74 370/284/74 202/444/74
f 409/296/74 408/295/74 203/445/74
f 440/185/76 439/184/76 205/98/76
f 438/501/75 437/771/75 448/502/75
f 449/503/75 448/502/75 450/504/75
f 451/505/75 450/504/75 442/506/75
f 443/507/75 442/506/75 444/284/75
f 445/508/80 444/284/80 446/509/80
f 441/511/80 440/811/80 447/510/80
f 437/182/65 436/181/65 495/512/65
f 439/184/81 441/186/81 497/514/81
f 494/293/67 493/292/67 195/531/67
f 495/512/1 436/181/1 195/94/1
f 200/661/2 196/819/2 438/662/2
f 494/293/5 197/279/5 201/294/5
f 83/651/5 201/294/5 409/296/5
f 451/666/2 408/670/2 200/661/2
f 85/40/5 409/296/5 202/444/5
f 79/35/5 202/444/5 370/284/5
f 371/667/2 203/821/2 443/668/2
f 443/668/2 203/821/2 408/670/2
f 447/671/2 440/822/2 204/672/2
f 78/38/5 211/282/5 206/289/5
f 491/673/3 205/98/3 439/184/3
f 84/41/5 370/284/5 211/282/5
f 212/623/2 371/667/2 445/669/2
f 437/771/6 496/664/6 80/651/6
f 446/509/6 81/38/6 497/676/6
f 450/504/6 76/658/6 82/35/6
f 442/506/6 82/35/6 77/41/6
f 444/284/6 77/41/6 81/38/6
f 448/502/6 80/651/6 76/658/6
usemtl Wall_N
f 61/1/1 57/2/1 75/3/1
f 153/82/13 154/83/13 155/84/13
f 237/105/21 238/106/21 239/107/21
f 259/115/23 260/116/23 261/117/23
f 427/227/60 125/228/60 426/229/60
f 187/265/70 259/115/70 261/117/70
f 153/82/73 237/105/73 154/83/73
f 249/325/65 462/326/65 463/327/65
f 260/116/65 250/340/65 249/325/65
f 128/493/60 426/229/60 126/494/60
f 430/178/70 188/497/70 187/265/70
f 463/327/65 237/105/65 239/107/65
f 431/532/65 495/512/65 432/533/65
f 427/227/1 151/607/1 123/608/1
f 128/493/1 55/612/1 427/227/1
f 55/612/1 452/630/1 151/607/1
f 61/1/1 237/105/1 462/326/1
f 154/83/1 75/3/1 55/612/1
f 75/3/1 172/637/1 452/630/1
f 172/637/1 432/533/1 185/638/1
f 185/638/1 495/512/1 493/650/1
f 3/29/1 259/115/1 188/497/1
f 57/2/1 188/497/1 432/533/1
f 61/1/1 250/340/1 3/29/1
f 61/1/1 3/29/1 57/2/1
f 427/227/60 123/608/60 125/228/60
f 187/265/112 188/497/112 259/115/112
f 153/82/60 238/106/60 237/105/60
f 249/325/65 250/340/65 462/326/65
f 260/116/65 259/115/65 250/340/65
f 128/493/60 427/227/60 426/229/60
f 430/178/112 432/533/112 188/497/112
f 463/327/65 462/326/65 237/105/65
f 431/532/65 496/513/65 495/512/65
f 427/227/1 55/612/1 151/607/1
f 128/493/1 154/83/1 55/612/1
f 55/612/1 75/3/1 452/630/1
f 61/1/1 154/83/1 237/105/1
f 154/83/1 61/1/1 75/3/1
f 75/3/1 57/2/1 172/637/1
f 172/637/1 57/2/1 432/533/1
f 185/638/1 432/533/1 495/512/1
f 3/29/1 250/340/1 259/115/1
f 57/2/1 3/29/1 188/497/1
f 61/1/1 462/326/1 250/340/1
usemtl Wall_S
f 74/3/3 4/29/3 62/1/3
f 240/105/12 241/108/12 242/109/12
f 262/118/24 263/119/24 264/120/24
f 433/178/44 434/179/44 435/180/44
f 138/232/62 428/233/62 429/234/62
f 240/105/62 162/261/62 164/262/62
f 191/266/71 263/119/71 262/118/71
f 433/178/71 191/266/71 434/179/71
f 251/332/79 468/333/79 469/326/79
f 252/339/81 262/118/81 264/120/81
f 429/234/62 135/495/62 137/496/62
f 469/326/81 241/108/81 240/105/81
f 498/515/104 435/180/104 434/179/104
f 137/496/3 56/612/3 429/234/3
f 138/232/3 56/612/3 164/262/3
f 161/634/3 74/3/3 56/612/3
f 164/262/3 74/3/3 62/1/3
f 62/1/3 240/105/3 164/262/3
f 179/644/3 434/179/3 58/2/3
f 457/630/3 58/2/3 74/3/3
f 190/654/3 498/515/3 434/179/3
f 191/266/3 251/332/3 4/29/3
f 58/2/3 191/266/3 4/29/3
f 4/29/3 469/326/3 62/1/3
f 74/3/3 58/2/3 4/29/3
f 138/232/62 140/803/62 428/233/62
f 240/105/62 242/109/62 162/261/62
f 191/266/113 192/804/113 263/119/113
f 433/178/76 192/804/76 191/266/76
f 251/332/104 252/339/104 468/333/104
f 252/339/81 251/332/81 262/118/81
f 429/234/62 428/233/62 135/495/62
f 469/326/81 468/333/81 241/108/81
f 498/515/81 497/514/81 435/180/81
f 137/496/3 161/634/3 56/612/3
f 138/232/3 429/234/3 56/612/3
f 161/634/3 457/630/3 74/3/3
f 164/262/3 56/612/3 74/3/3
f 62/1/3 469/326/3 240/105/3
f 179/644/3 190/654/3 434/179/3
f 457/630/3 179/644/3 58/2/3
f 190/654/3 491/673/3 498/515/3
f 191/266/3 262/118/3 251/332/3
f 58/2/3 434/179/3 191/266/3
f 4/29/3 251/332/3 469/326/3
usemtl Wall_E
f 30/12/5 11/13/5 5/14/5
f 71/15/5 5/14/5 63/16/5
f 29/32/5 63/16/5 2/33/5
f 45/34/5 79/35/5 9/36/5
f 31/37/5 78/38/5 11/13/5
f 8/39/5 85/40/5 45/34/5
f 9/36/5 84/41/5 31/37/5
f 123/67/7 124/68/7 125/69/7
f 129/71/9 130/72/9 131/73/9
f 132/74/10 133/75/10 134/76/10
f 135/77/11 136/78/11 137/79/11
f 173/88/15 174/89/15 175/90/15
f 176/91/16 177/92/16 178/93/16
f 129/71/61 125/69/61 124/68/61
f 136/78/61 143/230/61 144/231/61
f 144/231/61 366/238/61 367/239/61
f 137/79/66 160/255/66 161/256/66
f 124/68/67 151/257/67 152/258/67
f 158/259/68 132/74/68 134/76/68
f 130/72/67 156/260/67 157/51/67
f 152/258/67 452/263/67 453/264/67
f 157/51/67 454/267/67 455/268/67
f 161/256/72 456/269/72 457/270/72
f 176/91/72 458/271/72 459/45/72
f 189/272/68 179/273/68 180/274/68
f 171/275/67 185/276/67 186/277/67
f 186/277/67 493/292/67 494/293/67
f 411/297/74 177/92/74 410/298/74
f 132/74/61 366/238/61 133/75/61
f 411/297/74 175/90/74 174/89/74
f 453/264/67 172/518/67 171/275/67
f 173/88/67 454/267/67 174/89/67
f 457/270/102 180/274/102 179/273/102
f 459/45/103 159/519/103 158/259/103
f 492/291/68 190/530/68 189/272/68
f 124/68/5 156/260/5 129/71/5
f 132/74/5 29/32/5 367/239/5
f 144/231/5 160/255/5 136/78/5
f 367/239/5 2/33/5 144/231/5
f 152/258/5 454/267/5 156/260/5
f 159/519/5 71/15/5 29/32/5
f 2/33/5 456/269/5 160/255/5
f 454/267/5 171/275/5 174/89/5
f 174/89/5 186/277/5 8/39/5
f 8/39/5 411/297/5 174/89/5
f 178/93/5 31/37/5 30/12/5
f 9/36/5 411/297/5 45/34/5
f 458/271/5 30/12/5 71/15/5
f 5/14/5 189/272/5 180/274/5
f 63/16/5 180/274/5 456/269/5
f 186/277/5 83/651/5 8/39/5
f 11/13/5 492/291/5 189/272/5
f 30/12/5 31/37/5 11/13/5
f 71/15/5 30/12/5 5/14/5
f 29/32/5 71/15/5 63/16/5
f 45/34/5 85/40/5 79/35/5
f 31/37/5 84/41/5 78/38/5
f 8/39/5 83/651/5 85/40/5
f 9/36/5 79/35/5 84/41/5
f 129/71/61 131/73/61 125/69/61
f 136/78/61 135/77/61 143/230/61
f 144/231/61 143/230/61 366/238/61
f 137/79/72 136/78/72 160/255/72
f 124/68/67 123/67/67 151/257/67
f 158/259/72 159/519/72 132/74/72
f 130/72/67 129/71/67 156/260/67
f 152/258/67 151/257/67 452/263/67
f 157/51/67 156/260/67 454/267/67
f 161/256/72 160/255/72 456/269/72
f 176/91/72 178/93/72 458/271/72
f 189/272/102 190/530/102 179/273/102
f 171/275/67 172/518/67 185/276/67
f 186/277/67 185/276/67 493/292/67
f 411/297/74 178/93/74 177/92/74
f 132/74/61 367/239/61 366/238/61
f 411/297/74 410/298/74 175/90/74
f 453/264/67 452/263/67 172/518/67
f 173/88/67 455/268/67 454/267/67
f 457/270/72 456/269/72 180/274/72
f 459/45/72 458/271/72 159/519/72
f 492/291/102 491/290/102 190/530/102
f 124/68/5 152/258/5 156/260/5
f 132/74/5 159/519/5 29/32/5
f 144/231/5 2/33/5 160/255/5
f 367/239/5 29/32/5 2/33/5
f 152/258/5 453/264/5 454/267/5
f 159/519/5 458/271/5 71/15/5
f 2/33/5 63/16/5 456/269/5
f 454/267/5 453/264/5 171/275/5
f 174/89/5 171/275/5 186/277/5
f 8/39/5 45/34/5 411/297/5
f 178/93/5 9/36/5 31/37/5
f 9/36/5 178/93/5 411/297/5
f 458/271/5 178/93/5 30/12/5
f 5/14/5 11/13/5 189/272/5
f 63/16/5 5/14/5 180/274/5
f 186/277/5 494/293/5 83/651/5
f 11/13/5 78/38/5 492/291/5
usemtl Wall_W
f 12/4/2 28/5/2 60/6/2
f 32/5/4 6/10/4 19/11/4
f 28/5/2 50/10/2 48/28/2
f 126/70/8 127/68/8 128/67/8
f 138/79/12 139/80/12 140/81/12
f 162/85/14 163/86/14 164/87/14
f 243/110/22 244/111/22 245/33/22
f 246/112/19 247/113/19 248/114/19
f 265/121/25 266/122/25 267/123/25
f 418/169/41 419/170/41 420/171/41
f 430/175/43 431/176/43 432/177/43
f 127/68/59 147/225/59 148/226/59
f 141/235/63 140/81/63 139/80/63
f 142/230/59 364/236/59 365/237/59
f 145/240/59 121/241/59 122/242/59
f 148/226/59 122/242/59 121/241/59
f 153/243/59 169/244/59 170/245/59
f 165/246/63 163/86/63 162/85/63
f 166/247/63 368/248/63 369/249/63
f 167/250/64 149/251/64 150/252/64
f 170/245/59 150/252/59 149/251/59
f 128/67/65 155/253/65 154/254/65
f 163/86/69 138/79/69 164/87/69
f 213/286/75 209/287/75 210/288/75
f 239/319/59 235/320/59 236/321/59
f 243/322/63 242/323/63 241/324/63
f 246/112/77 235/320/77 247/113/77
f 246/328/65 464/329/65 465/330/65
f 244/111/78 466/331/78 467/16/78
f 261/334/80 257/335/80 258/336/80
f 263/337/80 265/121/80 264/338/80
f 253/341/81 265/342/81 267/343/81
f 184/344/62 244/345/62 183/346/62
f 181/347/60 248/114/60 247/113/60
f 198/439/90 193/440/90 194/441/90
f 365/237/77 146/442/77 145/240/77
f 369/249/63 168/443/63 167/250/63
f 415/482/96 267/123/96 266/122/96
f 418/169/70 424/487/70 419/170/70
f 258/336/80 420/171/80 419/170/80
f 255/489/65 418/490/65 420/491/65
f 210/288/80 207/498/80 208/499/80
f 194/441/75 214/500/75 213/286/75
f 433/516/80 208/499/80 207/498/80
f 431/176/75 199/517/75 198/439/75
f 465/330/65 256/46/65 255/489/65
f 467/16/79 254/522/79 253/341/79
f 146/442/6 150/252/6 121/241/6
f 121/241/6 169/244/6 148/226/6
f 148/226/6 155/253/6 127/68/6
f 139/80/6 166/247/6 141/235/6
f 141/235/6 369/249/6 364/236/6
f 364/236/6 167/250/6 146/442/6
f 168/627/4 247/113/4 149/628/4
f 149/628/4 235/320/4 170/629/4
f 170/629/4 238/631/4 153/632/4
f 165/635/4 242/323/4 245/122/4
f 368/636/4 245/122/4 32/5/4
f 368/636/4 19/11/4 168/627/4
f 19/11/4 181/347/4 247/113/4
f 248/647/1 68/646/1 464/648/1
f 32/5/4 184/344/4 33/649/4
f 467/648/3 183/645/3 244/647/3
f 187/652/2 258/336/2 13/653/2
f 430/175/2 13/653/2 199/517/2
f 207/498/2 192/655/2 433/516/2
f 10/656/2 263/337/2 192/655/2
f 199/517/2 7/657/2 193/440/2
f 76/658/6 213/659/6 82/35/6
f 193/440/2 12/4/2 214/500/2
f 80/651/6 194/660/6 76/658/6
f 496/664/6 198/665/6 80/651/6
f 77/41/6 208/674/6 81/38/6
f 209/287/2 10/656/2 207/498/2
f 81/38/6 435/675/6 497/676/6
f 214/500/2 60/6/2 209/287/2
f 82/35/6 210/677/6 77/41/6
f 246/328/6 67/52/6 236/686/6
f 236/686/6 463/687/6 239/688/6
f 241/689/6 466/331/6 243/110/6
f 20/690/6 260/691/6 249/692/6
f 67/52/6 249/692/6 463/687/6
f 252/693/6 265/342/6 254/522/6
f 468/694/6 254/522/6 466/331/6
f 253/695/3 69/646/3 467/648/3
f 253/695/3 414/696/3 21/697/3
f 255/489/6 257/698/6 20/690/6
f 464/648/1 22/697/1 256/695/1
f 465/330/6 20/690/6 67/52/6
f 425/696/1 256/695/1 22/697/1
f 7/657/2 258/336/2 419/170/2
f 60/6/2 266/122/2 10/656/2
f 415/482/2 28/5/2 48/28/2
f 49/11/2 424/487/2 50/10/2
f 12/4/2 419/170/2 49/11/2
f 12/4/2 49/11/2 28/5/2
f 32/5/4 33/649/4 6/10/4
f 28/5/2 49/11/2 50/10/2
f 127/68/105 126/70/105 147/225/105
f 141/235/63 142/230/63 140/81/63
f 142/230/63 141/235/63 364/236/63
f 145/240/59 146/442/59 121/241/59
f 148/226/63 147/225/63 122/242/63
f 153/243/59 155/253/59 169/244/59
f 165/246/105 166/247/105 163/86/105
f 166/247/59 165/246/59 368/248/59
f 167/250/59 168/443/59 149/251/59
f 170/245/63 169/244/63 150/252/63
f 128/67/65 127/68/65 155/253/65
f 163/86/78 139/80/78 138/79/78
f 213/286/80 214/500/80 209/287/80
f 239/319/59 238/631/59 235/320/59
f 243/322/77 245/122/77 242/323/77
f 246/112/59 236/321/59 235/320/59
f 246/328/92 248/807/92 464/329/92
f 244/111/81 243/110/81 466/331/81
f 261/334/80 260/319/80 257/335/80
f 263/337/80 266/122/80 265/121/80
f 253/341/78 254/522/78 265/342/78
f 184/344/62 245/122/62 244/345/62
f 181/347/60 182/357/60 248/114/60
f 198/439/99 199/517/99 193/440/99
f 365/237/105 364/236/105 146/442/105
f 369/249/63 368/248/63 168/443/63
f 415/482/71 414/481/71 267/123/71
f 418/169/112 425/488/112 424/487/112
f 258/336/100 257/335/100 420/171/100
f 255/489/92 256/46/92 418/490/92
f 210/288/80 209/287/80 207/498/80
f 194/441/75 193/440/75 214/500/75
f 433/516/75 435/624/75 208/499/75
f 431/176/80 430/175/80 199/517/80
f 465/330/92 464/329/92 256/46/92
f 467/16/104 466/331/104 254/522/104
f 146/442/6 167/250/6 150/252/6
f 121/241/6 150/252/6 169/244/6
f 148/226/6 169/244/6 155/253/6
f 139/80/6 163/86/6 166/247/6
f 141/235/6 166/247/6 369/249/6
f 364/236/6 369/249/6 167/250/6
f 168/627/4 19/11/4 247/113/4
f 149/628/4 247/113/4 235/320/4
f 170/629/4 235/320/4 238/631/4
f 165/635/4 162/818/4 242/323/4
f 368/636/4 165/635/4 245/122/4
f 368/636/4 32/5/4 19/11/4
f 19/11/4 6/10/4 181/347/4
f 248/647/1 182/645/1 68/646/1
f 32/5/4 245/122/4 184/344/4
f 467/648/3 69/646/3 183/645/3
f 187/652/2 261/334/2 258/336/2
f 430/175/2 187/652/2 13/653/2
f 207/498/2 10/656/2 192/655/2
f 10/656/2 266/122/2 263/337/2
f 199/517/2 13/653/2 7/657/2
f 76/658/6 194/660/6 213/659/6
f 193/440/2 7/657/2 12/4/2
f 80/651/6 198/665/6 194/660/6
f 496/664/6 431/820/6 198/665/6
f 77/41/6 210/677/6 208/674/6
f 209/287/2 60/6/2 10/656/2
f 81/38/6 208/674/6 435/675/6
f 214/500/2 12/4/2 60/6/2
f 82/35/6 213/659/6 210/677/6
f 246/328/6 465/330/6 67/52/6
f 236/686/6 67/52/6 463/687/6
f 241/689/6 468/694/6 466/331/6
f 20/690/6 257/698/6 260/691/6
f 67/52/6 20/690/6 249/692/6
f 252/693/6 264/823/6 265/342/6
f 468/694/6 252/693/6 254/522/6
f 253/695/3 21/697/3 69/646/3
f 253/695/3 267/824/3 414/696/3
f 255/489/6 420/491/6 257/698/6
f 464/648/1 68/646/1 22/697/1
f 465/330/6 255/489/6 20/690/6
f 425/696/1 418/824/1 256/695/1
f 7/657/2 13/653/2 258/336/2
f 60/6/2 28/5/2 266/122/2
f 415/482/2 266/122/2 28/5/2
f 49/11/2 419/170/2 424/487/2
f 12/4/2 7/657/2 419/170/2
o Window
v 1.265000 0.730000 -2.195000
v 1.265000 2.210000 -2.195000
v 0.510000 0.730000 -2.195000
v 0.510000 2.210000 -2.195000
v 1.205000 0.860000 -2.195000
v 1.205000 2.150000 -2.195000
v 0.570000 0.860000 -2.195000
v 0.570000 2.150000 -2.195000
v 1.205000 0.860000 -2.175000
v 1.205000 2.150000 -2.175000
v 0.570000 0.860000 -2.175000
v 0.570000 2.150000 -2.175000
v 1.225000 0.840000 -2.175000
v 0.550000 0.840000 -2.175000
v 1.225000 0.840000 -2.125000
v 0.550000 0.840000 -2.125000
v 0.510000 0.730000 -2.125000
v 1.225000 2.170000 -2.175000
v 0.550000 2.170000 -2.175000
v 1.265000 2.210000 -2.125000
v 1.265000 0.730000 -2.125000
v 1.225000 2.170000 -2.125000
v 0.550000 2.170000 -2.125000
v 0.510000 2.210000 -2.125000
v 1.165000 0.900000 -2.175000
v 0.610000 0.900000 -2.175000
v 1.165000 2.110000 -2.175000
v 0.610000 2.110000 -2.175000
v 1.245000 0.820000 -2.125000
v 0.530000 0.820000 -2.125000
v 0.530000 2.190000 -2.125000
v 1.245000 2.190000 -2.125000
v 1.165000 0.900000 -2.105000
v 0.610000 0.900000 -2.105000
v 0.610000 2.110000 -2.105000
v 1.165000 2.110000 -2.105000
v 1.225000 2.170000 -2.125000
v 1.225000 0.840000 -2.125000
v 0.550000 2.170000 -2.125000
v 0.550000 0.840000 -2.125000
v 1.225000 0.840000 -2.175000
v 0.550000 0.840000 -2.175000
v 0.550000 2.170000 -2.175000
v 1.225000 2.170000 -2.175000
v 1.245000 0.820000 -2.105000
v 0.530000 0.820000 -2.105000
v 0.530000 2.190000 -2.105000
v 1.245000 2.190000 -2.105000
v 0.600000 0.890000 -2.150000
v 0.600000 2.120000 -2.150000
v 1.175000 0.890000 -2.150000
v 1.175000 2.120000 -2.150000
v 0.600000 0.890000 -2.130000
v 0.600000 2.120000 -2.130000
v 1.175000 0.890000 -2.130000
v 1.175000 2.120000 -2.130000
v 1.165000 2.110000 -2.150000
v 0.610000 2.110000 -2.150000
v 1.165000 0.900000 -2.150000
v 0.610000 0.900000 -2.150000
v 1.165000 2.110000 -2.130000
v 0.610000 2.110000 -2.130000
v 1.165000 0.900000 -2.130000
v 0.610000 0.900000 -2.130000
v 0.600000 0.890000 -2.150000
v 0.600000 2.120000 -2.150000
v 1.175000 0.890000 -2.150000
v 1.175000 2.120000 -2.150000
v 0.600000 0.890000 -2.130000
v 0.600000 2.120000 -2.130000
v 1.175000 0.890000 -2.130000
v 1.175000 2.120000 -2.130000
v 2.020000 0.730000 -2.195000
v 2.020000 2.210000 -2.195000
v 1.265000 0.730000 -2.195000
v 1.265000 2.210000 -2.195000
v 1.960001 0.860000 -2.195000
v 1.960001 2.150000 -2.195000
v 1.325000 0.860000 -2.195000
v 1.325000 2.150000 -2.195000
v 1.960001 0.860000 -2.175000
v 1.960001 2.150000 -2.175000
v 1.325000 0.860000 -2.175000
v 1.325000 2.150000 -2.175000
v 1.980000 0.840000 -2.175000
v 1.305000 0.840000 -2.175000
v 1.980000 0.840000 -2.125000
v 1.305000 0.840000 -2.125000
v 1.265000 0.730000 -2.125000
v 1.980000 2.170000 -2.175000
v 1.305000 2.170000 -2.175000
v 2.020000 2.210000 -2.125000
v 2.020000 0.730000 -2.125000
v 1.980000 2.170000 -2.125000
v 1.305000 2.170000 -2.125000
v 1.265000 2.210000 -2.125000
v 1.920001 0.900000 -2.175000
v 1.365000 0.900000 -2.175000
v 1.920001 2.110000 -2.175000
v 1.365000 2.110000 -2.175000
v 2.000000 0.820000 -2.125000
v 1.285000 0.820000 -2.125000
v 1.285000 2.190000 -2.125000
v 2.000000 2.190000 -2.125000
v 1.920001 0.900000 -2.105000
v 1.365000 0.900000 -2.105000
v 1.365000 2.110000 -2.105000
v 1.920001 2.110000 -2.105000
v 1.980000 2.170000 -2.125000
v 1.980000 0.840000 -2.125000
v 1.305000 2.170000 -2.125000
v 1.305000 0.840000 -2.125000
v 1.980000 0.840000 -2.175000
v 1.305000 0.840000 -2.175000
v 1.305000 2.170000 -2.175000
v 1.980000 2.170000 -2.175000
v 2.000000 0.820000 -2.105000
v 1.285000 0.820000 -2.105000
v 1.285000 2.190000 -2.105000
v 2.000000 2.190000 -2.105000
v 1.355000 0.890000 -2.150000
v 1.355000 2.120000 -2.150000
v 1.930000 0.890000 -2.150000
v 1.930000 2.120000 -2.150000
v 1.355000 0.890000 -2.130000
v 1.355000 2.120000 -2.130000
v 1.930000 0.890000 -2.130000
v 1.930000 2.120000 -2.130000
v 1.920001 2.110000 -2.150000
v 1.365000 2.110000 -2.150000
v 1.920001 0.900000 -2.150000
v 1.365000 0.900000 -2.150000
v 1.920001 2.110000 -2.130000
v 1.365000 2.110000 -2.130000
v 1.920001 0.900000 -2.130000
v 1.365000 0.900000 -2.130000
v 1.355000 0.890000 -2.150000
v 1.355000 2.120000 -2.150000
v 1.930000 0.890000 -2.150000
v 1.930000 2.120000 -2.150000
v 1.355000 0.890000 -2.130000
v 1.355000 2.120000 -2.130000
v 1.930000 0.890000 -2.130000
v 1.930000 2.120000 -2.130000
vn 1.0000 -0.0000 -0.0000
vn -0.0000 -0.0000 -1.0000
vn -1.0000 -0.0000 -0.0000
vn -0.0000 -1.0000 -0.0000
vn -0.0000 1.0000 -0.0000
vn -0.0000 -0.0000 1.0000
vt 0.528142 1.171143
vt 0.548142 -0.168857
vt 0.548142 1.171143
vt 0.499999 1.231143
vt 0.439999 -0.168857
vt 0.439999 1.171143
vt -0.255001 -0.248857
vt -0.195001 -0.168857
vt -0.255001 1.231143
vt -0.195001 1.171143
vt 0.528142 -0.168857
vt 0.548142 -0.168857
vt 0.439999 0.528142
vt -0.195001 0.548142
vt 0.439999 0.548142
vt -0.195001 0.528142
vt -0.215001 -0.188857
vt -0.215001 0.478142
vt 0.459999 0.528142
vt -0.215001 0.528142
vt 0.459999 -0.188857
vt 0.499999 0.548142
vt -0.255001 0.478142
vt -0.255001 0.548142
vt 0.459999 1.191143
vt -0.215001 1.191143
vt 0.478142 -0.188857
vt 0.528142 1.191143
vt 0.528142 -0.188857
vt 0.478142 1.191143
vt 0.528142 -0.188857
vt 0.459999 0.478142
vt 0.499999 -0.248857
vt 0.548142 -0.248857
vt 0.478142 1.231143
vt 0.548142 1.231143
vt 0.499999 0.478142
vt 0.478142 -0.248857
vt 0.548142 -0.248857
vt 0.458142 1.131143
vt 0.483142 -0.128857
vt 0.483142 1.131143
vt 0.478142 -0.208857
vt 0.458142 1.211143
vt 0.478142 1.211143
vt 0.479999 -0.208857
vt 0.479999 1.211143
vt -0.235001 1.211143
vt -0.235001 -0.208857
vt -0.155001 0.458142
vt 0.399999 0.483142
vt -0.155001 0.483142
vt 0.479999 0.478142
vt -0.235001 0.458142
vt -0.235001 0.478142
vt 0.458142 -0.208857
vt 0.478142 -0.208857
vt 0.479999 0.458142
vt 0.399999 -0.128857
vt -0.155001 -0.128857
vt -0.155001 1.131143
vt 0.399999 1.131143
vt 0.483142 -0.128857
vt 0.399999 0.458142
vt 0.399999 0.503142
vt -0.155001 0.528142
vt 0.399999 0.528142
vt 0.528142 -0.128857
vt 0.503142 1.131143
vt 0.528142 1.131143
vt -0.155001 0.503142
vt 0.528142 -0.128857
vt 0.409999 0.483142
vt -0.165001 0.503142
vt 0.409999 0.503142
vt 0.503142 -0.138857
vt 0.483142 1.141143
vt 0.503142 1.141143
vt -0.165001 0.483142
vt 0.503142 -0.138857
vt 0.409999 1.141143
vt 0.409999 -0.138857
vt -0.165001 -0.138857
vt -0.165001 1.141143
vt 1.255000 1.231143
vt 1.195000 -0.168857
vt 1.195000 1.171143
vt 1.255000 -0.248857
vt 0.559999 -0.168857
vt 0.559999 1.171143
vt 1.195000 0.528142
vt 0.559999 0.548142
vt 1.195000 0.548142
vt 0.559999 0.528142
vt 0.539999 -0.188857
vt 0.539999 0.478142
vt 1.215000 0.528142
vt 0.539999 0.528142
vt 0.499999 -0.248857
vt 1.215000 -0.188857
vt 1.255000 0.548142
vt 0.499999 0.478142
vt 1.215000 1.191143
vt 0.539999 1.191143
vt 1.215000 0.478142
vt 1.255000 0.478142
vt 1.235000 -0.208857
vt 1.235000 1.211143
vt 0.519999 1.211143
vt 0.519999 -0.208857
vt 0.599999 0.458142
vt 1.155000 0.483142
vt 0.599999 0.483142
vt 1.235000 0.478142
vt 0.519999 0.458142
vt 0.519999 0.478142
vt 1.235000 0.458142
vt 1.155000 -0.128857
vt 0.599999 -0.128857
vt 0.599999 1.131143
vt 1.155000 1.131143
vt 1.155000 0.458142
vt 1.155000 0.503142
vt 0.599999 0.528142
vt 1.155000 0.528142
vt 0.599999 0.503142
vt 1.164999 0.483142
vt 0.589999 0.503142
vt 1.164999 0.503142
vt 0.589999 0.483142
vt 1.164999 1.141143
vt 1.164999 -0.138857
vt 0.589999 -0.138857
vt 0.589999 1.141143
vt 0.528142 -0.168857
vt 0.478142 -0.188857
vt 0.478142 -0.248857
vt 0.478142 1.231143
vt 0.458142 -0.128857
vt 0.458142 -0.208857
vt 0.458142 -0.128857
vt 0.503142 -0.128857
vt 0.503142 -0.128857
vt 0.483142 -0.138857
vt 0.483142 -0.138857
vt 1.255000 0.478142
s 0
usemtl Plastic
f 612/830/122 607/831/122 608/832/122
f 602/833/123 605/834/123 606/835/123
f 605/834/123 603/836/123 607/837/123
f 607/837/123 604/838/123 608/839/123
f 608/839/123 602/833/123 606/835/123
f 609/840/124 606/832/124 605/841/124
f 610/842/125 608/843/125 606/844/125
f 611/845/126 605/844/126 607/843/126
f 614/846/127 609/834/127 611/837/127
f 616/847/126 613/848/126 614/849/126
f 617/836/127 615/850/127 616/846/127
f 601/851/125 617/852/125 603/853/125
f 618/854/127 612/839/127 610/835/127
f 619/855/127 611/837/127 612/839/127
f 609/834/127 618/854/127 610/835/127
f 615/856/124 618/857/124 613/858/124
f 623/859/122 614/860/122 619/857/122
f 622/861/125 619/849/125 618/848/125
f 616/846/127 624/838/127 617/836/127
f 624/838/127 622/854/127 620/833/127
f 620/833/127 615/850/127 621/862/127
f 603/863/124 624/864/124 604/865/124
f 604/853/126 620/866/126 602/851/126
f 602/865/122 621/867/122 601/868/122
f 635/869/122 664/870/122 662/871/122
f 630/872/124 647/873/124 631/874/124
f 637/854/123 629/875/123 638/850/123
f 639/855/123 632/876/123 637/854/123
f 640/846/123 631/877/123 639/855/123
f 638/850/123 630/878/123 640/846/123
f 634/879/126 663/880/126 664/881/126
f 629/882/125 646/883/125 630/884/125
f 632/874/122 645/885/122 629/886/122
f 631/884/126 648/887/126 632/882/126
f 641/848/125 640/847/125 642/849/125
f 642/860/124 639/859/124 643/857/124
f 643/849/126 637/861/126 644/848/126
f 644/857/122 638/856/122 641/858/122
f 625/888/123 642/846/123 626/889/123
f 628/890/123 644/854/123 627/891/123
f 626/889/123 643/855/123 628/890/123
f 627/891/123 641/850/123 625/888/123
f 634/889/127 645/875/127 633/888/127
f 636/891/127 647/877/127 635/890/127
f 635/890/127 646/878/127 634/889/127
f 636/891/127 645/875/127 648/876/127
f 663/892/124 636/869/124 661/871/124
f 636/893/125 662/881/125 661/880/125
f 657/894/125 628/895/125 627/896/125
f 625/897/124 657/898/124 627/899/124
f 660/900/126 625/896/126 626/895/126
f 658/898/122 626/901/122 628/899/122
f 656/902/125 650/903/125 652/904/125
f 651/905/124 656/906/124 652/907/124
f 653/908/126 651/904/126 649/903/126
f 654/906/122 649/909/122 650/907/122
f 652/910/127 658/890/127 657/891/127
f 652/910/127 659/888/127 651/911/127
f 651/911/127 660/889/127 649/912/127
f 649/912/127 658/890/127 650/913/127
f 656/910/123 662/890/123 654/913/123
f 655/911/123 661/891/123 656/910/123
f 655/911/123 664/889/123 663/888/123
f 654/913/123 664/889/123 653/912/123
f 684/830/122 679/831/122 680/832/122
f 674/914/123 677/915/123 678/916/123
f 673/917/123 679/918/123 677/915/123
f 679/918/123 676/833/123 680/919/123
f 680/919/123 674/914/123 678/916/123
f 681/840/124 678/832/124 677/841/124
f 682/920/125 680/921/125 678/922/125
f 683/923/126 677/922/126 679/921/126
f 686/924/127 681/915/127 683/918/127
f 688/925/126 685/926/126 686/927/126
f 689/928/127 687/929/127 688/924/127
f 673/930/125 689/931/125 675/851/125
f 690/932/127 684/919/127 682/916/127
f 691/933/127 683/918/127 684/919/127
f 681/915/127 690/932/127 682/916/127
f 687/856/124 690/857/124 685/858/124
f 695/859/122 686/860/122 691/857/122
f 694/934/125 691/927/125 690/926/125
f 688/924/127 696/833/127 689/928/127
f 692/914/127 695/933/127 694/932/127
f 692/914/127 687/929/127 693/917/127
f 675/863/124 696/864/124 676/865/124
f 676/851/126 692/935/126 674/930/126
f 674/865/122 693/867/122 673/868/122
f 707/869/122 736/870/122 734/871/122
f 702/872/124 719/873/124 703/874/124
f 709/932/123 701/936/123 710/929/123
f 711/933/123 704/937/123 709/932/123
f 712/924/123 703/938/123 711/933/123
f 710/929/123 702/939/123 712/924/123
f 706/940/126 735/941/126 736/942/126
f 701/943/125 718/944/125 702/945/125
f 704/874/122 717/885/122 701/886/122
f 703/945/126 720/946/126 704/943/126
f 713/926/125 712/925/125 714/927/125
f 714/860/124 711/859/124 715/857/124
f 715/927/126 709/934/126 716/926/126
f 716/857/122 710/856/122 713/858/122
f 697/947/123 714/924/123 698/948/123
f 700/949/123 716/932/123 699/950/123
f 698/948/123 715/933/123 700/949/123
f 699/950/123 713/929/123 697/947/123
f 706/948/127 717/936/127 705/947/127
f 708/950/127 719/938/127 707/949/127
f 707/949/127 718/939/127 706/948/127
f 708/950/127 717/936/127 720/937/127
f 735/892/124 708/869/124 733/871/124
f 708/951/125 734/942/125 733/941/125
f 729/952/125 700/953/125 699/954/125
f 697/897/124 729/898/124 699/899/124
f 732/955/126 697/954/126 698/953/126
f 730/898/122 698/901/122 700/899/122
f 728/956/125 722/957/125 724/958/125
f 723/905/124 728/906/124 724/907/124
f 725/959/126 723/958/126 721/957/126
f 726/906/122 721/909/122 722/907/122
f 724/960/127 730/949/127 729/950/127
f 724/960/127 731/947/127 723/961/127
f 723/961/127 732/948/127 721/962/127
f 721/962/127 730/949/127 722/963/127
f 728/960/123 734/949/123 726/963/123
f 727/961/123 733/950/123 728/960/123
f 727/961/123 736/948/123 735/947/123
f 726/963/123 736/948/123 725/962/123
f 612/830/122 611/964/122 607/831/122
f 602/833/123 601/862/123 605/834/123
f 605/834/123 601/862/123 603/836/123
f 607/837/123 603/836/123 604/838/123
f 608/839/123 604/838/123 602/833/123
f 609/840/124 610/830/124 606/832/124
f 610/842/125 612/845/125 608/843/125
f 611/845/126 609/842/126 605/844/126
f 614/846/127 613/850/127 609/834/127
f 616/847/126 615/861/126 613/848/126
f 617/836/127 621/862/127 615/850/127
f 601/851/125 621/931/125 617/852/125
f 618/854/127 619/855/127 612/839/127
f 619/855/127 614/846/127 611/837/127
f 609/834/127 613/850/127 618/854/127
f 615/856/124 622/859/124 618/857/124
f 623/859/122 616/965/122 614/860/122
f 622/861/125 623/847/125 619/849/125
f 616/846/127 623/855/127 624/838/127
f 624/838/127 623/855/127 622/854/127
f 620/833/127 622/854/127 615/850/127
f 603/863/124 617/966/124 624/864/124
f 604/853/126 624/852/126 620/866/126
f 602/865/122 620/967/122 621/867/122
f 635/869/122 634/968/122 664/870/122
f 630/872/124 646/969/124 647/873/124
f 637/854/123 632/876/123 629/875/123
f 639/855/123 631/877/123 632/876/123
f 640/846/123 630/878/123 631/877/123
f 638/850/123 629/875/123 630/878/123
f 634/879/126 633/893/126 663/880/126
f 629/882/125 645/887/125 646/883/125
f 632/874/122 648/873/122 645/885/122
f 631/884/126 647/883/126 648/887/126
f 641/848/125 638/861/125 640/847/125
f 642/860/124 640/965/124 639/859/124
f 643/849/126 639/847/126 637/861/126
f 644/857/122 637/859/122 638/856/122
f 625/888/123 641/850/123 642/846/123
f 628/890/123 643/855/123 644/854/123
f 626/889/123 642/846/123 643/855/123
f 627/891/123 644/854/123 641/850/123
f 634/889/127 646/878/127 645/875/127
f 636/891/127 648/876/127 647/877/127
f 635/890/127 647/877/127 646/878/127
f 636/891/127 633/888/127 645/875/127
f 663/892/124 633/970/124 636/869/124
f 636/893/125 635/879/125 662/881/125
f 657/894/125 658/900/125 628/895/125
f 625/897/124 659/971/124 657/898/124
f 660/900/126 659/894/126 625/896/126
f 658/898/122 660/972/122 626/901/122
f 656/902/125 654/908/125 650/903/125
f 651/905/124 655/973/124 656/906/124
f 653/908/126 655/902/126 651/904/126
f 654/906/122 653/974/122 649/909/122
f 652/910/127 650/913/127 658/890/127
f 652/910/127 657/891/127 659/888/127
f 651/911/127 659/888/127 660/889/127
f 649/912/127 660/889/127 658/890/127
f 656/910/123 661/891/123 662/890/123
f 655/911/123 663/888/123 661/891/123
f 655/911/123 653/912/123 664/889/123
f 654/913/123 662/890/123 664/889/123
f 684/830/122 683/964/122 679/831/122
f 674/914/123 673/917/123 677/915/123
f 673/917/123 675/928/123 679/918/123
f 679/918/123 675/928/123 676/833/123
f 680/919/123 676/833/123 674/914/123
f 681/840/124 682/830/124 678/832/124
f 682/920/125 684/923/125 680/921/125
f 683/923/126 681/920/126 677/922/126
f 686/924/127 685/929/127 681/915/127
f 688/925/126 687/934/126 685/926/126
f 689/928/127 693/917/127 687/929/127
f 673/930/125 693/975/125 689/931/125
f 690/932/127 691/933/127 684/919/127
f 691/933/127 686/924/127 683/918/127
f 681/915/127 685/929/127 690/932/127
f 687/856/124 694/859/124 690/857/124
f 695/859/122 688/965/122 686/860/122
f 694/934/125 695/925/125 691/927/125
f 688/924/127 695/933/127 696/833/127
f 692/914/127 696/833/127 695/933/127
f 692/914/127 694/932/127 687/929/127
f 675/863/124 689/966/124 696/864/124
f 676/851/126 696/931/126 692/935/126
f 674/865/122 692/967/122 693/867/122
f 707/869/122 706/968/122 736/870/122
f 702/872/124 718/969/124 719/873/124
f 709/932/123 704/937/123 701/936/123
f 711/933/123 703/938/123 704/937/123
f 712/924/123 702/939/123 703/938/123
f 710/929/123 701/936/123 702/939/123
f 706/940/126 705/951/126 735/941/126
f 701/943/125 717/946/125 718/944/125
f 704/874/122 720/873/122 717/885/122
f 703/945/126 719/944/126 720/946/126
f 713/926/125 710/934/125 712/925/125
f 714/860/124 712/965/124 711/859/124
f 715/927/126 711/925/126 709/934/126
f 716/857/122 709/859/122 710/856/122
f 697/947/123 713/929/123 714/924/123
f 700/949/123 715/933/123 716/932/123
f 698/948/123 714/924/123 715/933/123
f 699/950/123 716/932/123 713/929/123
f 706/948/127 718/939/127 717/936/127
f 708/950/127 720/937/127 719/938/127
f 707/949/127 719/938/127 718/939/127
f 708/950/127 705/947/127 717/936/127
f 735/892/124 705/970/124 708/869/124
f 708/951/125 707/940/125 734/942/125
f 729/952/125 730/955/125 700/953/125
f 697/897/124 731/971/124 729/898/124
f 732/955/126 731/952/126 697/954/126
f 730/898/122 732/972/122 698/901/122
f 728/956/125 726/959/125 722/957/125
f 723/905/124 727/973/124 728/906/124
f 725/959/126 727/956/126 723/958/126
f 726/906/122 725/974/122 721/909/122
f 724/960/127 722/963/127 730/949/127
f 724/960/127 729/950/127 731/947/127
f 723/961/127 731/947/127 732/948/127
f 721/962/127 732/948/127 730/949/127
f 728/960/123 733/950/123 734/949/123
f 727/961/123 735/947/123 733/950/123
f 727/961/123 725/962/123 736/948/123
f 726/963/123 734/949/123 736/948/123
usemtl Glass
f 666/903/126 672/902/126 668/904/126
f 672/906/122 667/905/122 668/907/122
f 667/904/125 669/908/125 665/903/125
f 665/909/124 670/906/124 666/907/124
f 668/910/123 665/912/123 666/913/123
f 672/910/127 669/912/127 671/911/127
f 738/957/126 744/956/126 740/958/126
f 744/906/122 739/905/122 740/907/122
f 739/958/125 741/959/125 737/957/125
f 737/909/124 742/906/124 738/907/124
f 740/960/123 737/962/123 738/963/123
f 744/960/127 741/962/127 743/961/127
f 666/903/126 670/908/126 672/902/126
f 672/906/122 671/973/122 667/905/122
f 667/904/125 671/902/125 669/908/125
f 665/909/124 669/974/124 670/906/124
f 668/910/123 667/911/123 665/912/123
f 672/910/127 670/913/127 669/912/127
f 738/957/126 742/959/126 744/956/126
f 744/906/122 743/973/122 739/905/122
f 739/958/125 743/956/125 741/959/125
f 737/909/124 741/974/124 742/906/124
f 740/960/123 739/961/123 737/962/123
f 744/960/127 742/963/127 741/962/127
o Parapet
v 1.100000 0.782000 -2.065000
v 1.300000 0.782000 -2.065000
v 1.100000 0.800000 -2.065000
v 1.300000 0.800000 -2.065000
v 0.510000 0.783000 -2.002000
v 0.510000 0.782000 -2.003000
v 0.001000 0.783000 -2.002000
v 0.000000 0.783000 -2.003000
v 0.001000 0.782000 -2.003000
v 2.799000 0.783000 -2.002000
v 2.799000 0.782000 -2.003000
v 2.800000 0.783000 -2.003000
v 2.020000 0.783000 -2.002000
v 2.020000 0.782000 -2.003000
v 1.100000 0.782000 -2.003000
v 1.100000 0.783000 -2.002000
v 0.280000 0.782000 -2.003000
v 0.280000 0.783000 -2.002000
v 0.511000 0.783000 -2.125000
v 0.511000 0.782000 -2.124000
v 0.510000 0.783000 -2.124000
v 2.019000 0.783000 -2.125000
v 2.020000 0.783000 -2.124000
v 2.019000 0.782000 -2.124000
v 1.100000 0.783000 -2.125000
v 1.100000 0.782000 -2.124000
v 0.280000 0.783000 -2.065000
v 0.280000 0.782000 -2.064000
v 0.000000 0.783000 -2.064000
v 0.001000 0.783000 -2.065000
v 0.001000 0.782000 -2.064000
v 2.800000 0.783000 -2.064000
v 2.799000 0.782000 -2.064000
v 2.799000 0.783000 -2.065000
v 2.021000 0.783000 -2.065000
v 2.019000 0.782000 -2.064000
v 2.020000 0.783000 -2.066000
v 0.509000 0.783000 -2.065000
v 0.510000 0.783000 -2.066000
v 0.511000 0.782000 -2.064000
v 1.300000 0.783000 -2.002000
v 1.300000 0.782000 -2.003000
v 1.300000 0.782000 -2.124000
v 1.300000 0.783000 -2.125000
v 0.280000 0.799000 -2.002000
v 0.280000 0.800000 -2.003000
v 0.001000 0.799000 -2.002000
v 0.001000 0.800000 -2.003000
v 0.000000 0.799000 -2.003000
v 2.799000 0.799000 -2.002000
v 2.800000 0.799000 -2.003000
v 2.799000 0.800000 -2.003000
v 2.020000 0.800000 -2.003000
v 2.020000 0.799000 -2.002000
v 1.300000 0.800000 -2.003000
v 1.300000 0.799000 -2.002000
v 0.510000 0.800000 -2.003000
v 0.510000 0.799000 -2.002000
v 1.100000 0.799000 -2.002000
v 1.100000 0.800000 -2.003000
v 2.021000 0.799000 -2.065000
v 2.020000 0.799000 -2.066000
v 2.019000 0.800000 -2.064000
v 2.800000 0.799000 -2.064000
v 2.799000 0.799000 -2.065000
v 2.799000 0.800000 -2.064000
v 0.000000 0.799000 -2.064000
v 0.001000 0.800000 -2.064000
v 0.001000 0.799000 -2.065000
v 0.280000 0.800000 -2.064000
v 0.280000 0.799000 -2.065000
v 0.509000 0.799000 -2.065000
v 0.511000 0.800000 -2.064000
v 0.510000 0.799000 -2.066000
v 1.300000 0.799000 -2.125000
v 1.300000 0.800000 -2.124000
v 2.019000 0.799000 -2.125000
v 2.019000 0.800000 -2.124000
v 2.020000 0.799000 -2.124000
v 0.511000 0.799000 -2.125000
v 0.510000 0.799000 -2.124000
v 0.511000 0.800000 -2.124000
v 1.100000 0.800000 -2.124000
v 1.100000 0.799000 -2.125000
v 0.510000 0.782000 -2.003000
v 0.510000 0.781000 -2.002000
v 0.001000 0.781000 -2.002000
v 0.001000 0.782000 -2.003000
v 0.000000 0.781000 -2.003000
v 2.799000 0.781000 -2.002000
v 2.800000 0.781000 -2.003000
v 2.799000 0.782000 -2.003000
v 2.020000 0.782000 -2.003000
v 2.020000 0.781000 -2.002000
v 1.100000 0.781000 -2.002000
v 1.100000 0.782000 -2.003000
v 0.280000 0.781000 -2.002000
v 0.280000 0.782000 -2.003000
v 1.300000 0.782000 -2.003000
v 1.300000 0.781000 -2.002000
v 0.510000 0.781000 -2.020000
v 0.510000 0.782000 -2.019000
v 0.001000 0.781000 -2.020000
v 0.000000 0.781000 -2.019000
v 0.001000 0.782000 -2.019000
v 2.799000 0.781000 -2.020000
v 2.799000 0.782000 -2.019000
v 2.800000 0.781000 -2.019000
v 2.020000 0.781000 -2.020000
v 2.020000 0.782000 -2.019000
v 1.100000 0.782000 -2.019000
v 1.100000 0.781000 -2.020000
v 0.280000 0.782000 -2.019000
v 0.280000 0.781000 -2.020000
v 1.300000 0.781000 -2.020000
v 1.300000 0.782000 -2.019000
v 0.510000 0.651000 -2.002000
v 0.510000 0.650000 -2.003000
v 0.001000 0.651000 -2.002000
v 0.000000 0.651000 -2.003000
v 0.001000 0.650000 -2.003000
v 2.799000 0.651000 -2.002000
v 2.799000 0.650000 -2.003000
v 2.800000 0.651000 -2.003000
v 2.020000 0.651000 -2.002000
v 2.020000 0.650000 -2.003000
v 1.100000 0.650000 -2.003000
v 1.100000 0.651000 -2.002000
v 0.280000 0.650000 -2.003000
v 0.280000 0.651000 -2.002000
v 1.300000 0.651000 -2.002000
v 1.300000 0.650000 -2.003000
v 0.510000 0.650000 -2.019000
v 0.510000 0.651000 -2.020000
v 0.001000 0.651000 -2.020000
v 0.001000 0.650000 -2.019000
v 0.000000 0.651000 -2.019000
v 2.799000 0.651000 -2.020000
v 2.800000 0.651000 -2.019000
v 2.799000 0.650000 -2.019000
v 2.020000 0.650000 -2.019000
v 2.020000 0.651000 -2.020000
v 1.100000 0.651000 -2.020000
v 1.100000 0.650000 -2.019000
v 0.280000 0.651000 -2.020000
v 0.280000 0.650000 -2.019000
v 1.300000 0.650000 -2.019000
v 1.300000 0.651000 -2.020000
vn -0.5773 -0.5773 0.5774
vn 0.5774 -0.5774 0.5774
vn -0.5772 -0.5775 -0.5773
vn 0.5774 -0.5774 -0.5774
vn 0.3015 -0.9045 -0.3015
vn -0.3014 -0.9046 -0.3015
vn -0.5774 0.5773 0.5774
vn 0.5774 0.5773 0.5773
vn 0.3015 0.9045 -0.3015
vn 0.5774 0.5773 -0.5773
vn -0.5773 0.5775 -0.5773
vn -0.3014 0.9046 -0.3015
vn -0.5773 0.5773 0.5774
vn 0.5774 0.5774 0.5774
vn -0.5773 0.5773 -0.5774
vn 0.5774 0.5774 -0.5774
vn -0.5774 -0.5773 0.5774
vn 0.5774 -0.5773 0.5773
vn -0.5774 -0.5773 -0.5774
vn 0.5774 -0.5773 -0.5773
vn -0.0000 -0.7070 0.7072
vn -0.0000 -0.7071 0.7071
vn -0.0000 -0.7072 0.7071
vn 0.7072 -0.7071 -0.0000
vn -0.7071 -0.7071 -0.0000
vn -0.0000 -0.7070 -0.7072
vn -0.0000 -0.7071 -0.7071
vn 0.7071 -0.7071 -0.0000
vn -0.0000 0.7072 0.7070
vn -0.0000 0.7071 0.7071
vn -0.0000 0.7070 0.7072
vn 0.7071 0.7071 -0.0000
vn -0.7071 0.7071 -0.0000
vn -0.0000 0.7070 -0.7072
vn -0.0000 0.7071 -0.7071
vn -0.0000 0.7071 -0.7072
vn -0.7071 -0.0000 -0.7071
vn 0.7072 -0.0000 -0.7071
vn 0.7070 -0.0000 -0.7072
vn 0.7072 -0.0000 0.7071
vn -0.7071 -0.0000 0.7071
vn -0.0000 0.7072 -0.7070
vn -0.0000 0.7072 -0.7071
vn 0.7071 -0.0000 -0.7071
vn 0.7071 -0.0000 0.7071
vn -0.0000 -0.0000 1.0000
vn -0.0000 -1.0000 -0.0000
vn -1.0000 -0.0000 -0.0000
vn 1.0000 -0.0000 -0.0000
vn -0.0000 -0.0000 -1.0000
vn -0.0000 1.0000 -0.0000
vn -0.0000 -0.7072 0.7070
vn -0.0000 -0.7071 -0.7072
vn -0.0000 0.7072 0.7071
vn 0.7072 0.7071 -0.0000
vn -0.7071 0.7072 -0.0000
vn 0.7072 0.7070 -0.0000
vn 0.7070 -0.0000 0.7072
vn -0.0000 -0.7072 -0.7070
vn -0.0000 -0.7072 -0.7071
vt -1.356334 0.652365
vt -1.357334 0.652365
vt -1.356334 0.651365
vt 1.441666 0.652365
vt 1.441666 0.651365
vt 1.442666 0.652365
vt -0.846335 0.652365
vt -0.846334 0.651365
vt -0.847334 0.652365
vt 0.661666 0.652365
vt 0.662666 0.652365
vt 0.661666 0.651365
vt -1.357334 0.652365
vt -1.356334 0.652365
vt -1.356334 0.651365
vt 1.113595 0.652365
vt 1.113595 0.651365
vt 1.114595 0.652365
vt 0.663666 0.652365
vt 0.662666 0.651365
vt 0.662666 0.652365
vt -0.848334 0.652365
vt -0.847334 0.652365
vt -0.847334 0.651365
vt -1.356334 1.051595
vt -1.356334 1.052594
vt -1.357334 1.052595
vt 1.441666 0.668365
vt 1.442666 0.668365
vt 1.441666 0.669365
vt 1.114595 0.668365
vt 1.115595 0.668365
vt 1.114595 0.669365
vt 1.441666 0.668365
vt 1.441666 0.669365
vt -1.357334 1.113595
vt -1.356334 1.113595
vt -1.356334 1.114595
vt -0.848334 1.114595
vt -0.846334 1.113595
vt -0.847334 1.115575
vt 0.661666 1.174595
vt 0.661666 1.173595
vt 0.662666 1.173595
vt -0.846335 0.668365
vt -0.847334 0.668365
vt -0.846334 0.669365
vt -1.356334 1.051595
vt -1.356334 1.052595
vt -1.357334 1.052595
vt 1.441666 0.650744
vt 1.442666 0.650744
vt 1.441666 0.651365
vt -1.356334 0.650744
vt -1.357334 0.650744
vt 1.441666 1.069595
vt 1.441666 1.068595
vt 1.442666 1.068595
vt -1.356334 0.569986
vt -1.357334 0.569986
vt -1.356334 0.569365
vt 1.441666 1.051595
vt 1.441666 1.052595
vt 1.442666 1.052595
vt -1.356334 1.069595
vt -1.356334 1.068595
vt -1.357334 1.068595
vt 1.441666 0.569986
vt 1.442666 0.569986
vt 1.441666 0.569365
vt -1.077334 0.651365
vt -1.077334 0.652365
vt 0.662666 0.651365
vt -0.057334 0.652365
vt -0.057334 0.651365
vt -0.257334 0.651365
vt -0.847334 0.652365
vt -0.847334 0.651365
vt 1.052594 0.652365
vt 1.052595 0.651365
vt 1.113595 0.652365
vt 1.052595 0.652365
vt -1.077334 0.651365
vt 1.441666 0.652365
vt -0.057334 0.651365
vt -0.057334 0.652365
vt -0.257334 0.652365
vt 1.115595 0.652365
vt 1.173595 0.651365
vt 1.173595 0.652365
vt 1.115595 0.652365
vt 1.173595 0.651365
vt 1.114595 0.651365
vt -0.257334 0.652365
vt -1.077334 1.051595
vt -1.077334 1.052595
vt 0.662666 1.052595
vt 1.441666 1.052595
vt 0.662666 1.051595
vt -0.057334 1.052595
vt -0.057334 1.051595
vt -0.257334 1.051595
vt -0.847334 1.052595
vt -0.847334 1.051595
vt 1.442666 1.113595
vt -1.077335 1.113595
vt -1.077334 1.114595
vt 0.663666 1.114595
vt 1.441666 1.113595
vt 1.441666 1.114595
vt -0.057334 1.174595
vt -0.057334 1.173595
vt -0.257334 1.173595
vt -0.846334 1.174595
vt -0.846334 1.173595
vt 0.662666 1.115595
vt -0.257334 1.052595
vt -0.257334 1.174595
vt 0.661666 0.668365
vt -1.357334 0.668365
vt 1.442666 0.652365
vt -0.848334 0.668365
vt -1.356335 0.668365
vt 0.662666 1.052595
vt 1.441666 1.052595
vt -0.057334 1.052595
vt -0.847334 1.052595
vt -0.257334 1.052595
vt -1.356334 1.069595
vt -1.077334 1.068595
vt -1.077334 1.069595
vt 0.662666 1.069595
vt 0.662666 1.068595
vt -0.057334 1.069595
vt -0.057334 1.068595
vt -0.257334 1.068595
vt -0.847334 1.069595
vt -0.847334 1.068595
vt -0.257334 1.069595
vt -0.257334 1.052595
vt -0.847334 1.052595
vt -1.077334 1.068595
vt 0.662666 1.068595
vt 1.441666 1.069595
vt 1.441666 1.068595
vt -0.057334 1.068595
vt -0.847334 1.068595
vt 1.442666 1.068595
vt -1.356334 1.052595
vt 1.442666 0.650744
vt -1.356334 0.650744
vt -1.357334 0.650744
vt 1.441666 0.569986
vt -1.356334 0.569986
vt -0.847334 0.668365
vt -1.077334 1.113595
vt -0.846334 1.113595
vt -1.077334 0.668365
vt -1.356334 1.113595
vt -1.356334 1.052595
vt 1.113595 0.668365
vt 0.662666 0.668365
vt 1.441666 1.113595
vt 1.441666 1.052595
vt 1.052595 0.668365
vt -0.057334 1.052595
vt 0.661666 1.113595
vt -0.057334 0.668365
vt -0.257334 1.114595
vt -0.257334 0.668365
vt -0.257334 0.668365
vt -0.846334 1.173595
vt 1.173595 0.668365
vt 1.173595 0.652365
vt -0.057334 1.114595
vt 0.661666 1.173595
vt -0.057334 0.668365
vt 0.661666 1.113595
vt -0.847334 0.569986
vt -0.257334 0.650744
vt -0.847334 0.650744
vt -1.077334 0.650744
vt -1.077334 0.569986
vt 1.068595 0.650744
vt 1.052595 0.569986
vt 1.052595 0.650744
vt 0.662666 0.650744
vt 1.068595 0.569986
vt -0.057334 0.569986
vt -0.057334 0.650744
vt -0.257334 0.569986
vt 0.662666 0.569986
vt 1.113595 0.651365
vt -0.847334 1.173595
vt 0.662666 0.668365
vt -1.356334 0.668365
vt -1.357334 1.068595
vt -1.357334 0.569986
vt 1.052595 0.668365
vt 1.113595 0.668365
vt 1.115595 0.668365
vt -0.057334 1.173595
vt 1.173595 0.668365
vt 0.663666 0.668365
vt 1.068595 0.569986
vt 1.052595 0.569986
s 0
usemtl Wardrobe
f 751/976/128 752/977/128 753/978/128
f 754/979/129 755/980/129 756/981/129
f 763/982/130 764/983/130 765/984/130
f 766/985/131 767/986/131 768/987/131
f 773/988/130 774/989/130 775/990/130
f 776/991/131 777/992/131 778/993/131
f 779/994/132 780/995/132 781/996/132
f 782/997/133 783/998/133 784/999/133
f 791/1000/134 792/1001/134 793/1002/134
f 794/1003/135 795/1004/135 796/1005/135
f 805/1006/136 806/1007/136 807/1008/136
f 808/1004/137 809/1009/137 810/1010/137
f 811/1011/138 812/1012/138 813/1013/138
f 816/1014/139 817/1015/139 818/1016/139
f 821/1017/137 822/1018/137 823/1019/137
f 824/1020/138 825/1021/138 826/1022/138
f 831/1023/140 832/1024/140 833/1025/140
f 834/1026/141 835/1027/141 836/1028/141
f 847/1029/142 848/1030/142 849/978/142
f 850/1031/143 851/1032/143 852/1033/143
f 863/1034/144 864/1035/144 865/1036/144
f 866/1037/145 867/1038/145 868/1039/145
f 879/1040/146 880/1041/146 881/1042/146
f 882/1043/147 883/1044/147 884/1045/147
f 751/976/148 761/1046/148 762/1047/148
f 757/996/149 755/980/149 754/979/149
f 758/1048/149 785/1049/149 786/1050/149
f 759/1051/150 749/1052/150 750/1053/150
f 762/1047/148 750/1053/148 749/1052/148
f 777/992/151 756/1054/151 755/1055/151
f 773/1056/152 753/1055/152 752/1057/152
f 775/990/153 771/1047/153 772/1058/153
f 777/1028/154 779/994/154 778/1059/154
f 772/1058/154 782/997/154 784/999/154
f 766/985/153 787/1060/153 788/1061/153
f 769/1062/153 764/983/153 763/982/153
f 781/1063/155 768/1064/155 767/1065/155
f 783/1066/152 764/1067/152 784/1068/152
f 786/1050/149 760/1069/149 759/1051/149
f 788/1061/154 770/1051/154 769/1062/154
f 792/1001/156 789/1070/156 790/1071/156
f 797/1072/157 794/1037/157 796/1073/157
f 798/1074/158 799/1075/158 800/1076/158
f 803/1077/158 801/1078/158 802/1079/158
f 790/1071/157 802/1079/157 801/1078/157
f 808/1080/159 796/1073/159 795/1039/159
f 812/1012/160 793/1002/160 792/1001/160
f 813/1013/161 814/1081/161 815/1082/161
f 805/1083/162 810/1084/162 809/1085/162
f 816/1014/163 814/1081/163 817/1015/163
f 822/1018/161 819/1086/161 820/1087/161
f 827/1088/161 824/1089/161 826/1090/161
f 822/1018/159 806/1091/159 823/1019/159
f 826/1090/160 818/1016/160 817/1015/160
f 800/1076/157 804/1092/157 803/1077/157
f 820/1087/162 828/1093/162 827/1088/162
f 825/1021/164 763/982/164 765/984/164
f 821/1094/165 767/986/165 766/985/165
f 779/993/165 806/1007/165 805/1006/165
f 811/1095/164 774/989/164 773/988/164
f 776/1096/166 809/1009/166 808/1004/166
f 816/1097/164 783/998/164 782/997/164
f 754/979/167 795/1004/167 794/1003/167
f 752/977/168 791/1098/168 793/1095/168
f 832/1024/156 841/1070/156 842/1071/156
f 837/1099/157 834/1037/157 836/1100/157
f 838/1074/158 843/1101/158 844/1076/158
f 839/1077/158 829/1102/158 830/1079/158
f 842/1071/157 830/1079/157 829/1102/157
f 844/1076/157 840/1103/157 839/1077/157
f 847/1104/169 857/1105/169 858/1106/169
f 853/1107/162 851/1032/162 850/1031/162
f 854/1108/162 859/1109/162 860/1110/162
f 855/1111/170 845/1112/170 846/1113/170
f 858/1106/161 846/1113/161 845/1112/161
f 860/1110/162 856/1114/162 855/1111/162
f 836/1100/159 852/1033/159 851/1032/159
f 849/1041/160 833/1025/160 832/1024/160
f 863/1023/148 873/1071/148 874/1070/148
f 869/1074/149 867/1038/149 866/1037/149
f 870/1072/149 875/1076/149 876/1101/149
f 871/1115/150 861/1079/150 862/1116/150
f 874/1070/148 862/1116/148 861/1079/148
f 876/1101/149 872/1077/149 871/1115/149
f 880/1041/153 889/1106/153 890/1117/153
f 885/1118/154 882/1119/154 884/1120/154
f 886/1107/153 891/1121/153 892/1109/153
f 887/1114/153 877/1122/153 878/1112/153
f 890/1117/154 878/1112/154 877/1122/154
f 892/1109/154 888/1111/154 887/1114/154
f 868/1039/155 884/1120/155 883/1123/155
f 881/1042/152 865/1124/152 864/1002/152
f 883/1044/171 850/1026/171 852/1125/171
f 864/1035/168 831/1126/168 833/1127/168
f 835/1027/172 866/1128/172 868/1044/172
f 879/1129/164 848/1030/164 847/1029/164
f 760/1069/173 802/1130/173 749/1052/173
f 772/1131/174 750/1078/174 761/1071/174
f 784/1132/174 759/1092/174 750/1078/174
f 749/1052/173 789/1133/173 762/1047/173
f 762/1047/173 791/1098/173 751/976/173
f 775/1134/174 761/1071/174 753/1135/174
f 752/1057/175 811/1136/175 773/1056/175
f 754/979/173 798/1137/173 757/996/173
f 758/1072/174 777/1138/174 755/1139/174
f 776/991/176 795/1140/176 756/1054/176
f 786/1141/174 780/1142/174 758/1072/174
f 757/996/173 800/1143/173 785/1049/173
f 745/1144/174 786/1141/174 759/1092/174
f 785/1049/173 803/1145/173 760/1069/173
f 763/982/177 828/1146/177 769/1062/177
f 764/1147/174 745/1144/174 784/1132/174
f 783/1066/175 825/1148/175 765/1149/175
f 788/1061/177 821/1094/177 766/985/177
f 746/1150/174 768/1151/174 780/1142/174
f 767/1065/176 806/1007/176 781/1063/176
f 770/1088/174 746/1150/174 745/1144/174
f 769/1062/177 819/1152/177 788/1061/177
f 774/989/177 815/1133/177 771/1047/177
f 771/1047/177 816/1097/177 782/997/177
f 779/994/177 809/1009/177 778/1059/177
f 801/1078/178 814/1081/178 790/1071/178
f 790/1071/178 812/1012/178 792/1001/178
f 797/1072/178 810/1084/178 807/1153/178
f 799/1075/178 807/1153/178 748/1150/178
f 799/1075/178 747/1144/178 804/1092/178
f 804/1092/178 817/1015/178 801/1078/178
f 748/1150/178 822/1018/178 820/1087/178
f 747/1144/178 826/1090/178 817/1015/178
f 748/1150/178 827/1088/178 747/1144/178
f 861/1154/173 839/1155/173 830/1156/173
f 840/1103/178 846/1113/178 829/1102/178
f 841/1157/173 861/1154/173 830/1156/173
f 846/1113/178 842/1071/178 829/1102/178
f 831/1126/173 874/1158/173 841/1157/173
f 857/1105/178 832/1024/178 842/1071/178
f 848/1159/175 864/1160/175 833/1161/175
f 838/1162/173 866/1128/173 834/1026/173
f 851/1032/178 837/1099/178 836/1100/178
f 835/1161/176 883/1163/176 852/1159/176
f 875/1164/173 838/1162/173 844/1165/173
f 837/1099/178 860/1110/178 843/1101/178
f 843/1101/178 855/1111/178 840/1103/178
f 872/1166/173 844/1165/173 839/1155/173
f 887/1166/177 845/1156/177 856/1155/177
f 845/1156/177 889/1158/177 858/1157/177
f 858/1157/177 879/1129/177 847/1029/177
f 850/1026/177 886/1167/177 853/1162/177
f 886/1167/177 859/1165/177 853/1162/177
f 892/1164/177 856/1155/177 859/1165/177
f 873/1071/174 877/1122/174 862/1116/174
f 877/1122/174 871/1115/174 862/1116/174
f 865/1124/174 890/1117/174 873/1071/174
f 870/1072/174 884/1120/174 867/1038/174
f 891/1121/174 870/1072/174 876/1101/174
f 888/1111/174 876/1101/174 871/1115/174
f 751/976/179 753/978/179 761/1046/179
f 757/996/149 758/1048/149 755/980/149
f 758/1048/148 757/996/148 785/1049/148
f 759/1051/148 760/1069/148 749/1052/148
f 762/1047/149 761/1046/149 750/1053/149
f 777/992/155 776/991/155 756/1054/155
f 773/1056/152 775/1168/152 753/1055/152
f 775/990/153 774/989/153 771/1047/153
f 777/1028/180 780/995/180 779/994/180
f 772/1058/153 771/1047/153 782/997/153
f 766/985/153 768/987/153 787/1060/153
f 769/1062/153 770/1051/153 764/983/153
f 781/1063/155 780/1068/155 768/1064/155
f 783/1066/152 765/1149/152 764/1067/152
f 786/1050/149 785/1049/149 760/1069/149
f 788/1061/154 787/1060/154 770/1051/154
f 792/1001/158 791/1000/158 789/1070/158
f 797/1072/157 798/1074/157 794/1037/157
f 798/1074/157 797/1072/157 799/1075/157
f 803/1077/181 804/1092/181 801/1078/181
f 790/1071/158 789/1070/158 802/1079/158
f 808/1080/182 810/1084/182 796/1073/182
f 812/1012/183 811/1011/183 793/1002/183
f 813/1013/161 812/1012/161 814/1081/161
f 805/1083/163 807/1153/163 810/1084/163
f 816/1014/161 815/1082/161 814/1081/161
f 822/1018/161 821/1017/161 819/1086/161
f 827/1088/161 828/1093/161 824/1089/161
f 822/1018/184 807/1153/184 806/1091/184
f 826/1090/160 825/1169/160 818/1016/160
f 800/1076/157 799/1075/157 804/1092/157
f 820/1087/162 819/1086/162 828/1093/162
f 825/1021/164 824/1020/164 763/982/164
f 821/1094/165 823/1170/165 767/986/165
f 779/993/166 781/1063/166 806/1007/166
f 811/1095/164 813/1171/164 774/989/164
f 776/1096/165 778/1059/165 809/1009/165
f 816/1097/164 818/1130/164 783/998/164
f 754/979/185 756/981/185 795/1004/185
f 752/977/168 751/976/168 791/1098/168
f 832/1024/158 831/1023/158 841/1070/158
f 837/1099/157 838/1074/157 834/1037/157
f 838/1074/157 837/1099/157 843/1101/157
f 839/1077/181 840/1103/181 829/1102/181
f 842/1071/158 841/1070/158 830/1079/158
f 844/1076/157 843/1101/157 840/1103/157
f 847/1104/161 849/1041/161 857/1105/161
f 853/1107/162 854/1108/162 851/1032/162
f 854/1108/161 853/1107/161 859/1109/161
f 855/1111/161 856/1114/161 845/1112/161
f 858/1106/162 857/1105/162 846/1113/162
f 860/1110/162 859/1109/162 856/1114/162
f 836/1100/159 835/1039/159 852/1033/159
f 849/1041/160 848/1172/160 833/1025/160
f 863/1023/179 865/1124/179 873/1071/179
f 869/1074/149 870/1072/149 867/1038/149
f 870/1072/148 869/1074/148 875/1076/148
f 871/1115/148 872/1077/148 861/1079/148
f 874/1070/149 873/1071/149 862/1116/149
f 876/1101/149 875/1076/149 872/1077/149
f 880/1041/186 879/1040/186 889/1106/186
f 885/1118/154 886/1107/154 882/1119/154
f 886/1107/154 885/1118/154 891/1121/154
f 887/1114/187 888/1111/187 877/1122/187
f 890/1117/153 889/1106/153 878/1112/153
f 892/1109/154 891/1121/154 888/1111/154
f 868/1039/155 867/1038/155 884/1120/155
f 881/1042/152 880/1041/152 865/1124/152
f 883/1044/171 882/1043/171 850/1026/171
f 864/1035/168 863/1034/168 831/1126/168
f 835/1027/172 834/1026/172 866/1128/172
f 879/1129/164 881/1173/164 848/1030/164
f 760/1069/173 803/1145/173 802/1130/173
f 772/1131/174 784/1132/174 750/1078/174
f 784/1132/174 745/1144/174 759/1092/174
f 749/1052/173 802/1130/173 789/1133/173
f 762/1047/173 789/1133/173 791/1098/173
f 775/1134/174 772/1131/174 761/1071/174
f 752/1057/175 793/1174/175 811/1136/175
f 754/979/173 794/1003/173 798/1137/173
f 758/1072/174 780/1142/174 777/1138/174
f 776/991/176 808/1175/176 795/1140/176
f 786/1141/174 746/1150/174 780/1142/174
f 757/996/173 798/1137/173 800/1143/173
f 745/1144/174 746/1150/174 786/1141/174
f 785/1049/173 800/1143/173 803/1145/173
f 763/982/177 824/1020/177 828/1146/177
f 764/1147/174 770/1088/174 745/1144/174
f 783/1066/175 818/1176/175 825/1148/175
f 788/1061/177 819/1152/177 821/1094/177
f 746/1150/174 787/1177/174 768/1151/174
f 767/1065/176 823/1178/176 806/1007/176
f 770/1088/174 787/1177/174 746/1150/174
f 769/1062/177 828/1146/177 819/1152/177
f 774/989/177 813/1171/177 815/1133/177
f 771/1047/177 815/1133/177 816/1097/177
f 779/994/177 805/1179/177 809/1009/177
f 801/1078/178 817/1015/178 814/1081/178
f 790/1071/178 814/1081/178 812/1012/178
f 797/1072/178 796/1073/178 810/1084/178
f 799/1075/178 797/1072/178 807/1153/178
f 799/1075/178 748/1150/178 747/1144/178
f 804/1092/178 747/1144/178 817/1015/178
f 748/1150/178 807/1153/178 822/1018/178
f 747/1144/178 827/1088/178 826/1090/178
f 748/1150/178 820/1087/178 827/1088/178
f 861/1154/173 872/1166/173 839/1155/173
f 840/1103/178 855/1111/178 846/1113/178
f 841/1157/173 874/1158/173 861/1154/173
f 846/1113/178 857/1105/178 842/1071/178
f 831/1126/173 863/1034/173 874/1158/173
f 857/1105/178 849/1041/178 832/1024/178
f 848/1159/175 881/1180/175 864/1160/175
f 838/1162/173 869/1167/173 866/1128/173
f 851/1032/178 854/1108/178 837/1099/178
f 835/1161/176 868/1181/176 883/1163/176
f 875/1164/173 869/1167/173 838/1162/173
f 837/1099/178 854/1108/178 860/1110/178
f 843/1101/178 860/1110/178 855/1111/178
f 872/1166/173 875/1164/173 844/1165/173
f 887/1166/177 878/1154/177 845/1156/177
f 845/1156/177 878/1154/177 889/1158/177
f 858/1157/177 889/1158/177 879/1129/177
f 850/1026/177 882/1043/177 886/1167/177
f 886/1167/177 892/1164/177 859/1165/177
f 892/1164/177 887/1166/177 856/1155/177
f 873/1071/174 890/1117/174 877/1122/174
f 877/1122/174 888/1111/174 871/1115/174
f 865/1124/174 880/1041/174 890/1117/174
f 870/1072/174 885/1118/174 884/1120/174
f 891/1121/174 885/1118/174 870/1072/174
f 888/1111/174 891/1121/174 876/1101/174
l 797 822
o Wardrobe
v 0.004000 0.119000 -0.008000
v 0.003000 0.119000 -0.009000
v 0.004000 0.118000 -0.009000
v 0.269000 0.119000 -0.008000
v 0.269000 0.118000 -0.009000
v 0.270000 0.119000 -0.009000
v 0.004000 0.119000 -0.026000
v 0.004000 0.118000 -0.025000
v 0.003000 0.119000 -0.025000
v 0.269000 0.119000 -0.026000
v 0.270000 0.119000 -0.025000
v 0.269000 0.118000 -0.025000
v 0.004000 0.999000 -0.008000
v 0.004000 1.000000 -0.009000
v 0.003000 0.999000 -0.009000
v 0.269000 0.999000 -0.008000
v 0.270000 0.999000 -0.009000
v 0.269000 1.000000 -0.009000
v 0.004000 0.999000 -0.026000
v 0.003000 0.999000 -0.025000
v 0.004000 1.000000 -0.025000
v 0.269000 0.999000 -0.026000
v 0.269000 1.000000 -0.025000
v 0.270000 0.999000 -0.025000
v 0.004000 0.118000 -0.807000
v 0.003000 0.119000 -0.807000
v 0.004000 0.119000 -0.808000
v 0.269000 0.118000 -0.807000
v 0.269000 0.119000 -0.808000
v 0.270000 0.119000 -0.807000
v 0.004000 1.000000 -0.807000
v 0.004000 0.999000 -0.808000
v 0.003000 0.999000 -0.807000
v 0.269000 1.000000 -0.807000
v 0.270000 0.999000 -0.807000
v 0.269000 0.999000 -0.808000
v 0.004000 0.118000 -0.791000
v 0.004000 0.119000 -0.790000
v 0.003000 0.119000 -0.791000
v 0.269000 0.118000 -0.791000
v 0.270000 0.119000 -0.791000
v 0.269000 0.119000 -0.790000
v 0.004000 1.000000 -0.791000
v 0.003000 0.999000 -0.791000
v 0.004000 0.999000 -0.790000
v 0.269000 1.000000 -0.791000
v 0.269000 0.999000 -0.790000
v 0.270000 0.999000 -0.791000
v 0.004000 0.101000 -0.008000
v 0.003000 0.101000 -0.009000
v 0.004000 0.100000 -0.009000
v 0.289000 0.101000 -0.008000
v 0.289000 0.100000 -0.009000
v 0.290000 0.101000 -0.009000
v 0.004000 0.101000 -0.808000
v 0.004000 0.100000 -0.807000
v 0.003000 0.101000 -0.807000
v 0.289000 0.101000 -0.808000
v 0.290000 0.101000 -0.807000
v 0.289000 0.100000 -0.807000
v 0.004000 0.117000 -0.008000
v 0.004000 0.118000 -0.009000
v 0.003000 0.117000 -0.009000
v 0.289000 0.117000 -0.008000
v 0.290000 0.117000 -0.009000
v 0.289000 0.118000 -0.009000
v 0.004000 0.117000 -0.808000
v 0.003000 0.117000 -0.807000
v 0.004000 0.118000 -0.807000
v 0.289000 0.117000 -0.808000
v 0.289000 0.118000 -0.807000
v 0.290000 0.117000 -0.807000
v 0.004000 2.113000 -0.008000
v 0.004000 2.114000 -0.009000
v 0.003000 2.113000 -0.009000
v 0.289000 2.113000 -0.008000
v 0.290000 2.113000 -0.009000
v 0.289000 2.114000 -0.009000
v 0.004000 2.113000 -0.808000
v 0.003000 2.113000 -0.807000
v 0.004000 2.114000 -0.807000
v 0.289000 2.113000 -0.808000
v 0.289000 2.114000 -0.807000
v 0.290000 2.113000 -0.807000
v 0.004000 2.097000 -0.008000
v 0.003000 2.097000 -0.009000
v 0.004000 2.096000 -0.009000
v 0.289000 2.097000 -0.008000
v 0.289000 2.096000 -0.009000
v 0.290000 2.097000 -0.009000
v 0.004000 2.097000 -0.808000
v 0.004000 2.096000 -0.807000
v 0.003000 2.097000 -0.807000
v 0.289000 2.097000 -0.808000
v 0.290000 2.097000 -0.807000
v 0.289000 2.096000 -0.807000
v 0.269000 0.999000 -0.790000
v 0.269000 1.000000 -0.789000
v 0.270000 0.999000 -0.789000
v 0.004000 0.999000 -0.790000
v 0.003000 0.999000 -0.789000
v 0.004000 1.000000 -0.789000
v 0.270000 0.999000 -0.027000
v 0.269000 1.000000 -0.027000
v 0.269000 0.999000 -0.026000
v 0.003000 0.999000 -0.027000
v 0.004000 0.999000 -0.026000
v 0.004000 1.000000 -0.027000
v 0.004000 0.983000 -0.790000
v 0.004000 0.982000 -0.789000
v 0.003000 0.983000 -0.789000
v 0.269000 0.983000 -0.790000
v 0.270000 0.983000 -0.789000
v 0.269000 0.982000 -0.789000
v 0.270000 0.983000 -0.027000
v 0.269000 0.983000 -0.026000
v 0.269000 0.982000 -0.027000
v 0.003000 0.983000 -0.027000
v 0.004000 0.982000 -0.027000
v 0.004000 0.983000 -0.026000
v 0.004000 2.131000 -0.008000
v 0.004000 2.132000 -0.009000
v 0.003000 2.131000 -0.009000
v 0.269000 2.131000 -0.008000
v 0.270000 2.131000 -0.009000
v 0.269000 2.132000 -0.009000
v 0.004000 2.131000 -0.808000
v 0.003000 2.131000 -0.807000
v 0.004000 2.132000 -0.807000
v 0.269000 2.131000 -0.808000
v 0.269000 2.132000 -0.807000
v 0.270000 2.131000 -0.807000
v 0.004000 2.115000 -0.008000
v 0.003000 2.115000 -0.009000
v 0.004000 2.114000 -0.009000
v 0.269000 2.115000 -0.008000
v 0.269000 2.114000 -0.009000
v 0.270000 2.115000 -0.009000
v 0.004000 2.115000 -0.808000
v 0.004000 2.114000 -0.807000
v 0.003000 2.115000 -0.807000
v 0.269000 2.115000 -0.808000
v 0.270000 2.115000 -0.807000
v 0.269000 2.114000 -0.807000
v 0.004000 2.132000 -0.807000
v 0.003000 2.133000 -0.807000
v 0.004000 2.133000 -0.808000
v 0.269000 2.132000 -0.807000
v 0.269000 2.133000 -0.808000
v 0.270000 2.133000 -0.807000
v 0.004000 2.432000 -0.807000
v 0.004000 2.431000 -0.808000
v 0.003000 2.431000 -0.807000
v 0.269000 2.432000 -0.807000
v 0.270000 2.431000 -0.807000
v 0.269000 2.431000 -0.808000
v 0.004000 2.132000 -0.791000
v 0.004000 2.133000 -0.790000
v 0.003000 2.133000 -0.791000
v 0.269000 2.132000 -0.791000
v 0.270000 2.133000 -0.791000
v 0.269000 2.133000 -0.790000
v 0.004000 2.432000 -0.791000
v 0.003000 2.431000 -0.791000
v 0.004000 2.431000 -0.790000
v 0.269000 2.432000 -0.791000
v 0.269000 2.431000 -0.790000
v 0.270000 2.431000 -0.791000
v 0.004000 2.133000 -0.008000
v 0.003000 2.133000 -0.009000
v 0.004000 2.132000 -0.009000
v 0.269000 2.133000 -0.008000
v 0.269000 2.132000 -0.009000
v 0.270000 2.133000 -0.009000
v 0.004000 2.133000 -0.026000
v 0.004000 2.132000 -0.025000
v 0.003000 2.133000 -0.025000
v 0.269000 2.133000 -0.026000
v 0.270000 2.133000 -0.025000
v 0.269000 2.132000 -0.025000
v 0.004000 2.431000 -0.008000
v 0.004000 2.432000 -0.009000
v 0.003000 2.431000 -0.009000
v 0.269000 2.431000 -0.008000
v 0.270000 2.431000 -0.009000
v 0.269000 2.432000 -0.009000
v 0.004000 2.431000 -0.026000
v 0.003000 2.431000 -0.025000
v 0.004000 2.432000 -0.025000
v 0.269000 2.431000 -0.026000
v 0.269000 2.432000 -0.025000
v 0.270000 2.431000 -0.025000
v 0.004000 2.433000 -0.808000
v 0.004000 2.432000 -0.807000
v 0.003000 2.433000 -0.807000
v 0.289000 2.433000 -0.808000
v 0.290000 2.433000 -0.807000
v 0.289000 2.432000 -0.807000
v 0.004000 2.433000 -0.008000
v 0.003000 2.433000 -0.009000
v 0.004000 2.432000 -0.009000
v 0.289000 2.433000 -0.008000
v 0.289000 2.432000 -0.009000
v 0.290000 2.433000 -0.009000
v 0.004000 2.449000 -0.808000
v 0.003000 2.449000 -0.807000
v 0.004000 2.450000 -0.807000
v 0.289000 2.449000 -0.808000
v 0.289000 2.450000 -0.807000
v 0.290000 2.449000 -0.807000
v 0.004000 2.449000 -0.008000
v 0.004000 2.450000 -0.009000
v 0.003000 2.449000 -0.009000
v 0.289000 2.449000 -0.008000
v 0.290000 2.449000 -0.009000
v 0.289000 2.450000 -0.009000
v 0.001000 0.100000 -0.809000
v 0.001000 0.101000 -0.808000
v 0.000000 0.101000 -0.809000
v 0.289000 0.100000 -0.809000
v 0.290000 0.101000 -0.809000
v 0.289000 0.101000 -0.808000
v 0.001000 2.450000 -0.809000
v 0.000000 2.449000 -0.809000
v 0.001000 2.449000 -0.808000
v 0.289000 2.450000 -0.809000
v 0.289000 2.449000 -0.808000
v 0.290000 2.449000 -0.809000
v 0.001000 0.100000 -0.825000
v 0.000000 0.101000 -0.825000
v 0.001000 0.101000 -0.826000
v 0.289000 0.100000 -0.825000
v 0.289000 0.101000 -0.826000
v 0.290000 0.101000 -0.825000
v 0.001000 2.450000 -0.825000
v 0.001000 2.449000 -0.826000
v 0.000000 2.449000 -0.825000
v 0.289000 2.450000 -0.825000
v 0.290000 2.449000 -0.825000
v 0.289000 2.449000 -0.826000
v 0.004000 1.201000 -0.008000
v 0.003000 1.201000 -0.009000
v 0.004000 1.200000 -0.009000
v 0.269000 1.201000 -0.008000
v 0.269000 1.200000 -0.009000
v 0.270000 1.201000 -0.009000
v 0.004000 1.201000 -0.026000
v 0.004000 1.200000 -0.025000
v 0.003000 1.201000 -0.025000
v 0.269000 1.201000 -0.026000
v 0.270000 1.201000 -0.025000
v 0.269000 1.200000 -0.025000
v 0.004000 2.095000 -0.008000
v 0.004000 2.096000 -0.009000
v 0.003000 2.095000 -0.009000
v 0.269000 2.095000 -0.008000
v 0.270000 2.095000 -0.009000
v 0.269000 2.096000 -0.009000
v 0.004000 2.095000 -0.026000
v 0.003000 2.095000 -0.025000
v 0.004000 2.096000 -0.025000
v 0.269000 2.095000 -0.026000
v 0.269000 2.096000 -0.025000
v 0.270000 2.095000 -0.025000
v 0.271000 1.201000 -0.308000
v 0.271000 1.200000 -0.307000
v 0.270000 1.201000 -0.307000
v 0.271000 2.096000 -0.307000
v 0.271000 2.095000 -0.308000
v 0.270000 2.095000 -0.307000
v 0.271000 2.096000 -0.009000
v 0.270000 2.095000 -0.009000
v 0.271000 2.095000 -0.008000
v 0.271000 1.201000 -0.008000
v 0.270000 1.201000 -0.009000
v 0.271000 1.200000 -0.009000
v 0.289000 1.017000 -0.808000
v 0.289000 1.018000 -0.807000
v 0.290000 1.017000 -0.807000
v 0.004000 1.017000 -0.808000
v 0.003000 1.017000 -0.807000
v 0.004000 1.018000 -0.807000
v 0.290000 1.017000 -0.009000
v 0.289000 1.018000 -0.009000
v 0.289000 1.017000 -0.008000
v 0.003000 1.017000 -0.009000
v 0.004000 1.017000 -0.008000
v 0.004000 1.018000 -0.009000
v 0.004000 1.001000 -0.808000
v 0.004000 1.000000 -0.807000
v 0.003000 1.001000 -0.807000
v 0.289000 1.001000 -0.808000
v 0.290000 1.001000 -0.807000
v 0.289000 1.000000 -0.807000
v 0.290000 1.001000 -0.009000
v 0.289000 1.001000 -0.008000
v 0.289000 1.000000 -0.009000
v 0.003000 1.001000 -0.009000
v 0.004000 1.000000 -0.009000
v 0.004000 1.001000 -0.008000
v 0.289000 1.199000 -0.808000
v 0.289000 1.200000 -0.807000
v 0.290000 1.199000 -0.807000
v 0.004000 1.199000 -0.808000
v 0.003000 1.199000 -0.807000
v 0.004000 1.200000 -0.807000
v 0.290000 1.199000 -0.009000
v 0.289000 1.200000 -0.009000
v 0.289000 1.199000 -0.008000
v 0.003000 1.199000 -0.009000
v 0.004000 1.199000 -0.008000
v 0.004000 1.200000 -0.009000
v 0.004000 1.183000 -0.808000
v 0.004000 1.182000 -0.807000
v 0.003000 1.183000 -0.807000
v 0.289000 1.183000 -0.808000
v 0.290000 1.183000 -0.807000
v 0.289000 1.182000 -0.807000
v 0.290000 1.183000 -0.009000
v 0.289000 1.183000 -0.008000
v 0.289000 1.182000 -0.009000
v 0.003000 1.183000 -0.009000
v 0.004000 1.182000 -0.009000
v 0.004000 1.183000 -0.008000
v 0.004000 1.201000 -0.790000
v 0.003000 1.201000 -0.791000
v 0.004000 1.200000 -0.791000
v 0.269000 1.201000 -0.790000
v 0.269000 1.200000 -0.791000
v 0.270000 1.201000 -0.791000
v 0.004000 1.201000 -0.808000
v 0.004000 1.200000 -0.807000
v 0.003000 1.201000 -0.807000
v 0.269000 1.201000 -0.808000
v 0.270000 1.201000 -0.807000
v 0.269000 1.200000 -0.807000
v 0.004000 2.095000 -0.790000
v 0.004000 2.096000 -0.791000
v 0.003000 2.095000 -0.791000
v 0.269000 2.095000 -0.790000
v 0.270000 2.095000 -0.791000
v 0.269000 2.096000 -0.791000
v 0.004000 2.095000 -0.808000
v 0.003000 2.095000 -0.807000
v 0.004000 2.096000 -0.807000
v 0.269000 2.095000 -0.808000
v 0.269000 2.096000 -0.807000
v 0.270000 2.095000 -0.807000
v 0.289000 1.018000 -0.009000
v 0.290000 1.019000 -0.009000
v 0.289000 1.019000 -0.008000
v 0.004000 1.018000 -0.009000
v 0.004000 1.019000 -0.008000
v 0.003000 1.019000 -0.009000
v 0.289000 1.182000 -0.009000
v 0.289000 1.181000 -0.008000
v 0.290000 1.181000 -0.009000
v 0.004000 1.182000 -0.009000
v 0.003000 1.181000 -0.009000
v 0.004000 1.181000 -0.008000
v 0.004000 1.018000 -0.025000
v 0.003000 1.019000 -0.025000
v 0.004000 1.019000 -0.026000
v 0.289000 1.018000 -0.025000
v 0.289000 1.019000 -0.026000
v 0.290000 1.019000 -0.025000
v 0.004000 1.182000 -0.025000
v 0.004000 1.181000 -0.026000
v 0.003000 1.181000 -0.025000
v 0.289000 1.182000 -0.025000
v 0.290000 1.181000 -0.025000
v 0.289000 1.181000 -0.026000
v 0.289000 1.018000 -0.807000
v 0.289000 1.019000 -0.808000
v 0.290000 1.019000 -0.807000
v 0.004000 1.018000 -0.807000
v 0.003000 1.019000 -0.807000
v 0.004000 1.019000 -0.808000
v 0.004000 1.182000 -0.807000
v 0.004000 1.181000 -0.808000
v 0.003000 1.181000 -0.807000
v 0.289000 1.182000 -0.807000
v 0.290000 1.181000 -0.807000
v 0.289000 1.181000 -0.808000
v 0.004000 1.018000 -0.791000
v 0.004000 1.019000 -0.790000
v 0.003000 1.019000 -0.791000
v 0.289000 1.018000 -0.791000
v 0.290000 1.019000 -0.791000
v 0.289000 1.019000 -0.790000
v 0.004000 1.182000 -0.791000
v 0.003000 1.181000 -0.791000
v 0.004000 1.181000 -0.790000
v 0.289000 1.182000 -0.791000
v 0.289000 1.181000 -0.790000
v 0.290000 1.181000 -0.791000
v 0.269000 1.517000 -0.790000
v 0.269000 1.518000 -0.789000
v 0.270000 1.517000 -0.789000
v 0.004000 1.517000 -0.790000
v 0.003000 1.517000 -0.789000
v 0.004000 1.518000 -0.789000
v 0.270000 1.517000 -0.027000
v 0.269000 1.518000 -0.027000
v 0.269000 1.517000 -0.026000
v 0.003000 1.517000 -0.027000
v 0.004000 1.517000 -0.026000
v 0.004000 1.518000 -0.027000
v 0.004000 1.501000 -0.790000
v 0.004000 1.500000 -0.789000
v 0.003000 1.501000 -0.789000
v 0.269000 1.501000 -0.790000
v 0.270000 1.501000 -0.789000
v 0.269000 1.500000 -0.789000
v 0.270000 1.501000 -0.027000
v 0.269000 1.501000 -0.026000
v 0.269000 1.500000 -0.027000
v 0.003000 1.501000 -0.027000
v 0.004000 1.500000 -0.027000
v 0.004000 1.501000 -0.026000
v 0.269000 1.817000 -0.790000
v 0.269000 1.818000 -0.789000
v 0.270000 1.817000 -0.789000
v 0.004000 1.817000 -0.790000
v 0.003000 1.817000 -0.789000
v 0.004000 1.818000 -0.789000
v 0.270000 1.817000 -0.027000
v 0.269000 1.818000 -0.027000
v 0.269000 1.817000 -0.026000
v 0.003000 1.817000 -0.027000
v 0.004000 1.817000 -0.026000
v 0.004000 1.818000 -0.027000
v 0.004000 1.801000 -0.790000
v 0.004000 1.800000 -0.789000
v 0.003000 1.801000 -0.789000
v 0.269000 1.801000 -0.790000
v 0.270000 1.801000 -0.789000
v 0.269000 1.800000 -0.789000
v 0.270000 1.801000 -0.027000
v 0.269000 1.801000 -0.026000
v 0.269000 1.800000 -0.027000
v 0.003000 1.801000 -0.027000
v 0.004000 1.800000 -0.027000
v 0.004000 1.801000 -0.026000
v 0.269000 0.717000 -0.790000
v 0.269000 0.718000 -0.789000
v 0.270000 0.717000 -0.789000
v 0.004000 0.717000 -0.790000
v 0.003000 0.717000 -0.789000
v 0.004000 0.718000 -0.789000
v 0.270000 0.717000 -0.027000
v 0.269000 0.718000 -0.027000
v 0.269000 0.717000 -0.026000
v 0.003000 0.717000 -0.027000
v 0.004000 0.717000 -0.026000
v 0.004000 0.718000 -0.027000
v 0.004000 0.701000 -0.790000
v 0.004000 0.700000 -0.789000
v 0.003000 0.701000 -0.789000
v 0.269000 0.701000 -0.790000
v 0.270000 0.701000 -0.789000
v 0.269000 0.700000 -0.789000
v 0.270000 0.701000 -0.027000
v 0.269000 0.701000 -0.026000
v 0.269000 0.700000 -0.027000
v 0.003000 0.701000 -0.027000
v 0.004000 0.700000 -0.027000
v 0.004000 0.701000 -0.026000
v 0.269000 0.417000 -0.790000
v 0.269000 0.418000 -0.789000
v 0.270000 0.417000 -0.789000
v 0.004000 0.417000 -0.790000
v 0.003000 0.417000 -0.789000
v 0.004000 0.418000 -0.789000
v 0.270000 0.417000 -0.027000
v 0.269000 0.418000 -0.027000
v 0.269000 0.417000 -0.026000
v 0.003000 0.417000 -0.027000
v 0.004000 0.417000 -0.026000
v 0.004000 0.418000 -0.027000
v 0.004000 0.401000 -0.790000
v 0.004000 0.400000 -0.789000
v 0.003000 0.401000 -0.789000
v 0.269000 0.401000 -0.790000
v 0.270000 0.401000 -0.789000
v 0.269000 0.400000 -0.789000
v 0.270000 0.401000 -0.027000
v 0.269000 0.401000 -0.026000
v 0.269000 0.400000 -0.027000
v 0.003000 0.401000 -0.027000
v 0.004000 0.400000 -0.027000
v 0.004000 0.401000 -0.026000
v 0.004000 0.099000 -0.790000
v 0.004000 0.100000 -0.791000
v 0.003000 0.099000 -0.791000
v 0.251000 0.099000 -0.790000
v 0.252000 0.099000 -0.791000
v 0.251000 0.100000 -0.791000
v 0.004000 0.099000 -0.808000
v 0.003000 0.099000 -0.807000
v 0.004000 0.100000 -0.807000
v 0.251000 0.099000 -0.808000
v 0.251000 0.100000 -0.807000
v 0.252000 0.099000 -0.807000
v 0.004000 0.001000 -0.790000
v 0.003000 0.001000 -0.791000
v 0.004000 0.000000 -0.791000
v 0.251000 0.001000 -0.790000
v 0.251000 0.000000 -0.791000
v 0.252000 0.001000 -0.791000
v 0.004000 0.001000 -0.808000
v 0.004000 0.000000 -0.807000
v 0.003000 0.001000 -0.807000
v 0.251000 0.001000 -0.808000
v 0.252000 0.001000 -0.807000
v 0.251000 0.000000 -0.807000
v 0.269000 0.099000 -0.808000
v 0.269000 0.100000 -0.807000
v 0.270000 0.099000 -0.807000
v 0.269000 0.001000 -0.808000
v 0.270000 0.001000 -0.807000
v 0.269000 0.000000 -0.807000
v 0.269000 0.099000 -0.008000
v 0.270000 0.099000 -0.009000
v 0.269000 0.100000 -0.009000
v 0.269000 0.001000 -0.008000
v 0.269000 0.000000 -0.009000
v 0.270000 0.001000 -0.009000
v 0.253000 0.099000 -0.808000
v 0.252000 0.099000 -0.807000
v 0.253000 0.100000 -0.807000
v 0.253000 0.001000 -0.808000
v 0.253000 0.000000 -0.807000
v 0.252000 0.001000 -0.807000
v 0.253000 0.099000 -0.008000
v 0.253000 0.100000 -0.009000
v 0.252000 0.099000 -0.009000
v 0.253000 0.001000 -0.008000
v 0.252000 0.001000 -0.009000
v 0.253000 0.000000 -0.009000
v 0.269000 1.217000 -0.790000
v 0.269000 1.218000 -0.789000
v 0.270000 1.217000 -0.789000
v 0.004000 1.217000 -0.790000
v 0.003000 1.217000 -0.789000
v 0.004000 1.218000 -0.789000
v 0.270000 1.217000 -0.027000
v 0.269000 1.218000 -0.027000
v 0.269000 1.217000 -0.026000
v 0.003000 1.217000 -0.027000
v 0.004000 1.217000 -0.026000
v 0.004000 1.218000 -0.027000
v 0.004000 1.201000 -0.790000
v 0.004000 1.200000 -0.789000
v 0.003000 1.201000 -0.789000
v 0.269000 1.201000 -0.790000
v 0.270000 1.201000 -0.789000
v 0.269000 1.200000 -0.789000
v 0.270000 1.201000 -0.027000
v 0.269000 1.201000 -0.026000
v 0.269000 1.200000 -0.027000
v 0.003000 1.201000 -0.027000
v 0.004000 1.200000 -0.027000
v 0.004000 1.201000 -0.026000
v 0.151000 0.100000 -0.007000
v 0.150000 0.101000 -0.007000
v 0.151000 0.101000 -0.008000
v 0.249000 0.100000 -0.007000
v 0.249000 0.101000 -0.008000
v 0.250000 0.101000 -0.007000
v 0.151000 2.450000 -0.007000
v 0.151000 2.449000 -0.008000
v 0.150000 2.449000 -0.007000
v 0.249000 2.450000 -0.007000
v 0.250000 2.449000 -0.007000
v 0.249000 2.449000 -0.008000
v 0.151000 0.100000 0.009000
v 0.151000 0.101000 0.010000
v 0.150000 0.101000 0.009000
v 0.249000 0.100000 0.009000
v 0.250000 0.101000 0.009000
v 0.249000 0.101000 0.010000
v 0.151000 2.450000 0.009000
v 0.150000 2.449000 0.009000
v 0.151000 2.449000 0.010000
v 0.249000 2.450000 0.009000
v 0.249000 2.449000 0.010000
v 0.250000 2.449000 0.009000
v 0.002000 2.114000 -0.009000
v 0.003000 2.115000 -0.009000
v 0.002000 2.115000 -0.008000
v 0.002000 2.450000 -0.807000
v 0.003000 2.449000 -0.807000
v 0.002000 2.449000 -0.808000
v 0.002000 2.450000 -0.009000
v 0.002000 2.449000 -0.008000
v 0.003000 2.449000 -0.009000
v 0.002000 2.115000 -0.808000
v 0.003000 2.115000 -0.807000
v 0.002000 2.114000 -0.807000
v 0.001000 2.114000 -0.009000
v 0.001000 2.115000 -0.008000
v 0.000000 2.115000 -0.009000
v 0.001000 2.450000 -0.807000
v 0.001000 2.449000 -0.808000
v 0.000000 2.449000 -0.807000
v 0.001000 2.450000 -0.009000
v 0.000000 2.449000 -0.009000
v 0.001000 2.449000 -0.008000
v 0.001000 2.115000 -0.808000
v 0.001000 2.114000 -0.807000
v 0.000000 2.115000 -0.807000
v 0.003000 2.113000 -0.009000
v 0.002000 2.114000 -0.009000
v 0.002000 2.113000 -0.008000
v 0.003000 2.113000 -0.807000
v 0.002000 2.113000 -0.808000
v 0.002000 2.114000 -0.807000
v 0.000000 2.113000 -0.009000
v 0.001000 2.113000 -0.008000
v 0.001000 2.114000 -0.009000
v 0.000000 2.113000 -0.807000
v 0.001000 2.114000 -0.807000
v 0.001000 2.113000 -0.808000
v 0.003000 1.201000 -0.807000
v 0.002000 1.200000 -0.807000
v 0.002000 1.201000 -0.808000
v 0.003000 1.201000 -0.009000
v 0.002000 1.201000 -0.008000
v 0.002000 1.200000 -0.009000
v 0.000000 1.201000 -0.807000
v 0.001000 1.201000 -0.808000
v 0.001000 1.200000 -0.807000
v 0.000000 1.201000 -0.009000
v 0.001000 1.200000 -0.009000
v 0.001000 1.201000 -0.008000
v 0.003000 1.199000 -0.807000
v 0.002000 1.199000 -0.808000
v 0.002000 1.200000 -0.807000
v 0.003000 1.199000 -0.009000
v 0.002000 1.200000 -0.009000
v 0.002000 1.199000 -0.008000
v 0.000000 1.199000 -0.807000
v 0.001000 1.200000 -0.807000
v 0.001000 1.199000 -0.808000
v 0.000000 1.199000 -0.009000
v 0.001000 1.199000 -0.008000
v 0.001000 1.200000 -0.009000
v 0.003000 1.001000 -0.807000
v 0.002000 1.000000 -0.807000
v 0.002000 1.001000 -0.808000
v 0.003000 1.001000 -0.009000
v 0.002000 1.001000 -0.008000
v 0.002000 1.000000 -0.009000
v 0.000000 1.001000 -0.807000
v 0.001000 1.001000 -0.808000
v 0.001000 1.000000 -0.807000
v 0.000000 1.001000 -0.009000
v 0.001000 1.000000 -0.009000
v 0.001000 1.001000 -0.008000
v 0.003000 0.999000 -0.807000
v 0.002000 0.999000 -0.808000
v 0.002000 1.000000 -0.807000
v 0.003000 0.999000 -0.009000
v 0.002000 1.000000 -0.009000
v 0.002000 0.999000 -0.008000
v 0.000000 0.999000 -0.807000
v 0.001000 1.000000 -0.807000
v 0.001000 0.999000 -0.808000
v 0.000000 0.999000 -0.009000
v 0.001000 0.999000 -0.008000
v 0.001000 1.000000 -0.009000
v 0.003000 0.101000 -0.807000
v 0.002000 0.100000 -0.807000
v 0.002000 0.101000 -0.808000
v 0.003000 0.101000 -0.009000
v 0.002000 0.101000 -0.008000
v 0.002000 0.100000 -0.009000
v 0.000000 0.101000 -0.807000
v 0.001000 0.101000 -0.808000
v 0.001000 0.100000 -0.807000
v 0.000000 0.101000 -0.009000
v 0.001000 0.100000 -0.009000
v 0.001000 0.101000 -0.008000
v 0.287000 2.096000 -0.009000
v 0.287000 2.095000 -0.008000
v 0.288000 2.095000 -0.009000
v 0.287000 2.096000 -0.307000
v 0.288000 2.095000 -0.307000
v 0.287000 2.095000 -0.308000
v 0.287000 1.201000 -0.008000
v 0.287000 1.200000 -0.009000
v 0.288000 1.201000 -0.009000
v 0.287000 1.201000 -0.308000
v 0.288000 1.201000 -0.307000
v 0.287000 1.200000 -0.307000
v 0.271000 0.119000 -0.008000
v 0.270000 0.119000 -0.009000
v 0.271000 0.118000 -0.009000
v 0.271000 0.999000 -0.008000
v 0.271000 1.000000 -0.009000
v 0.270000 0.999000 -0.009000
v 0.271000 0.119000 -0.308000
v 0.271000 0.118000 -0.307000
v 0.270000 0.119000 -0.307000
v 0.271000 0.999000 -0.308000
v 0.270000 0.999000 -0.307000
v 0.271000 1.000000 -0.307000
v 0.287000 0.999000 -0.008000
v 0.288000 0.999000 -0.009000
v 0.287000 1.000000 -0.009000
v 0.287000 0.119000 -0.008000
v 0.287000 0.118000 -0.009000
v 0.288000 0.119000 -0.009000
v 0.287000 0.999000 -0.308000
v 0.287000 1.000000 -0.307000
v 0.288000 0.999000 -0.307000
v 0.287000 0.119000 -0.308000
v 0.288000 0.119000 -0.307000
v 0.287000 0.118000 -0.307000
v 0.288000 2.117000 -0.805000
v 0.287000 2.116000 -0.805000
v 0.287000 2.117000 -0.806000
v 0.287000 2.116000 -0.311000
v 0.288000 2.117000 -0.311000
v 0.287000 2.117000 -0.310000
v 0.287000 2.429000 -0.306000
v 0.287000 2.430000 -0.305000
v 0.288000 2.429000 -0.305000
v 0.287000 2.117000 -0.306000
v 0.288000 2.117000 -0.305000
v 0.287000 2.116000 -0.305000
v 0.287000 2.430000 -0.011000
v 0.287000 2.429000 -0.010000
v 0.288000 2.429000 -0.011000
v 0.287000 2.116000 -0.011000
v 0.288000 2.117000 -0.011000
v 0.287000 2.117000 -0.010000
v 0.271000 2.117000 -0.010000
v 0.270000 2.117000 -0.011000
v 0.271000 2.116000 -0.011000
v 0.271000 2.429000 -0.010000
v 0.271000 2.430000 -0.011000
v 0.270000 2.429000 -0.011000
v 0.271000 2.116000 -0.305000
v 0.270000 2.117000 -0.305000
v 0.271000 2.117000 -0.306000
v 0.271000 2.430000 -0.305000
v 0.271000 2.429000 -0.306000
v 0.270000 2.429000 -0.305000
v 0.270000 2.117000 -0.311000
v 0.271000 2.116000 -0.311000
v 0.271000 2.117000 -0.310000
v 0.271000 2.116000 -0.805000
v 0.270000 2.117000 -0.805000
v 0.271000 2.117000 -0.806000
v 0.270000 2.429000 -0.311000
v 0.271000 2.429000 -0.310000
v 0.271000 2.430000 -0.311000
v 0.271000 2.430000 -0.805000
v 0.271000 2.429000 -0.806000
v 0.270000 2.429000 -0.805000
v 0.287000 2.429000 -0.310000
v 0.288000 2.429000 -0.311000
v 0.287000 2.430000 -0.311000
v 0.288000 2.429000 -0.805000
v 0.287000 2.429000 -0.806000
v 0.287000 2.430000 -0.805000
v 0.290000 2.093000 -0.805000
v 0.289000 2.093000 -0.806000
v 0.289000 2.094000 -0.805000
v 0.289000 1.203000 -0.806000
v 0.290000 1.203000 -0.805000
v 0.289000 1.202000 -0.805000
v 0.289000 1.203000 -0.310000
v 0.289000 1.202000 -0.311000
v 0.290000 1.203000 -0.311000
v 0.290000 2.093000 -0.311000
v 0.289000 2.094000 -0.311000
v 0.289000 2.093000 -0.310000
v 0.273000 2.093000 -0.310000
v 0.273000 2.094000 -0.311000
v 0.272000 2.093000 -0.311000
v 0.273000 1.203000 -0.310000
v 0.272000 1.203000 -0.311000
v 0.273000 1.202000 -0.311000
v 0.273000 1.203000 -0.806000
v 0.273000 1.202000 -0.805000
v 0.272000 1.203000 -0.805000
v 0.273000 2.093000 -0.806000
v 0.272000 2.093000 -0.805000
v 0.273000 2.094000 -0.805000
v 0.289000 0.121000 -0.310000
v 0.289000 0.120000 -0.311000
v 0.290000 0.121000 -0.311000
v 0.289000 0.997000 -0.310000
v 0.290000 0.997000 -0.311000
v 0.289000 0.998000 -0.311000
v 0.289000 0.121000 -0.806000
v 0.290000 0.121000 -0.805000
v 0.289000 0.120000 -0.805000
v 0.290000 0.997000 -0.805000
v 0.289000 0.997000 -0.806000
v 0.289000 0.998000 -0.805000
v 0.273000 0.997000 -0.806000
v 0.272000 0.997000 -0.805000
v 0.273000 0.998000 -0.805000
v 0.273000 0.121000 -0.806000
v 0.273000 0.120000 -0.805000
v 0.272000 0.121000 -0.805000
v 0.273000 0.997000 -0.310000
v 0.273000 0.998000 -0.311000
v 0.272000 0.997000 -0.311000
v 0.273000 0.121000 -0.310000
v 0.272000 0.121000 -0.311000
v 0.273000 0.120000 -0.311000
vn -0.5774 -0.5773 0.5773
vn 0.5774 -0.5773 0.5774
vn -0.5774 -0.5773 -0.5774
vn 0.5774 -0.5773 -0.5774
vn -0.5774 0.5774 0.5773
vn 0.5774 0.5773 0.5774
vn -0.5774 0.5773 -0.5773
vn 0.5774 0.5773 -0.5774
vn -0.5773 -0.5774 -0.5774
vn -0.5774 0.5774 -0.5773
vn -0.5774 -0.5773 0.5774
vn -0.5774 0.5773 0.5774
vn 0.5774 -0.5774 0.5773
vn -0.5774 0.5773 0.5773
vn 0.5774 0.5774 0.5773
vn -0.5773 0.5774 -0.5774
vn -0.5773 0.5774 0.5774
vn 0.5773 0.5774 0.5774
vn 0.5773 0.5774 -0.5774
vn -0.5773 -0.5774 0.5774
vn 0.5773 -0.5774 0.5774
vn 0.5773 -0.5774 -0.5774
vn -0.5774 0.5773 -0.5774
vn -0.5775 0.5773 0.5773
vn 0.5775 0.5773 0.5773
vn -0.5775 0.5773 -0.5773
vn 0.5775 0.5773 -0.5773
vn 0.5774 -0.5774 -0.5773
vn -0.5773 -0.5773 0.5774
vn 0.5773 -0.5773 0.5774
vn -0.5773 -0.5773 -0.5774
vn 0.5773 -0.5773 -0.5774
vn 0.5774 0.5773 0.5773
vn 0.5772 -0.5774 0.5774
vn -0.5772 -0.5774 -0.5774
vn 0.5772 -0.5774 -0.5774
vn -0.5773 0.5775 -0.5773
vn -0.5773 0.5773 0.5774
vn -0.5773 0.5773 -0.5774
vn 0.5773 0.5773 0.5774
vn 0.5775 0.5772 -0.5774
vn -0.5775 -0.5773 -0.5773
vn 0.5775 -0.5772 -0.5774
vn 0.5774 -0.5773 0.5773
vn -0.5774 -0.5774 0.5773
vn 0.5774 0.5773 -0.5773
vn 0.5774 0.5774 -0.5773
vn 0.5775 -0.5773 0.5773
vn -0.5775 -0.5773 0.5773
vn 0.5774 -0.5773 -0.5773
vn -0.5774 -0.5773 -0.5773
vn -0.5774 0.5774 0.5774
vn -0.0000 -0.7071 0.7071
vn -0.0000 -0.7071 -0.7071
vn 0.7071 -0.7071 -0.0000
vn -0.7071 -0.7071 -0.0000
vn -0.0000 0.7071 0.7071
vn -0.0000 0.7071 -0.7071
vn 0.7071 0.7071 -0.0000
vn -0.7071 0.7071 -0.0000
vn 0.7071 -0.0000 -0.7071
vn 0.7071 -0.0000 0.7071
vn -0.7071 -0.0000 0.7071
vn -0.7071 -0.0000 -0.7071
vn -0.0000 0.7072 0.7071
vn 0.7072 -0.7071 -0.0000
vn -0.7070 -0.7072 -0.0000
vn 0.7070 0.7072 -0.0000
vn -0.0000 0.7072 0.7070
vn 0.7070 -0.7072 -0.0000
vn -0.7070 0.7072 -0.0000
vn 0.7072 -0.7070 -0.0000
vn -0.7072 -0.7070 -0.0000
vn 0.7072 0.7070 -0.0000
vn -0.0000 0.7071 -0.7072
vn -0.7072 0.7071 -0.0000
vn -0.7072 -0.7071 -0.0000
vn 0.7072 0.7071 -0.0000
vn -0.0000 -0.7071 -0.7072
vn -0.0000 0.7072 -0.7070
vn -0.0000 -0.7071 0.7072
vn -0.7072 0.7070 -0.0000
vn 0.7069 -0.7073 -0.0000
vn -0.0000 -0.0000 1.0000
vn -0.0000 -1.0000 -0.0000
vn -1.0000 -0.0000 -0.0000
vn 1.0000 -0.0000 -0.0000
vn -0.0000 -0.0000 -1.0000
vn -0.0000 1.0000 -0.0000
vn -0.0000 -0.7072 0.7070
vn -0.0000 -0.7072 0.7071
vn 0.7071 0.7072 -0.0000
vn 0.7071 -0.7072 -0.0000
vn -0.0000 0.7071 0.7072
vn -0.7069 -0.7073 -0.0000
vn -0.0000 -0.7072 -0.7070
vn -0.0000 0.7072 -0.7071
vt 0.431653 -0.606000
vt 0.431168 -0.606000
vt 0.431653 -0.607000
vt 0.560107 -0.606000
vt 0.560107 -0.607000
vt 0.560592 -0.606000
vt 0.431653 -0.606000
vt 0.431653 -0.607000
vt 0.431168 -0.606000
vt 0.314832 -0.606000
vt 0.314347 -0.606000
vt 0.314347 -0.607000
vt 0.431653 0.274000
vt 0.431653 0.275000
vt 0.431168 0.274000
vt 0.306107 0.274000
vt 0.306592 0.274000
vt 0.306592 0.275000
vt 0.314832 0.274000
vt 0.314347 0.274000
vt 0.314347 0.275000
vt 0.560107 0.274000
vt 0.560107 0.275000
vt 0.560592 0.274000
vt 0.431653 0.899000
vt 0.431168 0.899000
vt 0.431653 0.900000
vt 0.560107 -0.607000
vt 0.560107 -0.606000
vt 0.560592 -0.606000
vt 0.431653 0.274000
vt 0.431168 0.274000
vt 0.693408 0.275000
vt 0.693408 0.274000
vt 0.693893 0.274000
vt 0.431653 -0.607000
vt 0.685653 -0.607000
vt 0.685653 -0.606000
vt 0.685168 -0.606000
vt 0.685653 0.275000
vt 0.685653 0.274000
vt 0.685168 0.274000
vt 0.560107 0.275000
vt 0.560107 0.274000
vt 0.560592 0.274000
vt 0.431653 -0.624000
vt 0.431168 -0.624000
vt 0.431653 -0.625000
vt 0.569802 0.100000
vt 0.569801 0.101000
vt 0.570286 0.101000
vt 0.431653 0.900000
vt 0.431653 0.899000
vt 0.431168 0.899000
vt 0.693893 -0.624000
vt 0.693408 -0.624000
vt 0.693408 -0.625000
vt 0.431653 0.100000
vt 0.431653 0.101000
vt 0.431168 0.101000
vt 0.569802 -0.608000
vt 0.570286 -0.608000
vt 0.569802 -0.607000
vt 0.431653 -0.608000
vt 0.431168 -0.608000
vt 0.431653 -0.607000
vt 0.569802 0.900000
vt 0.569801 0.899000
vt 0.570286 0.899000
vt 0.431653 0.100000
vt 0.431653 0.101000
vt 0.431168 0.101000
vt 0.569801 1.388000
vt 0.570286 1.388000
vt 0.569802 1.389000
vt 0.693893 1.388000
vt 0.693408 1.388000
vt 0.693408 1.389000
vt 0.569801 0.899000
vt 0.570286 0.899000
vt 0.306107 1.372000
vt 0.306592 1.372000
vt 0.306592 1.371000
vt 0.569802 0.100000
vt 0.569801 0.101000
vt 0.570286 0.101000
vt 0.431653 0.900000
vt 0.431653 0.899000
vt 0.693893 1.372000
vt 0.693408 1.372000
vt 0.693408 1.371000
vt 0.560107 0.882000
vt 0.560107 0.881000
vt 0.560592 0.881000
vt 0.685168 0.274000
vt 0.684683 0.274000
vt 0.684683 0.275000
vt 0.560592 0.119000
vt 0.560107 0.119000
vt 0.560107 0.118000
vt 0.315317 0.274000
vt 0.314832 0.274000
vt 0.315317 0.275000
vt 0.431653 0.882000
vt 0.431653 0.881000
vt 0.431168 0.881000
vt 0.560107 0.258000
vt 0.560592 0.258000
vt 0.560107 0.257000
vt 0.315317 0.258000
vt 0.314832 0.258000
vt 0.315317 0.257000
vt 0.431168 0.119000
vt 0.431653 0.119000
vt 0.431653 0.118000
vt 0.431653 0.100000
vt 0.431653 0.101000
vt 0.431168 0.101000
vt 0.560107 1.406000
vt 0.560592 1.406000
vt 0.560107 1.407000
vt 0.693893 1.406000
vt 0.693408 1.406000
vt 0.693408 1.407000
vt 0.560107 0.900000
vt 0.560107 0.899000
vt 0.560592 0.899000
vt 0.306107 1.390000
vt 0.306592 1.390000
vt 0.306592 1.389000
vt 0.560107 0.100000
vt 0.560107 0.101000
vt 0.560592 0.101000
vt 0.431653 0.900000
vt 0.693893 1.390000
vt 0.693408 1.390000
vt 0.693408 1.389000
vt 0.431653 0.899000
vt 0.431168 0.899000
vt 0.560107 1.408000
vt 0.560592 1.408000
vt 0.431653 1.707000
vt 0.431653 1.706000
vt 0.431168 1.706000
vt 0.693408 1.707000
vt 0.693408 1.706000
vt 0.693893 1.706000
vt 0.431653 1.407000
vt 0.431653 1.408000
vt 0.431168 1.408000
vt 0.685653 1.407000
vt 0.685653 1.408000
vt 0.685168 1.408000
vt 0.685653 1.707000
vt 0.685652 1.706000
vt 0.685168 1.706000
vt 0.560107 1.707000
vt 0.560107 1.706000
vt 0.560592 1.706000
vt 0.306107 1.408000
vt 0.306592 1.408000
vt 0.306592 1.407000
vt 0.560107 0.101000
vt 0.560592 0.101000
vt 0.431653 0.118000
vt 0.431653 0.117000
vt 0.431168 0.117000
vt 0.560592 1.408000
vt 0.431653 0.100000
vt 0.431653 0.101000
vt 0.431168 0.101000
vt 0.306107 1.706000
vt 0.306592 1.706000
vt 0.306592 1.707000
vt 0.314832 1.706000
vt 0.314347 1.706000
vt 0.314347 1.707000
vt 0.560107 0.118000
vt 0.560107 0.117000
vt 0.560592 0.117000
vt 0.569802 1.708000
vt 0.570286 1.708000
vt 0.569802 1.707000
vt 0.306107 1.708000
vt 0.306592 1.708000
vt 0.306592 1.707000
vt 0.569802 0.101000
vt 0.693893 1.724000
vt 0.693408 1.724000
vt 0.693408 1.725000
vt 0.569801 0.899000
vt 0.431168 0.101000
vt 0.306107 1.724000
vt 0.306592 1.724000
vt 0.306592 1.725000
vt 0.430198 -0.625000
vt 0.430198 -0.624000
vt 0.429714 -0.624000
vt 0.694378 -0.625000
vt 0.694378 -0.624000
vt 0.693893 -0.624000
vt 0.430198 0.901000
vt 0.429714 0.901000
vt 0.430198 0.900000
vt 0.569802 1.725000
vt 0.569802 1.724000
vt 0.570286 1.724000
vt 0.702134 -0.625000
vt 0.702134 -0.624000
vt 0.702618 -0.624000
vt 0.569802 -0.625000
vt 0.569802 -0.624000
vt 0.570286 -0.624000
vt 0.430198 1.725000
vt 0.430198 1.724000
vt 0.429714 1.724000
vt 0.702134 1.725000
vt 0.702134 1.724000
vt 0.702618 1.724000
vt 0.431653 0.476000
vt 0.431168 0.476000
vt 0.431653 0.475000
vt 0.560107 0.100000
vt 0.560592 0.101000
vt 0.431653 0.118000
vt 0.431653 0.117000
vt 0.431168 0.117000
vt 0.314832 0.476000
vt 0.314347 0.476000
vt 0.314347 0.475000
vt 0.431653 0.101000
vt 0.431168 0.101000
vt 0.306107 1.370000
vt 0.306592 1.370000
vt 0.306592 1.371000
vt 0.314832 1.370000
vt 0.314347 1.370000
vt 0.314347 1.371000
vt 0.560107 0.118000
vt 0.560107 0.117000
vt 0.560592 0.117000
vt 0.561076 0.400000
vt 0.561076 0.399000
vt 0.560592 0.399000
vt 0.561076 1.371000
vt 0.561076 1.370000
vt 0.560592 1.370000
vt 0.306592 1.371000
vt 0.306592 1.370001
vt 0.306107 1.370000
vt 0.306107 0.476000
vt 0.306592 0.476000
vt 0.306592 0.475000
vt 0.569802 0.900000
vt 0.569802 0.899000
vt 0.570286 0.899000
vt 0.693893 0.292000
vt 0.693408 0.292000
vt 0.693408 0.293000
vt 0.570286 0.101000
vt 0.569802 0.101000
vt 0.569802 0.100000
vt 0.306592 0.292000
vt 0.306107 0.292000
vt 0.306592 0.293000
vt 0.431653 0.899000
vt 0.431168 0.899000
vt 0.569802 0.276000
vt 0.570286 0.276000
vt 0.569802 0.275000
vt 0.306592 0.276000
vt 0.306107 0.276000
vt 0.306592 0.275000
vt 0.431168 0.101000
vt 0.431653 0.100000
vt 0.693893 0.474000
vt 0.693408 0.474000
vt 0.693408 0.475000
vt 0.570286 0.101000
vt 0.569802 0.100000
vt 0.306592 0.474000
vt 0.306107 0.474000
vt 0.306592 0.475000
vt 0.569802 0.458000
vt 0.570286 0.458000
vt 0.569802 0.457000
vt 0.306592 0.458000
vt 0.306107 0.458000
vt 0.306592 0.457000
vt 0.431653 0.476000
vt 0.560107 0.882000
vt 0.560107 0.883000
vt 0.560592 0.883000
vt 0.431653 0.900000
vt 0.431653 0.899000
vt 0.431168 0.899000
vt 0.693893 0.476000
vt 0.693408 0.476000
vt 0.693408 0.475000
vt 0.431653 0.882000
vt 0.431653 0.883000
vt 0.431168 0.883000
vt 0.685168 1.370000
vt 0.685653 1.370000
vt 0.685653 1.371000
vt 0.693893 1.370000
vt 0.693408 1.370000
vt 0.693408 1.371000
vt 0.560107 0.900000
vt 0.560107 0.899000
vt 0.560592 0.899000
vt 0.570286 0.101000
vt 0.431653 0.293000
vt 0.431653 0.294000
vt 0.431168 0.294000
vt 0.569802 0.457000
vt 0.569802 0.456000
vt 0.570286 0.456000
vt 0.306592 0.456000
vt 0.306107 0.456000
vt 0.314347 0.293000
vt 0.314347 0.294000
vt 0.314832 0.294000
vt 0.569802 0.293000
vt 0.569802 0.294000
vt 0.570286 0.294000
vt 0.431653 0.457000
vt 0.431653 0.456000
vt 0.431168 0.456000
vt 0.314347 0.457000
vt 0.314347 0.456000
vt 0.314832 0.456000
vt 0.569802 0.293000
vt 0.569802 0.294000
vt 0.693408 0.294000
vt 0.693893 0.294000
vt 0.431653 0.456000
vt 0.431168 0.456000
vt 0.693408 0.457000
vt 0.693408 0.456000
vt 0.693893 0.456000
vt 0.431653 0.293000
vt 0.431653 0.294000
vt 0.431168 0.294000
vt 0.569802 0.883000
vt 0.570286 0.883000
vt 0.569802 0.882000
vt 0.685653 0.457000
vt 0.685653 0.456000
vt 0.685168 0.456000
vt 0.569802 0.457000
vt 0.569802 0.456000
vt 0.570286 0.456000
vt 0.560107 0.881000
vt 0.560592 0.881000
vt 0.685168 0.792000
vt 0.684683 0.792000
vt 0.684683 0.793000
vt 0.560107 0.119000
vt 0.560107 0.118000
vt 0.315317 0.792000
vt 0.314832 0.792000
vt 0.315317 0.793000
vt 0.431653 0.882000
vt 0.431653 0.881000
vt 0.431168 0.881000
vt 0.560107 0.776000
vt 0.560592 0.776000
vt 0.560107 0.775000
vt 0.315317 0.776000
vt 0.314832 0.776000
vt 0.315317 0.775000
vt 0.431168 0.119000
vt 0.431653 0.119000
vt 0.685168 1.092000
vt 0.684683 1.092000
vt 0.684683 1.093000
vt 0.560592 0.119000
vt 0.560107 0.119000
vt 0.315317 1.092000
vt 0.314832 1.092000
vt 0.315317 1.093000
vt 0.431653 0.881000
vt 0.431168 0.881000
vt 0.560107 1.076000
vt 0.560592 1.076000
vt 0.560107 1.075000
vt 0.315317 1.076000
vt 0.314832 1.076000
vt 0.315317 1.075000
vt 0.560107 0.881000
vt 0.685168 -0.008000
vt 0.684683 -0.008000
vt 0.684683 -0.007000
vt 0.560107 0.118000
vt 0.315317 -0.008000
vt 0.314832 -0.008000
vt 0.315317 -0.007000
vt 0.560107 -0.024000
vt 0.560592 -0.024000
vt 0.560107 -0.025000
vt 0.315317 -0.024000
vt 0.314832 -0.024000
vt 0.315317 -0.025000
vt 0.431168 0.119000
vt 0.431653 0.119000
vt 0.431653 0.118000
vt 0.685168 -0.308000
vt 0.684683 -0.308000
vt 0.684683 -0.307000
vt 0.315317 -0.308000
vt 0.314832 -0.308000
vt 0.315317 -0.307000
vt 0.431653 0.882000
vt 0.560107 -0.324000
vt 0.560592 -0.324000
vt 0.560107 -0.325000
vt 0.315317 -0.324000
vt 0.314832 -0.324000
vt 0.315317 -0.325000
vt 0.431653 0.882000
vt 0.431653 0.883000
vt 0.431168 0.883000
vt 0.685168 -0.626000
vt 0.685653 -0.626000
vt 0.685653 -0.625000
vt 0.693893 -0.626000
vt 0.693408 -0.626000
vt 0.551382 0.900000
vt 0.551382 0.899000
vt 0.551866 0.899000
vt 0.431653 -0.724000
vt 0.431168 -0.724000
vt 0.431653 -0.725000
vt 0.551382 0.882000
vt 0.551382 0.883000
vt 0.551866 0.883000
vt 0.431653 0.900000
vt 0.693893 -0.724000
vt 0.693408 -0.724000
vt 0.693408 -0.725000
vt 0.560107 0.900000
vt 0.560107 0.899000
vt 0.560592 0.899000
vt 0.693893 -0.724000
vt 0.693408 -0.724000
vt 0.693408 -0.725000
vt 0.306107 -0.626000
vt 0.306592 -0.626000
vt 0.306592 -0.625000
vt 0.560107 -0.724000
vt 0.560107 -0.725000
vt 0.560592 -0.724000
vt 0.693893 -0.626000
vt 0.693408 -0.626000
vt 0.552351 0.900000
vt 0.552351 0.899000
vt 0.551866 0.899000
vt 0.552351 0.100000
vt 0.552351 0.101000
vt 0.551866 0.101000
vt 0.306107 -0.724000
vt 0.306592 -0.724000
vt 0.306592 -0.725000
vt 0.560107 0.881000
vt 0.685168 0.492000
vt 0.684683 0.492000
vt 0.684683 0.493000
vt 0.315317 0.492000
vt 0.314832 0.492000
vt 0.315317 0.493000
vt 0.560107 0.476000
vt 0.560592 0.476000
vt 0.560107 0.475000
vt 0.315317 0.476000
vt 0.314832 0.476000
vt 0.315317 0.475000
vt 0.431168 0.119000
vt 0.431653 0.119000
vt 0.305622 -0.625000
vt 0.305622 -0.624000
vt 0.306107 -0.624000
vt 0.550412 -0.625000
vt 0.550412 -0.624000
vt 0.550897 -0.624000
vt 0.502908 0.099000
vt 0.502908 0.100000
vt 0.502424 0.099000
vt 0.550412 0.099000
vt 0.550897 0.099000
vt 0.550412 0.100000
vt 0.502908 -0.625000
vt 0.502908 -0.624000
vt 0.502424 -0.624000
vt 0.297866 -0.625000
vt 0.297866 -0.624000
vt 0.297382 -0.624000
vt 0.502908 0.083000
vt 0.502424 0.083000
vt 0.502908 0.082000
vt 0.550412 0.083000
vt 0.550412 0.082000
vt 0.550897 0.083000
vt 0.101000 1.389000
vt 0.101000 1.390000
vt 0.100000 1.390000
vt 0.899000 1.725000
vt 0.899000 1.724000
vt 0.900000 1.724000
vt 0.357000 0.101000
vt 0.357000 0.100000
vt 0.358000 0.101000
vt 0.900000 1.390000
vt 0.899000 1.390000
vt 0.899000 1.389000
vt 0.356000 0.101000
vt 0.356000 0.100000
vt 0.355000 0.101000
vt 0.356000 0.899000
vt 0.356000 0.900000
vt 0.355000 0.899000
vt 0.101000 1.725000
vt 0.101000 1.724000
vt 0.100000 1.724000
vt 0.356000 0.900000
vt 0.356000 0.899000
vt 0.355000 0.899000
vt 0.357000 0.101000
vt 0.358000 1.388000
vt 0.357000 1.388000
vt 0.357000 1.389000
vt 0.101000 1.388000
vt 0.100000 1.388000
vt 0.101000 1.389000
vt 0.356000 0.899000
vt 0.356000 0.900000
vt 0.358000 0.899000
vt 0.357000 0.899000
vt 0.357000 0.900000
vt 0.358000 0.476000
vt 0.357000 0.476000
vt 0.357000 0.475000
vt 0.355000 0.476000
vt 0.356000 0.476000
vt 0.356000 0.475000
vt 0.356000 0.101000
vt 0.356000 0.100000
vt 0.899000 0.474000
vt 0.900000 0.474000
vt 0.899000 0.475000
vt 0.357000 0.101000
vt 0.357000 0.100000
vt 0.355000 0.899000
vt 0.356000 0.899000
vt 0.355000 0.474000
vt 0.356000 0.474000
vt 0.358000 0.276000
vt 0.357000 0.276000
vt 0.357000 0.275000
vt 0.355000 0.276000
vt 0.356000 0.276000
vt 0.356000 0.275000
vt 0.355000 0.101000
vt 0.356000 0.101000
vt 0.358000 0.274000
vt 0.357000 0.274000
vt 0.357000 0.101000
vt 0.357000 0.100000
vt 0.355000 0.899000
vt 0.356000 0.900000
vt 0.101000 0.274000
vt 0.100000 0.274000
vt 0.101000 0.275000
vt 0.358000 0.899000
vt 0.357000 0.899000
vt 0.357000 0.900000
vt 0.358000 -0.624000
vt 0.357000 -0.624000
vt 0.357000 -0.625000
vt 0.355000 -0.624000
vt 0.356000 -0.624000
vt 0.356000 -0.625000
vt 0.356000 0.101000
vt 0.356000 0.100000
vt 0.568832 1.371000
vt 0.568832 1.370000
vt 0.569317 1.370000
vt 0.451042 1.371000
vt 0.451042 1.370000
vt 0.451527 1.370000
vt 0.568832 0.100000
vt 0.568832 0.101000
vt 0.569317 0.101000
vt 0.451527 0.476000
vt 0.451042 0.476000
vt 0.451042 0.475000
vt 0.306107 -0.606000
vt 0.306592 -0.606000
vt 0.306592 -0.607000
vt 0.561076 0.274000
vt 0.561076 0.275000
vt 0.561076 -0.606000
vt 0.561076 -0.607000
vt 0.451527 0.274000
vt 0.451042 0.274000
vt 0.451042 0.275000
vt 0.306592 0.274000
vt 0.306592 0.275000
vt 0.568832 -0.606000
vt 0.568832 -0.607000
vt 0.569317 -0.606000
vt 0.568832 0.400000
vt 0.568832 0.399000
vt 0.569317 0.399000
vt 0.451527 -0.606000
vt 0.451042 -0.606000
vt 0.451042 -0.607000
vt 0.692439 1.392000
vt 0.692439 1.391000
vt 0.692924 1.392000
vt 0.452981 1.391000
vt 0.452981 1.392000
vt 0.452496 1.392000
vt 0.568832 0.398000
vt 0.568832 0.397000
vt 0.569317 0.397000
vt 0.568832 1.392000
vt 0.569317 1.392000
vt 0.568832 1.391000
vt 0.568832 0.103000
vt 0.568832 0.102000
vt 0.569317 0.103000
vt 0.568832 0.103000
vt 0.569317 0.103000
vt 0.568832 0.102000
vt 0.307076 1.392000
vt 0.307561 1.392000
vt 0.307561 1.391000
vt 0.561076 0.102000
vt 0.561076 0.103000
vt 0.560592 0.103000
vt 0.450073 1.391000
vt 0.450072 1.392000
vt 0.450557 1.392000
vt 0.561076 0.397000
vt 0.561076 0.398000
vt 0.560592 0.397000
vt 0.452981 1.392000
vt 0.692439 1.391000
vt 0.692439 1.392000
vt 0.692924 1.392000
vt 0.452981 1.704000
vt 0.452496 1.704000
vt 0.452981 1.705000
vt 0.561076 0.897000
vt 0.561076 0.898000
vt 0.560592 0.897000
vt 0.568832 1.704000
vt 0.569317 1.704000
vt 0.568832 1.705000
vt 0.692439 1.704000
vt 0.692924 1.704000
vt 0.692439 1.705000
vt 0.692439 1.368000
vt 0.692924 1.368000
vt 0.692439 1.369000
vt 0.692924 0.478000
vt 0.692439 0.478000
vt 0.692439 0.477000
vt 0.569802 0.402000
vt 0.569802 0.403000
vt 0.570286 0.403000
vt 0.452981 1.368000
vt 0.452981 1.369000
vt 0.452496 1.368000
vt 0.562046 0.402000
vt 0.562046 0.403000
vt 0.561561 0.403000
vt 0.452496 0.478000
vt 0.452981 0.478000
vt 0.452981 0.477000
vt 0.562046 0.898000
vt 0.562046 0.897000
vt 0.561561 0.897000
vt 0.692924 1.368000
vt 0.692439 1.368000
vt 0.692439 1.369000
vt 0.569802 0.402000
vt 0.569802 0.403000
vt 0.570286 0.403000
vt 0.452496 0.272000
vt 0.452981 0.272000
vt 0.452981 0.273000
vt 0.692924 -0.604000
vt 0.692439 -0.604000
vt 0.692439 -0.605000
vt 0.692439 0.272000
vt 0.692924 0.272000
vt 0.692439 0.273000
vt 0.692924 0.272000
vt 0.692439 0.272000
vt 0.692439 0.273000
vt 0.562046 0.898000
vt 0.562046 0.897000
vt 0.561561 0.897000
vt 0.562046 0.272000
vt 0.562046 0.273000
vt 0.561561 0.272000
vt 0.452496 -0.604000
vt 0.452981 -0.604000
vt 0.452981 -0.605000
vt 0.560107 -0.606000
vt 0.306592 -0.606000
vt 0.306592 -0.607000
vt 0.306592 -0.607000
vt 0.560107 0.274000
vt 0.431653 0.274000
vt 0.431653 0.275000
vt 0.314347 0.274000
vt 0.314832 0.274000
vt 0.306107 -0.606000
vt 0.560107 0.274000
vt 0.431653 0.274000
vt 0.431168 0.274000
vt 0.685653 0.275000
vt 0.693408 -0.607000
vt 0.431653 0.883000
vt 0.693408 0.275000
vt 0.431653 0.100000
vt 0.431653 0.101000
vt 0.569802 0.900000
vt 0.431168 0.101000
vt 0.431653 0.899000
vt 0.570286 0.101000
vt 0.569802 -0.624000
vt 0.431653 -0.608000
vt 0.693893 -0.608000
vt 0.431653 -0.624000
vt 0.431168 -0.624000
vt 0.431653 0.899000
vt 0.569802 0.899000
vt 0.306107 1.388000
vt 0.306592 1.388000
vt 0.693893 1.372000
vt 0.569802 1.372000
vt 0.693893 1.388000
vt 0.693408 1.388000
vt 0.431653 0.881000
vt 0.431168 0.119000
vt 0.431653 0.118000
vt 0.560107 0.882000
vt 0.560107 0.881000
vt 0.560592 0.119000
vt 0.560107 0.119000
vt 0.315317 0.258000
vt 0.685168 0.258000
vt 0.684683 0.258000
vt 0.560107 0.274000
vt 0.315317 0.274000
vt 0.431653 0.899000
vt 0.560107 0.101000
vt 0.560592 0.101000
vt 0.560107 0.899000
vt 0.306107 1.406000
vt 0.306592 1.406000
vt 0.693893 1.390000
vt 0.693408 1.390000
vt 0.560107 1.390000
vt 0.693893 1.406000
vt 0.693408 1.406000
vt 0.431653 1.407000
vt 0.431653 1.408000
vt 0.560107 1.707000
vt 0.560107 1.706000
vt 0.560107 1.407000
vt 0.431653 1.707000
vt 0.431653 1.706000
vt 0.560107 1.408000
vt 0.560592 1.408000
vt 0.431168 1.706000
vt 0.431653 0.883000
vt 0.693408 1.707000
vt 0.560107 0.118000
vt 0.560107 0.117000
vt 0.431653 0.117000
vt 0.560107 0.101000
vt 0.560592 0.101000
vt 0.431168 0.117000
vt 0.306107 1.706000
vt 0.314832 1.408000
vt 0.560107 1.706000
vt 0.560592 1.706000
vt 0.306107 1.408000
vt 0.431653 0.101000
vt 0.569802 0.899000
vt 0.570286 0.899000
vt 0.693893 1.708000
vt 0.693408 1.708000
vt 0.306107 1.724000
vt 0.569802 1.724000
vt 0.306592 1.708000
vt 0.569802 -0.625000
vt 0.430198 1.725000
vt 0.430198 1.724000
vt 0.569802 -0.624000
vt 0.430198 -0.624000
vt 0.569802 1.725000
vt 0.429714 -0.624000
vt 0.569802 1.724000
vt 0.694378 1.725000
vt 0.694378 1.724000
vt 0.702134 -0.625000
vt 0.702134 -0.624000
vt 0.430198 0.917000
vt 0.694378 -0.625000
vt 0.694378 -0.624000
vt 0.560107 0.101000
vt 0.314832 1.370000
vt 0.306107 0.476000
vt 0.431653 1.370000
vt 0.431168 1.370000
vt 0.314832 0.476000
vt 0.451042 1.371000
vt 0.451527 0.476000
vt 0.451042 1.370000
vt 0.451527 1.370000
vt 0.451042 0.476000
vt 0.451042 0.475000
vt 0.431653 0.899000
vt 0.431653 0.101000
vt 0.306592 0.276000
vt 0.693893 0.276000
vt 0.693408 0.276000
vt 0.569802 0.292000
vt 0.306592 0.292000
vt 0.306592 0.458000
vt 0.693893 0.458000
vt 0.693408 0.458000
vt 0.569802 0.474000
vt 0.306592 0.474000
vt 0.431653 0.883000
vt 0.560107 0.899000
vt 0.560107 0.882000
vt 0.431653 0.900000
vt 0.560107 0.883000
vt 0.560592 0.883000
vt 0.431168 0.899000
vt 0.693893 1.370000
vt 0.685168 0.476000
vt 0.431653 1.370000
vt 0.693893 0.476000
vt 0.569802 0.293000
vt 0.431653 0.457000
vt 0.431653 0.456000
vt 0.569802 0.294000
vt 0.570286 0.294000
vt 0.431653 0.293000
vt 0.431653 0.294000
vt 0.569802 0.457000
vt 0.569802 0.456000
vt 0.306592 0.293000
vt 0.306592 0.294000
vt 0.314347 0.457000
vt 0.569802 0.117000
vt 0.306592 0.457000
vt 0.306592 0.456000
vt 0.569802 0.456000
vt 0.693408 0.457000
vt 0.693408 0.456000
vt 0.685653 0.293000
vt 0.685653 0.294000
vt 0.569802 0.899000
vt 0.685653 0.457000
vt 0.685653 0.456000
vt 0.431653 0.881000
vt 0.431653 0.119000
vt 0.560107 0.119000
vt 0.315317 0.776000
vt 0.685168 0.776000
vt 0.684683 0.776000
vt 0.560107 0.792000
vt 0.431653 0.881000
vt 0.431653 0.119000
vt 0.315317 1.076000
vt 0.685168 1.076000
vt 0.684683 1.076000
vt 0.560107 1.092000
vt 0.431653 0.119000
vt 0.315317 -0.024000
vt 0.685168 -0.024000
vt 0.684683 -0.024000
vt 0.560107 -0.008000
vt 0.685168 -0.324000
vt 0.684683 -0.324000
vt 0.560107 -0.308000
vt 0.551382 0.882000
vt 0.551382 0.883000
vt 0.551382 0.900000
vt 0.551382 0.899000
vt 0.551866 0.899000
vt 0.685168 -0.724000
vt 0.431653 -0.626000
vt 0.431168 -0.626000
vt 0.306107 -0.724000
vt 0.306592 -0.724000
vt 0.306592 -0.725000
vt 0.693408 -0.625000
vt 0.306107 -0.626000
vt 0.306592 -0.626000
vt 0.693408 -0.724000
vt 0.560107 0.100000
vt 0.560107 0.101000
vt 0.552351 0.900000
vt 0.552351 0.899000
vt 0.552351 -0.724000
vt 0.560107 0.900000
vt 0.560107 0.899000
vt 0.431653 0.119000
vt 0.560107 0.119000
vt 0.685168 0.476000
vt 0.684683 0.476000
vt 0.560107 0.492000
vt 0.502908 -0.624000
vt 0.550412 1.724000
vt 0.502424 1.724000
vt 0.502908 1.724000
vt 0.550412 -0.625000
vt 0.550897 1.724000
vt 0.550412 -0.624000
vt 0.550897 -0.624000
vt 0.101000 1.725000
vt 0.899000 1.725000
vt 0.899000 1.724000
vt 0.900000 1.390000
vt 0.900000 1.724000
vt 0.101000 1.389000
vt 0.899000 1.390000
vt 0.899000 1.389000
vt 0.101000 1.390000
vt 0.100000 1.390000
vt 0.357000 0.100000
vt 0.357000 0.899000
vt 0.356000 0.100000
vt 0.358000 0.899000
vt 0.357000 0.899000
vt 0.355000 0.101000
vt 0.356000 0.101000
vt 0.358000 0.101000
vt 0.356000 0.900000
vt 0.358000 0.476000
vt 0.355000 1.388000
vt 0.101000 0.476000
vt 0.100000 0.476000
vt 0.358000 1.388000
vt 0.357000 0.899000
vt 0.356000 0.101000
vt 0.357000 0.101000
vt 0.358000 0.474000
vt 0.899000 0.276000
vt 0.900000 0.276000
vt 0.356000 0.899000
vt 0.357000 0.101000
vt 0.355000 0.274000
vt 0.101000 -0.624000
vt 0.100000 -0.624000
vt 0.306592 1.371000
vt 0.306592 1.370000
vt 0.306592 0.476000
vt 0.561076 0.100000
vt 0.561076 0.101000
vt 0.568832 0.400000
vt 0.561076 1.371000
vt 0.568832 1.371000
vt 0.568832 1.370000
vt 0.306107 0.274000
vt 0.306592 0.274000
vt 0.451527 -0.606000
vt 0.451042 -0.606000
vt 0.451042 -0.607000
vt 0.306592 0.275000
vt 0.451527 0.274000
vt 0.451042 0.274000
vt 0.306592 -0.606000
vt 0.568832 0.274000
vt 0.561076 -0.606000
vt 0.561076 0.400000
vt 0.561076 0.399000
vt 0.568832 -0.606000
vt 0.307076 1.704000
vt 0.692439 1.705000
vt 0.692439 1.704000
vt 0.692924 1.704000
vt 0.450073 1.705000
vt 0.307561 1.704000
vt 0.307561 1.705000
vt 0.561076 0.897000
vt 0.568832 0.898000
vt 0.568832 0.897000
vt 0.568832 1.391000
vt 0.561076 1.392000
vt 0.561076 1.391000
vt 0.568832 1.704000
vt 0.450072 1.704000
vt 0.561076 1.705000
vt 0.568832 0.397000
vt 0.307076 1.392000
vt 0.307561 1.392000
vt 0.561076 0.102000
vt 0.561076 1.391000
vt 0.568832 0.897000
vt 0.452981 1.705000
vt 0.452981 1.704000
vt 0.568832 1.392000
vt 0.452496 1.368000
vt 0.452981 1.368000
vt 0.692924 0.478000
vt 0.692439 0.478000
vt 0.452981 1.369000
vt 0.569802 0.898000
vt 0.569802 0.402000
vt 0.562046 0.402000
vt 0.562046 0.403000
vt 0.562046 0.898000
vt 0.569802 0.897000
vt 0.569802 0.898000
vt 0.569802 0.897000
vt 0.452496 0.478000
vt 0.692924 -0.604000
vt 0.452496 0.272000
vt 0.452981 0.272000
vt 0.692439 -0.604000
vt 0.692439 -0.605000
vt 0.569802 0.272000
vt 0.562046 0.403000
vt 0.569802 0.897000
vt 0.562046 0.898000
vt 0.569802 0.898000
vt 0.569802 0.897000
vt 0.570286 0.897000
vt 0.452496 -0.604000
vt 0.431653 0.117000
vt 0.560107 0.899000
vt 0.693408 -0.606000
vt 0.693408 0.274000
vt 0.693408 -0.606000
vt 0.560107 0.883000
vt 0.306592 -0.624000
vt 0.693408 -0.608000
vt 0.306592 -0.608000
vt 0.306592 -0.624000
vt 0.569802 -0.624000
vt 0.569802 -0.608000
vt 0.431653 1.372000
vt 0.431653 1.388000
vt 0.306592 1.372000
vt 0.306592 1.388000
vt 0.431653 1.388000
vt 0.569802 1.388000
vt 0.431653 0.274000
vt 0.684683 0.274000
vt 0.431653 0.258000
vt 0.560107 0.274000
vt 0.431653 1.390000
vt 0.431653 1.406000
vt 0.306592 1.390000
vt 0.560107 1.390000
vt 0.431653 1.406000
vt 0.560107 1.406000
vt 0.693408 1.408000
vt 0.693408 1.706000
vt 0.693408 1.408000
vt 0.560107 1.408000
vt 0.431653 1.706000
vt 0.431653 1.408000
vt 0.314347 1.408000
vt 0.314347 1.408000
vt 0.306592 1.408000
vt 0.431653 1.724000
vt 0.431653 1.708000
vt 0.693408 1.724000
vt 0.693408 1.708000
vt 0.569802 1.708000
vt 0.430198 0.917000
vt 0.569802 0.901000
vt 0.702134 1.724000
vt 0.694378 1.724000
vt 0.569801 0.917000
vt 0.569801 0.901000
vt 0.560107 0.476000
vt 0.314347 0.476000
vt 0.306592 0.476000
vt 0.431653 0.476000
vt 0.560107 1.370000
vt 0.560107 0.476000
vt 0.561076 0.476000
vt 0.561076 0.101000
vt 0.568832 0.476000
vt 0.561076 0.476000
vt 0.431653 0.292000
vt 0.693408 0.292000
vt 0.431653 0.276000
vt 0.569802 0.292000
vt 0.431653 0.474000
vt 0.693408 0.474000
vt 0.431653 0.458000
vt 0.569802 0.474000
vt 0.431653 0.474000
vt 0.685653 0.476000
vt 0.693408 0.476000
vt 0.431653 0.117000
vt 0.431653 0.101000
vt 0.314347 0.294000
vt 0.306592 0.294000
vt 0.569802 0.117000
vt 0.569802 0.101000
vt 0.693408 0.294000
vt 0.569802 0.899000
vt 0.431653 0.792000
vt 0.684683 0.792000
vt 0.431653 0.776000
vt 0.431653 0.792000
vt 0.431653 1.092000
vt 0.684683 1.092000
vt 0.431653 1.076000
vt 0.560107 1.092000
vt 0.431653 1.092000
vt 0.431653 -0.008000
vt 0.684683 -0.008000
vt 0.431653 -0.024000
vt 0.431653 -0.308000
vt 0.684683 -0.308000
vt 0.431653 -0.324000
vt 0.431653 -0.308000
vt 0.551382 -0.724000
vt 0.551382 -0.626000
vt 0.685653 -0.724000
vt 0.693408 -0.626000
vt 0.431653 -0.724000
vt 0.431653 -0.626000
vt 0.560107 -0.626000
vt 0.552351 0.101000
vt 0.560107 0.101000
vt 0.552351 -0.626000
vt 0.431653 0.492000
vt 0.684683 0.492000
vt 0.431653 0.476000
vt 0.431653 0.492000
vt 0.502908 0.099000
vt 0.297866 1.724000
vt 0.305622 1.724000
vt 0.305622 1.724000
vt 0.305622 -0.624000
vt 0.357000 0.899000
vt 0.357000 1.724000
vt 0.356000 1.390000
vt 0.357000 1.390000
vt 0.357000 1.390000
vt 0.356000 1.724000
vt 0.899000 0.476000
vt 0.899000 1.388000
vt 0.356000 1.388000
vt 0.357000 1.388000
vt 0.101000 0.474000
vt 0.357000 0.474000
vt 0.356000 0.474000
vt 0.357000 0.474000
vt 0.899000 0.474000
vt 0.101000 0.276000
vt 0.101000 0.274000
vt 0.899000 -0.624000
vt 0.899000 0.274000
vt 0.356000 0.274000
vt 0.357000 0.274000
vt 0.899000 0.274000
vt 0.561076 0.101000
vt 0.561076 0.274000
vt 0.561076 1.704000
vt 0.561076 0.403000
vt 0.450072 1.704000
vt 0.450072 1.392000
vt 0.561076 0.397000
vt 0.561076 1.704000
vt 0.568832 0.403000
vt 0.561076 0.403000
vt 0.562046 0.897000
vt 0.562046 1.368000
vt 0.569802 0.478000
vt 0.562046 0.478000
vt 0.452981 0.478000
vt 0.562046 0.478000
vt 0.569801 1.368000
vt 0.562046 1.368000
vt 0.569802 -0.604000
vt 0.562046 -0.604000
vt 0.452981 -0.604000
vt 0.569802 0.403000
vt 0.562046 0.403000
vt 0.569802 0.272000
vt 0.314347 0.275000
vt 0.685653 0.274000
vt 0.693408 -0.608000
vt 0.570286 1.372000
vt 0.431168 0.881000
vt 0.560592 0.881000
vt 0.314832 0.258000
vt 0.560592 0.274000
vt 0.314832 0.274000
vt 0.560592 0.899000
vt 0.560592 1.390000
vt 0.431168 1.408000
vt 0.685653 1.706000
vt 0.560592 0.117000
vt 0.306592 1.706000
vt 0.431168 0.101000
vt 0.570286 0.101000
vt 0.429714 1.724000
vt 0.429714 0.917000
vt 0.314347 1.370000
vt 0.306107 0.276000
vt 0.570286 0.292000
vt 0.306107 0.292000
vt 0.306107 0.458000
vt 0.570286 0.474000
vt 0.306107 0.474000
vt 0.560592 0.899000
vt 0.431168 0.883000
vt 0.693408 1.370000
vt 0.570286 0.456000
vt 0.570286 0.117000
vt 0.570286 0.899000
vt 0.314832 0.776000
vt 0.560592 0.792000
vt 0.314832 0.792000
vt 0.560592 1.092000
vt 0.314832 1.092000
vt 0.314832 -0.024000
vt 0.560592 -0.008000
vt 0.314832 -0.008000
vt 0.560592 -0.308000
vt 0.314832 -0.308000
vt 0.551866 0.883000
vt 0.685653 -0.724000
vt 0.693408 -0.724000
vt 0.552351 -0.725000
vt 0.314832 0.476000
vt 0.560592 0.492000
vt 0.314832 0.492000
vt 0.297866 -0.624000
vt 0.100000 1.724000
vt 0.357000 0.476000
vt 0.356000 0.276000
vt 0.357000 -0.624000
vt 0.306592 0.475000
vt 0.306592 -0.607000
vt 0.451042 0.275000
vt 0.568832 0.275000
vt 0.561076 -0.607000
vt 0.568832 -0.607000
vt 0.561076 0.898000
vt 0.569317 1.704000
vt 0.450557 1.704000
vt 0.569317 0.397000
vt 0.307076 1.704000
vt 0.568832 0.898000
vt 0.692439 0.477000
vt 0.569802 0.403000
vt 0.570286 0.897000
vt 0.569802 0.273000
vt 0.569802 0.898000
vt 0.560107 0.117000
vt 0.685653 -0.606000
vt 0.431653 0.883000
vt 0.431653 1.372000
vt 0.684683 0.258000
vt 0.560107 0.258000
vt 0.314347 1.706000
vt 0.431653 1.724000
vt 0.569802 0.917000
vt 0.560107 1.370000
vt 0.431653 1.370000
vt 0.693408 0.276000
vt 0.569802 0.276000
vt 0.693408 0.458000
vt 0.569802 0.458000
vt 0.685653 1.370000
vt 0.431653 0.117000
vt 0.685653 0.294000
vt 0.431653 0.776000
vt 0.684683 0.776000
vt 0.560107 0.776000
vt 0.431653 1.076000
vt 0.684683 1.076000
vt 0.684683 -0.024000
vt 0.560107 -0.024000
vt 0.684683 -0.324000
vt 0.560107 -0.324000
vt 0.551382 -0.724000
vt 0.552351 -0.626000
vt 0.431653 0.476000
vt 0.684683 0.476000
vt 0.560107 0.476000
vt 0.550412 0.083000
vt 0.297866 1.724000
vt 0.356000 1.724000
vt 0.356000 1.390000
vt 0.356000 0.476000
vt 0.357000 0.276000
vt 0.899000 0.276000
vt 0.101000 -0.624000
vt 0.356000 -0.624000
vt 0.899000 -0.624000
vt 0.568832 0.403000
vt 0.569802 1.368000
vt 0.569802 -0.604000
s 0
usemtl Wardrobe
f 893/1182/188 894/1183/188 895/1184/188
f 896/1185/189 897/1186/189 898/1187/189
f 899/1188/190 900/1189/190 901/1190/190
f 902/1191/191 903/1192/191 904/1193/191
f 905/1194/192 906/1195/192 907/1196/192
f 908/1197/193 909/1198/193 910/1199/193
f 911/1200/194 912/1201/194 913/1202/194
f 914/1203/195 915/1204/195 916/1205/195
f 917/1206/196 918/1207/196 919/1208/196
f 920/1209/191 921/1210/191 922/1211/191
f 923/1195/197 924/1212/197 925/1213/197
f 926/1214/195 927/1215/195 928/1216/195
f 929/1217/198 930/1188/198 931/1190/198
f 932/1218/189 933/1219/189 934/1220/189
f 935/1221/199 936/1222/199 937/1223/199
f 938/1224/193 939/1225/193 940/1226/193
f 941/1227/188 942/1228/188 943/1229/188
f 944/1230/200 945/1231/200 946/1232/200
f 947/1233/196 948/1234/196 949/1235/196
f 950/1236/191 951/1237/191 952/1238/191
f 953/1239/201 954/1240/201 955/1241/201
f 956/1242/202 957/1243/202 958/1244/202
f 959/1245/203 960/1246/203 961/1247/203
f 962/1248/195 963/1249/195 964/1250/195
f 965/1251/204 966/1252/204 967/1253/204
f 968/1254/205 969/1255/205 970/1256/205
f 971/1257/203 972/1258/203 973/1259/203
f 974/1248/206 975/1260/206 976/1261/206
f 977/1262/207 978/1263/207 979/1264/207
f 980/1265/208 981/1266/208 982/1267/208
f 983/1268/196 984/1269/196 985/1207/196
f 986/1270/209 987/1271/209 988/1272/209
f 989/1273/195 990/1274/195 991/1275/195
f 992/1276/210 993/1277/210 994/1278/210
f 995/1279/193 996/1280/193 997/1281/193
f 998/1282/192 999/1283/192 1000/1284/192
f 1001/1285/196 1002/1286/196 1003/1287/196
f 1004/1288/209 1005/1289/209 1006/1290/209
f 1007/1291/208 1008/1292/208 1009/1293/208
f 1010/1294/207 1011/1295/207 1012/1296/207
f 1013/1297/204 1014/1298/204 1015/1299/204
f 1016/1300/205 1017/1301/205 1018/1302/205
f 1019/1303/203 1020/1304/203 1021/1305/203
f 1022/1306/206 1023/1307/206 1024/1308/206
f 1025/1309/207 1026/1310/207 1027/1311/207
f 1028/1312/208 1029/1313/208 1030/1314/208
f 1031/1315/196 1032/1206/196 1033/1207/196
f 1034/1316/209 1035/1317/209 1036/1318/209
f 1037/1319/196 1038/1320/196 1039/1208/196
f 1040/1302/209 1041/1321/209 1042/1322/209
f 1043/1323/203 1044/1324/203 1045/1325/203
f 1046/1326/206 1047/1327/206 1048/1328/206
f 1049/1329/207 1050/1330/207 1051/1331/207
f 1052/1332/208 1053/1333/208 1054/1334/208
f 1055/1335/204 1056/1336/204 1057/1337/204
f 1058/1338/205 1059/1339/205 1060/1340/205
f 1061/1341/207 1062/1342/207 1063/1343/207
f 1064/1312/208 1065/1344/208 1066/1345/208
f 1067/1346/196 1068/1347/196 1069/1348/196
f 1070/1321/209 1071/1349/209 1072/1302/209
f 1073/1350/211 1074/1351/211 1075/1352/211
f 1076/1353/212 1077/1354/212 1078/1355/212
f 1079/1356/213 1080/1357/213 1081/1358/213
f 1082/1359/214 1083/1360/214 1084/1361/214
f 1085/1268/196 1086/1234/196 1087/1320/196
f 1088/1362/209 1089/1363/209 1090/1364/209
f 1091/1365/207 1092/1366/207 1093/1367/207
f 1094/1265/208 1095/1368/208 1096/1232/208
f 1097/1369/203 1098/1370/203 1099/1371/203
f 1100/1248/206 1101/1372/206 1102/1261/206
f 1103/1251/204 1104/1252/204 1105/1373/204
f 1106/1374/205 1107/1375/205 1108/1376/205
f 1109/1377/198 1110/1378/198 1111/1379/198
f 1112/1380/189 1113/1381/189 1114/1382/189
f 1115/1383/204 1116/1384/204 1117/1385/204
f 1118/1386/205 1119/1387/205 1120/1388/205
f 1121/1389/190 1122/1390/190 1123/1391/190
f 1124/1392/215 1125/1393/215 1126/1394/215
f 1127/1395/203 1128/1396/203 1129/1397/203
f 1130/1398/206 1131/1399/206 1132/1400/206
f 1133/1401/216 1134/1402/216 1135/1403/216
f 1136/1404/217 1137/1344/217 1138/1405/217
f 1139/1406/218 1140/1407/218 1141/1408/218
f 1142/1409/219 1143/1410/219 1144/1411/219
f 1145/1297/204 1146/1412/204 1147/1413/204
f 1148/1414/205 1149/1415/205 1150/1416/205
f 1151/1417/203 1152/1418/203 1153/1419/203
f 1154/1420/206 1155/1421/206 1156/1422/206
f 1157/1423/196 1158/1424/196 1159/1425/196
f 1160/1426/203 1161/1427/203 1162/1428/203
f 1163/1429/204 1164/1430/204 1165/1431/204
f 1166/1432/198 1167/1433/198 1168/1434/198
f 1169/1435/206 1170/1436/206 1171/1437/206
f 1172/1438/203 1173/1439/203 1174/1440/203
f 1175/1441/205 1176/1442/205 1177/1443/205
f 1178/1444/204 1179/1445/204 1180/1446/204
f 1181/1208/218 1182/1447/218 1183/1448/218
f 1184/1449/191 1185/1450/191 1186/1451/191
f 1187/1452/189 1188/1453/189 1189/1454/189
f 1190/1455/216 1191/1252/216 1192/1456/216
f 1193/1248/214 1194/1249/214 1195/1261/214
f 1196/1457/194 1197/1458/194 1198/1459/194
f 1199/1460/220 1200/1231/220 1201/1461/220
f 1202/1462/201 1203/1463/201 1204/1464/201
f 1205/1208/218 1206/1447/218 1207/1448/218
f 1208/1465/191 1209/1466/191 1210/1467/191
f 1211/1468/189 1212/1469/189 1213/1470/189
f 1214/1455/216 1215/1252/216 1216/1456/216
f 1217/1471/207 1218/1402/207 1219/1403/207
f 1220/1472/221 1221/1473/221 1222/1474/221
f 1223/1475/222 1224/1476/222 1225/1477/222
f 1226/1478/223 1227/1479/223 1228/1480/223
f 1229/1481/204 1230/1482/204 1231/1483/204
f 1232/1484/205 1233/1485/205 1234/1486/205
f 1235/1487/224 1236/1488/224 1237/1489/224
f 1238/1490/206 1239/1491/206 1240/1492/206
f 1241/1442/208 1242/1493/208 1243/1230/208
f 1244/1494/207 1245/1495/207 1246/1496/207
f 1247/1497/193 1248/1498/193 1249/1499/193
f 1250/1470/225 1251/1500/225 1252/1501/225
f 1253/1502/196 1254/1503/196 1255/1504/196
f 1256/1505/209 1257/1506/209 1258/1507/209
f 1259/1508/226 1260/1509/226 1261/1510/226
f 1262/1511/195 1263/1512/195 1264/1513/195
f 1265/1514/209 1266/1515/209 1267/1507/209
f 1268/1440/196 1269/1516/196 1270/1517/196
f 1271/1508/226 1272/1518/226 1273/1519/226
f 1274/1520/195 1275/1521/195 1276/1522/195
f 1277/1523/216 1278/1524/216 1279/1525/216
f 1280/1526/208 1281/1527/208 1282/1528/208
f 1283/1529/199 1284/1530/199 1285/1531/199
f 1286/1532/193 1287/1533/193 1288/1534/193
f 1289/1273/195 1290/1535/195 1291/1536/195
f 1292/1537/210 1293/1538/210 1294/1539/210
f 1295/1279/227 1296/1540/227 1297/1541/227
f 1298/1542/225 1299/1543/225 1300/1544/225
f 1301/1545/190 1302/1546/190 1303/1547/190
f 1304/1548/191 1305/1549/191 1306/1550/191
f 1307/1551/217 1308/1552/217 1309/1553/217
f 1310/1554/216 1311/1555/216 1312/1406/216
f 1313/1273/228 1314/1535/228 1315/1536/228
f 1316/1556/213 1317/1557/213 1318/1558/213
f 1319/1559/220 1320/1560/220 1321/1420/220
f 1322/1561/201 1323/1562/201 1324/1563/201
f 1325/1545/229 1326/1564/229 1327/1565/229
f 1328/1566/230 1329/1567/230 1330/1568/230
f 1331/1569/231 1332/1570/231 1333/1571/231
f 1334/1554/188 1335/1295/188 1336/1346/188
f 1337/1273/195 1338/1572/195 1339/1275/195
f 1340/1573/210 1341/1574/210 1342/1575/210
f 1343/1279/220 1344/1280/220 1345/1576/220
f 1346/1577/201 1347/1578/201 1348/1579/201
f 1349/1285/190 1350/1564/190 1351/1287/190
f 1352/1580/191 1353/1581/191 1354/1582/191
f 1355/1583/189 1356/1584/189 1357/1585/189
f 1358/1586/232 1359/1587/232 1360/1588/232
f 1361/1273/195 1362/1572/195 1363/1275/195
f 1364/1589/210 1365/1590/210 1366/1591/210
f 1367/1279/193 1368/1280/193 1369/1281/193
f 1370/1592/192 1371/1593/192 1372/1594/192
f 1373/1595/190 1374/1564/190 1375/1547/190
f 1376/1596/191 1377/1597/191 1378/1598/191
f 1379/1599/189 1380/1600/189 1381/1601/189
f 1382/1586/232 1383/1295/232 1384/1588/232
f 1385/1602/199 1386/1603/199 1387/1604/199
f 1388/1605/193 1389/1606/193 1390/1607/193
f 1391/1608/203 1392/1609/203 1393/1238/203
f 1394/1610/195 1395/1611/195 1396/1612/195
f 1397/1613/198 1398/1614/198 1399/1615/198
f 1400/1616/189 1401/1617/189 1402/1618/189
f 1403/1619/196 1404/1206/196 1405/1207/196
f 1406/1620/191 1407/1621/191 1408/1622/191
f 1409/1623/195 1410/1624/195 1411/1625/195
f 1412/1626/191 1413/1627/191 1414/1628/191
f 1415/1629/227 1416/1630/227 1417/1631/227
f 1418/1632/200 1419/1633/200 1420/1634/200
f 1421/1635/210 1422/1636/210 1423/1238/210
f 1424/1637/190 1425/1638/190 1426/1639/190
f 1427/1640/225 1428/1641/225 1429/1642/225
f 1430/1643/198 1431/1644/198 1432/1645/198
f 1433/1273/228 1434/1646/228 1435/1536/228
f 1436/1647/213 1437/1648/213 1438/1649/213
f 1439/1559/220 1440/1560/220 1441/1420/220
f 1442/1650/201 1443/1651/201 1444/1652/201
f 1445/1545/190 1446/1546/190 1447/1547/190
f 1448/1653/191 1449/1654/191 1450/1655/191
f 1451/1656/231 1452/1657/231 1453/1658/231
f 1454/1659/188 1455/1660/188 1456/1346/188
f 1457/1661/218 1458/1662/218 1459/1663/218
f 1460/1664/191 1461/1665/191 1462/1666/191
f 1463/1667/203 1464/1668/203 1465/1669/203
f 1466/1670/206 1467/1671/206 1468/1672/206
f 1469/1673/216 1470/1674/216 1471/1675/216
f 1472/1676/189 1473/1677/189 1474/1678/189
f 1475/1679/204 1476/1680/204 1477/1681/204
f 1478/1682/205 1479/1683/205 1480/1684/205
f 1577/1766/205 1578/1767/205 1579/1768/205
f 1580/1769/206 1581/1770/206 1582/1771/206
f 1583/1772/189 1584/1773/189 1585/1774/189
f 1586/1775/209 1587/1776/209 1588/1777/209
f 1589/1778/198 1590/1779/198 1591/1780/198
f 1592/1781/192 1593/1782/192 1594/1205/192
f 1595/1783/196 1596/1784/196 1597/1187/196
f 1598/1785/197 1599/1786/197 1600/1787/197
f 1601/1197/202 1602/1788/202 1603/1789/202
f 1604/1790/189 1605/1791/189 1606/1792/189
f 1607/1793/234 1608/1794/234 1609/1795/234
f 1610/1796/209 1611/1797/209 1612/1798/209
f 1613/1799/209 1614/1800/209 1615/1801/209
f 1616/1802/208 1617/1803/208 1618/1804/208
f 1619/1805/206 1620/1806/206 1621/1807/206
f 1622/1808/209 1623/1809/209 1624/1810/209
f 1625/1811/205 1626/1812/205 1627/1813/205
f 1628/1814/235 1629/1815/235 1630/1816/235
f 1631/1817/236 1632/1818/236 1633/1819/236
f 1634/1820/204 1635/1821/204 1636/1822/204
f 1637/1823/196 1638/1824/196 1639/1825/196
f 1640/1826/203 1641/1827/203 1642/1828/203
f 1643/1829/207 1644/1802/207 1645/1804/207
f 1646/1830/196 1647/1831/196 1648/1832/196
f 1649/1833/204 1650/1834/204 1651/1835/204
f 1652/1836/203 1653/1837/203 1654/1838/203
f 1655/1839/205 1656/1840/205 1657/1841/205
f 1658/1842/206 1659/1843/206 1660/1844/206
f 1661/1845/206 1662/1846/206 1663/1847/206
f 1664/1848/237 1665/1849/237 1666/1850/237
f 1667/1851/231 1668/1852/231 1669/1853/231
f 1670/1854/205 1671/1855/205 1672/1856/205
f 1673/1857/204 1674/1858/204 1675/1859/204
f 1676/1860/188 1677/1861/188 1678/1862/188
f 1679/1863/238 1680/1864/238 1681/1865/238
f 1682/1866/203 1683/1867/203 1684/1868/203
f 1685/1869/200 1686/1870/200 1687/1871/200
f 1688/1872/202 1689/1873/202 1690/1874/202
f 1691/1875/191 1692/1876/191 1693/1877/191
f 1694/1878/195 1695/1879/195 1696/1880/195
f 1697/1881/210 1698/1882/210 1699/1883/210
f 1700/1884/190 1701/1885/190 1702/1886/190
f 1703/1887/239 1704/1888/239 1705/1889/239
f 1706/1890/207 1707/1891/207 1708/1892/207
f 897/1186/240 893/1182/240 895/1184/240
f 902/1893/241 900/1189/241 899/1188/241
f 904/1193/242 898/1894/242 897/1895/242
f 895/1896/243 901/1192/243 900/1193/243
f 908/1897/244 906/1195/244 905/1194/244
f 915/1204/245 911/1898/245 913/1899/245
f 916/1900/246 910/1199/246 909/1198/246
f 907/1788/247 913/1202/247 912/1201/247
f 914/1901/248 903/1192/248 902/1191/248
f 896/1902/249 909/1198/249 908/1197/249
f 894/1183/250 905/1194/250 907/1196/250
f 899/1191/251 912/1201/251 911/1200/251
f 921/1210/241 917/1217/241 919/1188/241
f 926/1224/245 924/1212/245 923/1195/245
f 922/1211/248 928/1903/248 927/1205/248
f 919/1188/251 925/1213/251 924/1212/251
f 932/1209/240 930/1188/240 929/1217/240
f 939/1225/252 935/1899/252 937/1904/252
f 934/1893/249 940/1226/249 939/1225/249
f 931/1190/250 937/1904/250 936/1905/250
f 938/1906/246 927/1215/246 926/1214/246
f 920/1907/242 933/1219/242 932/1218/242
f 918/1207/243 929/1908/243 931/1604/243
f 923/1909/247 936/1222/247 935/1221/247
f 945/1231/240 941/1910/240 943/1911/240
f 950/1912/241 948/1234/241 947/1233/241
f 949/1235/243 943/1911/243 942/1913/243
f 952/1436/242 946/1232/242 945/1231/242
f 956/1461/244 954/1240/244 953/1239/244
f 963/1249/245 959/1315/245 961/1914/245
f 961/1914/247 955/1241/247 954/1240/247
f 964/1250/246 958/1368/246 957/1915/246
f 957/1243/249 944/1916/249 946/1394/249
f 942/1228/250 953/1917/250 955/1246/250
f 962/1918/248 951/1237/248 950/1236/248
f 960/1246/251 947/1919/251 949/1920/251
f 968/1461/244 966/1252/244 965/1251/244
f 975/1260/245 971/1315/245 973/1921/245
f 973/1921/247 967/1253/247 966/1252/247
f 976/1261/246 970/1442/246 969/1915/246
f 981/1266/240 977/1910/240 979/1911/240
f 986/1912/241 984/1269/241 983/1268/241
f 985/1207/243 979/1911/243 978/1913/243
f 988/1922/242 982/1267/242 981/1266/242
f 978/1263/250 965/1923/250 967/1924/250
f 972/1258/251 983/1925/251 985/1271/251
f 980/1926/249 969/1255/249 968/1254/249
f 987/1271/248 974/1927/248 976/1928/248
f 990/1274/245 992/1545/245 994/1929/245
f 991/1275/246 996/1280/246 995/1279/246
f 994/1929/247 998/1930/247 1000/1555/247
f 997/1281/244 1000/1555/244 999/1931/244
f 1004/1932/241 1002/1286/241 1001/1285/241
f 1006/1933/253 1007/1934/253 1009/1935/253
f 1003/1287/254 1011/1295/254 1010/1294/254
f 1009/1935/240 1012/1296/240 1011/1295/240
f 1010/1936/250 999/1283/250 998/1282/250
f 993/1277/251 1001/1937/251 1003/1938/251
f 989/1939/248 1005/1289/248 1004/1288/248
f 995/1940/249 1008/1292/249 1007/1291/249
f 1016/1404/244 1014/1298/244 1013/1297/244
f 1023/1307/245 1019/1208/245 1021/1941/245
f 1021/1941/247 1015/1299/247 1014/1298/247
f 1024/1308/255 1018/1942/255 1017/1943/255
f 1029/1313/240 1025/1239/240 1027/1911/240
f 1034/1306/241 1032/1206/241 1031/1315/241
f 1033/1207/243 1027/1911/243 1026/1913/243
f 1036/1944/242 1030/1314/242 1029/1313/242
f 1026/1310/250 1013/1945/250 1015/1946/250
f 1020/1304/251 1031/1947/251 1033/1948/251
f 1028/1949/249 1017/1301/249 1016/1300/249
f 1035/1317/248 1022/1950/248 1024/1951/248
f 1041/1321/241 1037/1952/241 1039/1953/241
f 1046/1954/245 1044/1324/245 1043/1323/245
f 1048/1955/248 1042/1322/248 1041/1321/248
f 1039/1953/251 1045/1325/251 1044/1324/251
f 1052/1956/240 1050/1330/240 1049/1329/240
f 1059/1339/256 1055/1957/256 1057/1958/256
f 1060/1340/249 1054/1959/249 1053/1960/249
f 1051/1331/250 1057/1958/250 1056/1961/250
f 1058/1335/255 1047/1327/255 1046/1326/255
f 1040/1305/257 1053/1333/257 1052/1332/257
f 1038/1320/254 1049/1962/254 1051/1604/254
f 1043/1963/258 1056/1336/258 1055/1335/258
f 1065/1344/240 1061/1239/240 1063/1412/240
f 1070/1964/241 1068/1347/241 1067/1346/241
f 1072/1965/257 1066/1345/257 1065/1344/257
f 1063/1412/254 1069/1348/254 1068/1347/254
f 1076/1404/244 1074/1351/244 1073/1350/244
f 1083/1360/245 1079/1931/245 1081/1966/245
f 1084/1361/255 1078/1967/255 1077/1968/255
f 1075/1352/258 1081/1966/258 1080/1969/258
f 1073/1970/250 1062/1342/250 1061/1341/250
f 1067/1971/251 1080/1357/251 1079/1356/251
f 1071/1349/248 1082/1972/248 1084/1973/248
f 1064/1974/249 1077/1354/249 1076/1353/249
f 1088/1912/241 1086/1234/241 1085/1268/241
f 1095/1368/240 1091/1910/240 1093/1975/240
f 1093/1975/243 1087/1320/243 1086/1234/243
f 1096/1232/257 1090/1976/257 1089/1977/257
f 1101/1372/245 1097/1315/245 1099/1914/245
f 1106/1461/244 1104/1252/244 1103/1251/244
f 1105/1373/247 1099/1914/247 1098/1320/247
f 1108/1442/246 1102/1261/246 1101/1372/246
f 1098/1370/251 1085/1978/251 1087/1979/251
f 1092/1366/250 1103/1980/250 1105/1375/250
f 1100/1981/248 1089/1363/248 1088/1362/248
f 1107/1375/249 1094/1365/249 1096/1982/249
f 1112/1983/240 1110/1378/240 1109/1377/240
f 1119/1387/256 1115/1984/256 1117/1985/256
f 1117/1985/250 1111/1379/250 1110/1378/250
f 1120/1388/249 1114/1986/249 1113/1394/249
f 1125/1393/241 1121/1377/241 1123/1987/241
f 1130/1988/245 1128/1396/245 1127/1395/245
f 1129/1397/251 1123/1987/251 1122/1989/251
f 1132/1990/248 1126/1394/248 1125/1393/248
f 1131/1399/255 1118/1991/255 1120/1992/255
f 1113/1381/242 1124/1993/242 1126/1994/242
f 1127/1995/258 1116/1384/258 1115/1383/258
f 1122/1390/243 1109/1996/243 1111/1997/243
f 1137/1344/240 1133/1239/240 1135/1240/240
f 1142/1964/241 1140/1407/241 1139/1406/241
f 1144/1965/259 1138/1405/259 1137/1344/259
f 1135/1240/260 1141/1408/260 1140/1407/260
f 1148/1404/244 1146/1412/244 1145/1297/244
f 1155/1421/245 1151/1931/245 1153/1966/245
f 1156/1422/261 1150/1998/261 1149/1968/261
f 1147/1413/258 1153/1966/258 1152/1969/258
f 1154/1999/248 1143/1410/248 1142/1409/248
f 1136/2000/249 1149/1415/249 1148/1414/249
f 1134/1402/250 1145/2001/250 1147/2002/250
f 1139/2003/251 1152/1418/251 1151/1417/251
f 1160/2004/247 1164/1430/247 1163/1429/247
f 1167/1433/250 1165/1431/250 1164/1430/250
f 1157/2005/251 1162/2006/251 1161/2007/251
f 1168/1434/260 1159/2008/260 1158/2009/260
f 1170/1436/262 1172/1315/262 1174/2010/262
f 1171/1437/246 1176/1442/246 1175/1441/246
f 1174/2010/263 1178/1299/263 1180/2011/263
f 1177/1443/244 1180/2011/244 1179/1239/244
f 1184/1912/241 1182/1447/241 1181/1208/241
f 1186/1922/242 1187/1232/242 1189/1442/242
f 1183/1448/264 1191/1252/264 1190/1455/264
f 1189/1442/240 1192/1456/240 1191/1252/240
f 1190/2012/250 1179/1445/250 1178/1444/250
f 1173/1439/251 1181/2013/251 1183/2014/251
f 1169/2015/248 1185/1450/248 1184/1449/248
f 1175/2016/249 1188/1453/249 1187/1452/249
f 1194/1249/262 1196/1315/262 1198/1914/262
f 1195/1261/265 1200/1231/265 1199/1460/265
f 1198/1914/258 1202/1299/258 1204/1298/258
f 1201/1461/244 1204/1298/244 1203/1239/244
f 1208/1912/241 1206/1447/241 1205/1208/241
f 1210/1922/259 1211/1232/259 1213/1442/259
f 1207/1448/254 1215/1252/254 1214/1455/254
f 1213/1442/240 1216/1456/240 1215/1252/240
f 1214/2017/250 1203/1463/250 1202/1462/250
f 1197/1458/251 1205/2018/251 1207/2019/251
f 1193/2020/248 1209/1466/248 1208/1465/248
f 1199/2021/249 1212/1469/249 1211/1468/249
f 1221/1473/240 1217/1481/240 1219/2022/240
f 1226/1623/266 1224/1476/266 1223/1475/266
f 1228/2023/259 1222/1474/259 1221/1473/259
f 1219/2022/260 1225/1477/260 1224/1476/260
f 1232/2024/244 1230/1482/244 1229/1481/244
f 1239/1491/267 1235/2025/267 1237/1914/267
f 1240/1492/255 1234/2026/255 1233/2027/255
f 1231/1483/258 1237/1914/258 1236/2028/258
f 1238/2029/248 1227/1479/248 1226/1478/248
f 1220/2030/249 1233/1485/249 1232/1484/249
f 1218/1402/250 1229/2031/250 1231/2002/250
f 1223/2032/251 1236/1488/251 1235/1487/251
f 1241/2033/240 1245/1495/240 1244/1494/240
f 1248/1498/244 1250/2034/244 1252/2035/244
f 1252/2035/250 1246/1496/250 1245/1495/250
f 1249/1499/249 1243/2036/249 1242/2037/249
f 1257/1506/241 1253/2038/241 1255/2039/241
f 1262/2040/245 1260/1509/245 1259/1508/245
f 1261/1510/251 1255/2039/251 1254/1525/251
f 1264/2041/248 1258/1507/248 1257/1506/248
f 1254/1503/254 1244/2042/254 1246/2043/254
f 1251/1500/247 1259/2044/247 1261/1512/247
f 1256/2045/259 1242/1493/259 1241/1442/259
f 1263/1512/255 1247/2046/255 1249/2047/255
f 1266/1515/241 1268/2038/241 1270/2039/241
f 1274/2040/262 1272/1518/262 1271/1508/262
f 1273/1519/251 1270/2039/251 1269/1525/251
f 1276/2048/248 1267/1507/248 1266/1515/248
f 1280/2033/268 1278/1524/268 1277/1523/268
f 1287/1533/244 1283/2034/244 1285/2035/244
f 1285/2035/250 1279/1525/250 1278/1524/250
f 1288/1534/249 1282/1515/249 1281/2037/249
f 1284/1530/247 1271/2049/247 1273/2050/247
f 1269/1516/243 1277/2051/243 1279/2052/243
f 1265/2053/259 1281/1527/259 1280/1526/259
f 1275/1521/246 1286/2054/246 1288/2055/246
f 1290/1535/262 1292/1545/262 1294/2056/262
f 1291/1536/246 1296/1540/246 1295/1279/246
f 1294/2056/247 1298/1930/247 1300/2057/247
f 1297/1541/244 1300/2057/244 1299/1931/244
f 1304/1932/241 1302/1546/241 1301/1545/241
f 1306/1535/242 1307/1934/242 1309/2058/242
f 1303/1547/260 1311/1555/260 1310/1554/260
f 1309/2058/240 1312/1406/240 1311/1555/240
f 1310/2059/250 1299/1543/250 1298/1542/250
f 1293/1538/251 1301/2060/251 1303/2061/251
f 1289/2062/248 1305/1549/248 1304/1548/248
f 1295/1542/249 1308/1552/249 1307/1551/249
f 1314/1535/262 1316/1545/262 1318/2063/262
f 1315/1536/261 1320/1560/261 1319/1559/261
f 1318/2063/247 1322/1930/247 1324/2064/247
f 1321/1420/244 1324/2064/244 1323/1931/244
f 1328/1932/241 1326/1564/241 1325/1545/241
f 1330/1535/242 1331/1934/242 1333/1560/242
f 1327/1565/243 1335/1295/243 1334/1554/243
f 1333/1560/240 1336/1346/240 1335/1295/240
f 1334/2065/250 1323/1562/250 1322/1561/250
f 1317/1557/251 1325/2066/251 1327/2067/251
f 1313/2068/248 1329/1567/248 1328/1566/248
f 1319/1561/249 1332/1570/249 1331/1569/249
f 1338/1572/245 1340/1545/245 1342/1929/245
f 1339/1275/265 1344/1280/265 1343/1279/265
f 1342/1929/258 1346/1930/258 1348/2069/258
f 1345/1576/244 1348/2069/244 1347/1931/244
f 1352/1932/241 1350/1564/241 1349/1285/241
f 1354/1933/242 1355/1934/242 1357/1935/242
f 1351/1287/243 1359/1587/243 1358/1586/243
f 1357/1935/240 1360/1588/240 1359/1587/240
f 1358/2070/250 1347/1578/250 1346/1577/250
f 1341/1574/251 1349/2071/251 1351/2072/251
f 1337/2073/248 1353/1581/248 1352/1580/248
f 1343/1577/249 1356/1584/249 1355/1583/249
f 1362/1572/245 1364/1545/245 1366/1929/245
f 1363/1275/246 1368/1280/246 1367/1279/246
f 1366/1929/247 1370/1930/247 1372/1555/247
f 1369/1281/244 1372/1555/244 1371/1931/244
f 1376/1932/241 1374/1564/241 1373/1595/241
f 1378/1933/242 1379/1934/242 1381/1935/242
f 1375/1547/243 1383/1295/243 1382/1586/243
f 1381/1935/240 1384/1588/240 1383/1295/240
f 1382/1599/250 1371/1593/250 1370/1592/250
f 1365/1590/251 1373/2074/251 1375/2075/251
f 1361/2076/248 1377/1597/248 1376/1596/248
f 1367/1592/249 1380/1600/249 1379/1599/249
f 1388/2077/244 1386/1603/244 1385/1602/244
f 1395/1611/245 1391/1208/245 1393/1914/245
f 1390/2078/246 1396/1612/246 1395/1611/246
f 1393/1914/247 1387/1604/247 1386/1603/247
f 1401/1617/240 1397/1545/240 1399/1962/240
f 1406/2079/241 1404/1206/241 1403/1619/241
f 1402/1618/242 1408/2080/242 1407/2081/242
f 1405/1207/243 1399/1962/243 1398/1604/243
f 1400/2082/249 1389/1606/249 1388/1605/249
f 1394/1608/248 1407/1621/248 1406/1620/248
f 1398/1614/250 1385/2083/250 1387/2084/250
f 1403/1626/251 1392/1609/251 1391/1608/251
f 1413/1627/248 1409/1608/248 1411/1609/248
f 1418/2085/249 1416/1630/249 1415/1629/249
f 1414/1628/242 1420/2086/242 1419/2087/242
f 1417/1631/246 1411/1609/246 1410/2088/246
f 1424/1626/251 1422/1636/251 1421/1635/251
f 1431/1644/250 1427/2089/250 1429/2090/250
f 1426/2091/243 1432/1645/243 1431/1644/243
f 1429/2090/247 1423/1238/247 1422/1636/247
f 1428/1641/244 1415/2092/244 1417/2093/244
f 1410/1624/245 1421/2094/245 1423/2095/245
f 1430/2096/240 1419/1633/240 1418/1632/240
f 1425/1638/241 1412/2097/241 1414/2098/241
f 1434/1646/262 1436/1545/262 1438/1546/262
f 1435/1536/261 1440/1560/261 1439/1559/261
f 1438/1546/258 1442/1930/258 1444/2099/258
f 1441/1420/244 1444/2099/244 1443/1931/244
f 1448/1932/241 1446/1546/241 1445/1545/241
f 1450/1535/242 1451/1934/242 1453/2100/242
f 1447/1547/264 1455/1660/264 1454/1659/264
f 1453/2100/240 1456/1346/240 1455/1660/240
f 1454/1656/250 1443/1651/250 1442/1650/250
f 1437/1648/251 1445/2101/251 1447/2102/251
f 1433/2103/248 1449/1654/248 1448/1653/248
f 1439/1650/249 1452/1657/249 1451/1656/249
f 1461/1665/241 1457/1673/241 1459/2104/241
f 1466/1670/245 1464/1668/245 1463/1667/245
f 1468/2105/248 1462/1666/248 1461/1665/248
f 1459/2104/251 1465/2106/251 1464/2107/251
f 1472/2108/240 1470/1674/240 1469/1673/240
f 1479/1683/244 1475/1679/244 1477/1681/244
f 1480/2109/249 1474/2110/249 1473/2111/249
f 1471/1675/250 1477/2107/250 1476/2106/250
f 1469/1676/243 1458/1662/243 1457/1661/243
f 1463/1667/269 1476/1680/269 1475/1679/269
f 1467/1671/255 1478/1682/255 1480/1684/255
f 1460/1661/242 1473/1677/242 1472/1676/242
f 1581/1770/246 1577/2147/246 1579/2148/246
f 1583/2000/249 1579/2148/249 1578/1431/249
f 1587/1776/248 1582/1771/248 1581/1770/248
f 1585/2149/242 1588/1777/242 1587/1776/242
f 1584/1773/240 1166/2150/240 1168/2151/240
f 1158/1424/241 1586/2152/241 1588/1794/241
f 1578/1767/244 1163/2153/244 1165/1427/244
f 1161/1427/245 1580/2154/245 1582/2155/245
f 1590/1779/250 1592/2156/250 1594/2157/250
f 1595/2158/251 1599/1786/251 1598/1785/251
f 1591/1780/243 1597/2159/243 1596/2160/243
f 1600/1787/247 1594/2157/247 1593/2161/247
f 1604/1902/249 1602/1788/249 1601/1197/249
f 1611/1797/248 1607/2162/248 1609/2163/248
f 1606/2164/242 1612/1798/242 1611/1797/242
f 1609/2163/246 1603/1789/246 1602/1788/246
f 1601/2165/244 1593/1782/244 1592/1781/244
f 1589/2166/240 1605/1791/240 1604/1790/240
f 1608/1794/245 1598/2167/245 1600/2168/245
f 1610/2169/241 1596/1784/241 1595/1783/241
f 1647/1831/243 1644/1802/243 1643/1829/243
f 1634/2170/250 1632/1818/250 1631/1817/250
f 1652/2171/247 1649/1833/247 1651/1835/247
f 1648/1832/251 1654/2172/251 1653/2173/251
f 1638/1824/243 1633/1819/243 1632/1818/243
f 1640/2174/247 1636/2175/247 1635/2176/247
f 1613/1799/248 1659/1843/248 1658/1842/248
f 1646/2177/241 1615/2178/241 1614/2179/241
f 1616/2180/240 1645/2181/240 1644/2182/240
f 1619/2183/248 1623/1809/248 1622/1808/248
f 1642/2184/251 1639/1825/251 1638/1824/251
f 1621/1807/246 1625/1811/246 1627/1813/246
f 1651/2185/244 1655/1839/244 1657/1841/244
f 1624/2186/242 1629/1815/242 1628/1814/242
f 1627/2175/249 1630/2187/249 1629/2188/249
f 1628/1814/240 1631/2189/240 1633/1821/240
f 1622/1808/241 1637/2190/241 1639/2181/241
f 1660/2191/245 1653/1837/245 1652/1836/245
f 1650/1834/250 1643/1829/250 1645/1804/250
f 1658/1842/246 1657/2192/246 1656/2193/246
f 1641/1827/245 1620/1806/245 1619/1805/245
f 1656/1840/249 1618/2194/249 1617/1809/249
f 1614/1800/270 1617/1803/270 1616/1802/270
f 1635/1821/244 1626/1812/244 1625/1811/244
f 1677/1861/250 1673/2195/250 1675/2196/250
f 1683/1867/251 1679/2197/251 1681/2198/251
f 1684/1868/247 1675/2196/247 1674/2199/247
f 1681/2198/260 1678/1862/260 1677/1861/260
f 1664/2200/241 1680/1864/241 1679/1863/241
f 1661/1845/246 1671/1855/246 1670/1854/246
f 1672/2201/244 1674/1858/244 1673/1857/244
f 1668/1852/240 1676/2202/240 1678/2203/240
f 1682/2204/245 1663/2205/245 1662/2206/245
f 1666/2207/242 1669/1853/242 1668/1852/242
f 1667/2208/249 1670/1854/249 1672/1856/249
f 1662/1846/248 1665/1849/248 1664/1848/248
f 1700/2209/251 1698/1882/251 1697/1881/251
f 1707/1891/250 1703/2210/250 1705/2211/250
f 1705/2211/247 1699/1883/247 1698/1882/247
f 1708/1892/243 1702/2212/243 1701/2213/243
f 1688/2214/244 1704/1888/244 1703/1887/244
f 1690/1874/246 1694/1878/246 1696/1880/246
f 1686/1870/240 1706/2202/240 1708/2215/240
f 1696/2216/245 1697/2217/245 1699/1864/245
f 1701/1885/241 1691/2218/241 1693/2219/241
f 1687/1871/242 1693/2219/242 1692/2220/242
f 1692/1876/248 1695/1879/248 1694/1878/248
f 1685/2221/249 1689/1873/249 1688/1872/249
f 896/1185/271 905/1194/271 893/1182/271
f 900/2222/272 897/1313/272 895/1240/272
f 894/1894/273 912/1201/273 901/1192/273
f 903/1192/274 909/1198/274 898/1894/274
f 902/1893/275 911/1898/275 914/1203/275
f 910/1967/276 913/2222/276 906/1240/276
f 920/2223/272 929/1908/272 917/1206/272
f 924/1212/275 921/1210/275 919/1188/275
f 918/2224/273 936/1222/273 925/2225/273
f 927/1215/274 933/1219/274 922/2226/274
f 923/1206/276 938/2227/276 926/2223/276
f 934/1893/271 937/1904/271 930/1188/271
f 944/1916/271 953/1917/271 941/1227/271
f 943/1911/272 952/1436/272 945/1231/272
f 942/2228/273 960/2229/273 949/1237/273
f 951/1237/274 957/2230/274 946/2231/274
f 950/2232/275 959/1245/275 962/2233/275
f 963/1249/276 954/1240/276 958/1368/276
f 977/2234/271 968/1254/271 965/2235/271
f 975/1260/276 966/1252/276 970/1442/276
f 985/1271/273 967/1924/273 972/1258/273
f 982/2236/274 976/1928/274 969/2237/274
f 986/1926/275 971/2238/275 974/2239/275
f 979/1911/272 988/1922/272 981/1266/272
f 1004/1288/275 992/2240/275 989/1939/275
f 990/1274/276 1000/1555/276 996/1280/276
f 1007/1291/274 991/2241/274 995/1940/274
f 1003/1938/273 998/1282/273 993/1277/273
f 1012/2242/271 997/2243/271 999/2240/271
f 1011/1295/272 1006/1933/272 1009/1935/272
f 1025/2244/271 1016/1300/271 1013/2245/271
f 1023/1307/276 1014/1298/276 1018/1942/276
f 1033/1948/273 1015/1946/273 1020/1304/273
f 1030/2246/274 1024/1951/274 1017/1946/274
f 1034/2247/275 1019/2248/275 1022/2249/275
f 1027/1911/272 1036/1944/272 1029/1313/272
f 1040/2223/272 1049/1962/272 1037/1319/272
f 1044/1324/275 1041/1321/275 1039/1953/275
f 1038/2250/273 1056/1336/273 1045/2251/273
f 1047/1327/274 1053/1333/274 1042/2252/274
f 1043/1206/276 1058/2227/276 1046/2223/276
f 1054/1959/271 1057/1958/271 1050/1330/271
f 1064/2253/271 1073/2254/271 1061/2255/271
f 1068/1347/272 1065/1344/272 1063/1412/272
f 1062/1342/273 1080/1357/273 1069/2256/273
f 1071/2257/274 1077/1354/274 1066/2258/274
f 1067/2255/275 1082/1972/275 1070/1321/275
f 1078/1967/276 1081/1966/276 1074/1351/276
f 1097/2259/275 1088/1362/275 1085/2260/275
f 1095/1368/272 1086/1234/272 1090/1976/272
f 1105/1375/273 1087/1979/273 1092/1366/273
f 1102/2261/274 1096/1982/274 1089/2262/274
f 1106/1387/271 1091/2260/271 1094/2263/271
f 1099/1914/276 1108/1442/276 1101/1372/276
f 1121/2264/272 1112/2265/272 1109/1383/272
f 1119/1387/271 1110/1378/271 1114/1986/271
f 1129/2266/273 1111/1997/273 1116/2267/273
f 1126/1994/274 1120/1992/274 1113/1381/274
f 1130/2268/276 1115/1383/276 1118/2269/276
f 1123/1987/275 1132/1990/275 1125/1393/275
f 1136/2270/271 1145/2001/271 1133/1401/271
f 1140/1407/272 1137/1344/272 1135/1240/272
f 1134/2149/273 1152/1418/273 1141/2271/273
f 1143/1410/274 1149/1415/274 1138/2272/274
f 1139/2273/275 1154/2274/275 1142/2275/275
f 1150/1998/276 1153/1966/276 1146/1412/276
f 1582/2155/275 1157/2276/275 1161/1427/275
f 1164/1430/273 1159/2008/273 1167/1433/273
f 1588/1794/272 1168/2151/272 1158/1424/272
f 1577/1773/276 1160/2168/276 1163/2277/276
f 1583/2278/271 1165/1427/271 1166/2279/271
f 1184/1449/275 1172/2280/275 1169/2015/275
f 1170/1436/276 1180/2011/276 1176/1442/276
f 1187/1452/274 1171/2281/274 1175/2016/274
f 1183/2014/273 1178/1444/273 1173/1439/273
f 1192/2282/271 1177/2283/271 1179/2280/271
f 1191/1252/272 1186/1922/272 1189/1442/272
f 1208/1465/275 1196/2284/275 1193/2020/275
f 1194/1249/276 1204/1298/276 1200/1231/276
f 1211/1468/274 1195/2285/274 1199/2021/274
f 1207/2019/273 1202/1462/273 1197/1458/273
f 1216/2286/271 1201/2287/271 1203/2288/271
f 1215/1252/272 1210/1922/272 1213/1442/272
f 1220/2270/271 1229/2031/271 1217/1471/271
f 1224/1476/272 1221/1473/272 1219/2022/272
f 1218/2289/273 1236/1488/273 1225/2290/273
f 1227/1479/274 1233/1485/274 1222/2289/274
f 1223/2273/275 1238/2274/275 1226/2275/275
f 1234/2026/276 1237/1914/276 1230/1482/276
f 1253/2291/272 1241/1442/272 1244/2292/272
f 1248/1498/271 1245/1495/271 1243/2036/271
f 1258/2293/274 1249/2047/274 1242/2294/274
f 1261/1512/273 1246/2043/273 1251/1500/273
f 1262/2295/276 1250/1240/276 1247/2296/276
f 1255/2039/275 1264/2041/275 1257/1506/275
f 1280/1526/272 1268/1234/272 1265/2053/272
f 1270/2039/275 1276/2048/275 1266/1515/275
f 1288/2055/274 1267/2297/274 1275/1521/274
f 1279/2052/273 1273/2050/273 1269/1516/273
f 1283/1962/276 1274/2298/276 1271/1319/276
f 1287/1533/271 1278/1524/271 1282/1515/271
f 1304/1548/275 1292/2299/275 1289/2062/275
f 1290/1535/276 1300/2057/276 1296/1540/276
f 1307/1551/274 1291/2300/274 1295/1542/274
f 1303/2061/273 1298/1542/273 1293/1538/273
f 1312/2301/271 1297/2062/271 1299/2302/271
f 1311/1555/272 1306/1535/272 1309/2058/272
f 1328/1566/275 1316/2303/275 1313/2068/275
f 1314/1535/276 1324/2064/276 1320/1560/276
f 1331/1569/274 1315/2304/274 1319/1561/274
f 1327/2067/273 1322/1561/273 1317/1557/273
f 1336/2305/271 1321/2306/271 1323/2307/271
f 1335/1295/272 1330/1535/272 1333/1560/272
f 1352/1580/275 1340/2308/275 1337/2073/275
f 1338/1572/276 1348/2069/276 1344/1280/276
f 1355/1583/274 1339/2309/274 1343/1577/274
f 1351/2072/273 1346/1577/273 1341/1574/273
f 1360/2310/271 1345/2073/271 1347/2308/271
f 1359/1587/272 1354/1933/272 1357/1935/272
f 1376/1596/275 1364/2311/275 1361/2076/275
f 1362/1572/276 1372/1555/276 1368/1280/276
f 1379/1599/274 1363/2312/274 1367/1592/274
f 1375/2075/273 1370/1592/273 1365/1590/273
f 1384/2313/271 1369/2076/271 1371/2314/271
f 1383/1295/272 1378/1933/272 1381/1935/272
f 1385/2083/271 1400/2315/271 1388/2316/271
f 1390/2078/276 1393/1914/276 1386/1603/276
f 1392/1609/273 1398/2317/273 1387/1606/273
f 1389/1606/274 1407/1621/274 1396/2318/274
f 1394/2316/275 1403/2319/275 1391/2320/275
f 1404/1206/272 1401/1617/272 1399/1962/272
f 1424/2096/275 1409/2321/275 1412/1632/275
f 1411/1609/274 1420/2086/274 1413/1627/274
f 1423/2095/276 1417/2093/276 1410/1624/276
f 1432/2322/272 1414/2098/272 1419/2323/272
f 1427/2324/271 1418/1632/271 1415/2321/271
f 1431/1644/273 1422/1636/273 1426/2091/273
f 1448/1653/275 1436/2325/275 1433/2103/275
f 1434/1646/276 1444/2099/276 1440/1560/276
f 1451/1656/274 1435/2326/274 1439/1650/274
f 1447/2102/273 1442/1650/273 1437/1648/273
f 1456/2327/271 1441/2103/271 1443/2328/271
f 1455/1660/272 1450/1535/272 1453/2100/272
f 1460/1670/272 1469/1679/272 1457/2329/272
f 1464/2107/275 1461/1665/275 1459/2104/275
f 1458/1662/273 1476/2330/273 1465/2331/273
f 1467/2332/274 1473/1677/274 1462/2333/274
f 1463/1667/276 1478/1682/276 1466/1670/276
f 1474/2110/271 1477/2107/271 1470/1674/271
f 1587/1776/274 1579/2148/274 1585/2149/274
f 1604/1790/271 1592/1781/271 1589/2166/271
f 1594/2157/273 1597/2159/273 1590/1779/273
f 1612/1794/272 1591/2356/272 1596/1424/272
f 1603/1773/276 1600/2168/276 1593/2277/276
f 1607/2165/275 1595/1783/275 1598/2357/275
f 1611/1797/274 1602/1788/274 1606/2164/274
f 1659/2183/275 1648/2181/275 1653/2358/275
f 1614/2179/272 1644/2359/272 1646/2177/272
f 1658/1842/274 1617/1803/274 1613/1799/274
f 1618/2194/271 1650/2358/271 1645/2181/271
f 1621/2360/274 1629/2188/274 1623/2361/274
f 1625/1811/276 1640/1826/276 1635/1821/276
f 1619/2183/275 1639/2181/275 1641/2358/275
f 1624/2186/272 1633/1821/272 1637/2362/272
f 1630/2194/271 1634/2363/271 1631/2181/271
f 1632/1818/273 1642/2184/273 1638/1824/273
f 1643/1829/273 1654/2172/273 1647/1831/273
f 1657/2364/276 1652/1836/276 1651/2365/276
f 1674/1858/276 1663/2205/276 1684/2366/276
f 1682/2367/275 1664/2368/275 1679/2369/275
f 1665/1849/274 1670/1854/274 1669/2370/274
f 1680/1864/272 1668/1852/272 1678/2203/272
f 1676/2371/271 1672/2372/271 1673/2373/271
f 1675/2196/273 1681/2198/273 1677/1861/273
f 1685/2374/271 1703/1887/271 1706/2375/271
f 1693/2219/272 1708/2215/272 1701/1885/272
f 1694/1878/274 1687/2376/274 1692/1876/274
f 1690/2377/276 1699/1864/276 1704/2378/276
f 1695/2379/275 1700/2375/275 1697/1887/275
f 1707/1891/273 1698/1882/273 1702/2212/273
f 897/1186/240 896/1185/240 893/1182/240
f 902/1893/241 904/1209/241 900/1189/241
f 904/1193/242 903/1192/242 898/1894/242
f 895/1896/243 894/1894/243 901/1192/243
f 908/1897/244 910/1224/244 906/1195/244
f 915/1204/245 914/1203/245 911/1898/245
f 916/1900/246 915/2380/246 910/1199/246
f 907/1788/247 906/2161/247 913/1202/247
f 914/1901/248 916/1900/248 903/1192/248
f 896/1902/249 898/1894/249 909/1198/249
f 894/1183/250 893/1182/250 905/1194/250
f 899/1191/251 901/1192/251 912/1201/251
f 921/1210/241 920/1209/241 917/1217/241
f 926/1224/245 928/1903/245 924/1212/245
f 922/1211/248 921/1210/248 928/1903/248
f 919/1188/251 918/1190/251 925/1213/251
f 932/1209/240 934/1893/240 930/1188/240
f 939/1225/244 938/1224/244 935/1899/244
f 934/1893/249 933/1187/249 940/1226/249
f 931/1190/250 930/1188/250 937/1904/250
f 938/1906/246 940/2381/246 927/1215/246
f 920/1907/242 922/2226/242 933/1219/242
f 918/1207/243 917/1206/243 929/1908/243
f 923/1909/247 925/2225/247 936/1222/247
f 945/1231/240 944/1230/240 941/1910/240
f 950/1912/241 952/1436/241 948/1234/241
f 949/1235/243 948/1234/243 943/1911/243
f 952/1436/242 951/1977/242 946/1232/242
f 956/1461/244 958/1368/244 954/1240/244
f 963/1249/245 962/1248/245 959/1315/245
f 961/1914/247 960/1235/247 955/1241/247
f 964/1250/246 963/1249/246 958/1368/246
f 957/1243/249 956/1242/249 944/1916/249
f 942/1228/250 941/1227/250 953/1917/250
f 962/1918/248 964/2382/248 951/1237/248
f 960/1246/251 959/1245/251 947/1919/251
f 968/1461/244 970/1442/244 966/1252/244
f 975/1260/245 974/1248/245 971/1315/245
f 973/1921/247 972/1235/247 967/1253/247
f 976/1261/246 975/1260/246 970/1442/246
f 981/1266/240 980/1265/240 977/1910/240
f 986/1912/241 988/1922/241 984/1269/241
f 985/1207/243 984/1269/243 979/1911/243
f 988/1922/242 987/1977/242 982/1267/242
f 978/1263/250 977/1262/250 965/1923/250
f 972/1258/251 971/1257/251 983/1925/251
f 980/1926/249 982/2383/249 969/1255/249
f 987/1271/248 986/1270/248 974/1927/248
f 990/1274/245 989/1273/245 992/1545/245
f 991/1275/246 990/1274/246 996/1280/246
f 994/1929/247 993/2384/247 998/1930/247
f 997/1281/244 996/1280/244 1000/1555/244
f 1004/1932/241 1006/1933/241 1002/1286/241
f 1006/1933/257 1005/2385/257 1007/1934/257
f 1003/1287/264 1002/1286/264 1011/1295/264
f 1009/1935/240 1008/1964/240 1012/1296/240
f 1010/1936/250 1012/2386/250 999/1283/250
f 993/1277/251 992/1276/251 1001/1937/251
f 989/1939/248 991/2387/248 1005/1289/248
f 995/1940/249 997/2388/249 1008/1292/249
f 1016/1404/244 1018/1942/244 1014/1298/244
f 1023/1307/245 1022/1306/245 1019/1208/245
f 1021/1941/258 1020/1235/258 1015/1299/258
f 1024/1308/246 1023/1307/246 1018/1942/246
f 1029/1313/240 1028/1312/240 1025/1239/240
f 1034/1306/241 1036/1944/241 1032/1206/241
f 1033/1207/243 1032/1206/243 1027/1911/243
f 1036/1944/242 1035/2389/242 1030/1314/242
f 1026/1310/250 1025/1309/250 1013/1945/250
f 1020/1304/251 1019/1303/251 1031/1947/251
f 1028/1949/249 1030/2390/249 1017/1301/249
f 1035/1317/248 1034/1316/248 1022/1950/248
f 1041/1321/241 1040/1302/241 1037/1952/241
f 1046/1954/245 1048/1955/245 1044/1324/245
f 1048/1955/248 1047/1973/248 1042/1322/248
f 1039/1953/251 1038/2391/251 1045/1325/251
f 1052/1956/277 1054/1959/277 1050/1330/277
f 1059/1339/244 1058/1338/244 1055/1957/244
f 1060/1340/249 1059/1339/249 1054/1959/249
f 1051/1331/250 1050/1330/250 1057/1958/250
f 1058/1335/255 1060/2392/255 1047/1327/255
f 1040/1305/257 1042/2252/257 1053/1333/257
f 1038/1320/254 1037/1319/254 1049/1962/254
f 1043/1963/258 1045/2251/258 1056/1336/258
f 1065/1344/240 1064/1312/240 1061/1239/240
f 1070/1964/241 1072/1965/241 1068/1347/241
f 1072/1965/257 1071/2393/257 1066/1345/257
f 1063/1412/254 1062/1455/254 1069/1348/254
f 1076/1404/244 1078/1967/244 1074/1351/244
f 1083/1360/245 1082/1359/245 1079/1931/245
f 1084/1361/255 1083/1360/255 1078/1967/255
f 1075/1352/269 1074/1351/269 1081/1966/269
f 1073/1970/250 1075/2394/250 1062/1342/250
f 1067/1971/251 1069/2256/251 1080/1357/251
f 1071/1349/248 1070/1321/248 1082/1972/248
f 1064/1974/249 1066/2258/249 1077/1354/249
f 1088/1912/241 1090/1976/241 1086/1234/241
f 1095/1368/240 1094/1265/240 1091/1910/240
f 1093/1975/254 1092/2395/254 1087/1320/254
f 1096/1232/242 1095/1368/242 1090/1976/242
f 1101/1372/245 1100/1248/245 1097/1315/245
f 1106/1461/244 1108/1442/244 1104/1252/244
f 1105/1373/247 1104/1252/247 1099/1914/247
f 1108/1442/246 1107/2396/246 1102/1261/246
f 1098/1370/251 1097/1369/251 1085/1978/251
f 1092/1366/250 1091/1365/250 1103/1980/250
f 1100/1981/248 1102/1388/248 1089/1363/248
f 1107/1375/249 1106/1374/249 1094/1365/249
f 1112/1983/278 1114/1986/278 1110/1378/278
f 1119/1387/244 1118/1386/244 1115/1984/244
f 1117/1985/250 1116/2397/250 1111/1379/250
f 1120/1388/249 1119/1387/249 1114/1986/249
f 1125/1393/241 1124/1392/241 1121/1377/241
f 1130/1988/245 1132/1990/245 1128/1396/245
f 1129/1397/251 1128/1396/251 1123/1987/251
f 1132/1990/248 1131/1388/248 1126/1394/248
f 1131/1399/255 1130/1398/255 1118/1991/255
f 1113/1381/242 1112/1380/242 1124/1993/242
f 1127/1995/258 1129/2398/258 1116/1384/258
f 1122/1390/243 1121/1389/243 1109/1996/243
f 1137/1344/240 1136/1404/240 1133/1239/240
f 1142/1964/241 1144/1965/241 1140/1407/241
f 1144/1965/257 1143/2393/257 1138/1405/257
f 1135/1240/243 1134/1352/243 1141/1408/243
f 1148/1404/244 1150/1998/244 1146/1412/244
f 1155/1421/245 1154/1420/245 1151/1931/245
f 1156/1422/255 1155/1421/255 1150/1998/255
f 1147/1413/269 1146/1412/269 1153/1966/269
f 1154/1999/248 1156/2399/248 1143/1410/248
f 1136/2000/249 1138/2272/249 1149/1415/249
f 1134/1402/250 1133/1401/250 1145/2001/250
f 1139/2003/251 1141/2271/251 1152/1418/251
f 1160/2004/247 1162/2006/247 1164/1430/247
f 1167/1433/250 1166/1432/250 1165/1431/250
f 1157/2005/251 1159/2008/251 1162/2006/251
f 1168/1434/243 1167/1433/243 1159/2008/243
f 1170/1436/245 1169/1435/245 1172/1315/245
f 1171/1437/265 1170/1436/265 1176/1442/265
f 1174/2010/247 1173/1235/247 1178/1299/247
f 1177/1443/244 1176/1442/244 1180/2011/244
f 1184/1912/266 1186/1922/266 1182/1447/266
f 1186/1922/253 1185/1977/253 1187/1232/253
f 1183/1448/243 1182/1447/243 1191/1252/243
f 1189/1442/240 1188/1230/240 1192/1456/240
f 1190/2012/250 1192/2400/250 1179/1445/250
f 1173/1439/251 1172/1438/251 1181/2013/251
f 1169/2015/248 1171/2401/248 1185/1450/248
f 1175/2016/249 1177/2402/249 1188/1453/249
f 1194/1249/245 1193/1248/245 1196/1315/245
f 1195/1261/279 1194/1249/279 1200/1231/279
f 1198/1914/263 1197/1235/263 1202/1299/263
f 1201/1461/244 1200/1231/244 1204/1298/244
f 1208/1912/266 1210/1922/266 1206/1447/266
f 1210/1922/280 1209/1977/280 1211/1232/280
f 1207/1448/260 1206/1447/260 1215/1252/260
f 1213/1442/240 1212/1230/240 1216/1456/240
f 1214/2017/250 1216/2403/250 1203/1463/250
f 1197/1458/251 1196/1457/251 1205/2018/251
f 1193/2020/248 1195/2404/248 1209/1466/248
f 1199/2021/249 1201/2405/249 1212/1469/249
f 1221/1473/268 1220/1472/268 1217/1481/268
f 1226/1623/241 1228/2023/241 1224/1476/241
f 1228/2023/257 1227/2406/257 1222/1474/257
f 1219/2022/254 1218/2407/254 1225/1477/254
f 1232/2024/244 1234/2026/244 1230/1482/244
f 1239/1491/245 1238/1490/245 1235/2025/245
f 1240/1492/261 1239/1491/261 1234/2026/261
f 1231/1483/269 1230/1482/269 1237/1914/269
f 1238/2029/248 1240/2408/248 1227/1479/248
f 1220/2030/249 1222/2289/249 1233/1485/249
f 1218/1402/250 1217/1471/250 1229/2031/250
f 1223/2032/251 1225/2290/251 1236/1488/251
f 1241/2033/240 1243/2036/240 1245/1495/240
f 1248/1498/244 1247/1497/244 1250/2034/244
f 1252/2035/250 1251/1519/250 1246/1496/250
f 1249/1499/249 1248/1498/249 1243/2036/249
f 1257/1506/241 1256/1505/241 1253/2038/241
f 1262/2040/245 1264/2041/245 1260/1509/245
f 1261/1510/251 1260/1509/251 1255/2039/251
f 1264/2041/248 1263/2409/248 1258/1507/248
f 1254/1503/260 1253/1502/260 1244/2042/260
f 1251/1500/269 1250/1470/269 1259/2044/269
f 1256/2045/257 1258/2410/257 1242/1493/257
f 1263/1512/261 1262/1511/261 1247/2046/261
f 1266/1515/266 1265/1514/266 1268/2038/266
f 1274/2040/245 1276/2048/245 1272/1518/245
f 1273/1519/251 1272/1518/251 1270/2039/251
f 1276/2048/248 1275/2409/248 1267/1507/248
f 1280/2033/240 1282/1515/240 1278/1524/240
f 1287/1533/281 1286/1532/281 1283/2034/281
f 1285/2035/250 1284/1519/250 1279/1525/250
f 1288/1534/249 1287/1533/249 1282/1515/249
f 1284/1530/269 1283/1529/269 1271/2049/269
f 1269/1516/260 1268/1440/260 1277/2051/260
f 1265/2053/242 1267/2411/242 1281/1527/242
f 1275/1521/261 1274/1520/261 1286/2054/261
f 1290/1535/245 1289/1273/245 1292/1545/245
f 1291/1536/246 1290/1535/246 1296/1540/246
f 1294/2056/247 1293/2384/247 1298/1930/247
f 1297/1541/244 1296/1540/244 1300/2057/244
f 1304/1932/266 1306/1535/266 1302/1546/266
f 1306/1535/259 1305/2385/259 1307/1934/259
f 1303/1547/243 1302/1546/243 1311/1555/243
f 1309/2058/240 1308/1964/240 1312/1406/240
f 1310/2059/250 1312/2412/250 1299/1543/250
f 1293/1538/251 1292/1537/251 1301/2060/251
f 1289/2062/248 1291/2413/248 1305/1549/248
f 1295/1542/249 1297/2414/249 1308/1552/249
f 1314/1535/245 1313/1273/245 1316/1545/245
f 1315/1536/246 1314/1535/246 1320/1560/246
f 1318/2063/269 1317/2384/269 1322/1930/269
f 1321/1420/244 1320/1560/244 1324/2064/244
f 1328/1932/266 1330/1535/266 1326/1564/266
f 1330/1535/242 1329/2385/242 1331/1934/242
f 1327/1565/243 1326/1564/243 1335/1295/243
f 1333/1560/240 1332/1964/240 1336/1346/240
f 1334/2065/250 1336/1570/250 1323/1562/250
f 1317/1557/251 1316/1556/251 1325/2066/251
f 1313/2068/248 1315/2415/248 1329/1567/248
f 1319/1561/249 1321/2416/249 1332/1570/249
f 1338/1572/245 1337/1273/245 1340/1545/245
f 1339/1275/255 1338/1572/255 1344/1280/255
f 1342/1929/263 1341/2384/263 1346/1930/263
f 1345/1576/244 1344/1280/244 1348/2069/244
f 1352/1932/241 1354/1933/241 1350/1564/241
f 1354/1933/242 1353/2385/242 1355/1934/242
f 1351/1287/243 1350/1564/243 1359/1587/243
f 1357/1935/240 1356/1964/240 1360/1588/240
f 1358/2070/250 1360/2417/250 1347/1578/250
f 1341/1574/251 1340/1573/251 1349/2071/251
f 1337/2073/248 1339/2418/248 1353/1581/248
f 1343/1577/249 1345/2419/249 1356/1584/249
f 1362/1572/245 1361/1273/245 1364/1545/245
f 1363/1275/246 1362/1572/246 1368/1280/246
f 1366/1929/247 1365/2384/247 1370/1930/247
f 1369/1281/244 1368/1280/244 1372/1555/244
f 1376/1932/241 1378/1933/241 1374/1564/241
f 1378/1933/242 1377/2385/242 1379/1934/242
f 1375/1547/243 1374/1564/243 1383/1295/243
f 1381/1935/240 1380/1964/240 1384/1588/240
f 1382/1599/250 1384/1600/250 1371/1593/250
f 1365/1590/251 1364/1589/251 1373/2074/251
f 1361/2076/248 1363/2420/248 1377/1597/248
f 1367/1592/249 1369/2421/249 1380/1600/249
f 1388/2077/244 1390/2078/244 1386/1603/244
f 1395/1611/245 1394/1610/245 1391/1208/245
f 1390/2078/246 1389/2422/246 1396/1612/246
f 1393/1914/247 1392/1477/247 1387/1604/247
f 1401/1617/240 1400/1616/240 1397/1545/240
f 1406/2079/241 1408/2080/241 1404/1206/241
f 1402/1618/242 1401/1617/242 1408/2080/242
f 1405/1207/243 1404/1206/243 1399/1962/243
f 1400/2082/249 1402/2423/249 1389/1606/249
f 1394/1608/248 1396/2318/248 1407/1621/248
f 1398/1614/250 1397/1613/250 1385/2083/250
f 1403/1626/251 1405/2424/251 1392/1609/251
f 1413/1627/248 1412/1626/248 1409/1608/248
f 1418/2085/249 1420/2086/249 1416/1630/249
f 1414/1628/242 1413/1627/242 1420/2086/242
f 1417/1631/246 1416/1630/246 1411/1609/246
f 1424/1626/251 1426/2091/251 1422/1636/251
f 1431/1644/250 1430/1643/250 1427/2089/250
f 1426/2091/243 1425/1622/243 1432/1645/243
f 1429/2090/247 1428/1631/247 1423/1238/247
f 1428/1641/244 1427/1640/244 1415/2092/244
f 1410/1624/245 1409/1623/245 1421/2094/245
f 1430/2096/240 1432/2425/240 1419/1633/240
f 1425/1638/241 1424/1637/241 1412/2097/241
f 1434/1646/245 1433/1273/245 1436/1545/245
f 1435/1536/255 1434/1646/255 1440/1560/255
f 1438/1546/269 1437/2384/269 1442/1930/269
f 1441/1420/244 1440/1560/244 1444/2099/244
f 1448/1932/266 1450/1535/266 1446/1546/266
f 1450/1535/253 1449/2385/253 1451/1934/253
f 1447/1547/243 1446/1546/243 1455/1660/243
f 1453/2100/240 1452/1964/240 1456/1346/240
f 1454/1656/250 1456/2426/250 1443/1651/250
f 1437/1648/251 1436/1647/251 1445/2101/251
f 1433/2103/248 1435/2427/248 1449/1654/248
f 1439/1650/249 1441/2428/249 1452/1657/249
f 1461/1665/241 1460/1664/241 1457/1673/241
f 1466/1670/245 1468/1672/245 1464/1668/245
f 1468/2105/248 1467/2109/248 1462/1666/248
f 1459/2104/251 1458/1675/251 1465/2106/251
f 1472/2108/240 1474/2110/240 1470/1674/240
f 1479/1683/244 1478/1682/244 1475/1679/244
f 1480/2109/249 1479/2105/249 1474/2110/249
f 1471/1675/250 1470/1674/250 1477/2107/250
f 1469/1676/243 1471/2429/243 1458/1662/243
f 1463/1667/258 1465/1669/258 1476/1680/258
f 1467/1671/261 1466/1670/261 1478/1682/261
f 1460/1661/242 1462/2333/242 1473/1677/242
f 1581/1770/246 1580/1769/246 1577/2147/246
f 1583/2000/249 1585/2149/249 1579/2148/249
f 1587/1776/248 1586/1775/248 1582/1771/248
f 1585/2149/259 1584/2434/259 1588/1777/259
f 1584/1773/240 1583/1772/240 1166/2150/240
f 1158/1424/241 1157/1423/241 1586/2152/241
f 1578/1767/244 1577/1766/244 1163/2153/244
f 1161/1427/245 1160/1426/245 1580/2154/245
f 1590/1779/250 1589/1778/250 1592/2156/250
f 1595/2158/251 1597/2159/251 1599/1786/251
f 1591/1780/243 1590/1779/243 1597/2159/243
f 1600/1787/247 1599/1786/247 1594/2157/247
f 1604/1902/249 1606/2164/249 1602/1788/249
f 1611/1797/248 1610/1796/248 1607/2162/248
f 1606/2164/242 1605/2435/242 1612/1798/242
f 1609/2163/246 1608/2436/246 1603/1789/246
f 1601/2165/244 1603/2437/244 1593/1782/244
f 1589/2166/240 1591/2438/240 1605/1791/240
f 1608/1794/245 1607/1793/245 1598/2167/245
f 1610/2169/241 1612/2439/241 1596/1784/241
f 1647/1831/282 1646/1830/282 1644/1802/282
f 1634/2170/250 1636/2175/250 1632/1818/250
f 1652/2171/247 1654/2172/247 1649/1833/247
f 1648/1832/251 1647/1831/251 1654/2172/251
f 1638/1824/243 1637/1823/243 1633/1819/243
f 1640/2174/247 1642/2184/247 1636/2175/247
f 1613/1799/248 1615/1801/248 1659/1843/248
f 1646/2177/283 1648/2440/283 1615/2178/283
f 1616/2180/240 1618/2194/240 1645/2181/240
f 1619/2183/248 1621/2441/248 1623/1809/248
f 1642/2184/251 1641/2442/251 1639/1825/251
f 1621/1807/246 1620/1806/246 1625/1811/246
f 1651/2185/244 1650/2358/244 1655/1839/244
f 1624/2186/242 1623/2443/242 1629/1815/242
f 1627/2175/249 1626/2444/249 1630/2187/249
f 1628/1814/240 1630/1816/240 1631/2189/240
f 1622/1808/241 1624/1810/241 1637/2190/241
f 1660/2191/267 1659/2445/267 1653/1837/267
f 1650/1834/250 1649/1833/250 1643/1829/250
f 1658/1842/246 1660/1844/246 1657/2192/246
f 1641/1827/245 1640/1826/245 1620/1806/245
f 1656/1840/249 1655/1839/249 1618/2194/249
f 1614/1800/242 1613/1799/242 1617/1803/242
f 1635/1821/244 1634/1820/244 1626/1812/244
f 1677/1861/250 1676/1860/250 1673/2195/250
f 1683/1867/251 1682/1866/251 1679/2197/251
f 1684/1868/247 1683/1867/247 1675/2196/247
f 1681/2198/243 1680/2446/243 1678/1862/243
f 1664/2200/241 1666/2207/241 1680/1864/241
f 1661/1845/246 1663/1847/246 1671/1855/246
f 1672/2201/244 1671/2447/244 1674/1858/244
f 1668/1852/240 1667/1851/240 1676/2202/240
f 1682/2204/245 1684/2366/245 1663/2205/245
f 1666/2207/259 1665/2448/259 1669/1853/259
f 1667/2208/249 1669/2370/249 1670/1854/249
f 1662/1846/248 1661/1845/248 1665/1849/248
f 1700/2209/251 1702/2212/251 1698/1882/251
f 1707/1891/250 1706/1890/250 1703/2210/250
f 1705/2211/247 1704/1874/247 1699/1883/247
f 1708/1892/243 1707/1891/243 1702/2212/243
f 1688/2214/244 1690/2449/244 1704/1888/244
f 1690/1874/246 1689/1873/246 1694/1878/246
f 1686/1870/240 1685/1869/240 1706/2202/240
f 1696/2216/284 1695/2450/284 1697/2217/284
f 1701/1885/241 1700/1884/241 1691/2218/241
f 1687/1871/242 1686/1870/242 1693/2219/242
f 1692/1876/248 1691/1875/248 1695/1879/248
f 1685/2221/249 1687/2376/249 1689/1873/249
f 896/1185/271 908/1897/271 905/1194/271
f 900/2222/272 904/1965/272 897/1313/272
f 894/1894/273 907/1788/273 912/1201/273
f 903/1192/274 916/1900/274 909/1198/274
f 902/1893/275 899/1188/275 911/1898/275
f 910/1967/276 915/2451/276 913/2222/276
f 920/2223/272 932/2026/272 929/1908/272
f 924/1212/275 928/1903/275 921/1210/275
f 918/2224/273 931/2452/273 936/1222/273
f 927/1215/274 940/2381/274 933/1219/274
f 923/1206/276 935/2453/276 938/2227/276
f 934/1893/271 939/1225/271 937/1904/271
f 944/1916/271 956/1242/271 953/1917/271
f 943/1911/272 948/1234/272 952/1436/272
f 942/2228/273 955/2230/273 960/2229/273
f 951/1237/274 964/2382/274 957/2230/274
f 950/2232/275 947/1919/275 959/1245/275
f 963/1249/276 961/1914/276 954/1240/276
f 977/2234/271 980/1926/271 968/1254/271
f 975/1260/276 973/1921/276 966/1252/276
f 985/1271/273 978/1263/273 967/1924/273
f 982/2236/274 987/1271/274 976/1928/274
f 986/1926/275 983/2454/275 971/2238/275
f 979/1911/272 984/1269/272 988/1922/272
f 1004/1288/275 1001/2242/275 992/2240/275
f 990/1274/276 994/1929/276 1000/1555/276
f 1007/1291/274 1005/2455/274 991/2241/274
f 1003/1938/273 1010/1936/273 998/1282/273
f 1012/2242/271 1008/2456/271 997/2243/271
f 1011/1295/272 1002/1286/272 1006/1933/272
f 1025/2244/271 1028/1949/271 1016/1300/271
f 1023/1307/276 1021/1941/276 1014/1298/276
f 1033/1948/273 1026/1310/273 1015/1946/273
f 1030/2246/274 1035/1317/274 1024/1951/274
f 1034/2247/275 1031/2244/275 1019/2248/275
f 1027/1911/272 1032/1206/272 1036/1944/272
f 1040/2223/272 1052/2026/272 1049/1962/272
f 1044/1324/275 1048/1955/275 1041/1321/275
f 1038/2250/273 1051/1333/273 1056/1336/273
f 1047/1327/274 1060/2392/274 1053/1333/274
f 1043/1206/276 1055/2453/276 1058/2227/276
f 1054/1959/271 1059/1339/271 1057/1958/271
f 1064/2253/271 1076/1972/271 1073/2254/271
f 1068/1347/272 1072/1965/272 1065/1344/272
f 1062/1342/273 1075/2394/273 1080/1357/273
f 1071/2257/274 1084/2457/274 1077/1354/274
f 1067/2255/275 1079/1958/275 1082/1972/275
f 1078/1967/276 1083/1360/276 1081/1966/276
f 1097/2259/275 1100/1981/275 1088/1362/275
f 1095/1368/272 1093/1975/272 1086/1234/272
f 1105/1375/273 1098/1370/273 1087/1979/273
f 1102/2261/274 1107/1375/274 1096/1982/274
f 1106/1387/271 1103/2458/271 1091/2260/271
f 1099/1914/276 1104/1252/276 1108/1442/276
f 1121/2264/272 1124/2459/272 1112/2265/272
f 1119/1387/271 1117/1985/271 1110/1378/271
f 1129/2266/273 1122/1390/273 1111/1997/273
f 1126/1994/274 1131/1399/274 1120/1992/274
f 1130/2268/276 1127/1995/276 1115/1383/276
f 1123/1987/275 1128/1396/275 1132/1990/275
f 1136/2270/271 1148/2460/271 1145/2001/271
f 1140/1407/272 1144/1965/272 1137/1344/272
f 1134/2149/273 1147/2148/273 1152/1418/273
f 1143/1410/274 1156/2399/274 1149/1415/274
f 1139/2273/275 1151/2461/275 1154/2274/275
f 1150/1998/276 1155/1421/276 1153/1966/276
f 1582/2155/275 1586/2278/275 1157/2276/275
f 1164/1430/273 1162/2006/273 1159/2008/273
f 1588/1794/272 1584/1773/272 1168/2151/272
f 1577/1773/276 1580/1794/276 1160/2168/276
f 1583/2278/271 1578/1767/271 1165/1427/271
f 1184/1449/275 1181/2282/275 1172/2280/275
f 1170/1436/276 1174/2010/276 1180/2011/276
f 1187/1452/274 1185/2462/274 1171/2281/274
f 1183/2014/273 1190/2012/273 1178/1444/273
f 1192/2282/271 1188/2463/271 1177/2283/271
f 1191/1252/272 1182/1447/272 1186/1922/272
f 1208/1465/275 1205/2286/275 1196/2284/275
f 1194/1249/276 1198/1914/276 1204/1298/276
f 1211/1468/274 1209/2464/274 1195/2285/274
f 1207/2019/273 1214/2017/273 1202/1462/273
f 1216/2286/271 1212/2465/271 1201/2287/271
f 1215/1252/272 1206/1447/272 1210/1922/272
f 1220/2270/271 1232/2460/271 1229/2031/271
f 1224/1476/272 1228/2023/272 1221/1473/272
f 1218/2289/273 1231/2466/273 1236/1488/273
f 1227/1479/274 1240/2408/274 1233/1485/274
f 1223/2273/275 1235/2461/275 1238/2274/275
f 1234/2026/276 1239/1491/276 1237/1914/276
f 1253/2291/272 1256/2045/272 1241/1442/272
f 1248/1498/271 1252/2035/271 1245/1495/271
f 1258/2293/274 1263/1512/274 1249/2047/274
f 1261/1512/273 1254/1503/273 1246/2043/273
f 1262/2295/276 1259/2467/276 1250/1240/276
f 1255/2039/275 1260/1509/275 1264/2041/275
f 1280/1526/272 1277/1908/272 1268/1234/272
f 1270/2039/275 1272/1518/275 1276/2048/275
f 1288/2055/274 1281/2468/274 1267/2297/274
f 1279/2052/273 1284/1530/273 1273/2050/273
f 1283/1962/276 1286/1526/276 1274/2298/276
f 1287/1533/271 1285/2035/271 1278/1524/271
f 1304/1548/275 1301/2469/275 1292/2299/275
f 1290/1535/276 1294/2056/276 1300/2057/276
f 1307/1551/274 1305/2470/274 1291/2300/274
f 1303/2061/273 1310/2059/273 1298/1542/273
f 1312/2301/271 1308/2471/271 1297/2062/271
f 1311/1555/272 1302/1546/272 1306/1535/272
f 1328/1566/275 1325/2472/275 1316/2303/275
f 1314/1535/276 1318/2063/276 1324/2064/276
f 1331/1569/274 1329/2473/274 1315/2304/274
f 1327/2067/273 1334/2065/273 1322/1561/273
f 1336/2305/271 1332/1566/271 1321/2306/271
f 1335/1295/272 1326/1564/272 1330/1535/272
f 1352/1580/275 1349/2310/275 1340/2308/275
f 1338/1572/276 1342/1929/276 1348/2069/276
f 1355/1583/274 1353/2474/274 1339/2309/274
f 1351/2072/273 1358/2070/273 1346/1577/273
f 1360/2310/271 1356/2475/271 1345/2073/271
f 1359/1587/272 1350/1564/272 1354/1933/272
f 1376/1596/275 1373/2313/275 1364/2311/275
f 1362/1572/276 1366/1929/276 1372/1555/276
f 1379/1599/274 1377/2476/274 1363/2312/274
f 1375/2075/273 1382/1599/273 1370/1592/273
f 1384/2313/271 1380/2477/271 1369/2076/271
f 1383/1295/272 1374/1564/272 1378/1933/272
f 1385/2083/271 1397/1613/271 1400/2315/271
f 1390/2078/276 1395/1611/276 1393/1914/276
f 1392/1609/273 1405/2424/273 1398/2317/273
f 1389/1606/274 1402/2423/274 1407/1621/274
f 1394/2316/275 1406/2478/275 1403/2319/275
f 1404/1206/272 1408/2080/272 1401/1617/272
f 1424/2096/275 1421/2479/275 1409/2321/275
f 1411/1609/274 1416/1630/274 1420/2086/274
f 1423/2095/276 1428/1641/276 1417/2093/276
f 1432/2322/272 1425/1638/272 1414/2098/272
f 1427/2324/271 1430/2096/271 1418/1632/271
f 1431/1644/273 1429/2090/273 1422/1636/273
f 1448/1653/275 1445/2480/275 1436/2325/275
f 1434/1646/276 1438/1546/276 1444/2099/276
f 1451/1656/274 1449/2481/274 1435/2326/274
f 1447/2102/273 1454/1656/273 1442/1650/273
f 1456/2327/271 1452/2482/271 1441/2103/271
f 1455/1660/272 1446/1546/272 1450/1535/272
f 1460/1670/272 1472/2483/272 1469/1679/272
f 1464/2107/275 1468/2105/275 1461/1665/275
f 1458/1662/273 1471/2429/273 1476/2330/273
f 1467/2332/274 1480/2484/274 1473/1677/274
f 1463/1667/276 1475/1679/276 1478/1682/276
f 1474/2110/271 1479/2105/271 1477/2107/271
f 1587/1776/274 1581/1770/274 1579/2148/274
f 1604/1790/271 1601/2165/271 1592/1781/271
f 1594/2157/273 1599/1786/273 1597/2159/273
f 1612/1794/272 1605/1773/272 1591/2356/272
f 1603/1773/276 1608/1794/276 1600/2168/276
f 1607/2165/275 1610/2169/275 1595/1783/275
f 1611/1797/274 1609/2163/274 1602/1788/274
f 1659/2183/275 1615/1808/275 1648/2181/275
f 1614/2179/272 1616/2493/272 1644/2359/272
f 1658/1842/274 1656/2193/274 1617/1803/274
f 1618/2194/271 1655/1839/271 1650/2358/271
f 1621/2360/274 1627/2175/274 1629/2188/274
f 1625/1811/276 1620/1806/276 1640/1826/276
f 1619/2183/275 1622/1808/275 1639/2181/275
f 1624/2186/272 1628/1814/272 1633/1821/272
f 1630/2194/271 1626/2183/271 1634/2363/271
f 1632/1818/273 1636/2175/273 1642/2184/273
f 1643/1829/273 1649/1833/273 1654/2172/273
f 1657/2364/276 1660/2191/276 1652/1836/276
f 1674/1858/276 1671/2447/276 1663/2205/276
f 1682/2367/275 1662/2494/275 1664/2368/275
f 1665/1849/274 1661/1845/274 1670/1854/274
f 1680/1864/272 1666/2207/272 1668/1852/272
f 1676/2371/271 1667/2368/271 1672/2372/271
f 1675/2196/273 1683/1867/273 1681/2198/273
f 1685/2374/271 1688/2214/271 1703/1887/271
f 1693/2219/272 1686/1870/272 1708/2215/272
f 1694/1878/274 1689/1873/274 1687/2376/274
f 1690/2377/276 1696/2216/276 1699/1864/276
f 1695/2379/275 1691/2495/275 1700/2375/275
f 1707/1891/273 1705/2211/273 1698/1882/273
usemtl White
f 1481/1685/208 1482/1686/208 1483/1687/208
f 1484/1688/206 1485/1689/206 1486/1690/206
f 1487/1691/205 1488/1692/205 1489/1693/205
f 1490/1694/209 1491/1695/209 1492/1696/209
f 1493/1697/207 1494/1698/207 1495/1699/207
f 1496/1700/203 1497/1701/203 1498/1702/203
f 1499/1703/204 1500/1704/204 1501/1705/204
f 1502/1706/196 1503/1707/196 1504/1708/196
f 1505/1693/205 1506/1709/205 1507/1692/205
f 1508/1710/206 1509/1711/206 1510/1712/206
f 1511/1713/204 1512/1714/204 1513/1715/204
f 1514/1702/203 1515/1716/203 1516/1717/203
f 1517/1718/219 1518/1719/219 1519/1720/219
f 1520/1721/231 1521/1722/231 1522/1723/231
f 1523/1724/190 1524/1725/190 1525/1726/190
f 1526/1699/188 1527/1727/188 1528/1728/188
f 1529/1729/233 1530/1730/233 1531/1731/233
f 1532/1693/220 1533/1732/220 1534/1733/220
f 1535/1734/213 1536/1735/213 1537/1701/213
f 1538/1736/201 1539/1737/201 1540/1726/201
f 1541/1718/219 1542/1719/219 1543/1720/219
f 1544/1738/217 1545/1739/217 1546/1740/217
f 1547/1741/190 1548/1742/190 1549/1743/190
f 1550/1744/216 1551/1745/216 1552/1698/216
f 1553/1746/234 1554/1747/234 1555/1740/234
f 1556/1693/202 1557/1748/202 1558/1749/202
f 1559/1750/210 1560/1716/210 1561/1751/210
f 1562/1752/192 1563/1753/192 1564/1754/192
f 1565/1755/209 1566/1756/209 1567/1757/209
f 1568/1758/208 1569/1759/208 1570/1760/208
f 1571/1761/190 1572/1762/190 1573/1763/190
f 1574/1744/207 1575/1764/207 1576/1765/207
f 1487/2112/246 1485/1689/246 1484/1688/246
f 1491/1695/248 1486/1690/248 1485/1689/248
f 1482/1686/242 1492/1696/242 1491/1695/242
f 1489/1704/249 1483/1687/249 1482/1686/249
f 1500/1704/247 1496/2113/247 1498/2114/247
f 1502/2115/251 1498/2114/251 1497/2116/251
f 1493/2117/243 1504/2118/243 1503/2119/243
f 1501/1705/250 1495/2120/250 1494/2121/250
f 1494/1698/240 1481/1709/240 1483/2122/240
f 1490/1757/241 1503/1707/241 1502/1706/241
f 1497/1701/267 1484/2123/267 1486/1757/267
f 1488/1692/244 1499/1764/244 1501/2124/244
f 1506/1709/246 1508/2125/246 1510/2126/246
f 1511/2127/247 1515/1716/247 1514/1702/247
f 1513/2128/244 1507/1692/244 1506/1709/244
f 1510/2126/245 1516/1717/245 1515/1716/245
f 1520/2129/253 1518/1719/253 1517/1718/253
f 1527/1727/243 1523/1708/243 1525/1735/243
f 1528/1728/240 1522/1709/240 1521/2122/240
f 1519/1720/241 1525/1735/241 1524/2130/241
f 1517/2131/248 1509/1711/248 1508/1710/248
f 1514/2132/251 1524/1725/251 1523/1724/251
f 1512/1714/250 1526/2133/250 1528/2134/250
f 1505/2135/249 1521/1722/249 1520/1721/249
f 1533/1732/255 1529/2125/255 1531/2136/255
f 1538/2127/263 1536/1735/263 1535/1734/263
f 1540/2137/244 1534/1733/244 1533/1732/244
f 1531/2136/245 1537/1701/245 1536/1735/245
f 1544/2129/253 1542/1719/253 1541/1718/253
f 1551/1745/243 1547/1708/243 1549/1716/243
f 1552/1698/240 1546/2138/240 1545/2122/240
f 1543/1720/241 1549/1716/241 1548/2130/241
f 1550/1741/250 1539/1737/250 1538/1736/250
f 1532/2139/249 1545/1739/249 1544/1738/249
f 1530/1730/248 1541/2140/248 1543/2141/248
f 1535/1736/251 1548/1742/251 1547/1741/251
f 1557/1748/246 1553/2125/246 1555/2126/246
f 1562/2127/247 1560/1716/247 1559/1750/247
f 1564/2128/244 1558/1749/244 1557/1748/244
f 1555/2126/245 1561/1751/245 1560/1716/245
f 1568/2129/242 1566/1756/242 1565/1755/242
f 1575/1764/243 1571/1708/243 1573/2142/243
f 1576/1765/240 1570/2143/240 1569/2122/240
f 1567/1757/241 1573/2142/241 1572/2130/241
f 1565/1758/248 1554/1747/248 1553/1746/248
f 1559/2144/251 1572/1762/251 1571/1761/251
f 1563/1753/250 1574/2145/250 1576/2146/250
f 1556/1746/249 1569/1759/249 1568/1758/249
f 1481/1709/272 1503/1707/272 1492/2334/272
f 1482/1686/274 1485/1689/274 1489/1704/274
f 1488/2335/271 1494/2336/271 1483/2337/271
f 1484/2123/276 1499/1764/276 1487/1691/276
f 1490/2338/275 1497/2339/275 1486/2335/275
f 1498/2114/273 1495/2120/273 1500/1704/273
f 1505/1713/274 1517/2340/274 1508/2341/274
f 1515/1716/276 1506/1709/276 1510/2126/276
f 1512/2342/271 1521/1722/271 1507/2343/271
f 1509/1711/275 1524/1725/275 1516/2342/275
f 1514/2341/273 1526/2133/273 1511/1713/273
f 1522/1709/272 1525/1735/272 1518/1719/272
f 1532/2344/274 1541/2140/274 1529/1729/274
f 1536/1735/276 1533/1732/276 1531/2136/276
f 1530/2345/275 1548/1742/275 1537/2346/275
f 1539/1737/271 1545/1739/271 1534/2347/271
f 1535/2348/273 1550/2349/273 1538/2344/273
f 1546/2138/272 1549/1716/272 1542/1719/272
f 1556/2350/274 1565/2351/274 1553/2352/274
f 1560/1716/276 1557/1748/276 1555/2126/276
f 1554/1747/275 1572/1762/275 1561/2353/275
f 1563/2353/271 1569/1759/271 1558/2354/271
f 1559/2355/273 1574/2145/273 1562/1752/273
f 1570/2143/272 1573/2142/272 1566/1756/272
f 1487/2112/246 1489/1704/246 1485/1689/246
f 1491/1695/248 1490/1694/248 1486/1690/248
f 1482/1686/242 1481/1685/242 1492/1696/242
f 1489/1704/249 1488/2430/249 1483/1687/249
f 1500/1704/247 1499/1703/247 1496/2113/247
f 1502/2115/251 1504/2118/251 1498/2114/251
f 1493/2117/243 1495/2120/243 1504/2118/243
f 1501/1705/250 1500/1704/250 1495/2120/250
f 1494/1698/240 1493/1697/240 1481/1709/240
f 1490/1757/241 1492/2334/241 1503/1707/241
f 1497/1701/245 1496/1700/245 1484/2123/245
f 1488/1692/244 1487/1691/244 1499/1764/244
f 1506/1709/246 1505/1693/246 1508/2125/246
f 1511/2127/247 1513/2128/247 1515/1716/247
f 1513/2128/244 1512/1765/244 1507/1692/244
f 1510/2126/245 1509/1757/245 1516/1717/245
f 1520/2129/242 1522/1709/242 1518/1719/242
f 1527/1727/264 1526/1699/264 1523/1708/264
f 1528/1728/240 1527/1727/240 1522/1709/240
f 1519/1720/241 1518/1719/241 1525/1735/241
f 1517/2131/248 1519/2431/248 1509/1711/248
f 1514/2132/251 1516/2342/251 1524/1725/251
f 1512/1714/250 1511/1713/250 1526/2133/250
f 1505/2135/249 1507/2343/249 1521/1722/249
f 1533/1732/265 1532/1693/265 1529/2125/265
f 1538/2127/258 1540/2137/258 1536/1735/258
f 1540/2137/244 1539/1765/244 1534/1733/244
f 1531/2136/245 1530/1757/245 1537/1701/245
f 1544/2129/242 1546/2138/242 1542/1719/242
f 1551/1745/264 1550/1744/264 1547/1708/264
f 1552/1698/240 1551/1745/240 1546/2138/240
f 1543/1720/241 1542/1719/241 1549/1716/241
f 1550/1741/250 1552/2432/250 1539/1737/250
f 1532/2139/249 1534/2347/249 1545/1739/249
f 1530/1730/248 1529/1729/248 1541/2140/248
f 1535/1736/251 1537/2346/251 1548/1742/251
f 1557/1748/246 1556/1693/246 1553/2125/246
f 1562/2127/247 1564/2128/247 1560/1716/247
f 1564/2128/244 1563/1765/244 1558/1749/244
f 1555/2126/245 1554/1757/245 1561/1751/245
f 1568/2129/242 1570/2143/242 1566/1756/242
f 1575/1764/243 1574/1744/243 1571/1708/243
f 1576/1765/240 1575/1764/240 1570/2143/240
f 1567/1757/241 1566/1756/241 1573/2142/241
f 1565/1758/248 1567/2433/248 1554/1747/248
f 1559/2144/251 1561/2353/251 1572/1762/251
f 1563/1753/250 1562/1752/250 1574/2145/250
f 1556/1746/249 1558/2354/249 1569/1759/249
f 1481/1709/272 1493/1697/272 1503/1707/272
f 1482/1686/274 1491/1695/274 1485/1689/274
f 1488/2335/271 1501/2485/271 1494/2336/271
f 1484/2123/276 1496/1700/276 1499/1764/276
f 1490/2338/275 1502/2486/275 1497/2339/275
f 1498/2114/273 1504/2118/273 1495/2120/273
f 1505/1713/274 1520/2133/274 1517/2340/274
f 1515/1716/276 1513/2128/276 1506/1709/276
f 1512/2342/271 1528/2487/271 1521/1722/271
f 1509/1711/275 1519/2431/275 1524/1725/275
f 1514/2341/273 1523/2340/273 1526/2133/273
f 1522/1709/272 1527/1727/272 1525/1735/272
f 1532/2344/274 1544/2349/274 1541/2140/274
f 1536/1735/276 1540/2137/276 1533/1732/276
f 1530/2345/275 1543/2488/275 1548/1742/275
f 1539/1737/271 1552/2432/271 1545/1739/271
f 1535/2348/273 1547/2489/273 1550/2349/273
f 1546/2138/272 1551/1745/272 1549/1716/272
f 1556/2350/274 1568/2490/274 1565/2351/274
f 1560/1716/276 1564/2128/276 1557/1748/276
f 1554/1747/275 1567/2433/275 1572/1762/275
f 1563/2353/271 1576/2491/271 1569/1759/271
f 1559/2355/273 1571/2492/273 1574/2145/273
f 1570/2143/272 1575/1764/272 1573/2142/272
o Desk
v 0.018000 0.721000 -2.001000
v 0.019000 0.721000 -2.002000
v 0.019000 0.720000 -2.001000
v 0.018000 0.721000 -0.903000
v 0.019000 0.720000 -0.903000
v 0.019000 0.721000 -0.902000
v 0.518000 0.721000 -2.001000
v 0.517000 0.720000 -2.001000
v 0.517000 0.721000 -2.002000
v 0.518000 0.721000 -0.903000
v 0.517000 0.721000 -0.902000
v 0.517000 0.720000 -0.903000
v 0.018000 0.737000 -2.001000
v 0.019000 0.738000 -2.001000
v 0.019000 0.737000 -2.002000
v 0.018000 0.737000 -0.903000
v 0.019000 0.737000 -0.902000
v 0.019000 0.738000 -0.903000
v 0.518000 0.737000 -2.001000
v 0.517000 0.737000 -2.002000
v 0.517000 0.738000 -2.001000
v 0.518000 0.737000 -0.903000
v 0.517000 0.738000 -0.903000
v 0.517000 0.737000 -0.902000
v 0.029000 0.710000 -0.953000
v 0.027000 0.711000 -0.952000
v 0.028000 0.709000 -0.953000
v 0.507000 0.710000 -0.953000
v 0.508000 0.709000 -0.953000
v 0.509000 0.711000 -0.952000
v 0.029000 0.710000 -0.991000
v 0.028000 0.709000 -0.991000
v 0.027000 0.711000 -0.992000
v 0.507000 0.710000 -0.991000
v 0.509000 0.711000 -0.992000
v 0.508000 0.709000 -0.991000
v 0.029000 0.010000 -0.953000
v 0.028000 0.011000 -0.953000
v 0.027000 0.009000 -0.952000
v 0.507000 0.010000 -0.953000
v 0.509000 0.009000 -0.952000
v 0.508000 0.011000 -0.953000
v 0.029000 0.010000 -0.991000
v 0.027000 0.009000 -0.992000
v 0.028000 0.011000 -0.991000
v 0.507000 0.010000 -0.991000
v 0.508000 0.011000 -0.991000
v 0.509000 0.009000 -0.992000
v 0.019000 0.720000 -0.953000
v 0.018000 0.719000 -0.953000
v 0.019000 0.719000 -0.952000
v 0.517000 0.719000 -0.952000
v 0.518000 0.719000 -0.953000
v 0.517000 0.720000 -0.953000
v 0.019000 0.719000 -0.992000
v 0.018000 0.719000 -0.991000
v 0.019000 0.720000 -0.991000
v 0.517000 0.720000 -0.991000
v 0.518000 0.719000 -0.991000
v 0.517000 0.719000 -0.992000
v 0.019000 0.001000 -0.952000
v 0.018000 0.001000 -0.953000
v 0.019000 0.000000 -0.953000
v 0.517000 0.000000 -0.953000
v 0.518000 0.001000 -0.953000
v 0.517000 0.001000 -0.952000
v 0.019000 0.000000 -0.991000
v 0.018000 0.001000 -0.991000
v 0.019000 0.001000 -0.992000
v 0.517000 0.001000 -0.992000
v 0.518000 0.001000 -0.991000
v 0.517000 0.000000 -0.991000
v 0.029000 0.710000 -1.913000
v 0.027000 0.711000 -1.912000
v 0.028000 0.709000 -1.913000
v 0.507000 0.710000 -1.913000
v 0.508000 0.709000 -1.913000
v 0.509000 0.711000 -1.912000
v 0.029000 0.710000 -1.951000
v 0.028000 0.709000 -1.951000
v 0.027000 0.711000 -1.952000
v 0.507000 0.710000 -1.951000
v 0.509000 0.711000 -1.952000
v 0.508000 0.709000 -1.951000
v 0.029000 0.010000 -1.913000
v 0.028000 0.011000 -1.913000
v 0.027000 0.009000 -1.912000
v 0.507000 0.010000 -1.913000
v 0.509000 0.009000 -1.912000
v 0.508000 0.011000 -1.913000
v 0.029000 0.010000 -1.951000
v 0.027000 0.009000 -1.952000
v 0.028000 0.011000 -1.951000
v 0.507000 0.010000 -1.951000
v 0.508000 0.011000 -1.951000
v 0.509000 0.009000 -1.952000
v 0.019000 0.720000 -1.913000
v 0.018000 0.719000 -1.913000
v 0.019000 0.719000 -1.912000
v 0.517000 0.719000 -1.912000
v 0.518000 0.719000 -1.913000
v 0.517000 0.720000 -1.913000
v 0.019000 0.719000 -1.952000
v 0.018000 0.719000 -1.951000
v 0.019000 0.720000 -1.951000
v 0.517000 0.720000 -1.951000
v 0.518000 0.719000 -1.951000
v 0.517000 0.719000 -1.952000
v 0.019000 0.001000 -1.912000
v 0.018000 0.001000 -1.913000
v 0.019000 0.000000 -1.913000
v 0.517000 0.000000 -1.913000
v 0.518000 0.001000 -1.913000
v 0.517000 0.001000 -1.912000
v 0.019000 0.000000 -1.951000
v 0.018000 0.001000 -1.951000
v 0.019000 0.001000 -1.952000
v 0.517000 0.001000 -1.952000
v 0.518000 0.001000 -1.951000
v 0.517000 0.000000 -1.951000
v 0.018000 0.721000 -2.001000
v 0.017000 0.720000 -2.001000
v 0.017000 0.721000 -2.002000
v 0.018000 0.721000 -0.903000
v 0.017000 0.721000 -0.902000
v 0.017000 0.720000 -0.903000
v 0.000000 0.721000 -2.001000
v 0.001000 0.721000 -2.002000
v 0.001000 0.720000 -2.001000
v 0.000000 0.721000 -0.903000
v 0.001000 0.720000 -0.903000
v 0.001000 0.721000 -0.902000
v 0.018000 0.819000 -2.001000
v 0.017000 0.819000 -2.002000
v 0.017000 0.820000 -2.001000
v 0.018000 0.819000 -0.903000
v 0.017000 0.820000 -0.903000
v 0.017000 0.819000 -0.902000
v 0.000000 0.819000 -2.001000
v 0.001000 0.820000 -2.001000
v 0.001000 0.819000 -2.002000
v 0.000000 0.819000 -0.903000
v 0.001000 0.819000 -0.902000
v 0.001000 0.820000 -0.903000
vn -0.5774 -0.5773 -0.5774
vn -0.5774 -0.5774 0.5773
vn 0.5774 -0.5772 -0.5774
vn 0.5773 -0.5773 0.5774
vn -0.5774 0.5773 -0.5774
vn -0.5774 0.5773 0.5773
vn 0.5773 0.5773 -0.5775
vn 0.5774 0.5773 0.5774
vn 0.3015 -0.3015 0.9045
vn -0.3015 -0.3015 0.9045
vn 0.3015 -0.3015 -0.9045
vn -0.3015 -0.3015 -0.9045
vn 0.3015 0.3015 0.9045
vn -0.3015 0.3015 0.9045
vn 0.3015 0.3015 -0.9045
vn -0.3015 0.3015 -0.9045
vn -0.5773 0.5773 0.5774
vn 0.5773 0.5774 0.5774
vn -0.5773 0.5774 -0.5774
vn 0.5773 0.5774 -0.5774
vn -0.5774 -0.5773 0.5774
vn 0.5773 -0.5774 0.5774
vn -0.5773 -0.5774 -0.5774
vn 0.5773 -0.5774 -0.5774
vn 0.3015 -0.3016 -0.9045
vn -0.3015 -0.3016 -0.9045
vn 0.3015 0.3016 -0.9045
vn -0.3015 0.3016 -0.9045
vn -0.5774 0.5774 0.5773
vn 0.5773 0.5773 0.5774
vn -0.5773 0.5774 -0.5773
vn -0.5774 -0.5773 0.5773
vn 0.5774 -0.5773 0.5773
vn -0.5773 -0.5774 -0.5773
vn 0.5773 -0.5774 -0.5773
vn 0.5774 -0.5773 -0.5774
vn 0.5774 -0.5774 0.5773
vn -0.5773 -0.5774 0.5773
vn 0.5774 0.5773 -0.5774
vn 0.5774 0.5774 0.5773
vn -0.5773 0.5774 0.5773
vn -0.7071 -0.7071 -0.0000
vn 0.7071 -0.7071 -0.0000
vn -0.0000 -0.7071 0.7071
vn -0.0000 -0.7072 -0.7071
vn -0.7071 0.7071 -0.0000
vn 0.7071 0.7071 -0.0000
vn -0.0000 0.7071 0.7071
vn -0.0000 0.7071 -0.7071
vn 0.7071 -0.0000 0.7071
vn -0.7071 -0.0000 0.7071
vn -0.7071 -0.0000 -0.7071
vn 0.7071 -0.0000 -0.7071
vn -0.0000 0.7072 0.7071
vn -0.0000 -0.7071 0.7072
vn -0.0000 -0.7071 -0.7071
vn -0.0000 0.7072 -0.7071
vn -0.0000 -0.7072 0.7070
vn -0.0000 0.7072 -0.7070
vn -0.7072 -0.0000 0.7071
vn -0.7072 -0.0000 -0.7070
vn -0.0000 -0.7072 0.7071
vn -0.0000 -0.7070 -0.7072
vn -0.0000 0.7070 -0.7072
vn -1.0000 -0.0000 -0.0000
vn -0.0000 -1.0000 -0.0000
vn -0.0000 -0.0000 -1.0000
vn -0.0000 -0.0000 1.0000
vn 1.0000 -0.0000 -0.0000
vn -0.0000 1.0000 -0.0000
vn -0.0000 -0.7071 -0.7072
vn -0.0000 0.7070 0.7072
vn -0.7071 -0.0000 -0.7072
vn -0.0000 0.7072 0.7070
vt 1.098910 0.754773
vt 1.100000 0.754773
vt 1.098909 0.753773
vt -0.098909 0.754773
vt -0.098909 0.753773
vt -0.100000 0.754773
vt 1.098909 0.754773
vt 1.098910 0.753773
vt 1.100001 0.754773
vt 0.785318 0.754773
vt 0.784318 0.754773
vt 0.784318 0.753773
vt 1.098909 0.770773
vt 1.098910 0.771773
vt 1.100001 0.770773
vt 0.285318 0.770773
vt 0.286318 0.770773
vt 0.286318 0.771773
vt 0.785318 0.770773
vt 0.784318 0.770773
vt 0.784318 0.771773
vt -0.098909 0.770773
vt -0.098909 0.771773
vt -0.100000 0.770773
vt 0.296318 0.743773
vt 0.294318 0.744773
vt 0.295318 0.743773
vt -0.049000 0.743773
vt -0.049000 0.742773
vt -0.050000 0.743773
vt -0.011000 0.743773
vt -0.011000 0.742773
vt -0.010000 0.743773
vt 0.774318 0.743773
vt 0.776318 0.744773
vt 0.775318 0.742774
vt 0.296318 -0.049000
vt 0.295318 -0.049000
vt 0.295318 -0.050000
vt 0.774318 -0.049000
vt 0.775318 -0.050000
vt 0.775318 -0.049000
vt 0.296318 -0.011000
vt 0.295318 -0.010000
vt 0.295318 -0.011000
vt 0.774318 -0.011000
vt 0.775318 -0.011000
vt 0.775318 -0.010000
vt 0.286318 -0.049000
vt 0.285318 -0.049000
vt 0.286318 -0.050000
vt -0.050000 0.752773
vt -0.049000 0.752773
vt -0.049000 0.753773
vt -0.010000 0.752773
vt -0.011000 0.752773
vt -0.011000 0.753773
vt 0.784318 -0.011000
vt 0.785318 -0.011000
vt 0.784318 -0.010000
vt -0.050000 0.034773
vt -0.049000 0.034773
vt -0.049000 0.033773
vt 0.784318 -0.049000
vt 0.785318 -0.049000
vt 0.784318 -0.050000
vt 0.286318 -0.011000
vt 0.285318 -0.011000
vt 0.286318 -0.010000
vt -0.010000 0.034773
vt -0.011000 0.034773
vt -0.011000 0.033773
vt 0.296318 0.743773
vt 0.294318 0.744773
vt 1.011000 0.743773
vt 1.011000 0.742773
vt 1.010000 0.743773
vt 1.049000 0.743773
vt 1.049000 0.742773
vt 1.050000 0.743773
vt 0.774318 0.743773
vt 0.776318 0.744773
vt 0.775318 0.742774
vt 0.296318 1.011000
vt 0.295318 1.011000
vt 0.295318 1.010000
vt 0.774318 1.011000
vt 0.775318 1.010000
vt 0.775318 1.011000
vt 0.296318 1.049000
vt 0.295318 1.050000
vt 0.295318 1.049000
vt 0.774318 1.049000
vt 0.775318 1.049000
vt 0.775318 1.050000
vt 0.286318 1.011000
vt 0.285318 1.011000
vt 0.286318 1.010000
vt 1.010000 0.752773
vt 1.011000 0.752773
vt 1.011000 0.753773
vt 1.050000 0.752773
vt 1.049000 0.752773
vt 1.049000 0.753773
vt 0.784318 1.049000
vt 0.785318 1.049000
vt 0.784318 1.050000
vt 1.010000 0.034773
vt 1.011000 0.034773
vt 1.011000 0.033773
vt 0.784318 1.011000
vt 0.785318 1.011000
vt 0.784318 1.010000
vt 0.286318 1.049000
vt 0.285318 1.049000
vt 0.286318 1.050000
vt 1.050000 0.034773
vt 1.049000 0.034773
vt 1.049000 0.033773
vt 0.285318 1.098909
vt 0.284318 1.098910
vt 0.284318 1.100000
vt 0.285318 0.754773
vt 0.284318 0.754773
vt 0.284318 0.753773
vt 0.267318 0.754773
vt 0.268318 0.754773
vt 0.268318 0.753773
vt 0.267318 -0.098909
vt 0.268318 -0.098909
vt 0.268318 -0.100000
vt 1.098909 0.852773
vt 1.100000 0.852773
vt 1.098909 0.853773
vt 0.285318 -0.098909
vt 0.284318 -0.098909
vt 0.284318 -0.100000
vt 0.267318 1.098909
vt 0.268318 1.098910
vt 0.268318 1.100000
vt 0.267318 0.852773
vt 0.268318 0.852773
vt 0.268318 0.853773
vt -0.098909 0.754773
vt 0.286318 0.754773
vt 0.286318 0.753773
vt 0.286318 0.753773
vt 0.784318 0.754773
vt 0.784318 0.753773
vt -0.098909 0.770773
vt 1.098909 0.771773
vt 0.784318 0.770773
vt 0.286318 0.770773
vt 0.785318 0.770773
vt 0.785318 0.754773
vt 0.784318 -0.050000
vt 0.286318 -0.010000
vt 0.286318 -0.011000
vt 0.784318 -0.049000
vt 0.785318 -0.049000
vt 0.285318 -0.011000
vt 0.286318 -0.050000
vt -0.050000 0.034773
vt -0.010000 0.034773
vt -0.011000 0.034773
vt -0.010000 0.752773
vt 0.774318 0.743773
vt 0.296318 0.743773
vt 0.775318 0.044773
vt 0.775318 0.742773
vt -0.049000 0.742773
vt -0.050000 0.043773
vt -0.049000 0.044773
vt -0.011000 0.044773
vt -0.010000 0.043773
vt 0.776318 0.042773
vt 0.775318 0.044773
vt -0.049000 0.743773
vt -0.011000 0.743773
vt -0.011000 0.742773
vt 0.784318 1.010000
vt 0.286318 1.049000
vt 0.784318 1.011000
vt 0.785318 1.011000
vt 0.285318 1.049000
vt 0.286318 1.010000
vt 0.784318 1.049000
vt 1.010000 0.034773
vt 1.010000 0.752773
vt 1.050000 0.034773
vt 1.049000 0.034773
vt 0.294318 0.744773
vt 1.011000 0.742773
vt 1.010000 0.043773
vt 1.011000 0.044773
vt 1.049000 0.044773
vt 1.050000 0.043773
vt 1.011000 0.743773
vt 1.049000 0.743773
vt 1.049000 0.742773
vt 0.285318 -0.098909
vt 0.267318 1.098910
vt 0.268318 1.098910
vt 0.284318 -0.098909
vt 0.285318 1.098910
vt 0.284318 1.098910
vt 0.267318 -0.098909
vt 0.268318 -0.098909
vt 0.268318 -0.100000
vt 0.284318 1.100000
vt 0.285318 0.852773
vt 1.098909 0.754773
vt 1.100000 0.754773
vt 0.267318 0.852773
vt 0.784318 1.098910
vt 0.286318 -0.098909
vt 0.286318 1.098910
vt 0.286318 0.754773
vt 0.286318 -0.098909
vt 0.784318 1.098909
vt 0.774318 -0.049000
vt 0.296318 -0.011000
vt 0.774318 -0.011000
vt 0.784318 0.752773
vt 0.286318 0.752773
vt 0.294318 0.042773
vt 0.784318 0.034773
vt 0.776318 0.042773
vt -0.049000 0.044773
vt -0.011000 0.044773
vt 0.286318 0.034773
vt -0.049000 0.034773
vt -0.011000 0.752773
vt 0.774318 1.011000
vt 0.296318 1.049000
vt 0.774318 1.049000
vt 1.011000 0.044773
vt 1.011000 0.752773
vt 1.011000 0.034773
vt 1.049000 0.752773
vt -0.098909 0.852773
vt -0.098909 0.754773
vt 0.284318 0.852773
vt 0.284318 0.754773
vt 0.268318 0.754773
vt 1.098910 0.852773
vt -0.098909 0.753773
vt -0.098909 0.771773
vt 0.785318 -0.011000
vt 0.785318 1.049000
vt 0.285318 1.011000
vt 0.268318 1.100000
vt 0.284318 0.852773
vt 0.268318 0.852773
vt 0.784318 -0.098909
vt 0.784318 -0.098909
vt 0.296318 -0.049000
vt 0.296318 1.011000
s 0
usemtl Wardrobe
f 1709/2496/285 1710/2497/285 1711/2498/285
f 1712/2499/286 1713/2500/286 1714/2501/286
f 1715/2502/287 1716/2503/287 1717/2504/287
f 1718/2505/288 1719/2506/288 1720/2507/288
f 1721/2508/289 1722/2509/289 1723/2510/289
f 1724/2511/290 1725/2512/290 1726/2513/290
f 1727/2514/291 1728/2515/291 1729/2516/291
f 1730/2517/292 1731/2518/292 1732/2519/292
f 1829/2615/320 1830/2616/320 1831/2617/320
f 1832/2618/321 1833/2619/321 1834/2620/321
f 1835/2621/285 1836/2622/285 1837/2623/285
f 1838/2624/322 1839/2625/322 1840/2626/322
f 1841/2627/323 1842/2628/323 1843/2629/323
f 1844/2630/324 1845/2631/324 1846/2632/324
f 1847/2633/289 1848/2634/289 1849/2635/289
f 1850/2636/325 1851/2637/325 1852/2638/325
f 1713/2500/326 1709/2496/326 1711/2498/326
f 1718/2639/327 1716/2503/327 1715/2502/327
f 1720/2507/328 1714/2640/328 1713/2641/328
f 1711/2642/329 1717/2643/329 1716/2644/329
f 1724/2645/330 1722/2509/330 1721/2508/330
f 1731/2518/331 1727/2508/331 1729/2646/331
f 1732/2647/332 1726/2513/332 1725/2512/332
f 1723/2648/333 1729/2516/333 1728/2515/333
f 1730/2649/334 1719/2506/334 1718/2505/334
f 1712/2618/335 1725/2512/335 1724/2511/335
f 1710/2497/336 1721/2508/336 1723/2510/336
f 1715/2650/337 1728/2515/337 1727/2514/337
f 1832/2696/327 1830/2616/327 1829/2615/327
f 1839/2625/326 1835/2697/326 1837/2698/326
f 1834/2699/346 1840/2626/346 1839/2625/346
f 1837/2698/347 1831/2617/347 1830/2616/347
f 1845/2631/331 1841/2700/331 1843/2701/331
f 1850/2702/330 1848/2634/330 1847/2633/330
f 1846/2632/332 1852/2703/332 1851/2704/332
f 1849/2635/348 1843/2701/348 1842/2705/348
f 1844/2706/334 1833/2619/334 1832/2618/334
f 1838/2621/335 1851/2637/335 1850/2636/335
f 1842/2628/337 1829/2707/337 1831/2708/337
f 1847/2709/336 1836/2622/336 1835/2621/336
f 1712/2499/349 1721/2508/349 1709/2496/349
f 1716/2710/350 1713/2711/350 1711/2712/350
f 1710/2713/351 1728/2515/351 1717/2643/351
f 1719/2506/352 1725/2512/352 1714/2640/352
f 1715/2502/353 1730/2517/353 1718/2639/353
f 1726/2714/354 1729/2715/354 1722/2712/354
f 1829/2707/353 1844/2736/353 1832/2737/353
f 1839/2625/350 1830/2616/350 1834/2699/350
f 1836/2622/351 1842/2738/351 1831/2739/351
f 1833/2619/352 1851/2637/352 1840/2740/352
f 1838/2737/349 1847/2741/349 1835/2707/349
f 1843/2701/354 1852/2703/354 1845/2631/354
f 1713/2500/326 1712/2499/326 1709/2496/326
f 1718/2639/327 1720/2742/327 1716/2503/327
f 1720/2507/328 1719/2506/328 1714/2640/328
f 1711/2642/340 1710/2713/340 1717/2643/340
f 1724/2645/330 1726/2743/330 1722/2509/330
f 1731/2518/331 1730/2517/331 1727/2508/331
f 1732/2647/332 1731/2516/332 1726/2513/332
f 1723/2648/341 1722/2513/341 1729/2516/341
f 1730/2649/334 1732/2647/334 1719/2506/334
f 1712/2618/335 1714/2640/335 1725/2512/335
f 1710/2497/336 1709/2496/336 1721/2508/336
f 1715/2650/337 1717/2643/337 1728/2515/337
f 1832/2696/327 1834/2699/327 1830/2616/327
f 1839/2625/326 1838/2624/326 1835/2697/326
f 1834/2699/328 1833/2632/328 1840/2626/328
f 1837/2698/347 1836/2747/347 1831/2617/347
f 1845/2631/331 1844/2630/331 1841/2700/331
f 1850/2702/330 1852/2703/330 1848/2634/330
f 1846/2632/338 1845/2631/338 1852/2703/338
f 1849/2635/348 1848/2634/348 1843/2701/348
f 1844/2706/334 1846/2748/334 1833/2619/334
f 1838/2621/335 1840/2740/335 1851/2637/335
f 1842/2628/337 1841/2627/337 1829/2707/337
f 1847/2709/336 1849/2749/336 1836/2622/336
f 1712/2499/349 1724/2645/349 1721/2508/349
f 1716/2710/350 1720/2750/350 1713/2711/350
f 1710/2713/351 1723/2648/351 1728/2515/351
f 1719/2506/352 1732/2647/352 1725/2512/352
f 1715/2502/353 1727/2508/353 1730/2517/353
f 1726/2714/354 1731/2751/354 1729/2715/354
f 1829/2707/353 1841/2627/353 1844/2736/353
f 1839/2625/350 1837/2698/350 1830/2616/350
f 1836/2622/351 1849/2749/351 1842/2738/351
f 1833/2619/352 1846/2748/352 1851/2637/352
f 1838/2737/349 1850/2736/349 1847/2741/349
f 1843/2701/354 1848/2634/354 1852/2703/354
usemtl Black
f 1733/2520/293 1734/2521/293 1735/2522/293
f 1736/2523/294 1737/2524/294 1738/2525/294
f 1739/2526/295 1740/2527/295 1741/2528/295
f 1742/2529/296 1743/2530/296 1744/2531/296
f 1745/2532/297 1746/2533/297 1747/2534/297
f 1748/2535/298 1749/2536/298 1750/2537/298
f 1751/2538/299 1752/2539/299 1753/2540/299
f 1754/2541/300 1755/2542/300 1756/2543/300
f 1757/2544/301 1758/2545/301 1759/2546/301
f 1760/2547/302 1761/2548/302 1762/2549/302
f 1763/2550/303 1764/2551/303 1765/2552/303
f 1766/2553/304 1767/2554/304 1768/2555/304
f 1769/2556/305 1770/2557/305 1771/2558/305
f 1772/2559/306 1773/2560/306 1774/2561/306
f 1775/2562/307 1776/2563/307 1777/2564/307
f 1778/2565/308 1779/2566/308 1780/2567/308
f 1781/2568/293 1782/2569/293 1783/2522/293
f 1784/2570/294 1785/2571/294 1786/2572/294
f 1787/2573/309 1788/2574/309 1789/2575/309
f 1790/2576/310 1791/2577/310 1792/2578/310
f 1793/2579/297 1794/2580/297 1795/2581/297
f 1796/2582/298 1797/2583/298 1798/2584/298
f 1799/2585/311 1800/2586/311 1801/2587/311
f 1802/2588/312 1803/2589/312 1804/2590/312
f 1805/2591/313 1806/2592/313 1807/2593/313
f 1808/2594/314 1809/2595/314 1810/2596/314
f 1811/2597/315 1812/2598/315 1813/2599/315
f 1814/2600/304 1815/2601/304 1816/2602/304
f 1817/2603/316 1818/2604/316 1819/2605/316
f 1820/2606/317 1821/2607/317 1822/2608/317
f 1823/2609/318 1824/2610/318 1825/2611/318
f 1826/2612/319 1827/2613/319 1828/2614/319
f 1760/2651/338 1757/2544/338 1759/2546/338
f 1766/2553/333 1763/2652/333 1765/2653/333
f 1767/2554/331 1762/2654/331 1761/2655/331
f 1758/2545/330 1765/2653/330 1764/2656/330
f 1772/2559/339 1769/2657/339 1771/2544/339
f 1778/2555/340 1775/2562/340 1777/2564/340
f 1780/2553/327 1773/2560/327 1772/2559/327
f 1771/2544/326 1776/2563/326 1775/2562/326
f 1774/2658/334 1761/2548/334 1760/2547/334
f 1759/2547/335 1770/2557/335 1769/2556/335
f 1764/2551/336 1777/2659/336 1776/2660/336
f 1768/2661/337 1779/2566/337 1778/2565/337
f 1736/2662/339 1734/2521/339 1733/2520/339
f 1743/2530/329 1739/2663/329 1741/2521/329
f 1749/2536/332 1745/2532/332 1747/2534/332
f 1754/2541/333 1752/2539/333 1751/2538/333
f 1750/2664/335 1738/2577/335 1737/2665/335
f 1735/2666/334 1747/2667/334 1746/2668/334
f 1741/2528/337 1753/2669/337 1752/2670/337
f 1744/2531/336 1756/2671/336 1755/2672/336
f 1740/2527/327 1733/2673/327 1735/2666/327
f 1746/2533/331 1751/2538/331 1753/2540/331
f 1748/2535/330 1755/2542/330 1754/2541/330
f 1737/2524/326 1742/2674/326 1744/2675/326
f 1808/2676/332 1805/2591/332 1807/2593/332
f 1814/2600/341 1811/2611/341 1813/2677/341
f 1815/2601/331 1810/2678/331 1809/2679/331
f 1806/2592/330 1813/2677/330 1812/2680/330
f 1820/2606/328 1817/2681/328 1819/2591/328
f 1826/2602/340 1823/2609/340 1825/2611/340
f 1828/2682/327 1821/2607/327 1820/2606/327
f 1819/2591/326 1824/2610/326 1823/2609/326
f 1822/2683/334 1809/2595/334 1808/2594/334
f 1807/2684/335 1818/2604/335 1817/2603/335
f 1812/2598/336 1825/2685/336 1824/2686/336
f 1816/2597/337 1827/2613/337 1826/2612/337
f 1784/2662/342 1782/2569/342 1781/2568/342
f 1791/2577/340 1787/2663/340 1789/2687/340
f 1797/2583/332 1793/2579/332 1795/2581/332
f 1802/2588/343 1800/2586/343 1799/2585/343
f 1798/2664/344 1786/2577/344 1785/2665/344
f 1783/2688/334 1795/2689/334 1794/2690/334
f 1789/2575/337 1801/2691/337 1800/2692/337
f 1792/2578/345 1804/2671/345 1803/2672/345
f 1788/2574/327 1781/2693/327 1783/2688/327
f 1794/2580/331 1799/2585/331 1801/2587/331
f 1796/2582/330 1803/2589/330 1802/2588/330
f 1785/2571/326 1790/2694/326 1792/2695/326
f 1736/2716/350 1739/2717/350 1742/2718/350
f 1760/2719/352 1734/2521/352 1738/2577/352
f 1735/2666/353 1753/2669/353 1740/2527/353
f 1759/2720/352 1747/2721/352 1734/2521/352
f 1774/2722/352 1738/2577/352 1749/2723/352
f 1750/2724/349 1744/2675/349 1755/2725/349
f 1777/2726/351 1741/2521/351 1752/2721/351
f 1763/2720/351 1743/2530/351 1741/2521/351
f 1768/2719/351 1756/2671/351 1743/2530/351
f 1769/2726/352 1749/2723/352 1747/2721/352
f 1745/2532/354 1754/2541/354 1751/2538/354
f 1778/2722/351 1752/2721/351 1756/2671/351
f 1762/2654/354 1765/2653/354 1757/2544/354
f 1776/2660/349 1758/2548/349 1764/2551/349
f 1773/2727/353 1767/2728/353 1761/2548/353
f 1775/2562/350 1772/2559/350 1771/2544/350
f 1784/2729/350 1787/2730/350 1790/2731/350
f 1808/2719/352 1782/2569/352 1786/2577/352
f 1783/2688/353 1801/2691/353 1788/2574/353
f 1807/2720/352 1795/2721/352 1782/2569/352
f 1822/2722/352 1786/2577/352 1797/2671/352
f 1798/2732/349 1792/2695/349 1803/2691/349
f 1825/2726/351 1789/2687/351 1800/2721/351
f 1811/2720/351 1791/2577/351 1789/2687/351
f 1816/2719/351 1804/2671/351 1791/2577/351
f 1817/2726/352 1797/2671/352 1795/2721/352
f 1793/2579/354 1802/2588/354 1799/2585/354
f 1826/2722/351 1800/2721/351 1804/2671/351
f 1810/2678/354 1813/2677/354 1805/2591/354
f 1824/2686/349 1806/2733/349 1812/2598/349
f 1821/2734/353 1815/2735/353 1809/2595/353
f 1823/2609/350 1820/2606/350 1819/2591/350
f 1760/2651/332 1762/2654/332 1757/2544/332
f 1766/2553/341 1768/2555/341 1763/2652/341
f 1767/2554/331 1766/2553/331 1762/2654/331
f 1758/2545/330 1757/2544/330 1765/2653/330
f 1772/2559/328 1774/2561/328 1769/2657/328
f 1778/2555/355 1780/2553/355 1775/2562/355
f 1780/2553/327 1779/2744/327 1773/2560/327
f 1771/2544/326 1770/2545/326 1776/2563/326
f 1774/2658/334 1773/2727/334 1761/2548/334
f 1759/2547/335 1758/2548/335 1770/2557/335
f 1764/2551/336 1763/2550/336 1777/2659/336
f 1768/2661/337 1767/2728/337 1779/2566/337
f 1736/2662/328 1738/2577/328 1734/2521/328
f 1743/2530/347 1742/2529/347 1739/2663/347
f 1749/2536/356 1748/2535/356 1745/2532/356
f 1754/2541/333 1756/2543/333 1752/2539/333
f 1750/2664/335 1749/2723/335 1738/2577/335
f 1735/2666/334 1734/2525/334 1747/2667/334
f 1741/2528/337 1740/2527/337 1753/2669/337
f 1744/2531/357 1743/2530/357 1756/2671/357
f 1740/2527/327 1739/2526/327 1733/2673/327
f 1746/2533/331 1745/2532/331 1751/2538/331
f 1748/2535/330 1750/2537/330 1755/2542/330
f 1737/2524/326 1736/2523/326 1742/2674/326
f 1808/2676/338 1810/2678/338 1805/2591/338
f 1814/2600/341 1816/2602/341 1811/2611/341
f 1815/2601/331 1814/2600/331 1810/2678/331
f 1806/2592/330 1805/2591/330 1813/2677/330
f 1820/2606/339 1822/2608/339 1817/2681/339
f 1826/2602/340 1828/2682/340 1823/2609/340
f 1828/2682/327 1827/2745/327 1821/2607/327
f 1819/2591/326 1818/2746/326 1824/2610/326
f 1822/2683/334 1821/2734/334 1809/2595/334
f 1807/2684/335 1806/2733/335 1818/2604/335
f 1812/2598/336 1811/2597/336 1825/2685/336
f 1816/2597/337 1815/2735/337 1827/2613/337
f 1784/2662/328 1786/2577/328 1782/2569/328
f 1791/2577/340 1790/2576/340 1787/2663/340
f 1797/2583/358 1796/2582/358 1793/2579/358
f 1802/2588/333 1804/2590/333 1800/2586/333
f 1798/2664/335 1797/2671/335 1786/2577/335
f 1783/2688/334 1782/2572/334 1795/2689/334
f 1789/2575/337 1788/2574/337 1801/2691/337
f 1792/2578/336 1791/2577/336 1804/2671/336
f 1788/2574/327 1787/2573/327 1781/2693/327
f 1794/2580/331 1793/2579/331 1799/2585/331
f 1796/2582/330 1798/2584/330 1803/2589/330
f 1785/2571/326 1784/2570/326 1790/2694/326
f 1736/2716/350 1733/2752/350 1739/2717/350
f 1760/2719/352 1759/2720/352 1734/2521/352
f 1735/2666/353 1746/2668/353 1753/2669/353
f 1759/2720/352 1769/2726/352 1747/2721/352
f 1774/2722/352 1760/2719/352 1738/2577/352
f 1750/2724/349 1737/2524/349 1744/2675/349
f 1777/2726/351 1763/2720/351 1741/2521/351
f 1763/2720/351 1768/2719/351 1743/2530/351
f 1768/2719/351 1778/2722/351 1756/2671/351
f 1769/2726/352 1774/2722/352 1749/2723/352
f 1745/2532/354 1748/2535/354 1754/2541/354
f 1778/2722/351 1777/2726/351 1752/2721/351
f 1762/2654/354 1766/2553/354 1765/2653/354
f 1776/2660/349 1770/2557/349 1758/2548/349
f 1773/2727/353 1779/2566/353 1767/2728/353
f 1775/2562/350 1780/2553/350 1772/2559/350
f 1784/2729/350 1781/2753/350 1787/2730/350
f 1808/2719/352 1807/2720/352 1782/2569/352
f 1783/2688/353 1794/2690/353 1801/2691/353
f 1807/2720/352 1817/2726/352 1795/2721/352
f 1822/2722/352 1808/2719/352 1786/2577/352
f 1798/2732/349 1785/2571/349 1792/2695/349
f 1825/2726/351 1811/2720/351 1789/2687/351
f 1811/2720/351 1816/2719/351 1791/2577/351
f 1816/2719/351 1826/2722/351 1804/2671/351
f 1817/2726/352 1822/2722/352 1797/2671/352
f 1793/2579/354 1796/2582/354 1802/2588/354
f 1826/2722/351 1825/2726/351 1800/2721/351
f 1810/2678/354 1814/2600/354 1813/2677/354
f 1824/2686/349 1818/2604/349 1806/2733/349
f 1821/2734/353 1827/2613/353 1815/2735/353
f 1823/2609/350 1828/2682/350 1820/2606/350
o Tobiasz.001
v 0.000000 0.000000 0.010000
v 0.000000 0.000000 -2.020000
v 2.800000 0.000000 0.000000
v 2.800000 0.000000 -2.020000
v 0.000000 0.060000 0.010000
v 0.000000 0.060000 -2.020000
v 2.800000 0.060000 0.000000
v 2.800000 0.060000 -2.020000
v 0.279000 0.000000 0.010000
v 0.280000 0.001000 0.010000
v 1.100000 0.001000 0.000000
v 1.101000 0.000000 0.000000
v 0.280000 0.059000 0.010000
v 0.279000 0.060000 0.010000
v 1.101000 0.060000 0.000000
v 1.100000 0.059000 0.000000
v 0.009000 0.000000 0.001000
v 0.010000 0.001000 -0.001000
v 0.011000 0.001000 0.000000
v 0.279000 0.000000 0.001000
v 0.279000 0.001000 0.000000
v 0.280000 0.001000 0.001000
v 1.101000 0.000000 -0.009000
v 1.100000 0.001000 -0.009000
v 1.101000 0.001000 -0.010000
v 2.789000 0.001000 -0.010000
v 2.790000 0.001000 -0.011000
v 2.791000 0.000000 -0.009000
v 2.790000 0.001000 -2.009000
v 2.789000 0.001000 -2.010000
v 2.791000 0.000000 -2.011000
v 0.011000 0.001000 -2.010000
v 0.010000 0.001000 -2.009000
v 0.009000 0.000000 -2.011000
v 0.011000 0.059000 0.000000
v 0.010000 0.059000 -0.001000
v 0.009000 0.060000 0.001000
v 0.279000 0.060000 0.001000
v 0.280000 0.059000 0.001000
v 0.279000 0.059000 0.000000
v 1.101000 0.060000 -0.009000
v 1.101000 0.059000 -0.010000
v 1.100000 0.059000 -0.009000
v 2.791000 0.060000 -0.009000
v 2.790000 0.059000 -0.011000
v 2.789000 0.059000 -0.010000
v 2.791000 0.060000 -2.011000
v 2.789000 0.059000 -2.010000
v 2.790000 0.059000 -2.009000
v 0.009000 0.060000 -2.011000
v 0.010000 0.059000 -2.009000
v 0.011000 0.059000 -2.010000
vn 0.3015 -0.9045 -0.3015
vn 0.5774 -0.5773 -0.5774
vn -0.5773 -0.5774 -0.5773
vn -0.3015 -0.9045 -0.3016
vn -0.3015 -0.9045 0.3016
vn 0.3015 -0.9045 0.3015
vn 0.3015 0.9045 -0.3015
vn 0.5773 0.5773 -0.5774
vn -0.5773 0.5774 -0.5773
vn -0.3015 0.9045 -0.3016
vn -0.3015 0.9045 0.3016
vn 0.3015 0.9045 0.3015
vn -0.0000 -0.7071 -0.7071
vn -0.7071 -0.7071 -0.0000
vn -0.0000 -0.7070 0.7072
vn 0.7071 -0.7071 -0.0000
vn -0.0000 0.7071 -0.7071
vn -0.7071 0.7071 -0.0000
vn -0.0000 0.7070 0.7072
vn 0.7071 0.7071 -0.0000
vn 0.7071 -0.0000 0.7071
vn 0.7071 -0.0000 -0.7071
vn -0.7071 -0.0000 0.7071
vn -0.7071 -0.0000 -0.7071
vn -0.0000 -1.0000 -0.0000
vn 1.0000 -0.0000 -0.0000
vn -1.0000 -0.0000 -0.0000
vn -0.0000 1.0000 -0.0000
vn -0.0000 -0.0000 -1.0000
vn -0.0000 -0.0000 1.0000
vn -0.0000 -0.7071 0.7071
vn -0.0000 0.7071 0.7071
vn -0.7070 -0.0000 -0.7072
vt -0.682177 -0.205706
vt -0.681177 -0.203711
vt -0.680181 -0.204706
vt -0.412177 -0.205706
vt -0.412177 -0.204706
vt -0.411177 -0.205706
vt 0.409824 -0.205706
vt 0.408823 -0.205706
vt 0.409824 -0.204706
vt 2.097824 -0.204706
vt 2.098824 -0.203707
vt 2.099823 -0.205706
vt 2.098824 1.794294
vt 2.097824 1.795294
vt 2.099823 1.796294
vt -0.680177 1.795294
vt -0.681177 1.794300
vt -0.682176 1.796294
vt -0.680176 -0.204706
vt -0.681177 -0.203712
vt -0.682177 -0.205706
vt -0.412177 -0.205706
vt 0.409824 -0.205706
vt 0.409824 -0.204706
vt 0.408823 -0.205706
vt 2.099824 -0.205706
vt 2.098824 -0.203706
vt 2.097824 -0.204706
vt 2.099824 1.796294
vt 2.097823 1.795294
vt 2.098824 1.794295
vt -0.681177 1.794299
vt -0.680177 1.795294
vt -0.680177 0.529000
vt -0.681177 0.471000
vt -0.680177 0.471000
vt -0.680176 0.471000
vt -0.681177 0.529000
vt -0.680176 0.529000
vt 2.098824 0.529000
vt 2.097824 0.471000
vt 2.098824 0.471000
vt 2.097824 0.529000
vt -0.412177 0.529000
vt -0.411177 0.471000
vt -0.412177 0.471000
vt 0.409824 0.471000
vt 0.408823 0.529000
vt 0.409824 0.529000
vt -0.411177 -0.214706
vt -0.412177 -0.214706
vt 0.409824 -0.214706
vt 0.408823 -0.214706
vt 0.409824 -0.214706
vt -0.214706 0.529000
vt -0.205706 0.471000
vt -0.205706 0.529000
vt -0.214706 0.471000
vt -0.205706 0.471000
vt 1.794299 0.471000
vt -0.203711 0.529000
vt -0.203711 0.471000
vt -0.691177 -0.214706
vt 2.097824 0.471000
vt 2.108824 1.805294
vt -0.203706 0.529000
vt 1.794294 0.471000
vt -0.203706 0.471000
vt -0.691177 1.805294
vt 2.108824 -0.214706
vt 2.097824 0.529000
vt -0.411177 0.529000
vt 0.408823 0.471000
vt -0.214706 0.471000
vt -0.214706 0.529000
vt 1.794299 0.529000
vt 1.794294 0.529000
s 0
usemtl Wall
f 1869/2754/359 1870/2755/359 1871/2756/359
f 1872/2757/360 1873/2758/360 1874/2759/360
f 1875/2760/361 1876/2761/361 1877/2762/361
f 1878/2763/362 1879/2764/362 1880/2765/362
f 1881/2766/363 1882/2767/363 1883/2768/363
f 1884/2769/364 1885/2770/364 1886/2771/364
f 1887/2772/365 1888/2773/365 1889/2774/365
f 1890/2775/366 1891/2759/366 1892/2758/366
f 1893/2776/367 1894/2777/367 1895/2778/367
f 1896/2779/368 1897/2780/368 1898/2781/368
f 1899/2782/369 1900/2783/369 1901/2784/369
f 1902/2771/370 1903/2785/370 1904/2786/370
f 1871/2756/371 1872/2757/371 1869/2754/371
f 1878/2763/371 1875/2760/371 1877/2762/371
f 1881/2766/372 1880/2765/372 1879/2764/372
f 1883/2768/373 1884/2769/373 1886/2771/373
f 1886/2771/374 1870/2755/374 1869/2754/374
f 1890/2775/375 1887/2772/375 1889/2774/375
f 1893/2776/375 1898/2781/375 1894/2777/375
f 1899/2782/376 1897/2780/376 1896/2779/376
f 1900/2783/377 1902/2771/377 1904/2786/377
f 1888/2773/378 1902/2771/378 1889/2774/378
f 1904/2787/379 1885/2788/379 1884/2789/379
f 1871/2790/380 1888/2791/380 1887/2792/380
f 1901/2793/381 1882/2794/381 1881/2795/381
f 1879/2795/382 1898/2796/382 1897/2793/382
f 1892/2797/380 1874/2798/380 1873/2799/380
f 1877/2800/382 1895/2801/382 1894/2802/382
f 1872/2757/374 1862/2803/374 1861/2804/374
f 1864/2805/372 1876/2761/372 1875/2760/372
f 1866/2804/378 1891/2759/378 1890/2775/378
f 1893/2776/376 1868/2806/376 1867/2807/376
f 1861/2804/383 1869/2754/383 1872/2757/383
f 1865/2808/384 1874/2809/384 1891/2810/384
f 1880/2765/383 1864/2805/383 1875/2760/383
f 1863/2811/385 1895/2810/385 1876/2812/385
f 1889/2774/386 1866/2804/386 1890/2775/386
f 1867/2807/386 1896/2779/386 1893/2776/386
f 1885/2813/384 1888/2814/384 1870/2815/384
f 1887/2792/387 1873/2799/387 1871/2790/387
f 1853/2816/383 1886/2771/383 1869/2754/383
f 1894/2802/387 1878/2817/387 1877/2800/387
f 1856/2818/383 1880/2765/383 1883/2768/383
f 1897/2819/385 1881/2820/385 1879/2821/385
f 1854/2822/383 1883/2768/383 1886/2771/383
f 1882/2794/388 1904/2787/388 1884/2789/388
f 1858/2822/386 1889/2774/386 1902/2771/386
f 1859/2823/386 1899/2782/386 1896/2779/386
f 1860/2818/386 1902/2771/386 1899/2782/386
f 1871/2756/371 1873/2758/371 1872/2757/371
f 1878/2763/371 1880/2765/371 1875/2760/371
f 1881/2766/372 1883/2768/372 1880/2765/372
f 1883/2768/389 1882/2767/389 1884/2769/389
f 1886/2771/374 1885/2770/374 1870/2755/374
f 1890/2775/375 1892/2758/375 1887/2772/375
f 1893/2776/375 1896/2779/375 1898/2781/375
f 1899/2782/376 1901/2784/376 1897/2780/376
f 1900/2783/390 1899/2782/390 1902/2771/390
f 1888/2773/378 1903/2785/378 1902/2771/378
f 1904/2787/379 1903/2791/379 1885/2788/379
f 1871/2790/380 1870/2788/380 1888/2791/380
f 1901/2793/381 1900/2824/381 1882/2794/381
f 1879/2795/382 1878/2817/382 1898/2796/382
f 1892/2797/380 1891/2825/380 1874/2798/380
f 1877/2800/391 1876/2826/391 1895/2801/391
f 1872/2757/374 1874/2759/374 1862/2803/374
f 1864/2805/372 1863/2806/372 1876/2761/372
f 1866/2804/378 1865/2803/378 1891/2759/378
f 1893/2776/376 1895/2778/376 1868/2806/376
f 1861/2804/383 1853/2816/383 1869/2754/383
f 1865/2808/384 1862/2827/384 1874/2809/384
f 1880/2765/383 1855/2823/383 1864/2805/383
f 1863/2811/385 1868/2828/385 1895/2810/385
f 1889/2774/386 1857/2816/386 1866/2804/386
f 1867/2807/386 1859/2823/386 1896/2779/386
f 1885/2813/384 1903/2829/384 1888/2814/384
f 1887/2792/387 1892/2797/387 1873/2799/387
f 1853/2816/383 1854/2822/383 1886/2771/383
f 1894/2802/387 1898/2796/387 1878/2817/387
f 1856/2818/383 1855/2823/383 1880/2765/383
f 1897/2819/385 1901/2830/385 1881/2820/385
f 1854/2822/383 1856/2818/383 1883/2768/383
f 1882/2794/388 1900/2824/388 1904/2787/388
f 1858/2822/386 1857/2816/386 1889/2774/386
f 1859/2823/386 1860/2818/386 1899/2782/386
f 1860/2818/386 1858/2822/386 1902/2771/386
o Tobiasz.002
v 2.800000 2.211000 -0.001000
v 2.799000 2.211000 0.000000
v 2.799000 2.210000 -0.001000
v 2.621000 2.228000 -0.999000
v 2.621000 2.227000 -1.000000
v 2.620000 2.227000 -0.999000
v 2.620000 2.211000 -0.001000
v 2.621000 2.210000 -0.001000
v 2.621000 2.211000 0.000000
v 2.799000 2.228000 -0.999000
v 2.800000 2.227000 -0.999000
v 2.799000 2.227000 -1.000000
v 2.799000 2.227000 0.000000
v 2.800000 2.227000 -0.001000
v 2.799000 2.228000 -0.001000
v 2.621000 2.210000 -0.999000
v 2.620000 2.211000 -0.999000
v 2.621000 2.211000 -1.000000
v 2.620000 2.227000 -0.001000
v 2.621000 2.227000 0.000000
v 2.621000 2.228000 -0.001000
v 2.800000 2.211000 -0.999000
v 2.799000 2.210000 -0.999000
v 2.799000 2.211000 -1.000000
v 2.800000 1.911000 -0.001000
v 2.799000 1.911000 0.000000
v 2.799000 1.910000 -0.001000
v 2.621000 1.928000 -1.999000
v 2.621000 1.927000 -2.000000
v 2.620000 1.927000 -1.999000
v 2.620000 1.911000 -0.001000
v 2.621000 1.910000 -0.001000
v 2.621000 1.911000 0.000000
v 2.799000 1.928000 -1.999000
v 2.800000 1.927000 -1.999000
v 2.799000 1.927000 -2.000000
v 2.799000 1.927000 0.000000
v 2.800000 1.927000 -0.001000
v 2.799000 1.928000 -0.001000
v 2.621000 1.910000 -1.999000
v 2.620000 1.911000 -1.999000
v 2.621000 1.911000 -2.000000
v 2.620000 1.927000 -0.001000
v 2.621000 1.927000 0.000000
v 2.621000 1.928000 -0.001000
v 2.800000 1.911000 -1.999000
v 2.799000 1.910000 -1.999000
v 2.799000 1.911000 -2.000000
v 2.800000 1.611000 -1.001000
v 2.799000 1.611000 -1.000000
v 2.799000 1.610000 -1.001000
v 2.621000 1.628000 -1.999000
v 2.621000 1.626999 -2.000000
v 2.620000 1.626999 -1.999000
v 2.620000 1.611000 -1.001000
v 2.621000 1.610000 -1.001000
v 2.621000 1.611000 -1.000000
v 2.799000 1.628000 -1.999000
v 2.800000 1.626999 -1.999000
v 2.799000 1.626999 -2.000000
v 2.799000 1.626999 -1.000000
v 2.800000 1.626999 -1.001000
v 2.799000 1.628000 -1.001000
v 2.621000 1.610000 -1.999000
v 2.620000 1.611000 -1.999000
v 2.621000 1.611000 -2.000000
v 2.620000 1.626999 -1.001000
v 2.621000 1.626999 -1.000000
v 2.621000 1.628000 -1.001000
v 2.800000 1.611000 -1.999000
v 2.799000 1.610000 -1.999000
v 2.799000 1.611000 -2.000000
vn 0.5773 -0.5774 0.5773
vn -0.5772 0.5774 -0.5775
vn -0.5772 -0.5773 0.5775
vn 0.5773 0.5774 -0.5773
vn 0.5773 0.5774 0.5773
vn -0.5772 -0.5774 -0.5775
vn -0.5772 0.5773 0.5775
vn 0.5773 -0.5774 -0.5773
vn 0.5774 -0.5772 0.5774
vn -0.5774 0.5774 -0.5774
vn -0.5774 -0.5772 0.5774
vn 0.5774 0.5774 -0.5774
vn 0.5774 0.5772 0.5774
vn -0.5774 -0.5774 -0.5774
vn -0.5774 0.5772 0.5774
vn 0.5774 -0.5774 -0.5774
vn 0.5774 -0.5774 0.5774
vn -0.5774 -0.5774 0.5774
vn 0.5774 0.5774 0.5774
vn -0.5774 0.5774 0.5774
vn -0.7071 -0.7071 -0.0000
vn -0.7070 0.7072 -0.0000
vn 0.7071 -0.7071 -0.0000
vn -0.0000 -0.7071 0.7071
vn -0.7072 -0.0000 -0.7070
vn -0.0000 -0.7072 -0.7071
vn -0.0000 0.7071 -0.7071
vn -0.0000 0.7071 0.7071
vn 0.7072 -0.0000 -0.7070
vn -0.7072 -0.0000 0.7070
vn 0.7070 0.7072 -0.0000
vn 0.7070 -0.0000 0.7072
vn -0.7071 0.7071 -0.0000
vn -0.7070 -0.0000 -0.7072
vn -0.0000 -0.7072 -0.7070
vn -0.0000 0.7070 -0.7072
vn 0.7071 0.7071 -0.0000
vn 0.7072 -0.0000 0.7070
vn -0.7071 0.7072 -0.0000
vn -0.0000 -0.7070 0.7072
vn -0.0000 0.7072 0.7070
vn 0.7071 0.7072 -0.0000
vn -0.0000 -1.0000 -0.0000
vn -0.0000 -0.0000 1.0000
vn 1.0000 -0.0000 -0.0000
vn -1.0000 -0.0000 -0.0000
vn -0.0000 -0.0000 -1.0000
vn -0.0000 1.0000 -0.0000
vn -0.0000 -0.7071 -0.7071
vn -0.0000 0.7072 -0.7071
vn 0.7070 -0.0000 -0.7072
vn -0.7072 -0.7070 -0.0000
vn -0.7072 0.7070 -0.0000
vn 0.7072 -0.7070 -0.0000
vn -0.0000 -0.7071 -0.7072
vn -0.0000 0.7072 -0.7070
vn -0.7070 -0.0000 0.7072
vn 0.7072 0.7070 -0.0000
vn -0.0000 -0.7072 0.7070
vn -0.0000 0.7071 0.7072
vt -0.972056 0.501000
vt -0.973056 0.501000
vt -0.972056 0.500000
vt 1.170556 0.025944
vt 1.170556 0.026944
vt 1.170000 0.025944
vt 1.170000 -0.972056
vt 1.170556 -0.972056
vt 1.170556 -0.973056
vt 1.269445 0.025944
vt 1.270000 0.025944
vt 1.269445 0.026944
vt -0.973056 0.517000
vt -0.972056 0.517000
vt -0.972056 0.518000
vt 1.170556 0.025944
vt 1.170000 0.025944
vt -0.972056 0.517000
vt -0.972056 0.518000
vt 0.025944 0.501000
vt 0.025944 0.500000
vt 0.026944 0.501000
vt -0.472556 0.201000
vt -0.473056 0.201000
vt -0.472556 0.200000
vt 1.170556 0.218000
vt 1.170556 0.217000
vt 1.170000 0.217000
vt 1.170000 -0.472556
vt 1.170556 -0.472556
vt 1.170556 -0.473056
vt 0.526444 0.218000
vt 0.526444 0.217000
vt 0.526944 0.217000
vt -0.473056 0.217000
vt -0.472556 0.217000
vt -0.472556 0.218000
vt 1.170556 0.526444
vt 1.170000 0.526444
vt 1.170556 0.526944
vt -0.472556 0.217000
vt -0.473056 0.217000
vt 0.526444 0.201000
vt 0.526444 0.200000
vt 0.526944 0.201000
vt 0.027944 -0.099000
vt 0.026944 -0.099000
vt 0.027944 -0.100000
vt 1.170556 -0.082000
vt 1.170556 -0.083000
vt 1.170000 -0.083000
vt 1.170000 0.027944
vt 1.170556 0.027944
vt 1.170556 0.026944
vt 1.025944 -0.082000
vt 1.025944 -0.083000
vt 1.026944 -0.083000
vt 0.026944 -0.083000
vt 0.027944 -0.083000
vt 0.027944 -0.082000
vt 1.170556 1.025944
vt 1.170000 1.025944
vt 1.170556 1.026944
vt 0.027944 -0.083000
vt 0.026944 -0.083000
vt 1.270000 1.025944
vt 1.269445 1.025944
vt 1.269445 1.026944
vt 1.170000 -0.972056
vt 1.269445 -0.972056
vt 1.269445 -0.973056
vt 0.025944 0.517000
vt 0.026944 0.517000
vt 1.269444 -0.972056
vt -0.972056 0.501000
vt 1.170000 -0.472556
vt 1.170556 -0.472556
vt 1.269445 -0.472556
vt 1.269445 -0.473056
vt 1.170556 0.201000
vt 1.170556 0.200000
vt 1.269445 0.201000
vt 1.269445 0.200000
vt 1.269445 0.218000
vt 1.269445 0.217000
vt -0.472556 0.201000
vt 1.170556 1.025944
vt 1.270000 0.027944
vt 1.269445 0.027944
vt 1.170556 -0.099000
vt 1.269445 -0.082000
vt 1.269445 -0.083000
vt 1.025944 -0.099000
vt 1.026944 -0.099000
vt 0.027944 -0.099000
vt 1.269445 0.517000
vt 1.170556 0.501000
vt 1.269445 0.501000
vt 1.269445 0.217000
vt 1.170556 0.201000
vt 1.269445 0.201000
vt 0.526444 0.217000
vt 1.269445 0.526444
vt 1.269445 -0.083000
vt 1.170556 -0.099000
vt 1.269445 -0.099000
vt 1.025944 -0.083000
vt 0.025944 0.501000
vt 1.170556 -0.973056
vt -0.973056 0.501000
vt 1.270000 -0.972056
vt 1.170000 0.201000
vt 1.170556 -0.473056
vt -0.473056 0.201000
vt 1.170000 -0.099000
vt 1.170556 0.026944
vt 0.026944 -0.099000
vt 1.170556 0.517000
vt 1.269445 0.526444
vt 0.526444 0.201000
vt 1.170556 -0.083000
vt 1.025944 -0.099000
s 0
usemtl Wardrobe
f 1905/2831/392 1906/2832/392 1907/2833/392
f 1908/2834/393 1909/2835/393 1910/2836/393
f 1911/2837/394 1912/2838/394 1913/2839/394
f 1914/2840/395 1915/2841/395 1916/2842/395
f 1917/2843/396 1918/2844/396 1919/2845/396
f 1920/2846/397 1921/2847/397 1922/2835/397
f 1923/2848/398 1924/2843/398 1925/2849/398
f 1926/2850/399 1927/2851/399 1928/2852/399
f 1929/2853/400 1930/2854/400 1931/2855/400
f 1932/2856/401 1933/2857/401 1934/2858/401
f 1935/2859/402 1936/2860/402 1937/2861/402
f 1938/2862/403 1939/2863/403 1940/2864/403
f 1941/2865/404 1942/2866/404 1943/2867/404
f 1944/2868/405 1945/2869/405 1946/2870/405
f 1947/2871/406 1948/2872/406 1949/2867/406
f 1950/2873/407 1951/2874/407 1952/2875/407
f 1953/2876/408 1954/2877/408 1955/2878/408
f 1956/2879/401 1957/2880/401 1958/2881/401
f 1959/2882/409 1960/2883/409 1961/2884/409
f 1962/2885/403 1963/2886/403 1964/2887/403
f 1965/2888/410 1966/2889/410 1967/2890/410
f 1968/2891/405 1969/2892/405 1970/2893/405
f 1971/2894/411 1972/2895/411 1973/2890/411
f 1974/2896/407 1975/2897/407 1976/2898/407
f 1912/2838/412 1921/2847/412 1920/2846/412
f 1908/2834/413 1923/2899/413 1925/2838/413
f 1927/2851/414 1905/2831/414 1907/2833/414
f 1913/2839/415 1907/2900/415 1906/2901/415
f 1922/2852/416 1910/2902/416 1909/2903/416
f 1920/2846/417 1928/2842/417 1927/2840/417
f 1909/2835/418 1914/2840/418 1916/2842/418
f 1925/2838/419 1917/2901/419 1919/2904/419
f 1916/2903/420 1926/2850/420 1928/2852/420
f 1911/2905/421 1924/2843/421 1923/2848/421
f 1919/2904/422 1915/2841/422 1914/2840/422
f 1918/2844/423 1906/2832/423 1905/2831/423
f 1936/2860/412 1945/2869/412 1944/2868/412
f 1932/2868/424 1947/2906/424 1949/2907/424
f 1951/2874/414 1929/2853/414 1931/2855/414
f 1937/2861/415 1931/2908/415 1930/2909/415
f 1946/2910/425 1934/2858/425 1933/2857/425
f 1944/2911/426 1952/2912/426 1951/2913/426
f 1933/2857/427 1938/2914/427 1940/2915/427
f 1949/2907/419 1941/2909/419 1943/2908/419
f 1940/2864/420 1950/2873/420 1952/2875/420
f 1935/2916/421 1948/2872/421 1947/2871/421
f 1943/2867/428 1939/2863/428 1938/2862/428
f 1942/2866/429 1930/2854/429 1929/2853/429
f 1960/2883/412 1969/2892/412 1968/2891/412
f 1956/2917/430 1971/2882/430 1973/2883/430
f 1975/2897/414 1953/2918/414 1955/2919/414
f 1961/2884/431 1955/2919/431 1954/2842/431
f 1970/2920/425 1958/2881/425 1957/2880/425
f 1968/2891/426 1976/2898/426 1975/2897/426
f 1957/2880/427 1962/2921/427 1964/2922/427
f 1973/2883/432 1965/2842/432 1967/2919/432
f 1964/2887/420 1974/2923/420 1976/2924/420
f 1959/2925/421 1972/2895/421 1971/2894/421
f 1967/2890/433 1963/2886/433 1962/2885/433
f 1966/2889/429 1954/2877/429 1953/2876/429
f 1920/2846/434 1907/2900/434 1912/2838/434
f 1917/2926/435 1913/2927/435 1906/2928/435
f 1926/2850/436 1918/2844/436 1905/2831/436
f 1910/2902/437 1911/2905/437 1923/2848/437
f 1922/2927/438 1916/2926/438 1928/2928/438
f 1914/2840/439 1925/2838/439 1919/2904/439
f 1944/2868/434 1931/2908/434 1936/2860/434
f 1941/2929/435 1937/2930/435 1930/2931/435
f 1950/2873/436 1942/2866/436 1929/2853/436
f 1934/2932/437 1935/2916/437 1947/2871/437
f 1946/2910/438 1940/2915/438 1952/2912/438
f 1938/2933/439 1949/2907/439 1943/2908/439
f 1968/2891/434 1955/2919/434 1960/2883/434
f 1965/2934/435 1961/2935/435 1954/2936/435
f 1974/2923/436 1966/2889/436 1953/2876/436
f 1958/2937/437 1959/2925/437 1971/2894/437
f 1970/2920/438 1964/2922/438 1976/2936/438
f 1962/2897/439 1973/2883/439 1967/2919/439
f 1912/2838/412 1911/2837/412 1921/2847/412
f 1908/2834/424 1910/2836/424 1923/2899/424
f 1927/2851/414 1926/2850/414 1905/2831/414
f 1913/2839/415 1912/2838/415 1907/2900/415
f 1922/2852/416 1921/2938/416 1910/2902/416
f 1920/2846/440 1922/2835/440 1928/2842/440
f 1909/2835/441 1908/2834/441 1914/2840/441
f 1925/2838/419 1924/2939/419 1917/2901/419
f 1916/2903/442 1915/2902/442 1926/2850/442
f 1911/2905/421 1913/2940/421 1924/2843/421
f 1919/2904/428 1918/2941/428 1915/2841/428
f 1918/2844/429 1917/2843/429 1906/2832/429
f 1936/2860/443 1935/2859/443 1945/2869/443
f 1932/2868/444 1934/2869/444 1947/2906/444
f 1951/2874/445 1950/2873/445 1929/2853/445
f 1937/2861/415 1936/2860/415 1931/2908/415
f 1946/2910/416 1945/2942/416 1934/2858/416
f 1944/2911/446 1946/2910/446 1952/2912/446
f 1933/2857/447 1932/2856/447 1938/2914/447
f 1949/2907/419 1948/2943/419 1941/2909/419
f 1940/2864/420 1939/2863/420 1950/2873/420
f 1935/2916/448 1937/2944/448 1948/2872/448
f 1943/2867/449 1942/2866/449 1939/2863/449
f 1942/2866/429 1941/2865/429 1930/2854/429
f 1960/2883/443 1959/2882/443 1969/2892/443
f 1956/2917/444 1958/2892/444 1971/2882/444
f 1975/2897/445 1974/2896/445 1953/2918/445
f 1961/2884/450 1960/2883/450 1955/2919/450
f 1970/2920/416 1969/2945/416 1958/2881/416
f 1968/2891/446 1970/2893/446 1976/2898/446
f 1957/2880/447 1956/2879/447 1962/2921/447
f 1973/2883/451 1972/2946/451 1965/2842/451
f 1964/2887/420 1963/2886/420 1974/2923/420
f 1959/2925/448 1961/2947/448 1972/2895/448
f 1967/2890/449 1966/2889/449 1963/2886/449
f 1966/2889/429 1965/2888/429 1954/2877/429
f 1920/2846/434 1927/2840/434 1907/2900/434
f 1917/2926/435 1924/2948/435 1913/2927/435
f 1926/2850/436 1915/2902/436 1918/2844/436
f 1910/2902/437 1921/2938/437 1911/2905/437
f 1922/2927/438 1909/2948/438 1916/2926/438
f 1914/2840/439 1908/2834/439 1925/2838/439
f 1944/2868/434 1951/2949/434 1931/2908/434
f 1941/2929/435 1948/2857/435 1937/2930/435
f 1950/2873/436 1939/2863/436 1942/2866/436
f 1934/2932/437 1945/2950/437 1935/2916/437
f 1946/2910/438 1933/2857/438 1940/2915/438
f 1938/2933/439 1932/2868/439 1949/2907/439
f 1968/2891/434 1975/2897/434 1955/2919/434
f 1965/2934/435 1972/2951/435 1961/2935/435
f 1974/2923/436 1963/2886/436 1966/2889/436
f 1958/2937/437 1969/2952/437 1959/2925/437
f 1970/2920/438 1957/2880/438 1964/2922/438
f 1962/2897/439 1956/2917/439 1973/2883/439
o Lamele
v 2.799000 0.800000 0.009000
v 2.799000 0.799000 0.010000
v 2.800000 0.799000 0.009000
v 2.799000 0.800000 -0.007000
v 2.800000 0.799000 -0.007000
v 2.799000 0.799000 -0.008000
v 2.799000 0.650000 0.009000
v 2.800000 0.651000 0.009000
v 2.799000 0.651000 0.010000
v 2.799000 0.650000 -0.007000
v 2.799000 0.651000 -0.008000
v 2.800000 0.651000 -0.007000
v 1.801000 0.800000 0.009000
v 1.800000 0.799000 0.009000
v 1.801000 0.799000 0.010000
v 1.801000 0.800000 -0.007000
v 1.801000 0.799000 -0.008000
v 1.800000 0.799000 -0.007000
v 1.801000 0.650000 0.009000
v 1.801000 0.651000 0.010000
v 1.800000 0.651000 0.009000
v 1.801000 0.650000 -0.007000
v 1.800000 0.651000 -0.007000
v 1.801000 0.651000 -0.008000
v 2.799000 0.799000 -2.002000
v 2.799000 0.800000 -2.001000
v 2.800000 0.799000 -2.001000
v 2.799000 0.651000 -2.002000
v 2.800000 0.651000 -2.001000
v 2.799000 0.650000 -2.001000
v 2.799000 0.799000 -0.008000
v 2.800000 0.799000 -0.009000
v 2.799000 0.800000 -0.009000
v 2.799000 0.651000 -0.008000
v 2.799000 0.650000 -0.009000
v 2.800000 0.651000 -0.009000
v 2.783000 0.799000 -2.002000
v 2.782000 0.799000 -2.001000
v 2.783000 0.800000 -2.001000
v 2.783000 0.651000 -2.002000
v 2.783000 0.650000 -2.001000
v 2.782000 0.651000 -2.001000
v 2.783000 0.799000 -0.008000
v 2.783000 0.800000 -0.009000
v 2.782000 0.799000 -0.009000
v 2.783000 0.651000 -0.008000
v 2.782000 0.651000 -0.009000
v 2.783000 0.650000 -0.009000
v 2.783000 0.450000 -0.009000
v 2.783000 0.451000 -0.008000
v 2.782000 0.451000 -0.009000
v 2.782000 0.599000 -0.009000
v 2.783000 0.599000 -0.008000
v 2.783000 0.600000 -0.009000
v 2.783000 0.450000 -2.001000
v 2.782000 0.451000 -2.001000
v 2.783000 0.451000 -2.002000
v 2.783000 0.600000 -2.001000
v 2.783000 0.599000 -2.002000
v 2.782000 0.599000 -2.001000
v 2.799000 0.451000 -0.008000
v 2.799000 0.450000 -0.009000
v 2.800000 0.451000 -0.009000
v 2.799000 0.600000 -0.009000
v 2.799000 0.599000 -0.008000
v 2.800000 0.599000 -0.009000
v 2.799000 0.451000 -2.002000
v 2.800000 0.451000 -2.001000
v 2.799000 0.450000 -2.001000
v 2.799000 0.599000 -2.002000
v 2.799000 0.600000 -2.001000
v 2.800000 0.599000 -2.001000
v 1.700000 0.451000 -0.007000
v 1.701000 0.451000 -0.008000
v 1.701000 0.450000 -0.007000
v 1.701000 0.451000 0.010000
v 1.700000 0.451000 0.009000
v 1.701000 0.450000 0.009000
v 1.700000 0.599000 -0.007000
v 1.701000 0.600000 -0.007000
v 1.701000 0.599000 -0.008000
v 1.701000 0.599000 0.010000
v 1.701000 0.600000 0.009000
v 1.700000 0.599000 0.009000
v 2.799000 0.450000 -0.007000
v 2.799000 0.451000 -0.008000
v 2.800000 0.451000 -0.007000
v 2.799000 0.450000 0.009000
v 2.800000 0.451000 0.009000
v 2.799000 0.451000 0.010000
v 2.799000 0.599000 -0.008000
v 2.799000 0.600000 -0.007000
v 2.800000 0.599000 -0.007000
v 2.799000 0.600000 0.009000
v 2.799000 0.599000 0.010000
v 2.800000 0.599000 0.009000
v 2.783000 0.250000 -0.009000
v 2.783000 0.251000 -0.008000
v 2.782000 0.251000 -0.009000
v 2.782000 0.399000 -0.009000
v 2.783000 0.399000 -0.008000
v 2.783000 0.400000 -0.009000
v 2.783000 0.250000 -2.001000
v 2.782000 0.251000 -2.001000
v 2.783000 0.251000 -2.002000
v 2.783000 0.400000 -2.001000
v 2.783000 0.399000 -2.002000
v 2.782000 0.399000 -2.001000
v 2.799000 0.251000 -0.008000
v 2.799000 0.250000 -0.009000
v 2.800000 0.251000 -0.009000
v 2.799000 0.400000 -0.009000
v 2.799000 0.399000 -0.008000
v 2.800000 0.399000 -0.009000
v 2.799000 0.251000 -2.002000
v 2.800000 0.251000 -2.001000
v 2.799000 0.250000 -2.001000
v 2.799000 0.399000 -2.002000
v 2.799000 0.400000 -2.001000
v 2.800000 0.399000 -2.001000
v 1.600000 0.251000 -0.007000
v 1.601000 0.251000 -0.008000
v 1.601000 0.250000 -0.007000
v 1.601000 0.251000 0.010000
v 1.600000 0.251000 0.009000
v 1.601000 0.250000 0.009000
v 1.600000 0.399000 -0.007000
v 1.601000 0.400000 -0.007000
v 1.601000 0.399000 -0.008000
v 1.601000 0.399000 0.010000
v 1.601000 0.400000 0.009000
v 1.600000 0.399000 0.009000
v 2.799000 0.250000 -0.007000
v 2.799000 0.251000 -0.008000
v 2.800000 0.251000 -0.007000
v 2.799000 0.250000 0.009000
v 2.800000 0.251000 0.009000
v 2.799000 0.251000 0.010000
v 2.799000 0.399000 -0.008000
v 2.799000 0.400000 -0.007000
v 2.800000 0.399000 -0.007000
v 2.799000 0.400000 0.009000
v 2.799000 0.399000 0.010000
v 2.800000 0.399000 0.009000
v 1.701000 0.450000 -2.003000
v 1.701000 0.451000 -2.002000
v 1.700000 0.451000 -2.003000
v 1.700000 0.599000 -2.003000
v 1.701000 0.599000 -2.002000
v 1.701000 0.600000 -2.003000
v 2.799000 0.450000 -2.003000
v 2.800000 0.451000 -2.003000
v 2.799000 0.451000 -2.002000
v 2.800000 0.599000 -2.003000
v 2.799000 0.600000 -2.003000
v 2.799000 0.599000 -2.002000
v 1.601000 0.250000 -2.003000
v 1.601000 0.251000 -2.002000
v 1.600000 0.251000 -2.003000
v 1.600000 0.399000 -2.003000
v 1.601000 0.399000 -2.002000
v 1.601000 0.400000 -2.003000
v 2.799000 0.250000 -2.003000
v 2.800000 0.251000 -2.003000
v 2.799000 0.251000 -2.002000
v 2.800000 0.399000 -2.003000
v 2.799000 0.400000 -2.003000
v 2.799000 0.399000 -2.002000
v 2.799000 0.450000 -2.019000
v 2.799000 0.451000 -2.020000
v 2.800000 0.451000 -2.019000
v 1.701000 0.450000 -2.019000
v 1.700000 0.451000 -2.019000
v 1.701000 0.451000 -2.020000
v 2.800000 0.599000 -2.019000
v 2.799000 0.599000 -2.020000
v 2.799000 0.600000 -2.019000
v 1.700000 0.599000 -2.019000
v 1.701000 0.600000 -2.019000
v 1.701000 0.599000 -2.020000
v 2.799000 0.250000 -2.019000
v 2.799000 0.251000 -2.020000
v 2.800000 0.251000 -2.019000
v 1.601000 0.250000 -2.019000
v 1.600000 0.251000 -2.019000
v 1.601000 0.251000 -2.020000
v 2.800000 0.399000 -2.019000
v 2.799000 0.399000 -2.020000
v 2.799000 0.400000 -2.019000
v 1.600000 0.399000 -2.019000
v 1.601000 0.400000 -2.019000
v 1.601000 0.399000 -2.020000
v 2.799000 0.999000 -2.047000
v 2.799000 1.000000 -2.046000
v 2.800000 0.999000 -2.046000
v 2.799000 0.851000 -2.047000
v 2.800000 0.851000 -2.046000
v 2.799000 0.850000 -2.046000
v 2.799000 0.999000 -0.008000
v 2.800000 0.999000 -0.009000
v 2.799000 1.000000 -0.009000
v 2.799000 0.851000 -0.008000
v 2.799000 0.850000 -0.009000
v 2.800000 0.851000 -0.009000
v 2.783000 0.999000 -2.047000
v 2.782000 0.999000 -2.046000
v 2.783000 1.000000 -2.046000
v 2.783000 0.851000 -2.047000
v 2.783000 0.850000 -2.046000
v 2.782000 0.851000 -2.046000
v 2.783000 0.999000 -0.008000
v 2.783000 1.000000 -0.009000
v 2.782000 0.999000 -0.009000
v 2.783000 0.851000 -0.008000
v 2.782000 0.851000 -0.009000
v 2.783000 0.850000 -0.009000
v 2.799000 1.000000 0.009000
v 2.799000 0.999000 0.010000
v 2.800000 0.999000 0.009000
v 2.799000 1.000000 -0.007000
v 2.800000 0.999000 -0.007000
v 2.799000 0.999000 -0.008000
v 2.799000 0.850000 0.009000
v 2.800000 0.851000 0.009000
v 2.799000 0.851000 0.010000
v 2.799000 0.850000 -0.007000
v 2.799000 0.851000 -0.008000
v 2.800000 0.851000 -0.007000
v 1.901000 1.000000 0.009000
v 1.900000 0.999000 0.009000
v 1.901000 0.999000 0.010000
v 1.901000 1.000000 -0.007000
v 1.901000 0.999000 -0.008000
v 1.900000 0.999000 -0.007000
v 1.901000 0.850000 0.009000
v 1.901000 0.851000 0.010000
v 1.900000 0.851000 0.009000
v 1.901000 0.850000 -0.007000
v 1.900000 0.851000 -0.007000
v 1.901000 0.851000 -0.008000
v 2.021000 0.850000 -2.048000
v 2.021000 0.851000 -2.047000
v 2.020000 0.851000 -2.048000
v 2.020000 0.999000 -2.048000
v 2.021000 0.999000 -2.047000
v 2.021000 1.000000 -2.048000
v 2.799000 0.850000 -2.048000
v 2.800000 0.851000 -2.048000
v 2.799000 0.851000 -2.047000
v 2.800000 0.999000 -2.048000
v 2.799000 1.000000 -2.048000
v 2.799000 0.999000 -2.047000
v 2.799000 0.850000 -2.064000
v 2.799000 0.851000 -2.065000
v 2.800000 0.851000 -2.064000
v 2.021000 0.850000 -2.064000
v 2.020000 0.851000 -2.064000
v 2.021000 0.851000 -2.065000
v 2.800000 0.999000 -2.064000
v 2.799000 0.999000 -2.065000
v 2.799000 1.000000 -2.064000
v 2.020000 0.999000 -2.064000
v 2.021000 1.000000 -2.064000
v 2.021000 0.999000 -2.065000
vn 0.5774 0.5774 0.5773
vn 0.5774 0.5774 -0.5773
vn 0.5774 -0.5774 0.5773
vn 0.5774 -0.5774 -0.5773
vn -0.5773 0.5773 0.5775
vn -0.5773 0.5773 -0.5775
vn -0.5773 -0.5773 0.5774
vn -0.5773 -0.5773 -0.5774
vn 0.5773 0.5775 -0.5772
vn 0.5774 -0.5775 -0.5772
vn -0.5773 0.5775 -0.5772
vn -0.5774 -0.5775 -0.5772
vn -0.5774 0.5774 0.5773
vn -0.5774 -0.5774 0.5773
vn -0.5773 -0.5775 -0.5772
vn -0.5774 0.5775 -0.5772
vn 0.5773 -0.5775 -0.5772
vn 0.5774 0.5775 -0.5772
vn -0.5774 -0.5774 -0.5773
vn -0.5774 0.5774 -0.5773
vn -0.5773 0.5773 -0.5774
vn -0.5773 0.5773 0.5774
vn -0.5773 -0.5775 0.5773
vn -0.5773 0.5774 0.5773
vn 0.5774 -0.5773 0.5773
vn 0.5774 0.5773 0.5773
vn -0.5772 -0.5774 0.5774
vn -0.5772 0.5774 0.5774
vn 0.5774 -0.5773 -0.5773
vn -0.5773 -0.5775 -0.5773
vn 0.5774 0.5773 -0.5773
vn -0.5773 0.5774 -0.5773
vn -0.5772 -0.5774 -0.5774
vn -0.5772 0.5774 -0.5774
vn -0.5774 0.5773 -0.5773
vn -0.5774 -0.5773 -0.5773
vn -0.5773 -0.5774 0.5774
vn -0.5773 -0.5774 -0.5774
vn -0.5774 -0.5772 0.5775
vn -0.5774 0.5772 0.5775
vn -0.5774 -0.5772 -0.5775
vn -0.5774 0.5772 -0.5775
vn 0.7072 0.7070 -0.0000
vn 0.7071 -0.7071 -0.0000
vn 0.7071 -0.0000 -0.7071
vn 0.7071 -0.0000 0.7071
vn -0.7071 0.7072 -0.0000
vn -0.7071 -0.7072 -0.0000
vn -0.7070 -0.0000 -0.7072
vn -0.7070 -0.0000 0.7072
vn -0.0000 -0.7071 0.7071
vn -0.0000 0.7071 0.7071
vn -0.0000 -0.7071 -0.7071
vn -0.0000 0.7071 -0.7071
vn 0.7073 -0.0000 0.7070
vn 0.7072 -0.0000 -0.7070
vn 0.7071 0.7071 -0.0000
vn -0.7071 -0.0000 0.7071
vn -0.7071 -0.0000 -0.7071
vn -0.7071 0.7071 -0.0000
vn -0.7071 -0.7071 -0.0000
vn -0.0000 0.7070 -0.7072
vn -0.0000 -0.7070 -0.7072
vn -0.0000 -0.7072 0.7071
vn -0.0000 0.7072 0.7071
vn -0.0000 -0.7071 0.7072
vn -0.0000 0.7071 0.7072
vn -0.0000 -0.7071 -0.7072
vn -0.0000 0.7071 -0.7072
vn 0.7072 -0.7070 -0.0000
vn -0.0000 1.0000 -0.0000
vn 1.0000 -0.0000 -0.0000
vn -0.0000 -0.0000 1.0000
vn -0.0000 -0.0000 -1.0000
vn -0.0000 -1.0000 -0.0000
vn -1.0000 -0.0000 -0.0000
vn 0.7073 -0.0000 -0.7070
vn -0.0000 -0.7070 0.7072
vn 0.7072 -0.0000 0.7070
vn -0.0000 0.7070 0.7072
vn -0.0000 -0.7072 -0.7071
vn -0.0000 0.7072 -0.7071
vn -0.7072 -0.7070 -0.0000
vn -0.0000 0.7072 -0.7070
vn -0.0000 -0.7072 -0.7070
vt 0.877176 0.800000
vt 0.877175 0.799000
vt 0.878376 0.799000
vt 0.877176 -0.372250
vt 0.878375 -0.372250
vt 0.877176 -0.371250
vt 0.877176 -0.388250
vt 0.878376 -0.388250
vt 0.877176 -0.389250
vt 0.877176 -0.372250
vt 0.877176 -0.371250
vt 0.878376 -0.372250
vt -0.320424 -0.388250
vt -0.321625 -0.388250
vt -0.320424 -0.389250
vt -0.320424 0.800000
vt -0.320424 0.799000
vt -0.321625 0.799000
vt -0.320424 0.650000
vt -0.320424 0.651000
vt -0.321624 0.651000
vt -0.320424 -0.372250
vt -0.321625 -0.372250
vt -0.320424 -0.371250
vt 0.877376 1.622750
vt 0.877376 1.621750
vt 0.878376 1.621750
vt 1.622750 0.651000
vt 1.621750 0.651000
vt 1.621750 0.650000
vt -0.371250 0.799000
vt -0.370250 0.799000
vt -0.370250 0.800000
vt 0.877376 0.651000
vt 0.877376 0.650000
vt 0.878375 0.651000
vt 1.622750 0.799000
vt 1.621750 0.799000
vt 1.621750 0.800000
vt 0.861376 1.622750
vt 0.861376 1.621750
vt 0.860376 1.621750
vt 0.861376 -0.371250
vt 0.861376 -0.370250
vt 0.860376 -0.370250
vt -0.371250 0.651000
vt -0.370250 0.651000
vt -0.370250 0.650000
vt 0.861376 -0.371250
vt 0.860376 -0.370250
vt 0.860376 0.599000
vt 0.861376 0.599000
vt 0.861376 0.600000
vt 0.861376 1.621750
vt 0.860376 1.621750
vt 0.861376 1.622750
vt 0.860376 1.621750
vt 0.877376 -0.371250
vt 0.877376 -0.370250
vt 0.878376 -0.370250
vt 0.877376 0.600000
vt 0.877376 0.599000
vt 0.878376 0.599000
vt 1.622750 0.451000
vt 1.621750 0.451000
vt 1.621750 0.450000
vt 0.877376 1.622750
vt 0.877376 1.621750
vt -0.321624 0.451000
vt -0.320534 0.451000
vt -0.320534 0.450000
vt -0.389250 0.451000
vt -0.388250 0.451000
vt -0.388250 0.450000
vt -0.372250 0.599000
vt -0.372250 0.600000
vt -0.371250 0.599000
vt -0.320534 0.599000
vt -0.320534 0.600000
vt -0.321625 0.599000
vt 0.877285 0.450000
vt 0.877285 0.451000
vt 0.878376 0.451000
vt -0.388250 0.450000
vt -0.388250 0.451000
vt -0.389250 0.451000
vt 0.877285 0.599000
vt 0.877285 0.600000
vt 0.878375 0.599000
vt 0.877285 0.599000
vt 0.861376 -0.370250
vt 0.860376 -0.370250
vt 0.860376 0.399000
vt 0.861376 0.399000
vt 0.861376 0.400000
vt 0.860376 1.621750
vt 0.877376 -0.370250
vt 0.877376 0.400000
vt 0.877376 0.399000
vt 0.878376 0.399000
vt 1.622750 0.251000
vt 1.621750 0.251000
vt 1.621750 0.250000
vt -0.321625 0.251000
vt -0.320624 0.251000
vt -0.320625 0.250000
vt -0.389250 0.251000
vt -0.388250 0.251000
vt -0.388250 0.250000
vt -0.372250 0.399000
vt -0.372250 0.400000
vt -0.371250 0.399000
vt -0.320624 0.399000
vt -0.320625 0.400000
vt -0.321625 0.399000
vt 0.877376 0.250000
vt 0.877376 0.251000
vt 0.878376 0.251000
vt -0.388250 0.250000
vt -0.388250 0.251000
vt -0.389250 0.251000
vt 0.877376 0.399000
vt 0.877376 0.400000
vt 0.878375 0.399000
vt 0.877376 0.400000
vt 0.877376 0.399000
vt -0.320533 0.450000
vt -0.320533 0.451000
vt -0.321624 0.451000
vt -0.321624 0.599000
vt -0.320533 0.599000
vt -0.320533 0.600000
vt 0.877285 1.623750
vt 0.878375 1.623750
vt 0.877285 1.622750
vt 0.878375 1.623750
vt -0.320624 0.250000
vt -0.320624 0.251000
vt -0.321624 0.251000
vt -0.321624 0.399000
vt -0.320624 0.399000
vt -0.320624 0.400000
vt 1.623750 0.250000
vt 1.623749 0.251000
vt 1.622750 0.251000
vt 0.877376 1.623750
vt 0.877375 1.622750
vt 0.877285 0.450000
vt 0.877285 0.451000
vt 0.878376 0.451000
vt 1.639750 0.450000
vt 1.639750 0.451000
vt 1.640750 0.451000
vt 0.877285 0.599000
vt 0.877285 0.600000
vt 1.639750 0.599000
vt 1.639750 0.600000
vt 1.640750 0.599000
vt 0.877376 0.250000
vt 0.877376 0.251000
vt 1.639750 0.250000
vt 1.639750 0.251000
vt 1.640750 0.251000
vt 0.878375 0.399000
vt 0.877376 0.399000
vt 0.877375 0.400000
vt -0.321624 1.639750
vt -0.320624 1.639750
vt -0.320624 1.640750
vt 0.877376 1.622750
vt 0.877376 1.621772
vt 0.878376 1.621772
vt 1.622750 0.651000
vt 1.621772 0.651000
vt 1.621772 0.650000
vt -0.371250 0.799000
vt -0.370273 0.799000
vt -0.370272 0.800000
vt 0.877376 0.650000
vt 1.622750 0.799000
vt 1.621772 0.799000
vt 1.621772 0.800000
vt 0.861376 1.621772
vt 0.860376 1.621772
vt 0.861376 -0.370272
vt 0.860376 -0.370272
vt -0.371250 0.651000
vt -0.370272 0.651000
vt -0.370272 0.650000
vt 0.877042 0.800000
vt 0.877042 0.799000
vt 0.878376 0.799000
vt -0.372250 0.800000
vt -0.372250 0.799000
vt -0.371250 0.799000
vt -0.388250 0.650000
vt -0.388250 0.651000
vt -0.389250 0.651000
vt 0.877042 -0.372250
vt 0.877042 -0.371250
vt 0.878376 -0.372250
vt -0.388250 0.800000
vt -0.388250 0.799000
vt -0.389250 0.799000
vt -0.320291 0.800000
vt -0.320291 0.799000
vt -0.321625 0.799000
vt -0.320291 0.650000
vt -0.320291 0.651000
vt -0.321625 0.651000
vt -0.372250 0.650000
vt -0.372250 0.651000
vt -0.371250 0.651000
vt -0.320086 0.450000
vt -0.320086 0.451000
vt -0.321624 0.451000
vt -0.321624 0.599000
vt -0.320086 0.599000
vt -0.320086 0.600000
vt 0.876837 1.623750
vt 0.878376 1.623750
vt 0.876837 1.622750
vt 0.876837 1.623750
vt 0.876837 1.622750
vt 0.876837 0.450000
vt 0.876837 0.451000
vt 0.878376 0.451000
vt 1.639750 0.450000
vt 1.639750 0.451000
vt 0.878376 0.599000
vt 0.876837 0.599000
vt 0.876837 0.600000
vt 1.639750 0.599000
vt 1.639750 0.600000
vt 0.877176 -0.388250
vt 0.878376 0.651000
vt 0.877176 0.799000
vt 0.878375 0.799000
vt 0.877176 0.651000
vt -0.321624 -0.372250
vt -0.320424 0.651000
vt -0.320424 0.799000
vt 0.877176 0.650000
vt -0.320424 0.800000
vt 0.877176 0.800000
vt -0.371250 0.651000
vt 1.622750 0.799000
vt 1.621750 0.800000
vt -0.370250 0.650000
vt 1.622750 0.651000
vt 0.877376 -0.371250
vt 0.877376 -0.370250
vt 0.861376 1.621750
vt 0.861376 0.651000
vt 0.877376 1.621750
vt -0.370250 0.599000
vt 1.621750 0.600000
vt 1.621750 0.599000
vt -0.371250 0.451000
vt -0.370250 0.599000
vt 1.622750 0.599000
vt -0.370250 0.600000
vt 1.621750 0.599000
vt 1.621750 0.451000
vt 0.860376 0.451000
vt -0.320534 0.599000
vt -0.320534 -0.389250
vt 0.877285 -0.388250
vt 0.877285 -0.389250
vt -0.388250 0.600000
vt -0.372250 0.599000
vt -0.388250 0.599000
vt -0.372250 0.450000
vt -0.372250 0.451000
vt -0.320534 -0.388250
vt -0.320534 -0.372250
vt -0.389250 0.599000
vt 0.877376 1.621750
vt -0.370250 0.399000
vt 1.621750 0.400000
vt 1.621750 0.399000
vt -0.371250 0.251000
vt -0.370250 0.399000
vt 1.622750 0.399000
vt -0.370250 0.400000
vt 1.621750 0.399000
vt 1.621750 0.400000
vt 0.860376 0.251000
vt -0.321625 0.399000
vt -0.320624 0.399000
vt -0.320625 -0.389250
vt 0.877376 -0.388250
vt 0.877376 -0.389250
vt -0.388250 0.400000
vt -0.372250 0.399000
vt -0.372250 0.400000
vt -0.388250 0.399000
vt -0.372250 0.250000
vt -0.372250 0.251000
vt -0.320625 -0.388250
vt -0.320624 -0.372250
vt -0.388250 0.399000
vt -0.389250 0.399000
vt 0.877285 0.450000
vt 0.877285 0.451000
vt 0.878375 0.451000
vt 0.877285 0.599000
vt 0.877375 0.250000
vt 0.878375 0.251000
vt 0.877376 0.399000
vt -0.320533 0.450000
vt -0.320533 0.451000
vt -0.321624 0.451000
vt -0.320533 0.599000
vt -0.320533 0.600000
vt -0.320624 0.250000
vt -0.320624 0.251000
vt -0.320624 0.399000
vt -0.320624 0.400000
vt 1.623750 0.599000
vt 1.623750 0.600000
vt 1.623750 0.450000
vt 0.877285 1.639750
vt 0.878376 1.639750
vt -0.321624 1.623750
vt 1.639750 0.250000
vt 1.623750 0.250000
vt 0.877376 -0.370272
vt -0.370272 0.651000
vt -0.370272 0.650000
vt 1.621772 0.651000
vt 0.861376 1.621772
vt 0.877375 1.621772
vt -0.388250 0.800000
vt -0.372250 0.650000
vt -0.388250 0.799000
vt -0.372250 0.800000
vt -0.372250 0.799000
vt -0.388250 0.650000
vt -0.388250 0.651000
vt -0.389250 0.651000
vt 0.877042 0.650000
vt 0.877042 0.651000
vt -0.320291 0.800000
vt -0.320291 -0.372250
vt 0.877042 0.800000
vt 0.876837 0.450000
vt 0.876837 0.599000
vt -0.320086 0.450000
vt -0.320086 0.451000
vt -0.320086 0.600000
vt 1.623750 0.599000
vt 0.876837 1.639750
vt -0.388250 0.799000
vt -0.372250 0.651000
vt -0.372250 0.799000
vt 0.877176 0.651000
vt 0.861376 0.651000
vt 0.877376 0.799000
vt 0.877376 0.651000
vt 0.861376 -0.370250
vt 0.877376 -0.370250
vt 0.861376 0.799000
vt 0.877376 0.451000
vt -0.370250 0.451000
vt 0.877376 -0.370250
vt 0.861376 0.451000
vt -0.372250 0.451000
vt 0.877285 -0.372250
vt 0.877285 0.451000
vt -0.320534 -0.372250
vt 0.877285 -0.388250
vt 0.877376 0.251000
vt -0.370250 0.251000
vt 0.861376 0.251000
vt -0.370250 0.251000
vt -0.372250 0.251000
vt 0.877376 -0.372250
vt 0.877376 0.251000
vt -0.320625 -0.372250
vt 0.877376 -0.388250
vt 0.877376 -0.372250
vt -0.320533 1.623750
vt 1.623750 0.451000
vt -0.320533 1.639750
vt 1.623750 0.451000
vt -0.320624 1.623750
vt 0.877376 1.639750
vt 1.623750 0.399000
vt 1.623750 0.251000
vt -0.320624 1.623750
vt 1.639750 0.399000
vt 1.621772 0.799000
vt 0.861376 -0.370272
vt 0.877376 -0.370272
vt -0.320291 -0.372250
vt 0.877042 -0.388250
vt -0.320291 0.651000
vt 0.877042 0.651000
vt -0.320291 -0.388250
vt 0.877042 -0.388250
vt -0.320086 1.623750
vt -0.320086 1.639750
vt 1.639750 0.599000
vt 0.878376 -0.388250
vt -0.321624 -0.388250
vt -0.321625 0.651000
vt -0.321625 0.799000
vt -0.370250 0.800000
vt 1.621750 0.650000
vt 0.861376 0.650000
vt -0.370250 0.600000
vt -0.320534 0.600000
vt -0.388250 0.600000
vt -0.370250 0.400000
vt 1.622750 0.399000
vt 0.861376 0.251000
vt -0.320624 0.400000
vt -0.389250 0.399000
vt -0.388250 0.400000
vt 0.877285 0.600000
vt 0.877376 1.639750
vt 0.877285 1.639750
vt 0.878376 -0.370273
vt -0.389250 0.799000
vt -0.320291 -0.371250
vt 0.876837 0.600000
vt -0.388250 0.651000
vt 0.861376 0.599000
vt -0.320534 0.451000
vt -0.320534 -0.388250
vt 0.861376 0.399000
vt -0.320624 0.251000
vt -0.320624 -0.388250
vt -0.320533 1.639750
vt -0.320624 1.639750
vt -0.320291 -0.388250
s 0
usemtl Wardrobe
f 1977/2953/452 1978/2954/452 1979/2955/452
f 1980/2956/453 1981/2957/453 1982/2958/453
f 1983/2959/454 1984/2960/454 1985/2961/454
f 1986/2962/455 1987/2963/455 1988/2964/455
f 1989/2965/456 1990/2966/456 1991/2967/456
f 1992/2968/457 1993/2969/457 1994/2970/457
f 1995/2971/458 1996/2972/458 1997/2973/458
f 1998/2974/459 1999/2975/459 2000/2976/459
f 2001/2977/460 2002/2978/460 2003/2979/460
f 2004/2980/461 2005/2981/461 2006/2982/461
f 2007/2983/452 2008/2984/452 2009/2985/452
f 2010/2986/454 2011/2987/454 2012/2988/454
f 2013/2989/462 2014/2990/462 2015/2991/462
f 2016/2992/463 2017/2993/463 2018/2994/463
f 2019/2995/464 2020/2996/464 2021/2997/464
f 2022/2998/465 2023/2999/465 2024/3000/465
f 2025/2996/465 2026/3001/465 2027/3002/465
f 2028/3003/464 2029/3004/464 2030/3005/464
f 2031/3006/466 2032/3007/466 2033/3008/466
f 2034/2993/467 2035/2992/467 2036/3009/467
f 2037/3010/454 2038/3011/454 2039/3012/454
f 2040/3013/452 2041/3014/452 2042/3015/452
f 2043/3016/468 2044/3017/468 2045/3018/468
f 2046/3019/469 2047/3020/469 2048/2979/469
f 2049/3021/470 2050/3022/470 2051/3023/470
f 2052/3024/465 2053/3025/465 2054/3026/465
f 2055/3027/471 2056/3028/471 2057/3029/471
f 2058/3030/464 2059/3031/464 2060/3032/464
f 2061/3033/455 2062/3034/455 2063/3035/455
f 2064/3036/454 2065/3037/454 2066/3038/454
f 2067/3039/453 2068/3040/453 2069/3041/453
f 2070/3040/452 2071/3042/452 2072/3015/452
f 2073/3043/465 2074/3001/465 2075/3044/465
f 2076/3045/464 2077/3046/464 2078/3047/464
f 2079/3006/466 2080/3048/466 2081/2992/466
f 2082/2993/462 2083/3008/462 2084/3009/462
f 2085/3010/454 2086/3049/454 2087/3012/454
f 2088/3050/452 2089/3051/452 2090/3052/452
f 2091/3053/468 2092/3054/468 2093/3055/468
f 2094/2977/460 2095/3020/460 2096/2979/460
f 2097/3056/459 2098/3057/459 2099/3058/459
f 2100/3059/458 2101/3060/458 2102/3061/458
f 2103/3062/472 2104/3063/472 2105/3064/472
f 2106/3065/473 2107/3066/473 2108/3067/473
f 2109/3068/455 2110/3069/455 2111/3070/455
f 2112/3071/454 2113/3072/454 2114/3073/454
f 2115/3074/453 2116/3075/453 2117/3076/453
f 2118/3077/452 2119/3078/452 2120/3052/452
f 2121/3079/474 2122/3080/474 2123/3081/474
f 2124/3082/475 2125/3083/475 2126/3084/475
f 2127/3085/476 2128/3086/476 2129/3087/476
f 2130/3088/477 2131/3085/477 2132/3087/477
f 2133/3089/478 2134/3090/478 2135/3091/478
f 2136/3092/479 2137/3093/479 2138/3094/479
f 2139/3095/476 2140/3096/476 2141/3097/476
f 2142/3088/477 2143/3098/477 2144/3099/477
f 2145/3100/480 2146/3101/480 2147/3102/480
f 2148/3103/481 2149/3104/481 2150/3105/481
f 2151/3015/482 2152/3106/482 2153/3107/482
f 2154/3108/483 2155/3109/483 2156/3110/483
f 2157/3111/480 2158/3112/480 2159/3070/480
f 2160/3113/484 2161/3114/484 2162/3115/484
f 2163/3116/482 2164/3117/482 2165/3118/482
f 2166/3119/485 2167/3120/485 2168/3121/485
f 2169/3122/482 2170/3123/482 2171/3124/482
f 2172/3125/480 2173/3126/480 2174/3127/480
f 2175/3128/452 2176/3129/452 2177/3130/452
f 2178/2986/454 2179/3131/454 2180/2988/454
f 2181/3132/486 2182/3133/486 2183/3134/486
f 2184/2992/487 2185/3135/487 2186/3136/487
f 2187/3001/464 2188/3137/464 2189/3138/464
f 2190/3139/465 2191/3140/465 2192/3141/465
f 2193/3142/452 2194/3143/452 2195/3144/452
f 2196/3145/453 2197/3146/453 2198/3147/453
f 2199/3148/454 2200/3149/454 2201/3150/454
f 2202/3151/455 2203/3152/455 2204/3153/455
f 2205/3154/475 2206/3155/475 2207/3156/475
f 2208/3157/483 2209/3158/483 2210/3159/483
f 2211/3160/488 2212/3161/488 2213/3162/488
f 2214/3163/489 2215/3164/489 2216/3165/489
f 2217/3166/490 2218/3167/490 2219/3168/490
f 2220/3169/491 2221/3170/491 2222/3171/491
f 2223/3172/476 2224/3173/476 2225/3174/476
f 2226/3088/477 2227/3175/477 2228/3176/477
f 2229/3177/480 2230/3178/480 2231/3179/480
f 2232/3180/492 2233/3181/492 2234/3105/492
f 2235/3182/482 2236/3183/482 2237/3184/482
f 2238/3185/493 2239/3186/493 2240/3110/493
f 1977/3187/494 1981/2957/494 1980/2956/494
f 1984/2960/495 1986/2962/495 1988/2964/495
f 1988/3188/496 1982/3189/496 1981/3190/496
f 1979/2955/497 1985/3191/497 1984/2988/497
f 1990/2966/498 1992/2974/498 1994/3192/498
f 1995/2965/499 1999/2975/499 1998/2974/499
f 2000/3193/500 1994/2970/500 1993/2969/500
f 1991/3194/501 1997/2973/501 1996/2972/501
f 1996/2972/502 1983/3195/502 1985/3191/502
f 1978/2954/503 1989/3196/503 1991/3194/503
f 1998/2974/504 1987/2963/504 1986/2962/504
f 1993/2969/505 1980/3197/505 1982/3189/505
f 2010/3198/506 2008/2984/506 2007/2983/506
f 2001/3199/507 2005/2981/507 2004/2980/507
f 2009/2985/508 2003/2990/508 2002/3200/508
f 2006/2982/495 2012/2999/495 2011/3201/495
f 2023/2999/509 2019/3147/509 2021/2984/509
f 2014/2990/510 2016/3202/510 2018/2981/510
f 2021/2984/511 2015/2991/511 2014/2990/511
f 2018/2981/512 2024/3000/512 2023/2999/512
f 2020/2996/503 2007/3203/503 2009/3204/503
f 2002/2978/513 2013/2992/513 2015/3205/513
f 2022/3206/502 2011/2987/502 2010/2986/502
f 2017/2993/514 2004/3019/514 2006/2978/514
f 2031/3006/514 2043/3019/514 2045/3207/514
f 2028/3208/511 2034/3209/511 2036/3210/511
f 2030/3005/503 2041/3014/503 2040/3013/503
f 2026/3001/502 2038/3011/502 2037/3010/502
f 2045/3207/495 2039/3012/495 2038/3011/495
f 2037/3211/506 2042/3212/506 2041/3029/506
f 2046/3213/507 2044/3017/507 2043/3016/507
f 2040/3214/508 2048/3215/508 2047/3209/508
f 2036/3210/510 2033/3016/510 2032/3216/510
f 2047/3020/513 2035/2992/513 2034/2993/513
f 2027/3217/509 2029/3004/509 2028/3003/509
f 2032/3007/512 2025/2996/512 2027/3002/512
f 2050/3022/510 2055/3032/510 2057/3218/510
f 2057/3218/505 2068/3040/505 2067/3039/505
f 2051/3023/504 2062/3034/504 2061/3033/504
f 2052/3219/502 2064/3220/502 2066/3221/502
f 2070/3222/508 2069/3223/508 2068/3028/508
f 2072/3224/497 2066/3038/497 2065/3037/497
f 2063/3035/496 2067/3039/496 2069/3041/496
f 2065/3037/495 2061/3225/495 2063/3226/495
f 2054/3227/512 2049/2975/512 2051/3228/512
f 2071/3042/503 2059/3031/503 2058/3030/503
f 2060/3224/511 2056/3028/511 2055/3027/511
f 2058/3229/509 2053/3025/509 2052/3024/509
f 2079/3006/514 2091/3019/514 2093/3230/514
f 2076/3231/511 2082/3232/511 2084/3233/511
f 2078/3047/503 2089/3051/503 2088/3050/503
f 2074/3001/502 2086/3049/502 2085/3010/502
f 2093/3230/495 2087/3012/495 2086/3049/495
f 2085/3234/506 2090/3235/506 2089/3064/506
f 2094/3236/507 2092/3054/507 2091/3053/507
f 2088/3237/508 2096/3238/508 2095/3239/508
f 2084/3233/510 2081/3097/510 2080/3054/510
f 2095/3020/513 2083/3008/513 2082/2993/513
f 2075/3240/509 2077/3046/509 2076/3045/509
f 2080/3048/512 2073/3043/512 2075/3044/512
f 2098/3057/500 2103/3241/500 2105/3242/500
f 2105/3242/505 2116/3075/505 2115/3074/505
f 2099/3058/504 2110/3069/504 2109/3068/504
f 2100/3243/502 2112/3244/502 2114/3245/502
f 2118/3246/508 2117/3247/508 2116/3248/508
f 2120/3249/497 2114/3073/497 2113/3072/497
f 2111/3070/496 2115/3074/496 2117/3076/496
f 2113/3072/495 2109/3250/495 2111/3251/495
f 2102/3252/512 2097/2975/512 2099/3253/512
f 2119/3078/503 2107/3066/503 2106/3065/503
f 2108/3254/511 2104/3063/511 2103/3062/511
f 2106/3255/501 2101/3060/501 2100/3059/501
f 2122/3080/515 2127/3256/515 2129/3257/515
f 2130/3015/497 2129/3257/497 2128/3258/497
f 2125/3083/509 2123/3081/509 2122/3080/509
f 2132/3259/516 2126/3084/516 2125/3083/516
f 2134/3090/517 2139/3260/517 2141/3112/517
f 2142/3052/497 2141/3112/497 2140/3261/497
f 2137/3093/501 2135/3091/501 2134/3090/501
f 2144/3262/518 2138/3094/518 2137/3093/518
f 2148/3263/514 2146/3101/514 2145/3100/514
f 2152/3106/507 2147/3102/507 2146/3101/507
f 2154/3082/510 2150/3264/510 2149/3265/510
f 2153/3107/513 2156/3266/513 2155/3267/513
f 2160/3268/519 2158/3112/519 2157/3111/519
f 2164/3117/507 2159/3070/507 2158/3112/507
f 2166/3092/510 2162/3269/510 2161/3091/510
f 2165/3118/520 2168/3270/520 2167/3271/520
f 2155/3109/511 2124/3272/511 2126/3273/511
f 2121/3274/512 2149/3104/512 2148/3103/512
f 2128/3086/495 2145/3275/495 2147/3276/495
f 2163/3276/508 2143/3098/508 2142/3088/508
f 2136/3277/511 2167/3120/511 2166/3119/511
f 2157/3278/495 2140/3096/495 2139/3095/495
f 2151/3276/508 2131/3085/508 2130/3088/508
f 2133/3279/512 2161/3114/512 2160/3113/512
f 2178/3198/506 2176/3129/506 2175/3128/506
f 2169/3199/507 2173/3126/507 2172/3125/507
f 2177/3280/508 2171/3124/508 2170/3123/508
f 2174/3127/521 2180/3281/521 2179/3282/521
f 2191/3140/509 2187/3147/509 2189/3129/509
f 2182/3133/510 2184/3202/510 2186/3283/510
f 2189/3138/511 2183/3284/511 2182/3136/511
f 2186/3283/512 2192/3141/512 2191/3140/512
f 2188/3137/503 2175/3203/503 2177/3280/503
f 2170/3123/513 2181/2992/513 2183/3284/513
f 2190/3206/502 2179/3131/502 2178/2986/502
f 2185/3135/514 2172/3019/514 2174/3285/514
f 2193/3286/508 2197/3146/508 2196/3145/508
f 2200/3149/495 2202/3287/495 2204/3164/495
f 2204/3164/496 2198/3147/496 2197/3146/496
f 2195/3288/497 2201/3150/497 2200/3149/497
f 2206/3155/511 2208/3289/511 2210/3290/511
f 2211/3291/512 2215/3164/512 2214/3163/512
f 2216/3165/510 2210/3290/510 2209/3128/510
f 2207/3156/509 2213/3292/509 2212/3293/509
f 2212/3161/502 2199/3294/502 2201/3295/502
f 2194/3143/503 2205/3296/503 2207/3158/503
f 2214/3297/504 2203/3152/504 2202/3151/504
f 2209/3158/505 2196/3298/505 2198/3143/505
f 2218/3167/502 2223/3299/502 2225/3178/502
f 2226/3015/497 2225/3178/497 2224/3258/497
f 2221/3170/509 2219/3168/509 2218/3167/509
f 2228/3300/503 2222/3171/503 2221/3170/503
f 2232/3301/504 2230/3178/504 2229/3177/504
f 2236/3183/496 2231/3179/496 2230/3178/496
f 2238/3082/510 2234/3302/510 2233/3265/510
f 2237/3184/505 2240/3170/505 2239/3303/505
f 2239/3186/511 2220/3304/511 2222/3273/511
f 2217/3274/512 2233/3181/512 2232/3180/512
f 2224/3173/495 2229/3305/495 2231/3276/495
f 2235/3276/508 2227/3175/508 2226/3088/508
f 1992/2974/522 1977/3187/522 1980/2956/522
f 1979/3306/523 1988/3307/523 1981/3308/523
f 1991/3194/524 1985/3191/524 1978/2954/524
f 2000/3193/525 1982/3189/525 1987/3309/525
f 1995/2965/526 1986/2962/526 1983/2959/526
f 1999/3164/527 1990/3288/527 1994/3308/527
f 2016/3310/525 2001/3311/525 2004/3312/525
f 2003/2990/523 2012/2999/523 2005/2981/523
f 2015/3205/522 2009/3204/522 2002/2978/522
f 2024/3313/526 2006/2978/526 2011/3314/526
f 2019/3315/524 2010/2986/524 2007/3311/524
f 2023/2999/527 2014/2990/527 2018/2981/527
f 2029/3004/524 2037/3316/524 2041/3014/524
f 2027/3317/527 2036/3210/527 2032/3216/527
f 2025/2996/526 2045/3207/526 2038/3011/526
f 2034/2993/522 2040/3318/522 2047/3020/522
f 2033/3319/525 2046/3014/525 2043/3316/525
f 2048/3215/523 2039/3317/523 2044/3017/523
f 2049/3320/527 2060/3224/527 2055/3027/527
f 2050/3022/525 2067/3039/525 2062/3034/525
f 2054/3227/526 2061/3321/526 2064/3220/526
f 2058/3030/524 2066/3322/524 2071/3042/524
f 2056/3323/522 2070/3324/522 2068/3321/522
f 2072/3224/523 2063/3226/523 2069/3223/523
f 2077/3046/524 2085/3325/524 2089/3051/524
f 2075/3326/527 2084/3233/527 2080/3054/527
f 2073/3043/526 2093/3230/526 2086/3049/526
f 2082/2993/522 2088/3318/522 2095/3020/522
f 2081/3327/525 2094/3051/525 2091/3325/525
f 2096/3238/523 2087/3328/523 2092/3054/523
f 2097/3329/527 2108/3254/527 2103/3062/527
f 2098/3057/525 2115/3074/525 2110/3069/525
f 2102/3252/526 2109/3330/526 2112/3244/526
f 2106/3065/524 2114/3331/524 2119/3078/524
f 2104/3332/522 2118/3333/522 2116/3334/522
f 2120/3249/523 2111/3251/523 2117/3247/523
f 2121/3335/526 2145/3275/526 2127/3085/526
f 2132/3259/524 2122/3080/524 2129/3257/524
f 2124/3272/527 2149/3104/527 2123/3336/527
f 2131/3085/522 2155/3337/522 2126/3335/522
f 2128/3338/523 2151/3108/523 2130/3304/523
f 2133/3339/526 2157/3340/526 2139/3098/526
f 2144/3262/524 2134/3090/524 2141/3112/524
f 2136/3341/527 2161/3114/527 2135/3342/527
f 2143/3098/522 2167/3120/522 2138/3343/522
f 2140/3096/523 2163/3344/523 2142/3341/523
f 2150/3264/525 2152/3106/525 2146/3101/525
f 2162/3269/525 2164/3117/525 2158/3112/525
f 2184/3310/525 2169/3311/525 2172/3312/525
f 2171/3345/523 2180/3281/523 2173/3126/523
f 2183/3284/522 2177/3280/522 2170/3123/522
f 2192/3346/526 2174/3285/526 2179/3347/526
f 2187/3315/524 2178/2986/524 2175/3311/524
f 2191/3140/527 2182/3133/527 2186/3283/527
f 2208/3348/522 2193/3349/522 2196/3151/522
f 2195/3288/523 2204/3164/523 2197/3146/523
f 2207/3158/524 2201/3295/524 2194/3143/524
f 2216/3350/525 2198/3143/525 2203/3351/525
f 2211/3352/526 2202/3151/526 2199/3353/526
f 2215/3164/527 2206/3155/527 2210/3290/527
f 2217/3354/526 2229/3305/526 2223/3172/526
f 2228/3300/524 2218/3167/524 2225/3178/524
f 2220/3304/527 2233/3181/527 2219/3338/527
f 2227/3175/522 2239/3355/522 2222/3354/522
f 2224/3338/523 2235/3356/523 2226/3304/523
f 2234/3302/525 2236/3183/525 2230/3178/525
f 1977/3187/508 1979/3357/508 1981/2957/508
f 1984/2960/495 1983/2959/495 1986/2962/495
f 1988/3188/528 1987/3309/528 1982/3189/528
f 1979/2955/506 1978/2954/506 1985/3191/506
f 1990/2966/511 1989/2965/511 1992/2974/511
f 1995/2965/512 1997/3358/512 1999/2975/512
f 2000/3193/510 1999/3359/510 1994/2970/510
f 1991/3194/509 1990/3360/509 1997/2973/509
f 1996/2972/502 1995/2971/502 1983/3195/502
f 1978/2954/503 1977/2953/503 1989/3196/503
f 1998/2974/504 2000/2976/504 1987/2963/504
f 1993/2969/505 1992/2968/505 1980/3197/505
f 2010/3198/497 2012/2999/497 2008/2984/497
f 2001/3199/496 2003/2990/496 2005/2981/496
f 2009/2985/508 2008/2984/508 2003/2990/508
f 2006/2982/495 2005/2981/495 2012/2999/495
f 2023/2999/509 2022/2998/509 2019/3147/509
f 2014/2990/510 2013/2989/510 2016/3202/510
f 2021/2984/511 2020/3361/511 2015/2991/511
f 2018/2981/512 2017/3362/512 2024/3000/512
f 2020/2996/503 2019/2995/503 2007/3203/503
f 2002/2978/513 2001/2977/513 2013/2992/513
f 2022/3206/502 2024/3363/502 2011/2987/502
f 2017/2993/514 2016/2992/514 2004/3019/514
f 2031/3006/514 2033/3008/514 2043/3019/514
f 2028/3208/511 2030/3364/511 2034/3209/511
f 2030/3005/503 2029/3004/503 2041/3014/503
f 2026/3001/502 2025/2996/502 2038/3011/502
f 2045/3207/495 2044/2979/495 2039/3012/495
f 2037/3211/497 2039/3317/497 2042/3212/497
f 2046/3213/496 2048/3215/496 2044/3017/496
f 2040/3214/508 2042/3212/508 2048/3215/508
f 2036/3210/510 2035/3213/510 2033/3016/510
f 2047/3020/513 2046/3019/513 2035/2992/513
f 2027/3217/509 2026/3319/509 2029/3004/509
f 2032/3007/512 2031/3006/512 2025/2996/512
f 2050/3022/500 2049/3021/500 2055/3032/500
f 2057/3218/505 2056/3365/505 2068/3040/505
f 2051/3023/504 2050/3022/504 2062/3034/504
f 2052/3219/502 2054/3227/502 2064/3220/502
f 2070/3222/508 2072/3224/508 2069/3223/508
f 2072/3224/506 2071/3229/506 2066/3038/506
f 2063/3035/528 2062/3034/528 2067/3039/528
f 2065/3037/495 2064/3036/495 2061/3225/495
f 2054/3227/512 2053/3358/512 2049/2975/512
f 2071/3042/503 2070/3040/503 2059/3031/503
f 2060/3224/498 2059/3366/498 2056/3028/498
f 2058/3229/501 2060/3224/501 2053/3025/501
f 2079/3006/514 2081/2992/514 2091/3019/514
f 2076/3231/511 2078/3367/511 2082/3232/511
f 2078/3047/503 2077/3046/503 2089/3051/503
f 2074/3001/502 2073/3043/502 2086/3049/502
f 2093/3230/495 2092/2979/495 2087/3012/495
f 2085/3234/497 2087/3328/497 2090/3235/497
f 2094/3236/496 2096/3238/496 2092/3054/496
f 2088/3237/508 2090/3235/508 2096/3238/508
f 2084/3233/510 2083/3368/510 2081/3097/510
f 2095/3020/513 2094/2977/513 2083/3008/513
f 2075/3240/509 2074/3369/509 2077/3046/509
f 2080/3048/512 2079/3006/512 2073/3043/512
f 2098/3057/510 2097/3056/510 2103/3241/510
f 2105/3242/505 2104/3370/505 2116/3075/505
f 2099/3058/504 2098/3057/504 2110/3069/504
f 2100/3243/502 2102/3252/502 2112/3244/502
f 2118/3246/508 2120/3249/508 2117/3247/508
f 2120/3249/506 2119/3371/506 2114/3073/506
f 2111/3070/528 2110/3069/528 2115/3074/528
f 2113/3072/495 2112/3071/495 2109/3250/495
f 2102/3252/512 2101/3358/512 2097/2975/512
f 2119/3078/503 2118/3077/503 2107/3066/503
f 2108/3254/511 2107/3372/511 2104/3063/511
f 2106/3255/509 2108/3254/509 2101/3060/509
f 2122/3080/529 2121/3079/529 2127/3256/529
f 2130/3015/530 2132/3259/530 2129/3257/530
f 2125/3083/509 2124/3082/509 2123/3081/509
f 2132/3259/531 2131/3373/531 2126/3084/531
f 2134/3090/517 2133/3089/517 2139/3260/517
f 2142/3052/530 2144/3262/530 2141/3112/530
f 2137/3093/509 2136/3092/509 2135/3091/509
f 2144/3262/518 2143/3050/518 2138/3094/518
f 2148/3263/532 2150/3264/532 2146/3101/532
f 2152/3106/496 2151/3015/496 2147/3102/496
f 2154/3082/510 2156/3266/510 2150/3264/510
f 2153/3107/533 2152/3106/533 2156/3266/533
f 2160/3268/519 2162/3269/519 2158/3112/519
f 2164/3117/496 2163/3116/496 2159/3070/496
f 2166/3092/500 2168/3270/500 2162/3269/500
f 2165/3118/520 2164/3117/520 2168/3270/520
f 2155/3109/511 2154/3108/511 2124/3272/511
f 2121/3274/512 2123/3336/512 2149/3104/512
f 2128/3086/495 2127/3085/495 2145/3275/495
f 2163/3276/508 2165/3374/508 2143/3098/508
f 2136/3277/511 2138/3343/511 2167/3120/511
f 2157/3278/495 2159/3114/495 2140/3096/495
f 2151/3276/508 2153/3375/508 2131/3085/508
f 2133/3279/512 2135/3342/512 2161/3114/512
f 2178/3198/497 2180/3281/497 2176/3129/497
f 2169/3199/496 2171/3345/496 2173/3126/496
f 2177/3280/508 2176/3376/508 2171/3124/508
f 2174/3127/495 2173/3126/495 2180/3281/495
f 2191/3140/509 2190/3139/509 2187/3147/509
f 2182/3133/510 2181/3132/510 2184/3202/510
f 2189/3138/511 2188/3137/511 2183/3284/511
f 2186/3283/534 2185/3127/534 2192/3141/534
f 2188/3137/503 2187/3001/503 2175/3203/503
f 2170/3123/535 2169/3122/535 2181/2992/535
f 2190/3206/502 2192/3363/502 2179/3131/502
f 2185/3135/536 2184/2992/536 2172/3019/536
f 2193/3286/508 2195/3288/508 2197/3146/508
f 2200/3149/495 2199/3148/495 2202/3287/495
f 2204/3164/528 2203/2998/528 2198/3147/528
f 2195/3288/506 2194/3377/506 2201/3150/506
f 2206/3155/511 2205/3154/511 2208/3289/511
f 2211/3291/512 2213/3292/512 2215/3164/512
f 2216/3165/500 2215/3164/500 2210/3290/500
f 2207/3156/501 2206/3155/501 2213/3292/501
f 2212/3161/502 2211/3160/502 2199/3294/502
f 2194/3143/503 2193/3142/503 2205/3296/503
f 2214/3297/504 2216/3378/504 2203/3152/504
f 2209/3158/505 2208/3157/505 2196/3298/505
f 2218/3167/502 2217/3166/502 2223/3299/502
f 2226/3015/497 2228/3300/497 2225/3178/497
f 2221/3170/509 2220/3169/509 2219/3168/509
f 2228/3300/503 2227/3379/503 2222/3171/503
f 2232/3301/504 2234/3302/504 2230/3178/504
f 2236/3183/496 2235/3182/496 2231/3179/496
f 2238/3082/510 2240/3170/510 2234/3302/510
f 2237/3184/505 2236/3183/505 2240/3170/505
f 2239/3186/511 2238/3185/511 2220/3304/511
f 2217/3274/512 2219/3338/512 2233/3181/512
f 2224/3173/495 2223/3172/495 2229/3305/495
f 2235/3276/508 2237/3305/508 2227/3175/508
f 1992/2974/522 1989/2965/522 1977/3187/522
f 1979/3306/523 1984/3380/523 1988/3307/523
f 1991/3194/524 1996/2972/524 1985/3191/524
f 2000/3193/525 1993/2969/525 1982/3189/525
f 1995/2965/526 1998/2974/526 1986/2962/526
f 1999/3164/527 1997/3380/527 1990/3288/527
f 2016/3310/525 2013/3315/525 2001/3311/525
f 2003/2990/523 2008/2984/523 2012/2999/523
f 2015/3205/522 2020/2996/522 2009/3204/522
f 2024/3313/526 2017/2993/526 2006/2978/526
f 2019/3315/524 2022/3206/524 2010/2986/524
f 2023/2999/527 2021/2984/527 2014/2990/527
f 2029/3004/524 2026/3319/524 2037/3316/524
f 2027/3317/527 2028/3208/527 2036/3210/527
f 2025/2996/526 2031/3006/526 2045/3207/526
f 2034/2993/522 2030/3313/522 2040/3318/522
f 2033/3319/525 2035/3381/525 2046/3014/525
f 2048/3215/523 2042/3212/523 2039/3317/523
f 2049/3320/527 2053/3025/527 2060/3224/527
f 2050/3022/525 2057/3218/525 2067/3039/525
f 2054/3227/526 2051/3228/526 2061/3321/526
f 2058/3030/524 2052/3382/524 2066/3322/524
f 2056/3323/522 2059/3383/522 2070/3324/522
f 2072/3224/523 2065/3037/523 2063/3226/523
f 2077/3046/524 2074/3369/524 2085/3325/524
f 2075/3326/527 2076/3231/527 2084/3233/527
f 2073/3043/526 2079/3006/526 2093/3230/526
f 2082/2993/522 2078/3313/522 2088/3318/522
f 2081/3327/525 2083/3384/525 2094/3051/525
f 2096/3238/523 2090/3235/523 2087/3328/523
f 2097/3329/527 2101/3060/527 2108/3254/527
f 2098/3057/525 2105/3242/525 2115/3074/525
f 2102/3252/526 2099/3253/526 2109/3330/526
f 2106/3065/524 2100/3385/524 2114/3331/524
f 2104/3332/522 2107/3386/522 2118/3333/522
f 2120/3249/523 2113/3072/523 2111/3251/523
f 2121/3335/526 2148/3387/526 2145/3275/526
f 2132/3259/524 2125/3083/524 2122/3080/524
f 2124/3272/527 2154/3108/527 2149/3104/527
f 2131/3085/522 2153/3375/522 2155/3337/522
f 2128/3338/523 2147/3104/523 2151/3108/523
f 2133/3339/526 2160/3388/526 2157/3340/526
f 2144/3262/524 2137/3093/524 2134/3090/524
f 2136/3341/527 2166/3344/527 2161/3114/527
f 2143/3098/522 2165/3374/522 2167/3120/522
f 2140/3096/523 2159/3114/523 2163/3344/523
f 2150/3264/525 2156/3266/525 2152/3106/525
f 2162/3269/525 2168/3270/525 2164/3117/525
f 2184/3310/525 2181/3315/525 2169/3311/525
f 2171/3345/523 2176/3129/523 2180/3281/523
f 2183/3284/522 2188/3137/522 2177/3280/522
f 2192/3346/526 2185/3135/526 2174/3285/526
f 2187/3315/524 2190/3206/524 2178/2986/524
f 2191/3140/527 2189/3129/527 2182/3133/527
f 2208/3348/522 2205/3389/522 2193/3349/522
f 2195/3288/523 2200/3149/523 2204/3164/523
f 2207/3158/524 2212/3161/524 2201/3295/524
f 2216/3350/525 2209/3158/525 2198/3143/525
f 2211/3352/526 2214/3297/526 2202/3151/526
f 2215/3164/527 2213/3292/527 2206/3155/527
f 2217/3354/526 2232/3355/526 2229/3305/526
f 2228/3300/524 2221/3170/524 2218/3167/524
f 2220/3304/527 2238/3185/527 2233/3181/527
f 2227/3175/522 2237/3305/522 2239/3355/522
f 2224/3338/523 2231/3104/523 2235/3356/523
f 2234/3302/525 2240/3170/525 2236/3183/525
l 2070 2153
l 2151 2072
o Tobiasz.003
v 1.400000 0.101000 -1.989000
v 1.399000 0.100000 -1.989000
v 1.399000 0.101000 -1.990000
v 1.400000 0.101000 -1.891000
v 1.399000 0.101000 -1.890000
v 1.399000 0.100000 -1.891000
v 0.700000 0.101000 -1.989000
v 0.701000 0.101000 -1.990000
v 0.701000 0.100000 -1.989000
v 0.700000 0.101000 -1.891000
v 0.701000 0.100000 -1.891000
v 0.701000 0.101000 -1.890000
v 1.400000 0.699000 -1.989000
v 1.399000 0.699000 -1.990000
v 1.399000 0.700000 -1.989000
v 1.400000 0.699000 -1.891000
v 1.399000 0.700000 -1.891000
v 1.399000 0.699000 -1.890000
v 0.700000 0.699000 -1.989000
v 0.701000 0.700000 -1.989000
v 0.701000 0.699000 -1.990000
v 0.700000 0.699000 -1.891000
v 0.701000 0.699000 -1.890000
v 0.701000 0.700000 -1.891000
vn 0.5773 -0.5774 -0.5773
vn 0.5774 -0.5773 0.5773
vn -0.5773 -0.5775 -0.5773
vn -0.5774 -0.5773 0.5773
vn 0.5774 0.5774 -0.5773
vn 0.5774 0.5773 0.5773
vn -0.5774 0.5774 -0.5772
vn -0.5775 0.5773 0.5773
vn 0.7071 -0.7071 -0.0000
vn -0.7071 -0.7071 -0.0000
vn -0.0000 -0.7072 0.7071
vn -0.0000 -0.7072 -0.7071
vn 0.7071 0.7072 -0.0000
vn -0.7071 0.7071 -0.0000
vn -0.0000 0.7070 0.7072
vn -0.0000 0.7072 -0.7071
vn -0.7072 -0.0000 0.7071
vn 0.7072 -0.0000 0.7071
vn 0.7071 -0.0000 -0.7071
vn -0.7072 -0.0000 -0.7071
vn 1.0000 -0.0000 -0.0000
vn -0.0000 -1.0000 -0.0000
vn -0.0000 -0.0000 -1.0000
vn -0.0000 -0.0000 1.0000
vn -1.0000 -0.0000 -0.0000
vn -0.0000 1.0000 -0.0000
vn -0.0000 -0.7070 0.7072
vn 0.7071 0.7071 -0.0000
vn -0.0000 0.7072 0.7071
vn -0.7071 -0.0000 0.7071
vn 0.7071 -0.0000 0.7071
vn 0.7072 -0.0000 -0.7071
vn -0.7071 -0.0000 -0.7071
vt 0.000000 0.000000
s 0
usemtl White
f 2241/3390/537 2242/3390/537 2243/3390/537
f 2244/3390/538 2245/3390/538 2246/3390/538
f 2247/3390/539 2248/3390/539 2249/3390/539
f 2250/3390/540 2251/3390/540 2252/3390/540
f 2253/3390/541 2254/3390/541 2255/3390/541
f 2256/3390/542 2257/3390/542 2258/3390/542
f 2259/3390/543 2260/3390/543 2261/3390/543
f 2262/3390/544 2263/3390/544 2264/3390/544
f 2244/3390/545 2242/3390/545 2241/3390/545
f 2251/3390/546 2247/3390/546 2249/3390/546
f 2252/3390/547 2246/3390/547 2245/3390/547
f 2243/3390/548 2249/3390/548 2248/3390/548
f 2257/3390/549 2253/3390/549 2255/3390/549
f 2262/3390/550 2260/3390/550 2259/3390/550
f 2264/3390/551 2258/3390/551 2257/3390/551
f 2255/3390/552 2261/3390/552 2260/3390/552
f 2263/3390/553 2250/3390/553 2252/3390/553
f 2245/3390/554 2256/3390/554 2258/3390/554
f 2241/3390/555 2254/3390/555 2253/3390/555
f 2248/3390/556 2259/3390/556 2261/3390/556
f 2253/3390/557 2244/3390/557 2241/3390/557
f 2246/3390/558 2249/3390/558 2242/3390/558
f 2261/3390/559 2243/3390/559 2248/3390/559
f 2258/3390/560 2252/3390/560 2245/3390/560
f 2262/3390/561 2247/3390/561 2250/3390/561
f 2260/3390/562 2257/3390/562 2255/3390/562
f 2244/3390/545 2246/3390/545 2242/3390/545
f 2251/3390/546 2250/3390/546 2247/3390/546
f 2252/3390/563 2251/3390/563 2246/3390/563
f 2243/3390/548 2242/3390/548 2249/3390/548
f 2257/3390/564 2256/3390/564 2253/3390/564
f 2262/3390/550 2264/3390/550 2260/3390/550
f 2264/3390/565 2263/3390/565 2258/3390/565
f 2255/3390/552 2254/3390/552 2261/3390/552
f 2263/3390/566 2262/3390/566 2250/3390/566
f 2245/3390/567 2244/3390/567 2256/3390/567
f 2241/3390/568 2243/3390/568 2254/3390/568
f 2248/3390/569 2247/3390/569 2259/3390/569
f 2253/3390/557 2256/3390/557 2244/3390/557
f 2246/3390/558 2251/3390/558 2249/3390/558
f 2261/3390/559 2254/3390/559 2243/3390/559
f 2258/3390/560 2263/3390/560 2252/3390/560
f 2262/3390/561 2259/3390/561 2247/3390/561
f 2260/3390/562 2264/3390/562 2257/3390/562
