# Blender 4.5.3 LTS
# www.blender.org
mtllib Stack of Bricks.mtl
o Stack_of_Bricks
v 0.918057 0.667674 -0.969340
v 0.760101 0.680672 -0.949230
v 0.958063 0.544561 -0.919820
v 0.870757 0.851253 -0.922020
v 0.536402 0.113333 -0.917059
v 0.480093 0.161737 -0.944119
v 0.966793 0.666372 -0.859823
v 0.991852 0.611974 -0.776214
v 1.017568 0.670880 -0.992264
v 0.977514 0.838333 -0.874059
v 0.377268 1.369150 -0.627846
v 1.552566 1.043036 -0.249523
v 0.561292 1.267110 -0.606736
v 0.518509 1.205295 -0.610812
v 0.525091 1.242165 -0.631580
v 0.525402 1.235171 -0.607389
v 0.496027 1.247694 -0.620098
v 0.906000 1.207708 -0.270191
v 0.892647 1.220714 -0.236182
v 0.789504 1.211419 -0.344106
v 0.790754 1.197580 -0.248263
v 0.824683 1.346545 -0.231158
v 0.665247 1.108573 -0.302894
v 0.506305 1.350371 -0.455126
v -0.881811 1.033205 -0.597747
v 0.707744 0.034714 -0.914685
v 0.737702 0.056085 -0.918400
v 0.920884 0.074539 -0.909809
v 0.957097 0.108718 -0.928259
v 0.973491 0.153601 -0.931459
v 0.994457 0.220814 -0.887210
v 1.678088 0.149814 -0.886175
v 1.645403 0.164161 -0.819547
v 1.689414 0.116800 -0.689964
v 1.645916 0.161250 -0.686425
v 1.691370 0.325288 -0.819672
v 1.595236 0.359412 -0.602455
v 1.719822 -0.000432 -0.770642
v 1.718630 0.000040 -0.718815
v 1.678286 0.289168 -0.364378
v 1.667754 0.375639 -0.685295
v 1.620546 0.506198 -0.592856
v 1.667149 0.342992 -0.559534
v 1.691373 0.516386 -0.564808
v 1.661360 0.676637 -0.234092
v 1.479283 1.502517 0.186174
v 1.473610 1.428451 0.189175
v 0.996286 1.471012 0.673886
v 0.949550 1.312847 0.683353
v 0.192543 0.306590 0.723332
v -0.106500 0.367882 0.742964
v 1.594316 0.322135 0.799649
v 1.658296 0.348658 0.118662
v 1.644549 0.517354 -0.054155
v 1.680296 0.509262 -0.189922
v 1.666720 0.501032 0.022823
v 1.599591 0.346244 0.122300
v 1.633966 0.315062 -0.136500
v 1.131094 1.513806 0.191527
v 1.191430 1.548635 0.019645
v 1.214762 1.525342 0.118212
v 1.146272 1.580215 -0.135591
v 1.150607 1.595034 -0.174753
v 1.069690 1.560618 0.041185
v 1.018254 1.551094 -0.018403
v -0.143668 1.126149 0.692686
v 0.003686 1.138600 0.539448
v 0.060708 1.144143 0.316044
v -0.104756 1.110027 0.528566
v -0.151861 1.370633 0.439148
v -0.134342 1.259208 0.674375
v 0.076029 1.148253 0.134930
v 0.007215 0.969501 0.058754
v -0.134377 1.003237 0.038485
v -0.110379 1.023830 0.115688
v -0.143583 1.108331 0.148206
v -0.166113 1.053458 0.280000
v -0.132359 1.117585 0.323068
v -0.086790 1.144194 0.426117
v -0.160522 1.133786 0.502859
v 0.174051 1.126945 0.117011
v 0.187494 0.993508 0.127748
v 0.223957 0.898955 0.140780
v 0.206409 1.028221 0.218336
v 0.200744 1.118381 0.312325
v -0.007689 1.117364 0.113528
v 0.117793 0.921250 0.053647
v 0.526974 1.050497 -0.177651
v 0.608968 1.024335 -0.293296
v 1.267647 1.525896 0.025279
v 0.199485 1.085064 0.793705
v 0.220174 0.987166 0.752072
v 0.384316 1.177296 -0.159632
v 0.534110 1.167235 -0.203091
v 0.524786 1.151664 -0.028881
v 0.566708 1.141543 -0.104211
v 0.278784 1.180021 -0.063442
v 0.318762 1.303397 -0.231256
v 0.250333 1.180895 -0.186696
v 0.293603 1.219078 -0.044493
v 0.435828 1.172818 0.051643
v -0.013002 0.497416 0.681021
v -0.161781 0.571355 0.683006
v -0.167058 0.595380 0.748266
v 1.608848 1.212226 -0.571169
v 1.574154 1.049248 -0.562042
v 1.575809 1.196678 -0.379461
v 1.626109 1.067831 -0.665916
v 0.975999 1.222483 -0.922345
v 0.926228 1.176907 -0.805778
v 0.954349 1.164532 -0.708745
v 0.878858 1.174765 -0.842786
v 0.811482 1.185918 -0.726916
v 0.773752 1.187417 -0.625107
v 0.889493 1.183669 -0.666407
v 0.762604 1.111306 -0.621115
v -0.016014 1.508272 -0.254582
v -0.038838 1.506466 -0.334606
v 0.027458 1.607491 -0.271175
v 0.372999 1.543337 -0.469104
v 0.146354 1.383124 -0.528052
v 0.121308 1.391307 -0.689424
v 1.406891 1.228483 -0.890709
v 1.517104 1.052050 -0.859772
v 1.569104 1.236560 -0.868234
v 1.617924 1.193754 -0.855862
v 1.624406 1.078963 -0.858203
v 1.567057 1.213563 -0.187711
v 1.587975 1.375081 -0.193027
v 1.436193 1.373528 -0.228209
v 1.471031 1.392231 -0.088970
v 1.583400 0.967946 -0.318798
v 1.561035 0.894346 -0.338381
v 1.578656 1.038059 -0.403229
v 0.311568 0.036177 -0.909336
v 0.246223 0.002058 -0.904922
v -0.094217 0.002822 -0.997391
v 0.012406 0.068537 -0.961178
v 0.255509 0.890820 -0.802642
v 0.289145 0.213005 -1.019378
v 0.258757 0.194986 -1.025324
v 0.352576 0.039847 -0.919732
v 0.319219 0.120497 -0.930740
v 1.549891 0.903254 -0.257424
v 1.615598 0.877866 -0.335280
v 1.611322 0.723366 -0.574307
v -0.109433 1.143408 -0.410249
v -0.357362 1.402665 -0.215200
v -0.531697 0.839792 -0.867702
v 0.032130 1.258430 -0.643290
v -0.101094 1.257193 -0.563518
v -0.021175 1.081359 -0.590395
v -0.007418 1.148484 -0.625938
v 0.057368 1.131241 -0.643526
v -0.454520 1.076589 -0.176648
v -0.526751 1.110250 -0.238759
v -0.627589 1.127157 -0.140171
v -0.683495 1.131904 -0.178330
v -0.772791 1.078207 -0.215291
v -0.576582 1.120033 -0.200232
v -0.586081 1.150245 -0.119797
v -0.402670 1.118069 -0.257050
v -0.469031 1.060582 -0.127543
v -0.516039 1.020530 -0.019834
v -1.068720 1.584138 -0.054852
v -1.336134 1.390123 -0.052179
v -1.060225 1.427766 -0.066538
v -0.994435 1.447293 0.431694
v -1.036842 1.470022 0.547977
v -1.051473 1.612603 0.541219
v -1.358021 1.396456 -0.382431
v -1.564080 1.385469 -0.361401
v -1.574549 1.230561 -0.373393
v -1.636014 1.233018 -0.376767
v -0.729531 1.143586 0.133622
v -0.764750 1.117886 -0.138012
v -0.659719 1.156408 0.022180
v -0.869393 1.147739 0.074504
v -0.631233 1.125450 0.144048
v -0.501752 1.087228 0.499364
v -0.683338 1.117561 0.400916
v -0.881379 1.416090 -0.114142
v -1.040298 1.269003 -0.068114
v -0.894323 1.420683 -0.282066
v -1.054220 1.377174 -0.064355
v -0.678376 1.164045 -0.122806
v -1.291360 1.059955 0.231947
v -1.409796 1.095308 0.273877
v -1.410894 1.221512 0.255818
v -1.309123 1.246376 0.290166
v -1.340689 0.958451 0.213465
v -1.373044 0.937231 0.240257
v -1.468538 0.769956 0.175128
v -1.304652 0.791013 0.113061
v -1.472584 0.769560 0.063172
v -1.500466 0.784090 0.366928
v -1.504638 0.775805 0.537281
v -1.496500 0.925974 0.361103
v -1.366668 0.939990 0.343462
v -1.467374 0.939275 0.264619
v -0.486930 1.037071 -0.372614
v -0.510211 1.035639 -0.627723
v -0.548820 1.170492 -0.657978
v -0.527455 1.187926 -0.460356
v 0.182877 0.964599 -0.839643
v 0.162932 1.032323 -1.072074
v -0.346516 0.515553 -0.885259
v -0.454088 1.074537 -0.318016
v -0.499413 1.200124 -0.313306
v -0.007806 0.550778 -1.025452
v 0.173536 0.704570 -1.027073
v -0.009930 0.703323 -0.993904
v -1.553682 0.762103 0.546624
v -1.333483 0.601716 0.797925
v -1.516372 0.622036 0.831233
v -1.490254 0.416606 0.887658
v -1.484174 0.590052 0.912289
v -1.604132 0.476986 0.399539
v -0.474739 1.174042 -0.040161
v -0.450000 1.277866 -0.115368
v -0.449145 1.256253 0.076715
v -0.257466 1.245803 0.067033
v -0.957059 1.464414 0.698778
v -1.003152 1.477115 0.610698
v -0.967636 1.442593 0.615003
v -0.959303 1.317314 0.654712
v -0.184255 0.898909 0.777712
v -0.488756 0.757846 0.747108
v -0.892560 1.471131 0.364632
v -0.673015 1.520569 0.355588
v -0.468665 1.567605 0.356843
v -0.924907 1.635117 0.352889
v -0.930507 1.607785 0.633009
v -0.567573 1.687156 0.651147
v -1.248129 1.206588 0.441648
v 1.066318 0.193432 0.807391
v 1.144177 0.198936 0.768778
v 1.344044 0.325104 0.825869
v 1.290356 0.178508 0.858901
v 1.126907 0.178713 0.859123
v 1.185604 -0.000161 0.820435
v 1.013342 0.000996 0.810398
v 0.964489 0.053835 0.841199
v 1.617334 0.501525 0.127385
v 1.623126 -0.000295 0.159591
v 1.638251 0.001740 0.233789
v 1.649775 0.177057 0.181074
v 1.629317 0.001728 0.329776
v 1.629384 0.001315 0.369076
v 1.641680 0.088887 0.415825
v 0.651991 0.505778 0.743525
v 0.562551 0.478911 0.708355
v 0.450436 0.497926 0.732695
v 0.606786 0.038295 0.784259
v 0.619315 0.001030 0.753951
v 0.710186 -0.000306 0.771805
v 1.624575 1.352288 0.503656
v 1.613275 1.363749 0.205749
v 1.535409 1.312691 0.427259
v 1.572880 1.323876 0.509045
v 1.600437 1.531844 0.218746
v 1.551739 1.013755 0.442777
v 1.556470 1.163350 0.436333
v 1.590705 0.762809 0.177065
v 1.478098 0.861617 0.093992
v 1.486696 1.015159 0.123402
v 1.597999 0.875481 0.129166
v 1.556516 0.843504 0.158499
v 1.637679 0.182341 -0.039535
v 1.684422 0.000119 -0.234357
v 1.626786 0.001994 -0.019825
v 1.551673 0.201707 -0.148206
v 1.599282 0.172150 0.156583
v 1.619495 -0.000375 -0.107275
v 1.641063 0.000612 -0.150019
v 1.202698 0.837497 0.790610
v 1.034982 0.673279 0.778119
v 1.226468 0.763748 0.797650
v 1.228215 0.849932 0.735563
v 1.070903 0.840354 0.786712
v 0.948432 0.077512 0.794000
v 0.946733 0.079572 0.813491
v 0.939420 0.074830 0.809373
v 0.985069 1.173337 0.566454
v 0.211931 0.201351 0.683966
v 0.162245 0.188545 0.641603
v 0.177042 0.266406 0.607884
v 0.145770 0.121340 0.716727
v 0.270253 0.127285 0.702051
v 0.265210 0.087940 0.781648
v 0.260380 0.201929 0.799495
v 0.180633 0.291673 0.710075
v 0.537655 0.001175 0.752929
v 0.460663 0.006941 0.774555
v 0.442946 0.002793 0.801124
v 0.387060 0.002658 0.850139
v 0.388232 0.038052 0.785493
v 0.317505 0.007520 0.849505
v 0.301200 -0.006196 0.852286
v 1.087511 1.609096 0.200329
v 1.127031 1.632149 0.341990
v 1.096802 1.839325 0.320579
v 0.900540 1.864370 0.304482
v 0.758180 1.831983 0.300612
v 0.761271 1.512563 0.349733
v 0.662801 1.556633 0.324697
v 0.652918 1.824112 0.306112
v 0.460833 1.269982 0.351125
v 0.572429 1.088606 0.295678
v 0.546064 1.309251 0.273757
v 0.216982 1.099759 -0.007033
v 0.252209 1.191584 -0.060206
v 0.259694 1.160990 0.304623
v 0.861553 1.607484 0.358338
v 0.814429 1.847768 0.341402
v 0.856702 1.814633 0.456420
v 1.019094 1.887454 0.619251
v 1.047234 1.629106 0.657740
v 0.959613 1.714409 0.632777
v 0.914352 1.867947 0.548539
v 0.790481 1.617853 0.411884
v 0.729991 1.572211 0.338670
v 0.733741 1.681792 0.433985
v 0.666225 1.835988 0.430723
v 0.801060 1.844069 0.465517
v 0.974741 1.859656 0.350383
v 1.040436 1.623611 0.725909
v 0.988231 1.880103 0.724454
v 0.586169 1.850751 0.733019
v 1.181356 1.723338 0.549512
v 1.191993 1.645646 0.513754
v 0.906072 1.533556 0.194046
v 0.190289 0.977952 0.786946
v 0.199806 1.356142 0.430383
v 0.201061 1.212324 0.383913
v 0.197737 1.398261 0.355920
v 0.135501 1.330671 0.437134
v 1.422846 1.562689 -0.466920
v 1.342873 1.553104 -0.460302
v 1.313181 1.540249 -0.163260
v 1.455492 1.543254 0.059036
v 1.201904 1.528527 -0.464512
v 1.192183 1.549709 -0.447589
v 1.328453 1.559225 -0.369751
v 1.233429 1.570393 -0.374674
v 0.937568 1.417980 -0.908859
v 0.922398 1.369725 -0.449956
v 0.796264 1.212797 -0.231296
v 0.527016 1.229280 -0.291315
v 0.392000 1.309787 -0.313332
v 0.341514 1.242297 -0.316881
v 0.480359 1.177117 -0.242568
v 0.564105 1.446692 -0.299553
v 0.528391 1.369134 -0.172603
v 0.510356 1.310332 -0.262256
v 1.194359 1.582292 -0.138372
v 1.159224 1.633503 -0.166763
v 1.061946 1.619334 -0.224328
v 1.061119 1.554896 -0.243769
v 1.072164 1.585739 -0.206949
v 1.035574 1.572390 -0.215025
v 1.245948 1.665859 -0.052144
v 1.231700 1.545104 -0.082838
v 1.288377 1.397305 -0.898637
v 1.312991 1.310806 -0.915006
v 1.567641 1.382522 -0.865794
v 1.239014 1.546264 -0.563788
v 1.205850 1.553568 -0.617301
v 1.254779 1.559006 -0.589151
v 1.301478 1.464211 -0.539000
v 1.352485 1.564473 -0.734240
v 1.316109 1.554860 -0.591680
v 1.176246 1.405899 -0.563476
v 1.062248 1.559654 -0.342180
v 1.076803 1.544144 -0.453719
v 1.296452 1.571808 -0.293444
v 1.086339 1.611860 -0.274037
v 1.146506 1.574629 -0.336349
v 1.136284 1.551255 -0.364550
v 1.109678 1.535471 -0.414277
v 1.151480 1.601576 -0.251897
v 1.085614 1.585429 -0.417626
v 1.235376 1.563112 -0.578567
v 0.794738 1.194118 -0.224884
v 0.377159 1.170791 -0.979228
v 0.347973 1.184690 -0.669013
v 0.265177 1.178837 -0.724595
v 0.741916 1.318820 -0.475435
v 0.745915 1.347026 -0.594431
v 0.386590 1.060907 -0.628134
v 0.306768 1.416781 -0.212196
v 0.407814 1.555426 -0.215027
v 1.482692 0.522150 -0.927152
v 1.290325 0.836698 -0.976912
v 1.320349 0.675184 -0.943712
v 1.312563 0.890897 -0.955793
v 1.346201 1.017723 -0.934525
v 1.177428 1.008372 -0.949657
v 0.990149 0.928814 -0.971620
v 1.342736 1.037373 -0.888765
v 1.233901 1.029427 -0.869451
v 1.076561 0.841333 -0.962713
v 1.579931 0.523623 -0.291886
v 0.977610 0.139159 -0.926324
v 0.956608 0.127754 -0.923852
v 0.926619 0.107940 -0.918578
v 0.923068 0.026938 -0.908925
v 0.938552 0.001132 -0.898035
v 0.870793 0.089053 -0.867000
v 0.913601 0.200614 -0.934144
v 0.955359 0.231892 -0.839184
v 0.966355 0.342962 -0.842043
v 1.005742 0.365155 -0.903457
v 0.422868 0.330460 -0.986241
v 1.079395 0.647548 -0.941630
v 1.039661 0.540111 -0.816932
v 1.021656 0.515763 -0.901776
v 0.412833 0.375995 -0.974992
v 0.785440 0.000469 -0.876434
v 0.747863 0.029602 -0.908354
v -1.491381 0.523351 -0.942259
v -1.411287 0.502747 -0.895838
v -1.178563 0.642977 -0.867758
v -1.502469 0.640817 -0.883779
v -1.562675 0.773267 -0.715898
v -1.556315 0.604065 -0.722699
v -1.549786 0.603006 -0.517439
v -1.550288 0.756610 -0.541493
v -1.568597 0.660264 -0.920818
v -1.501213 0.460430 0.166250
v -1.537968 0.424871 0.026102
v -1.585687 0.408184 0.151643
v -1.542241 0.420080 -0.084103
v -1.533500 0.491836 -0.031313
v -1.564145 0.604495 -0.183187
v -1.609884 0.169652 -0.284627
v -1.556245 0.085413 -0.251952
v -1.589498 0.004022 -0.271072
v -1.469471 -0.001999 -0.236631
v -1.474722 0.003403 -0.217292
v -1.534107 0.161680 -0.281390
v -1.629707 0.003207 -0.272720
v -1.659089 0.108445 -0.256824
v -1.540897 0.610393 -0.010838
v -1.417990 0.577865 -0.264831
v -1.478920 0.566380 -0.263033
v -1.562169 0.740512 -0.200650
v -1.462533 0.729659 -0.238812
v -1.483891 0.765951 -0.039611
v -1.536162 0.757434 -0.022278
v -1.488858 0.452207 0.382926
v -1.604195 0.592222 0.378994
v -1.535651 0.610155 0.204985
v -1.490182 0.598795 0.385111
v -1.645639 0.325810 -0.274611
v -1.599770 0.178479 -0.006212
v -1.576219 0.254217 0.033528
v -1.500020 0.348488 -0.600516
v -1.641598 0.182695 -0.534800
v -1.660952 0.339021 -0.403332
v -1.668742 0.347724 -0.556429
v -1.401744 0.405472 -0.557682
v -1.545952 0.466558 -0.603792
v -1.338538 0.493561 -0.679095
v -1.397236 0.581907 -0.658908
v -1.542786 0.219880 -0.577806
v -1.563930 0.142736 -0.609225
v -1.519289 0.049919 -0.579168
v -1.603346 0.273316 -0.821429
v -1.524932 0.250888 -0.900165
v -1.592901 0.003419 -0.677346
v -1.608369 0.004566 -0.876724
v -1.544965 0.143575 -0.866493
v -1.598069 0.144398 -0.828384
v -1.594166 0.136162 -0.708031
v -1.586647 0.403150 -0.849911
v -1.575524 0.302695 -0.737181
v -1.531936 0.492427 -0.891836
v -1.567042 0.307297 -0.632550
v -1.578822 0.424504 -0.691479
v -1.546554 0.321948 -0.893624
v -1.575028 0.006974 -0.587805
v -1.556691 0.487176 -0.730668
v -1.479510 0.750684 -0.364156
v -1.536113 0.737241 -0.274336
v -1.273891 0.637340 -0.920602
v -0.269037 1.579141 0.398610
v -0.317345 1.756092 0.364229
v -0.269786 1.572069 0.594782
v -0.293509 1.752485 0.651878
v -0.419225 1.569190 0.637326
v -0.658062 1.272081 0.168968
v -0.672921 1.459115 0.035373
v -0.465594 1.482509 0.441179
v -0.138189 1.190334 0.766982
v -0.483971 1.180727 0.065747
v -0.615067 0.087095 0.748076
v -0.537300 0.103354 0.816631
v -0.560742 0.109639 0.812782
v -0.619554 0.087382 0.808335
v -0.767418 0.079831 0.756493
v -0.680626 0.049058 0.843517
v -0.715142 0.040759 0.813531
v -0.651940 0.063809 0.840393
v -0.893709 0.056175 0.746716
v -0.732988 0.205081 0.766223
v -0.868198 0.583596 0.836992
v -1.148086 0.594290 0.760490
v -0.908699 0.207008 0.785670
v -0.945104 0.056049 0.826452
v -0.900692 0.011427 0.867330
v -0.839489 0.440760 0.762101
v -0.820389 0.265207 0.787792
v -0.849234 0.285753 0.745003
v -0.914848 0.140085 0.870432
v -0.911413 0.275711 0.804529
v -0.897043 0.390565 0.800055
v -1.024079 0.409409 0.836178
v -0.846509 0.009929 0.823943
v -0.775753 0.004225 0.801599
v -0.852141 0.444795 0.833356
v -1.502497 0.596900 0.703419
v -1.242832 0.398931 0.814538
v -0.123907 1.104168 -0.174817
v -0.168754 1.084259 0.111017
v -0.261205 1.096760 0.103614
v -0.183050 1.077337 0.310934
v -0.142952 1.350012 0.295219
v -0.727858 1.290831 0.138017
v -1.435272 0.748984 -0.293233
v -1.448414 0.907857 -0.266585
v -1.462636 0.921622 -0.365968
v -1.441687 0.928509 0.055084
v -1.412674 0.916029 0.117448
v -1.475495 0.977070 -0.017014
v -1.303228 0.925229 -0.650595
v -1.551062 0.943027 -0.700955
v -1.458376 1.092253 -0.686451
v -1.577699 1.252594 -0.682204
v -1.573703 1.099664 -0.670053
v -1.556571 1.014094 -0.361219
v -1.564392 0.927473 -0.413341
v -1.578633 0.967404 -0.612882
v -1.573259 1.079651 -0.470747
v -1.529511 0.927995 -0.604126
v -1.538418 1.373463 -0.039412
v -0.868105 0.457510 -0.744869
v -0.912783 0.628455 -0.804018
v -0.908653 0.455179 -0.562088
v -0.934633 0.552023 -0.568591
v -0.947522 1.127882 -0.722978
v -0.971972 1.273408 -0.717315
v -0.992855 1.275618 -0.551221
v -0.939352 1.117054 -0.457760
v -0.860895 0.967919 -0.474888
v -0.934101 0.954056 -0.423458
v -0.878887 1.049590 -0.560668
v -1.079140 1.365097 -0.428210
v -1.183365 1.378605 -0.413545
v -0.969736 1.393367 -0.428948
v -1.095078 1.402918 -0.421130
v -0.889490 0.887846 -0.283329
v -0.777235 1.022020 -0.203464
v -0.895278 0.973669 0.007027
v -0.823361 1.037117 -0.179910
v -0.824097 1.172825 -0.146003
v -0.107351 0.189903 -1.016048
v -0.230572 0.094957 -0.998876
v -0.102842 0.002780 -0.998981
v -0.157448 0.003672 -1.003142
v -0.102738 0.004130 -0.999374
v -0.069295 0.700738 -0.902154
v -0.091247 0.650035 -0.797978
v -0.125926 0.523776 -0.944833
v -0.071910 0.532197 -0.805156
v -0.100910 0.742114 -1.031484
v 0.201246 0.857259 -1.100713
v -0.109385 0.710786 -0.909027
v -0.095732 0.862378 -1.091629
v -0.123420 0.904624 -0.973011
v -0.177512 0.707864 -0.671731
v -0.187018 0.833082 -0.726594
v -0.288314 0.851737 -0.681364
v -0.315319 0.744215 -0.608473
v -0.441221 0.835007 -0.891452
v -0.419380 0.853955 -0.790598
v -0.408039 0.841544 -0.702641
v -0.098179 0.966769 -0.768183
v -0.447820 0.999920 -0.549751
v -0.416234 1.159392 -0.541626
v -0.396637 1.148517 -0.391956
v -0.450691 0.989350 -0.275785
v -0.453369 1.040605 -0.265185
v -0.437432 1.005769 -0.288938
v -0.544957 1.073382 -0.283570
v -1.183553 1.007655 0.856961
v -1.040291 0.802158 0.793435
v -1.135970 0.979293 0.804769
v -1.235836 0.776254 0.814453
v -1.209236 0.802044 0.758955
v -0.952316 0.977444 0.794002
v -1.109174 1.145468 0.772675
v -1.237348 1.126649 0.757369
v -1.170339 1.114144 0.854519
v -1.516286 0.786264 0.838607
v -0.837494 1.142998 0.766754
v -1.241265 1.305368 0.760552
v -1.185193 0.924033 0.315793
v -1.193821 1.081158 0.283617
v -1.251751 1.115305 0.343435
v -1.290046 1.196137 0.337299
v -1.336206 1.414989 0.164131
v -1.508852 1.180751 0.337198
v -1.319642 1.426236 0.443578
v -1.268594 1.240110 0.444734
v -1.294040 1.445392 0.597858
v -1.203994 1.125815 0.693795
v -1.282258 1.112780 0.757786
v -1.255442 1.209925 0.651420
v -1.268626 1.285693 0.642405
v -1.409738 1.101654 0.801499
v -1.339579 1.200908 0.771221
v -0.842732 0.615177 0.766772
v -1.557449 0.267691 0.898453
v -0.823696 0.795167 0.734409
v -0.392274 0.072161 0.756908
v -0.449086 0.097195 0.728079
v -0.430944 0.086680 0.760339
v -0.492620 0.099737 0.781109
v -0.525699 0.097733 0.798911
v -0.462176 0.247208 0.751454
v -0.597782 0.235106 0.754935
v -0.232832 0.000185 0.702266
v -0.263821 0.035548 0.716651
v -0.283391 0.036680 0.728553
v -0.290270 0.148717 0.763097
v -0.287808 0.048440 0.749544
v -0.379531 0.058393 0.736805
v -0.311775 0.259848 0.745657
v -0.332896 0.197788 0.716679
v -0.487633 0.428328 0.693228
v -0.519027 0.402527 0.756922
v -0.344685 0.405613 0.757862
v -0.195680 0.000924 0.717731
v -0.199864 0.020038 0.723240
v -0.169062 -0.002188 0.730906
v -0.197555 0.000878 0.719235
v -0.223535 0.198830 0.707198
v -0.477081 0.866383 0.745875
v -0.533767 0.895701 0.802225
v -0.497105 0.917288 0.708247
v -0.498193 1.060631 0.712579
v -0.376779 0.898161 0.790374
v -0.501827 0.937663 0.825351
v -0.494573 1.082295 0.825995
v -0.396563 1.268970 -0.148228
v -0.413159 1.102979 0.091927
v -0.437323 1.226207 0.109490
v -0.478700 1.093515 0.025831
v -0.511172 1.082629 -0.016043
v -0.535902 1.141763 -0.003901
v -0.552589 1.137387 0.083067
v -0.484155 1.088213 0.139025
v -0.545034 1.095185 0.144653
v -0.213089 1.114149 -0.130975
v -0.105167 1.190311 -0.128328
v -0.018777 1.270870 0.020876
v -0.075235 1.115975 0.020777
v -0.116216 1.095470 -0.043733
v -0.091629 1.242910 0.017033
v -0.181556 1.555558 0.196246
v -1.005578 1.415180 -0.045050
v -0.976630 1.257440 0.070042
v -0.987579 1.297615 0.109796
v -0.970585 1.454942 0.042541
v -0.814467 1.276510 0.088225
v -0.415141 1.418088 0.632611
v -0.662376 1.468074 0.419614
v -0.573954 1.107690 0.496975
v -0.487780 1.269190 0.316097
v -0.572050 1.279138 0.446970
v -0.649579 1.282599 0.411380
v -0.444787 1.255382 0.650609
v -0.442123 1.263837 0.772919
v -1.002327 1.423890 0.101030
v -1.332661 1.601569 0.563283
v -0.966367 1.465189 0.473918
v -0.906518 1.470104 0.605340
v -0.661609 1.465027 0.682243
v -0.473423 1.563806 0.252644
v -0.650052 1.320094 0.695264
v -0.145936 1.038444 0.794832
v -0.467391 1.093900 0.787982
v -0.276153 1.070441 0.830454
v -0.170526 0.920330 0.828974
v -0.679012 1.267127 0.058967
v -1.396989 0.004624 -0.913893
v -1.304854 0.055084 -0.916784
v -1.388198 0.149537 -0.895745
v -1.208770 0.173586 -0.914956
v -1.111185 0.180142 -0.913532
v -1.052076 0.196907 -0.810648
v -1.125589 0.005243 -0.950474
v -1.424078 0.453079 -0.598988
v -1.431747 0.588306 -0.507876
v -1.372746 0.398983 -0.272843
v -1.411726 0.385114 -0.371859
v -1.496812 0.360819 -0.358904
v -1.542208 0.332472 -0.274729
v -1.443596 0.329529 -0.253196
v -1.460700 0.483258 -0.356926
v -1.458479 0.568885 -0.281176
v -1.539093 0.577908 -0.272690
v -1.658785 0.005065 -0.533546
v -1.690984 0.156217 -0.517361
v -1.655589 0.003662 -0.530645
v -1.655846 0.004573 -0.530372
v -1.679141 0.002693 -0.455271
v -1.585611 0.257673 -0.175004
v -1.531009 0.242413 -0.039243
v -1.513687 0.002372 -0.164017
v -1.541588 0.007701 0.002795
v -1.506334 0.120456 -0.075550
v -1.500722 0.121095 0.029487
v -1.553642 0.171950 -0.058214
v -1.497464 0.010385 -0.205011
v -1.480616 0.103861 -0.176259
v -1.583470 0.180929 -0.207347
v -1.565518 0.271698 -0.248768
v -1.636304 0.353760 0.088719
v -1.595709 0.251537 0.400325
v -1.420118 0.427670 0.208799
v -1.480224 0.433522 0.306930
v -1.611897 0.357274 0.255043
v -1.543692 0.203224 0.326445
v -1.477239 0.249161 0.500412
v -1.545073 0.410413 0.465597
v -1.629334 0.063160 0.571500
v -1.638490 0.079298 0.536242
v -1.639041 0.070336 0.611774
v -1.649747 0.076330 0.634232
v -1.645777 0.002495 0.657861
v -1.646919 0.054702 0.657791
v -1.644920 0.002182 0.709184
v -1.631261 0.115443 0.681185
v -1.562038 0.205916 0.477084
v -1.587995 0.378613 0.437678
v -1.562411 0.105673 0.506707
v -1.581959 0.241128 0.593488
v -1.272079 0.647830 -0.854490
v -1.265751 0.805721 -0.918567
v -1.559406 0.803864 -0.914442
v -1.484447 0.779632 -0.633803
v -1.167463 0.643604 -0.770970
v -1.180460 0.778799 -0.711693
v -1.170162 0.690300 -0.686458
v -1.233719 0.649847 -0.632516
v -1.233804 0.779411 -0.663245
v -1.106976 0.805202 -0.825133
v -1.596109 0.107113 0.746017
v -1.367664 0.394587 -0.233545
v -1.429277 0.669837 -0.218895
v -1.273003 1.258147 -0.721493
v -1.302075 1.248261 -0.676685
v -1.273422 1.101500 -0.707893
v -1.674938 1.278595 -0.691417
v -1.649090 1.400172 -0.508164
v -1.612964 1.363826 -0.367988
v -1.652351 1.297963 -0.480864
v -1.357694 1.429657 -0.722651
v -1.666124 1.406447 -0.683354
v -1.584497 0.948146 -0.289539
v -1.579742 1.055848 -0.340308
v -1.499048 0.927274 -0.303419
v -1.449456 0.943178 -0.053259
v -1.530983 0.995846 -0.088238
v -1.569475 1.061625 -0.065525
v -1.462869 0.929021 -0.148010
v -1.574416 1.192040 -0.053411
v -1.530636 1.210207 -0.055913
v -1.318382 1.224188 -0.057958
v -1.323945 1.075686 -0.045359
v -1.474733 1.046148 0.032074
v -1.541030 0.602464 0.564246
v -1.528223 0.616022 0.444945
v -1.553239 0.398680 0.551480
v -1.596582 0.395132 0.584515
v -1.579076 0.395982 0.864944
v -1.379112 0.620052 0.502388
v -1.369223 1.068444 0.112120
v -1.517861 0.764232 0.463813
v -1.352107 1.562280 -0.056673
v -1.037476 0.298228 -0.844393
v -0.969342 0.235347 -0.991920
v -1.006972 0.103417 -0.953331
v -0.836485 0.070081 -0.982980
v -0.877365 0.004147 -0.980525
v -0.810018 0.111144 -0.933396
v -1.037794 0.285007 -0.957652
v -0.895476 0.311965 -0.938574
v -0.857629 0.311529 -0.839137
v -0.885423 0.333221 -0.903643
v -0.861790 0.362868 -0.739559
v -0.842979 0.149653 -1.000113
v -0.628825 0.182637 -1.019783
v -0.820677 0.210591 -0.991486
v -0.576840 0.155578 -0.978759
v -0.924880 0.827301 -0.795481
v -1.025934 0.805826 -0.804222
v -0.808973 0.758631 -0.936083
v -0.794938 0.688570 -0.927802
v -0.745814 0.810983 -0.802598
v -1.015093 0.656637 -0.896276
v -0.924787 0.803156 -0.705691
v -0.854914 0.945945 -0.695998
v -0.864910 0.979261 -0.736179
v -0.976815 0.925907 -0.704954
v -0.867889 1.046090 -0.724338
v -0.902283 1.036144 -0.715113
v -0.897657 1.036094 -0.724951
v -0.567587 1.007538 -0.911574
v -0.586172 1.141924 -0.930408
v -0.658857 1.177175 -0.299212
v -0.900806 1.060119 -0.732103
v -1.010813 1.305221 -0.772794
v -1.010521 1.441921 -0.759825
v -0.864866 1.059608 -0.369690
v -0.839219 1.139175 -0.531364
v -0.958774 1.115124 -0.201392
v -0.900942 1.302093 -0.434526
v -0.970419 1.422608 -0.439592
v -0.951584 1.238172 -0.391079
v -1.003654 1.269706 -0.423927
v -0.788384 1.160965 -0.268602
v -1.169230 1.414779 -0.417330
v -0.987238 1.426147 -0.413026
v -1.128524 1.401557 -0.410733
v -0.876816 1.265918 -0.119246
v -0.682028 1.179097 -0.232862
v -0.624849 1.131031 -0.249985
v -0.956789 1.228648 -0.109875
v -0.440684 0.996141 -0.803401
v -0.545625 0.998047 -0.817990
v -0.288056 0.092104 -0.898619
v -0.269430 0.002731 -0.954323
v -0.297070 0.147264 -1.002451
v -0.226761 0.001463 -0.966815
v 0.284342 0.304500 -0.894015
v -0.424640 0.701164 -0.861026
v -0.130109 0.705685 -0.966289
v -0.356996 0.845237 -0.910287
v -0.208748 0.853730 -0.945298
v -0.390079 0.776197 -0.561149
v -0.416053 0.850597 -0.589392
v -0.142672 1.067590 -1.034274
v -0.029962 0.736323 -0.612138
v -0.125185 0.731879 -0.626535
v 0.174844 1.089989 -0.961324
v -0.476199 1.023669 -0.705816
v -0.262454 1.142864 -0.711716
v -0.240398 0.979719 -0.555730
v -0.436763 0.941883 -0.539538
v -0.223535 1.119198 -0.502097
v -0.414587 1.163432 -0.691095
v 0.207044 1.168818 -0.776623
v -0.233518 1.171440 -0.437254
v -0.417078 1.218398 -0.443198
v 0.622556 0.024964 -0.889019
v 0.635765 0.002351 -0.892423
v 0.590995 0.001995 -0.899143
v 0.529003 0.077630 -0.867134
v 0.720334 0.051255 -0.911761
v 0.708241 0.056146 -0.928999
v 0.720021 0.001115 -0.878260
v 0.654602 0.001761 -0.880086
v 0.678363 0.031151 -0.908806
v 0.695086 0.071796 -0.910613
v 0.862233 0.206530 -0.883309
v 1.051170 0.087571 -0.897175
v 1.033785 0.093877 -0.905435
v 1.022788 0.166048 -0.925074
v 1.342439 0.008727 -0.857222
v 1.304997 0.003565 -0.837096
v 1.285279 0.101830 -0.860208
v 1.181998 0.204090 -0.874378
v 1.318987 0.199007 -0.870949
v 1.099284 0.151172 -0.841294
v 1.094184 0.114611 -0.841482
v 1.090625 0.535385 -0.934968
v 1.329219 0.523738 -0.915011
v 1.336428 0.347060 -0.883003
v 1.220317 0.363222 -0.910947
v 1.414493 0.008255 -0.900555
v 1.424131 -0.000949 -0.907004
v 1.441011 0.183156 -0.874613
v 1.394583 0.015790 -0.868412
v 1.404907 0.003171 -0.875169
v 1.367865 0.020139 -0.862218
v 1.486011 0.367147 -0.917025
v 1.606239 0.360085 -0.878227
v 1.618447 0.007191 -0.888352
v 1.525327 0.002260 -0.893870
v 1.656850 0.004101 -0.813834
v 1.667546 0.199930 -0.870944
v 1.682757 0.028709 -0.672486
v 1.714949 -0.003538 -0.528849
v 1.646638 0.023709 -0.568507
v 1.662657 0.380506 -0.887061
v 1.686796 0.516568 -0.866835
v 1.640049 0.707759 -0.820444
v 1.635594 0.794131 -0.753809
v 1.650761 0.844774 -0.843591
v 1.535644 0.878169 -0.650037
v 1.510327 0.532645 -0.266178
v 1.660655 0.329126 -0.184181
v 1.694753 0.001347 -0.439729
v 1.561958 0.895816 -0.101064
v 0.334433 0.030265 -0.877590
v 0.341256 0.003062 -0.877205
v 0.435912 0.286987 -0.932222
v 0.336910 0.283186 -0.946507
v 0.351890 0.538919 -0.986329
v 0.298519 0.897140 -1.033645
v 0.568527 0.224551 -0.949850
v 0.470633 0.385353 -0.979551
v 0.712368 0.541817 -0.945614
v 0.631201 0.383892 -0.951371
v 0.468939 0.358998 -0.928693
v 0.417027 0.682139 -0.971427
v 0.618808 0.923621 -0.895356
v 0.476620 0.535401 -0.970583
v 0.338323 0.679809 -1.007857
v 0.468277 0.670527 -1.024429
v 0.648438 0.546519 -0.914305
v 0.670543 0.643570 -0.872354
v 0.634907 0.679749 -0.934480
v 0.475204 0.858906 -1.005637
v 0.598856 0.853637 -0.987974
v 0.632519 1.003422 -0.954276
v 0.611177 0.992844 -1.005299
v 0.469513 0.013508 -0.915960
v 0.467803 0.052949 -0.897579
v 0.432631 0.030724 -0.893090
v 0.438798 0.004235 -0.872004
v 0.612230 0.143912 -0.925468
v 0.641891 0.230814 -0.935334
v 0.482043 0.218843 -0.906994
v 0.644069 0.226300 -0.833313
v 0.661388 0.152886 -0.915104
v 0.653564 0.355222 -0.835005
v 0.928854 1.017589 -0.883711
v 1.287471 0.853866 -0.904741
v 0.806991 1.013186 -0.944279
v 0.953504 1.123000 -0.884334
v 1.648681 0.862229 -0.938542
v 1.476317 0.870541 -0.825735
v 0.313188 0.329333 -0.834936
v 1.340952 0.869354 -0.847333
v 0.221981 1.239401 -0.631962
v 0.226895 1.351710 -0.502066
v 0.201952 1.394217 -0.380933
v 0.356898 1.359260 -0.496764
v 0.580770 1.520828 -0.318265
v 0.549347 1.358953 -0.297525
v 0.824485 1.498926 0.080969
v 1.549920 1.069723 -0.096422
v 1.589498 1.012283 0.070814
v 1.457726 1.365424 -0.034866
v 1.552374 1.192890 0.085220
v 0.872239 1.166431 -0.951405
v 0.750442 1.319780 -0.966488
v 0.611742 1.241828 -0.618209
v 0.747202 1.324760 -0.641365
v 0.727801 1.191461 -0.482282
v 0.799679 1.320389 -0.358840
v 0.518730 1.292961 -0.624945
v 0.781073 1.180593 -0.258370
v 0.808018 1.169424 -0.212009
v 0.919914 1.209428 -0.593966
v 0.909123 1.194012 -0.403252
v 0.851862 1.152687 -0.619748
v 0.810877 1.207106 -0.540592
v 0.725571 1.174504 -0.594511
v 0.571611 0.985809 -0.332013
v 0.636899 1.353255 -0.359051
v 0.674929 1.185261 -0.253808
v 0.555844 1.108134 -0.306260
v 0.592687 1.496168 -0.467731
v 0.568211 0.999796 -0.102260
v 0.585128 1.153544 -0.267071
v 0.772640 1.169729 -0.152032
v 0.751390 1.166012 -0.102901
v 0.888152 1.317288 -0.954281
v 1.256338 1.325897 -0.899577
v 1.252399 1.397518 -0.766724
v 1.228835 1.423235 -0.906102
v 0.969509 1.466516 -0.526632
v 1.283743 1.580533 -0.358129
v 1.151862 1.678619 -0.339322
v 1.282212 1.741626 -0.057597
v 1.295040 1.542414 -0.309012
v 1.291690 1.541042 -0.286055
v 1.291931 1.551517 -0.297074
v 1.285195 1.660852 -0.323134
v 1.209365 1.636594 -0.133018
v 1.270435 1.685061 -0.106296
v 1.025615 1.615672 -0.209467
v 1.340207 1.688538 -0.044792
v 1.258332 1.652107 -0.010314
v 1.305677 1.686690 -0.056130
v 1.294086 1.719647 -0.063643
v 1.300501 1.745992 -0.059491
v 1.307490 1.689209 -0.107595
v 1.387584 1.536682 -0.033678
v 0.965428 1.570601 -0.154854
v 0.952732 1.526696 -0.159235
v 0.987705 1.543555 -0.034915
v 0.986864 1.612231 -0.235468
v 0.930916 1.520303 -0.051162
v 0.983563 1.404650 -0.653583
v 0.559665 1.084352 -0.173482
v 0.587612 1.112895 -0.186164
v 0.790600 1.290996 0.049005
v 0.163407 1.263384 -0.020361
v 0.137885 1.125063 0.011745
v 0.541897 1.068572 0.029767
v 0.547046 1.154395 0.035837
v 0.226773 1.169087 -0.092940
v 0.257614 1.187314 -0.096374
v 0.217311 0.955294 0.040659
v 0.293641 1.424652 0.102482
v 0.301474 1.177683 0.012561
v 0.305387 1.315248 0.105377
v 0.277093 1.294653 -0.054994
v 0.378693 1.420308 0.204372
v 0.550900 1.162186 0.222204
v 0.447172 1.159315 0.224510
v 0.316512 1.173936 0.120036
v 0.277960 1.421623 0.298232
v 0.512570 1.418414 0.288215
v 0.593366 1.164523 0.275412
v 0.052110 1.398766 0.306626
v 0.116692 1.202958 0.363995
v 0.101743 1.387296 0.358313
v 0.046296 1.392339 0.774841
v 0.516796 1.412141 0.767235
v 0.510228 1.587033 0.474752
v 0.557323 1.141604 0.366328
v 0.544295 1.158973 0.477630
v 0.516694 1.431673 0.463054
v 0.285313 1.504112 0.431680
v 0.524746 1.156975 0.774880
v 0.450963 1.437929 0.780804
v 0.073209 0.727429 0.716142
v -0.076691 0.807371 0.735160
v 0.082429 0.634631 0.692556
v 0.211715 0.810193 0.710672
v 0.243237 0.825477 0.768428
v 0.822454 1.432748 -0.146662
v 0.847588 1.456762 0.251870
v 0.927075 1.514801 0.126601
v 0.786041 1.170442 0.027047
v 0.731207 1.180678 0.031556
v 0.764872 1.219890 0.124843
v 0.773916 1.313380 0.183133
v 0.895296 1.164541 0.308831
v 0.836026 1.304141 0.240573
v 0.742097 1.174380 0.370569
v 0.658256 1.168788 0.470367
v 0.704186 1.158607 0.778544
v 0.708909 1.856363 0.690384
v 1.431394 1.531079 0.176192
v 0.190362 0.139321 0.530989
v 0.275322 0.671021 0.695174
v 0.213956 0.477553 0.661471
v 0.197291 0.608252 0.670998
v 0.341087 0.683117 0.683824
v 0.135330 0.463383 0.660228
v 0.231942 0.344394 0.721683
v 0.253117 0.330765 0.786298
v 0.220002 0.437989 0.721237
v 0.224787 0.504507 0.717914
v 0.899866 0.365208 0.594374
v 0.954779 -0.000315 0.735493
v 0.898249 0.034257 0.788465
v 0.892263 0.505826 0.651901
v 0.863278 0.502753 0.753176
v 0.898734 0.549410 0.751167
v 0.908350 0.337900 0.784081
v 0.811571 0.343918 0.780006
v 0.945353 0.850136 0.724040
v 0.909983 0.982767 0.658013
v 1.068142 0.988609 0.768872
v 1.245652 0.834911 0.803386
v 1.557912 0.295184 -0.152338
v 1.693498 0.001823 -0.363046
v 1.638584 0.172357 -0.198858
v 1.540621 0.700925 -0.036818
v 1.613877 0.728557 -0.144541
v 1.286798 -0.000588 0.799223
v 1.381433 0.007364 0.859868
v 1.318112 0.040504 0.822518
v 1.356441 0.034756 0.892654
v 1.344452 0.045874 0.886384
v 1.575998 0.347826 0.476350
v 1.564853 0.682187 0.081737
v 1.595600 0.726592 0.072623
v 1.583877 0.508925 0.451925
v 1.545508 0.494823 0.788643
v 1.389459 -0.002354 0.807068
v 1.471013 0.000259 0.814568
v 1.320420 0.183540 0.806219
v 1.539151 0.298553 0.868632
v 1.526046 0.336414 0.824025
v 1.377107 0.075575 0.826785
v 1.584724 0.527678 0.782783
v 1.622720 0.842838 0.488479
v 1.584308 0.827030 0.471644
v 1.556699 1.004570 0.625263
v 1.453499 0.510366 0.756851
v 1.599808 0.661380 0.780799
v 1.628607 0.833477 0.785833
v 1.561291 0.850657 0.751913
v 1.476465 1.343841 0.117717
v 1.567262 1.347854 0.099388
v 1.599151 1.008856 0.145433
v 1.530401 1.021793 0.279110
v 1.593982 1.207336 0.538838
v 1.226220 0.511465 0.771280
v 1.328722 0.033301 0.866927
v 1.280337 0.007923 0.823053
v 1.286535 -0.000738 0.855265
v 1.359528 0.497160 0.799269
v 1.603031 1.161120 0.744426
v 1.607157 1.308900 0.702244
v 1.206016 0.357084 0.772036
v 1.335060 0.507229 0.757050
v 1.241441 0.684909 0.789249
v 1.510692 1.303429 0.741179
v 1.401566 1.309001 0.740402
v 1.299946 0.013869 0.875386
v 0.095765 1.250255 -0.630440
v -0.887250 1.146886 -0.047745
v -0.433370 0.472183 -0.924649
v 1.601903 0.890088 0.038556
v 1.297282 1.561836 -0.277557
v 1.272609 1.551729 -0.251572
v 0.345735 1.417484 0.188624
v -0.877176 0.003706 -0.979882
v -0.856362 0.830601 -0.912788
v 1.530671 1.536848 0.304202
v 1.630217 1.544261 0.428165
v 1.567052 1.627927 0.371854
v 1.480804 1.626845 0.549967
v 1.336483 1.615809 0.728004
v 1.622566 1.563119 0.657753
v 0.971195 1.320542 0.809068
v 0.869729 1.304680 0.747614
v 1.306077 1.482787 0.721868
v 1.233758 1.491756 0.541322
v 1.614205 1.518442 0.511859
v 1.274233 1.328111 0.533264
v 1.071337 1.477934 0.454964
v 1.590908 1.526470 0.660028
v 0.965223 1.498360 0.770802
v 1.026920 1.328631 0.466423
v 0.941955 1.381183 0.428539
v 1.018544 1.313116 0.609356
v 0.844016 1.152870 0.805305
v 0.777211 1.005653 0.788236
v 0.568532 0.921676 0.771049
v 0.882613 0.998846 0.774557
v 0.378698 1.119026 0.804386
v 0.534439 0.985798 0.764089
v 0.578807 0.858070 0.714768
v 0.546959 0.829176 0.740032
v 0.640209 0.825267 0.766588
v 0.831828 0.840939 0.767543
v 0.385079 0.821500 0.716094
v 0.429092 0.818301 0.751809
v 0.375251 0.661920 0.742162
v 0.145998 0.291602 0.740884
v -0.062017 0.315867 0.730478
v -0.027992 0.126156 0.746609
v 0.223094 0.048683 0.834235
v 0.061256 -0.000336 0.817083
v -0.015646 0.095839 0.795370
v -0.031932 0.482015 0.733759
v -0.144374 0.001959 0.735645
v -0.182003 0.124515 0.695642
v -0.185233 0.220307 0.736150
v 1.619244 0.569507 -0.293745
v 1.496403 0.691333 -0.139731
v 1.632319 0.169996 -0.536818
v 1.644625 0.150920 -0.607884
v 1.666207 0.204121 -0.466678
v 1.058037 1.635012 0.790149
v 0.879441 1.493681 0.775885
v 0.769254 1.576702 0.823848
v 0.720159 1.606222 0.767998
v 1.081443 1.639413 0.722287
v 1.107114 1.831570 0.642395
v 0.340968 1.009440 0.800761
v 0.401447 1.140110 0.765727
v 1.186249 1.645916 0.303796
v 1.216028 1.630656 0.025247
v 1.248362 1.600160 -0.015636
v 1.243462 1.671841 0.206948
v 1.243461 1.616197 0.194048
v 1.243347 1.644089 0.312948
v 0.998841 1.500308 0.159488
v 0.987392 1.530747 0.055285
v -0.126787 1.112327 0.795255
v -0.082311 0.801272 0.797628
v -0.088083 0.960922 0.795605
v -0.141687 0.644908 0.717620
v -0.162766 0.733218 0.753347
v -0.149024 0.809777 0.729598
v -0.086525 1.272471 -0.191461
v -0.031439 1.433660 -0.126648
v -0.024008 1.453637 -0.003156
v 0.271025 1.422160 -0.067580
v 0.013659 1.431834 -0.296054
v 0.720469 1.292448 -0.030943
v 0.777101 1.179003 0.236369
v 0.685161 1.160720 0.079464
v 0.449559 1.416724 -0.032910
v 0.441067 1.409754 -0.001692
v 0.680058 1.161750 0.595472
v 0.665031 1.312506 0.431343
v 0.680010 1.290806 0.700721
v 0.605471 1.347769 0.436147
v 0.668228 1.481278 0.609165
v 0.624966 1.342538 0.593855
v 0.704421 1.322288 0.789007
v 0.659588 1.331406 0.832516
v 0.415812 1.169639 -0.084784
v 0.422438 1.175969 -0.001435
v 0.301298 1.424764 -0.022169
v 0.610187 1.177204 0.109725
v 0.619752 1.187775 0.221734
v 0.575476 1.416386 0.075324
v 0.574771 1.421435 0.132900
v 1.249225 1.088075 -0.906774
v 0.989245 1.067675 -0.932517
v 1.311566 1.198005 -0.926545
v 1.064584 1.202877 -0.941586
v 1.220523 1.241082 -0.921556
v 1.260252 1.248559 -0.881574
v 0.235325 1.067710 -0.683600
v 0.044333 1.564838 -0.563710
v 0.122961 1.419283 -0.541246
v -0.023195 1.597405 -0.486544
v -0.065048 1.601696 -0.384751
v 0.210816 1.572199 -0.533623
v 0.212720 1.115613 -0.661290
v 0.030648 1.187132 -0.722944
v -0.104979 1.124377 -0.641671
v -0.095596 1.209488 -0.689664
v 0.282222 1.021417 -1.008133
v 0.316199 1.163667 -1.018148
v 0.421887 1.016981 -0.978409
v 0.258279 1.006748 -0.722482
v 0.421712 1.328622 -0.981013
v 0.344964 1.332599 -0.666221
v 0.583643 1.319604 -0.854380
v 1.584890 1.038968 -0.272050
v 1.581038 1.168379 -0.235749
v 0.215123 0.817857 -0.820360
v 0.180275 0.903929 -1.010560
v 0.207886 0.761858 -0.957141
v 0.270386 0.809344 -0.887700
v 0.269845 0.710717 -0.973477
v 0.245381 0.508892 -0.935306
v 0.326072 0.548975 -0.909098
v 0.333990 0.380863 -0.947397
v 0.284157 0.404656 -0.798636
v 0.276591 0.565273 -0.890264
v 0.326100 0.657657 -0.869305
v 0.265268 0.535324 -1.011817
v 1.518119 0.696974 -0.233388
v 1.583066 0.683188 -0.274513
v -0.182266 1.270231 -0.632864
v -0.151729 1.418029 -0.528611
v -0.111677 1.273469 -0.434553
v -0.086395 1.422835 -0.349264
v 0.083895 1.256890 -0.712325
v -0.149146 1.419157 -0.644893
v -0.183869 1.024779 -0.378329
v -0.092377 0.987386 -0.372848
v -0.056935 0.860326 -0.501977
v -0.145579 0.759151 -0.495607
v -0.244495 0.824203 -0.603296
v -0.130058 0.942219 -0.443301
v -0.181042 0.937017 -0.321034
v -0.079319 0.846530 -0.398419
v -0.226443 1.119789 -0.390632
v -0.124394 1.085630 -0.448285
v -0.081993 1.080209 -0.558981
v -0.902129 1.067317 -0.003298
v -1.239708 0.504598 -0.925089
v -0.901163 0.448536 -0.930466
v -0.921040 0.509995 -0.810439
v -0.975703 0.516683 -0.910744
v -1.026309 0.515454 -0.903143
v -1.097152 0.652904 -0.901383
v -1.193790 0.946613 -0.713237
v -1.174673 0.176827 -0.834060
v -1.216764 0.325087 -0.920865
v -1.081625 0.315965 -0.936742
v -1.035447 0.006836 -0.922045
v -1.053666 0.002879 -0.909896
v -1.040046 0.003535 -0.950603
v -0.433642 0.481509 -0.925308
v -0.433414 0.478194 -0.919764
v -0.441674 0.355269 -0.980261
v -0.431269 0.506220 -0.947773
v -1.506336 0.001469 0.844763
v -1.499123 0.089679 0.785045
v -1.399202 0.002139 0.834592
v -1.320028 0.003747 0.849149
v -1.258633 0.002385 0.828073
v -1.200283 0.078186 0.824378
v -1.335959 0.067697 0.832713
v -1.390784 0.088825 0.799614
v -1.568433 0.217953 0.774565
v -1.600218 -0.000866 0.792194
v -0.564220 1.102931 0.597791
v -0.630104 1.099373 0.656494
v -0.644709 1.077935 0.781044
v -0.815426 1.031006 0.737324
v -0.775772 0.910238 0.742192
v -0.808892 0.929306 0.795149
v -0.554409 1.189237 0.765970
v -0.564004 1.322448 0.744737
v -0.802984 1.121172 0.673032
v -0.163163 0.928491 0.601852
v -0.157676 0.835503 0.594054
v -1.428265 0.788312 0.741868
v -1.276650 0.868408 0.729427
v -1.234752 0.831308 0.691428
v -1.173567 0.835306 0.629490
v -1.160474 0.945153 0.621110
v -1.213846 0.965737 0.713577
v -1.461447 0.934354 0.695207
v -1.262108 0.970849 0.803395
v -1.394230 0.852250 0.727871
v 1.225373 0.994134 0.780848
v 1.551042 1.155775 0.781103
v 1.573049 0.995762 0.769285
v 1.370650 1.177215 0.729478
v 1.216475 1.306280 0.767656
v 1.139620 1.165830 0.789303
v 1.101088 1.306602 0.747571
v 1.114659 0.506149 0.756778
v 1.069609 0.355283 0.768427
v 0.906757 0.662361 0.742579
v 1.574564 0.336125 0.546834
v 0.618663 0.318266 0.745727
v 0.797921 0.194073 0.784009
v 0.451842 0.332174 0.722194
v 0.444217 0.318749 0.770576
v 0.418134 0.193322 0.787866
v 0.629406 0.173711 0.817021
v 0.800784 0.131660 0.810917
v 0.933299 0.173149 0.768741
v 0.547651 0.667724 0.746365
v 0.614446 0.179060 0.770746
v 0.563873 0.350869 0.724811
v 1.092937 0.338770 0.829339
v 0.924217 0.343019 0.724714
v 0.932031 0.333453 0.834437
v 0.108770 0.124846 0.755176
v 1.323496 0.342953 0.782664
v 1.602841 0.682863 0.461251
v 1.563867 0.683443 0.195204
v 1.643392 0.168258 0.824136
v 1.599653 0.019240 0.833734
v 1.527876 0.034903 0.831128
v 1.518630 -0.003154 0.837662
v 1.554206 -0.004116 0.864792
v 1.548210 0.021755 0.869834
v 1.561868 0.023156 0.867756
v 1.580041 0.039860 0.865426
v 1.611145 0.036546 0.860898
v 1.561779 0.022869 0.869713
v 1.607263 -0.001007 0.650356
v 1.614498 -0.000463 0.530863
v 1.592032 0.188508 0.534893
v 1.617940 0.176538 0.602273
v 1.610037 0.003321 0.683691
v 1.622425 0.012461 0.787100
v 1.580554 0.000647 0.815892
v 1.453249 1.193073 0.089616
v 1.514887 1.178125 0.396932
v 1.385546 1.366340 0.180874
v 1.498036 1.339112 0.220652
v 1.537909 1.051172 0.081393
v 1.533731 1.167758 0.261397
v 1.541468 0.176341 0.832463
v 1.492136 0.105023 0.831024
v 0.906302 1.146446 0.780123
v 1.117518 1.166646 0.727994
v 1.038917 1.303239 0.702573
v 0.934318 1.235723 0.707038
v 0.886288 1.159891 0.722007
v 0.843299 1.221696 0.735759
v 0.787076 1.180664 0.765780
v 0.736735 0.674329 0.749170
v 0.798633 0.027634 0.804616
v 0.857954 -0.002132 0.789104
v 0.926033 0.506483 0.742470
v 0.959217 0.183469 0.829325
v 0.949866 0.080143 0.812041
v 0.946038 0.063191 0.810890
v 1.054234 1.563463 0.196457
v 1.514187 1.627951 0.201582
v 0.717611 1.506227 0.268792
v 0.594026 1.509028 0.405319
v 1.084036 1.524450 0.183448
v 0.932105 1.486760 0.261823
v 0.882538 1.588090 0.303165
v 0.945819 1.595488 0.363193
v 0.898893 1.611002 0.506488
v 0.698974 1.406480 0.087615
v 0.706552 1.166685 0.162506
v 0.687096 1.423771 0.243647
v 0.745824 1.366244 0.100354
v 0.750775 1.401570 0.272630
v 0.083242 1.538964 0.770253
v 0.058235 1.129716 0.767545
v 0.439842 1.411927 0.393423
v 0.295135 1.401764 0.372592
v 0.356798 1.408363 0.444563
v 0.191747 1.412501 0.426078
v 0.476160 1.398912 0.366509
v 0.477033 1.355293 0.429031
v 0.424765 1.363921 0.356975
v 1.034346 1.635371 0.619194
v 1.074898 1.890985 0.492014
v 0.661256 1.595799 0.728376
v 0.700234 1.706984 0.585879
v 0.787597 1.603808 0.734084
v 0.673426 1.840577 0.571289
v 0.773430 1.822797 0.693129
v 0.874522 1.877453 0.714085
v 0.898001 1.617600 0.718355
v 0.864983 1.872852 0.573752
v 0.706182 1.580940 0.483230
v 1.070862 1.629046 0.518364
v 0.959294 1.632686 0.633514
v 1.055987 1.908207 0.781059
v 0.661295 1.482696 0.840672
v 0.754088 1.488788 0.684222
v 0.722112 1.571408 0.726884
v 0.615377 1.571731 0.743027
v 0.683508 1.675255 0.668582
v 0.643625 1.848859 0.610390
v 0.660842 1.846144 0.684733
v 1.084682 1.802155 0.377536
v 1.082963 1.642139 0.584058
v 1.243370 1.633919 0.388103
v 1.189923 1.696602 0.669992
v 0.730459 1.304379 0.319960
v 0.129407 1.408207 0.644373
v 0.131421 1.407986 0.764973
v 0.148487 1.477999 0.594380
v 0.135196 1.555527 0.610816
v 0.158254 1.572741 0.434316
v 0.213800 1.562224 0.619910
v 0.463036 1.569625 0.804076
v 0.594284 1.417723 0.209321
v 0.465780 1.418735 0.230111
v 0.381031 1.425317 0.159566
v 0.352539 1.312383 0.196819
v 1.509446 1.207432 -0.435033
v 1.550103 1.371970 -0.528179
v 1.425610 1.378096 -0.406246
v 1.512348 1.207400 -0.245103
v 1.527831 1.364152 -0.229201
v 1.353613 1.385145 -0.470006
v 1.340626 1.394295 -0.635787
v 1.229187 1.402101 -0.476513
v 0.395994 1.225103 -0.635660
v 0.493612 1.228040 -0.630209
v 0.900734 1.294220 -0.330783
v 0.729086 1.165605 -0.079502
v 0.234346 1.355880 -0.627268
v 0.214653 1.261659 -0.467690
v 0.608274 1.350027 -0.408402
v 0.240081 1.032851 -0.634788
v 0.832328 1.395987 -0.434802
v 0.544302 1.450098 -0.184273
v 0.555563 1.529667 -0.177096
v 1.065376 1.602782 -0.319393
v 1.019381 1.575707 -0.158166
v 1.000232 1.544320 -0.222227
v 1.053852 1.579679 -0.095921
v 0.991054 1.576996 -0.327062
v 0.818067 1.532117 -0.429719
v 0.851657 1.524253 -0.234928
v 0.975764 1.530456 -0.228260
v 0.881249 1.569553 -0.252984
v 0.902853 1.531427 -0.253740
v 1.543055 1.214891 -0.573375
v 1.121925 1.402128 -0.501300
v 1.024242 1.448480 -0.452501
v 1.298454 1.582370 -0.209276
v 1.309583 1.570474 -0.264159
v 1.015167 1.539978 -0.430344
v 0.960561 1.527462 -0.500797
v 1.286564 1.576287 -0.753311
v 1.353960 1.399166 -0.742553
v 1.266126 1.560572 -0.616770
v 1.015223 1.570228 -0.766723
v 0.991848 1.419459 -0.812856
v 1.202865 1.567857 -0.765619
v 1.243410 1.608853 -0.273190
v 1.213687 1.594120 -0.194986
v 1.247203 1.547357 -0.247380
v 1.265828 1.582390 -0.217052
v 1.186718 1.588488 -0.329188
v 1.001275 1.589127 -0.393855
v 1.333639 1.581347 -0.790191
v -1.497797 0.586077 -0.060587
v -1.548022 0.751191 0.214927
v -1.556649 0.401972 -0.235446
v -1.650448 0.285847 -0.179680
v -1.578027 0.249599 0.017137
v -1.615883 0.379565 -0.190037
v -1.619167 0.359425 -0.045216
v -1.623909 0.287922 0.033246
v -1.617123 0.002609 0.270654
v -1.604568 0.004614 0.164412
v -1.592425 0.041905 0.369026
v -1.599248 0.083474 0.488710
v -1.644295 0.171016 0.249320
v -1.619725 0.172681 0.328877
v -1.622151 0.005121 0.484032
v -1.622833 0.034006 0.481827
v -1.637869 0.066608 0.472566
v -1.644027 0.086251 0.512644
v -1.630164 0.186105 0.470904
v -1.612073 0.248667 0.133730
v -1.616059 0.218211 0.047449
v -1.576498 0.146984 0.166471
v -1.562674 0.198397 0.144944
v -1.531122 -0.001678 0.133963
v -1.508974 0.002553 0.091671
v -1.480636 0.172163 0.036763
v -1.537769 0.049023 0.143390
v -1.542571 0.230524 0.075456
v -1.253826 0.003980 -0.928991
v -0.181809 1.395680 0.091786
v -0.183605 1.309616 0.069533
v -0.193974 1.400648 0.207117
v -0.183375 1.216460 0.215264
v -0.460902 1.407396 0.266598
v -0.444009 1.275816 0.311835
v -0.496043 1.287403 0.120407
v -0.481764 1.414682 0.094532
v -0.401176 1.428215 0.752332
v -0.125162 1.408245 0.809920
v -0.390936 1.569972 0.736663
v -0.571023 1.448022 0.536802
v -0.642722 1.468486 0.514769
v -0.660862 1.514290 0.628380
v -0.126012 1.385055 0.643366
v -0.082794 1.545757 0.749724
v -0.142483 1.551668 0.806935
v -0.205108 1.362386 0.690246
v -0.247007 1.251164 0.736283
v -0.207170 1.254460 -0.127305
v -0.085542 1.300540 -0.229272
v -1.324754 0.456433 0.880887
v -1.319468 0.412602 0.844131
v -1.348377 0.394609 0.883833
v -1.251114 0.426402 0.816976
v -1.264032 0.385955 0.855368
v -1.164361 0.559613 0.852252
v -1.170485 0.439023 0.808538
v -1.223222 0.361069 0.861826
v -1.108869 0.271986 0.846212
v -1.084864 0.073509 0.811564
v -0.943323 0.003367 0.836314
v -0.848691 0.590607 0.717273
v -0.839737 0.537903 0.754241
v -0.730747 0.414105 0.767668
v -1.465442 0.955325 0.781737
v -1.527730 1.195567 0.745844
v -1.519451 0.934398 0.755037
v -0.963954 1.142031 0.853975
v -0.834623 0.979275 0.669653
v -1.136059 0.796799 0.764848
v -0.851778 1.128307 0.871190
v -0.843894 1.129127 0.700416
v -0.970126 1.008388 0.859060
v -0.740741 0.191345 0.788391
v -0.609750 0.438230 0.795961
v -0.486327 0.581724 0.750087
v -0.227217 0.570763 0.752345
v -0.486097 0.561225 0.789223
v -0.737723 0.576158 0.785010
v -0.567200 0.735342 0.784463
v -0.810600 0.800248 0.795822
v -0.335431 0.463138 0.758123
v -0.174439 0.431631 0.648710
v -0.174294 0.322669 0.710603
v -0.182203 0.365089 0.536465
v -0.137425 0.462413 0.584748
v -0.089786 0.496579 0.652893
v -0.244253 0.420745 0.708904
v -0.488122 0.996425 0.017638
v -0.781430 0.326714 -0.954646
v -0.767422 0.305030 -0.848143
v -0.766139 0.486974 -0.946943
v -0.805717 0.470765 -0.859602
v -0.682405 0.494994 -0.838507
v -0.722011 0.484222 -0.572164
v -0.726206 0.622562 -0.543489
v -0.294503 0.003173 -0.987620
v -0.455759 0.146170 -0.968720
v -0.333824 0.186228 -0.914719
v -0.373540 0.205633 -0.999025
v -0.497886 0.525267 -0.948804
v -0.486222 0.698555 -0.928467
v -0.618496 0.597224 -0.931974
v -0.635835 0.688607 -0.927802
v -0.548104 0.707254 -0.865181
v -0.762352 0.953167 -0.875202
v -0.883288 1.110885 -0.877408
v -0.746843 0.845373 -0.723974
v -0.767896 0.940876 -0.802545
v -0.862580 1.125053 -0.738220
v -0.762491 0.703708 -0.791550
v -0.723692 0.780124 -0.877063
v -0.688811 0.674658 -0.840320
v -0.868793 0.987794 -0.860503
v -0.890765 1.099957 -0.655431
v -0.895719 1.037445 -0.681220
v -0.902209 1.059919 -0.721578
v -0.835088 0.944281 -0.398591
v -0.946367 1.087979 -0.320821
v -0.808352 1.015394 -0.270730
v -0.321901 0.351777 -0.967968
v -0.174572 0.363898 -0.967350
v -0.399505 0.369970 -0.943538
v -0.377077 0.493021 -0.988426
v -0.296174 0.512979 -0.951411
v 0.296667 0.273114 -0.966479
v 0.219269 0.216062 -1.021342
v 0.218004 0.278190 -1.003549
v 0.234796 0.201706 -1.026266
v 0.185029 0.199919 -0.997175
v 0.176210 0.160012 -0.942315
v 0.035169 0.182423 -0.963856
v 0.195236 0.386778 -1.006070
v -0.293493 0.348419 -1.041523
v 0.010214 0.427806 -0.959928
v 0.216921 0.396300 -0.960789
v -0.045998 0.517887 -0.927280
v -0.114104 0.859274 -0.894489
v -0.216790 0.712789 -0.922656
v -0.092450 0.848834 -0.705823
v -0.449734 1.021124 -0.619918
v -0.283499 0.994089 -0.712447
v -0.408872 1.004845 -0.605424
v -0.443393 0.990508 -0.708016
v -0.319200 0.976073 -0.328861
v -0.619092 0.002617 -0.987803
v -0.881391 1.022657 -0.587800
v -0.879984 1.030953 -0.583037
v 1.084635 0.087179 -0.891012
v 1.099410 0.088818 -0.889875
v 1.073359 0.083920 -0.834941
v 1.128772 0.088880 -0.879097
v 1.130974 0.006285 -0.839754
v 1.138515 0.047802 -0.880374
v 1.047687 0.154888 -0.819158
v 1.124145 0.115033 -0.835343
v 1.231685 0.001797 -0.820483
v 1.281667 0.001675 -0.824134
v 1.144075 0.167746 -0.824611
v 1.087831 0.119130 -0.836739
v 1.550236 0.531950 -0.603134
v 1.573928 0.536601 -0.768902
v 1.605931 0.522365 -0.896201
v 1.627915 0.695235 -0.935777
v 1.633681 0.546650 -0.789120
v 1.588140 0.919145 -0.889251
v 1.566480 0.873036 -0.807800
v 1.601740 1.036707 -0.686431
v 1.588655 0.941897 -0.691904
v 1.527874 1.051986 -0.657721
v 1.546084 1.033870 -0.901183
v 1.590985 0.799926 -0.615476
v 1.602415 0.878921 -0.603803
v 0.429357 0.220581 -0.933669
v 0.440604 0.189160 -0.957833
v 0.384711 0.192201 -0.980966
v 0.331683 0.243680 -0.925476
v 0.356095 0.241865 -0.990607
v 0.304347 0.844106 -1.014981
v 0.468506 0.171773 -0.926611
v 0.571492 0.104116 -0.917939
v 0.598658 0.112695 -0.900998
v 0.485060 0.003671 -0.872895
v 0.964990 1.000875 -0.978355
v 0.669830 1.005942 -1.014554
v 0.984500 1.018438 -0.903960
v 0.966550 0.847312 -0.970074
v 0.874201 0.684062 -0.891966
v 0.656496 0.840525 -0.977292
vn 0.0842 -0.3799 -0.9212
vn 0.0858 -0.3354 -0.9382
vn 0.1324 -0.3305 -0.9345
vn -0.1075 0.0448 -0.9932
vn -0.0916 -0.0460 -0.9947
vn -0.1668 0.0083 -0.9860
vn 0.1291 0.9779 -0.1645
vn 0.0486 0.9795 -0.1953
vn 0.0240 0.9884 -0.1497
vn -0.0945 -0.9908 -0.0967
vn -0.0537 -0.9954 -0.0800
vn -0.0957 -0.9942 -0.0499
vn -0.0157 -0.9916 0.1288
vn 0.0269 -0.9955 0.0911
vn 0.0659 -0.9899 0.1258
vn -0.1221 0.4160 0.9011
vn -0.0863 0.0778 0.9932
vn -0.0757 0.4268 0.9012
vn -0.6686 -0.3680 0.6462
vn -0.4069 -0.8551 0.3212
vn -0.3686 -0.5197 0.7707
vn 0.2147 0.9758 -0.0410
vn 0.2347 0.9674 -0.0947
vn 0.1983 0.9754 -0.0961
vn 0.9028 0.1506 -0.4029
vn 0.9226 0.1083 -0.3702
vn 0.8991 0.1252 -0.4196
vn 0.4795 0.8161 -0.3226
vn 0.4417 0.7991 -0.4079
vn 0.4523 0.8321 -0.3209
vn 0.9678 0.0693 -0.2418
vn 0.9670 0.0349 -0.2525
vn 0.9536 0.0627 -0.2946
vn -0.9268 0.0392 -0.3735
vn -0.9318 0.0118 -0.3627
vn -0.9449 0.0375 -0.3253
vn -0.6338 0.3702 -0.6791
vn -0.6223 0.3330 -0.7084
vn -0.6871 0.2934 -0.6647
vn -0.5942 -0.5507 -0.5862
vn -0.5230 -0.5780 -0.6265
vn -0.5167 -0.6164 -0.5942
vn -0.1510 -0.5018 -0.8517
vn -0.0841 -0.4912 -0.8670
vn -0.0993 -0.5239 -0.8460
vn -0.0612 -0.5029 -0.8622
vn -0.0227 -0.4771 -0.8786
vn -0.0234 -0.5384 -0.8424
vn -0.0979 0.9943 0.0426
vn -0.1346 0.9865 0.0932
vn -0.0821 0.9945 0.0655
vn 0.0042 -0.0397 -0.9992
vn 0.0693 -0.0504 -0.9963
vn 0.0541 -0.0794 -0.9954
vn -0.7171 0.4234 0.5536
vn -0.6666 0.4345 0.6057
vn -0.6766 0.4945 0.5456
vn 0.2842 -0.4401 0.8518
vn 0.1993 -0.4751 0.8571
vn 0.2433 -0.4962 0.8334
vn -0.2172 0.4695 0.8558
vn -0.1536 0.4878 0.8594
vn -0.2167 0.5484 0.8077
vn 0.2796 -0.2958 -0.9134
vn 0.2148 -0.2692 -0.9388
vn 0.2450 -0.2152 -0.9453
vn -0.0758 0.1876 -0.9793
vn -0.0655 0.1536 -0.9860
vn -0.1241 0.1109 -0.9860
vn 0.9877 0.1412 0.0663
vn 0.9974 0.0649 0.0310
vn 0.9903 0.1378 -0.0162
vn -0.3107 -0.9233 -0.2260
vn -0.3124 -0.9066 -0.2835
vn -0.2492 -0.9285 -0.2752
vn 0.2094 -0.1143 -0.9711
vn 0.1934 -0.1481 -0.9699
vn 0.1400 -0.0769 -0.9872
vn 0.1055 0.0642 -0.9923
vn 0.1417 0.1024 -0.9846
vn 0.1622 0.0234 -0.9865
vn -0.0318 0.6030 0.7971
vn -0.1155 0.6230 0.7737
vn -0.1043 0.5890 0.8014
vn 0.3841 -0.0251 -0.9230
vn 0.4025 0.0705 -0.9127
vn 0.4296 0.0002 -0.9030
vn 0.0832 0.9933 -0.0803
vn 0.1330 0.9872 -0.0881
vn 0.0810 0.9878 -0.1333
vn -0.0946 0.9865 0.1338
vn -0.0484 0.9822 0.1815
vn -0.0042 0.9927 0.1204
vn 0.1653 -0.5875 0.7922
vn 0.1906 -0.6307 0.7523
vn 0.2394 -0.5625 0.7914
vn 0.0880 0.9398 0.3303
vn 0.0361 0.9513 0.3063
vn 0.0310 0.9276 0.3723
vn -0.2051 0.9204 0.3328
vn -0.1368 0.9267 0.3501
vn -0.1555 0.9407 0.3014
vn -0.5760 0.6814 -0.4516
vn -0.5264 0.6971 -0.4867
vn -0.5745 0.6486 -0.4993
vn 0.1949 -0.7242 -0.6615
vn 0.2394 -0.6879 -0.6852
vn 0.2970 -0.7014 -0.6479
vn -0.9038 0.1748 0.3907
vn -0.9137 0.2202 0.3416
vn -0.9236 0.1608 0.3481
vn -0.1418 0.7486 -0.6477
vn -0.0715 0.7925 -0.6056
vn -0.0538 0.7417 -0.6686
vn -0.0412 -0.0207 -0.9989
vn -0.0914 0.0377 -0.9951
vn -0.0238 0.0518 -0.9984
vn 0.5271 -0.0544 0.8481
vn 0.5648 -0.0471 0.8239
vn 0.5354 -0.0063 0.8445
vn -0.9763 0.0025 0.2164
vn -0.9438 0.2436 0.2234
vn -0.9542 -0.1170 -0.2753
vn 0.0032 -0.7739 -0.6333
vn 0.0128 -0.7321 -0.6811
vn 0.0518 -0.7552 -0.6534
vn 0.0844 -0.7122 -0.6969
vn -0.0077 -0.7182 -0.6958
vn 0.0430 -0.6886 -0.7238
vn 0.0089 0.1714 -0.9852
vn 0.1010 0.0706 -0.9924
vn 0.2098 0.0719 -0.9751
vn -0.3976 -0.5808 -0.7103
vn -0.2726 -0.5373 -0.7981
vn -0.3208 -0.4370 -0.8403
vn 0.7039 -0.1671 0.6903
vn 0.7302 -0.0992 0.6760
vn 0.6655 -0.0688 0.7432
vn 0.0609 0.7079 -0.7037
vn 0.2897 0.5335 -0.7946
vn 0.2367 0.6266 -0.7425
vn 0.2880 -0.4173 -0.8619
vn 0.1868 -0.3058 -0.9336
vn 0.2448 -0.2619 -0.9336
vn 0.1297 0.5322 -0.8366
vn 0.1256 0.6063 -0.7852
vn 0.1661 0.5951 -0.7863
vn 0.0179 0.6362 -0.7713
vn -0.0135 0.5585 -0.8294
vn -0.1197 0.4189 -0.9001
vn 0.2236 -0.7021 -0.6761
vn 0.2291 -0.7148 -0.6608
vn 0.2181 -0.7020 -0.6780
vn -0.8541 0.4043 0.3272
vn -0.8984 0.2985 0.3221
vn -0.8596 0.3679 0.3546
vn 0.8020 0.5324 0.2709
vn 0.7994 0.5202 0.3007
vn 0.8112 0.5137 0.2796
vn 0.9608 0.2773 -0.0044
vn 0.9647 0.2629 0.0161
vn 0.9698 0.2429 -0.0216
vn 0.9791 -0.1685 -0.1138
vn 0.9654 -0.2274 -0.1274
vn 0.9657 -0.2103 -0.1521
vn -0.2335 -0.2004 -0.9515
vn -0.3550 -0.1978 -0.9137
vn -0.2532 -0.1587 -0.9543
vn 0.9182 -0.1032 0.3825
vn 0.9548 0.0038 0.2972
vn 0.9434 0.0046 0.3316
vn 0.8972 0.1729 0.4063
vn 0.8408 0.1265 0.5263
vn 0.9043 0.1106 0.4122
vn 0.7313 0.6704 0.1257
vn 0.7245 0.6863 0.0642
vn 0.6380 0.7531 0.1606
vn 0.9846 -0.1721 0.0322
vn 0.9787 -0.2046 0.0146
vn 0.9824 -0.1851 -0.0263
vn 0.8858 -0.4636 -0.0237
vn 0.9036 -0.4283 0.0079
vn 0.8855 -0.4629 0.0393
vn 0.4068 0.9104 0.0756
vn 0.3732 0.9278 -0.0033
vn 0.3510 0.9361 0.0203
vn 0.2416 0.9701 -0.0250
vn 0.2662 0.9627 -0.0480
vn 0.2401 0.9663 -0.0934
vn 0.1850 0.9615 -0.2030
vn 0.2389 0.9573 -0.1627
vn 0.2115 0.9532 -0.2159
vn 0.6244 0.7805 0.0314
vn 0.6358 0.7718 -0.0016
vn 0.6202 0.7819 -0.0628
vn 0.8323 -0.5541 0.0132
vn 0.8417 -0.5376 -0.0500
vn 0.8481 -0.5297 -0.0115
vn 0.9492 -0.3146 0.0092
vn 0.9441 -0.3250 -0.0560
vn 0.9600 -0.2781 -0.0321
vn 0.9956 0.0697 0.0623
vn 0.9929 0.0508 0.1076
vn 0.9952 0.0027 0.0983
vn 0.9970 -0.0233 -0.0739
vn 0.9969 -0.0750 -0.0252
vn 0.9944 -0.0632 -0.0850
vn 0.7689 -0.1572 0.6197
vn 0.7491 -0.1635 0.6420
vn 0.7621 -0.2199 0.6090
vn 0.5108 -0.0864 -0.8553
vn 0.4830 -0.1243 -0.8667
vn 0.4553 -0.0717 -0.8874
vn 0.3755 0.0168 -0.9267
vn 0.3948 -0.0466 -0.9176
vn 0.3434 -0.0186 -0.9390
vn 0.9956 -0.0894 0.0265
vn 0.9860 -0.1644 0.0279
vn 0.9912 -0.1307 -0.0204
vn 0.9503 0.1747 0.2576
vn 0.9688 0.1591 0.1903
vn 0.9534 0.1932 0.2318
vn -0.0581 -0.3427 -0.9377
vn -0.0381 -0.3229 -0.9457
vn -0.0311 -0.3648 -0.9306
vn 0.0875 -0.0419 -0.9953
vn 0.1213 -0.0360 -0.9920
vn 0.1078 -0.0832 -0.9907
vn 0.2330 0.1021 -0.9671
vn 0.2724 0.0814 -0.9587
vn 0.2312 0.0822 -0.9694
vn 0.9777 -0.0944 -0.1877
vn 0.9654 -0.1042 -0.2389
vn 0.9739 -0.0572 -0.2198
vn 0.9148 -0.3847 0.1229
vn 0.9238 -0.3826 0.0130
vn 0.9434 -0.3299 0.0343
vn 0.9944 0.1034 -0.0224
vn 0.9893 0.1366 -0.0521
vn 0.9846 0.1686 0.0463
vn 0.4731 0.8554 0.2107
vn 0.4854 0.8577 0.1692
vn 0.4507 0.8777 0.1630
vn 0.9905 0.1266 -0.0533
vn 0.9860 0.1068 -0.1281
vn 0.9782 0.1569 -0.1363
vn 0.3413 -0.6187 0.7076
vn 0.3864 -0.5800 0.7172
vn 0.3366 -0.5646 0.7536
vn 0.5536 -0.8112 0.1885
vn 0.5694 -0.8096 0.1425
vn 0.6045 -0.7745 0.1863
vn 0.9597 -0.2754 -0.0566
vn 0.9435 -0.3090 -0.1199
vn 0.9532 -0.2778 -0.1189
vn 0.9517 -0.2740 -0.1389
vn 0.9402 -0.3126 -0.1349
vn 0.9465 -0.2725 -0.1728
vn 0.2523 -0.3687 0.8946
vn 0.3459 -0.8120 0.4701
vn 0.3182 -0.1661 0.9334
vn 0.1521 -0.6980 0.6998
vn -0.2524 -0.7717 0.5837
vn 0.4402 -0.7655 0.4693
vn 0.2122 0.0403 0.9764
vn 0.1215 0.0977 0.9878
vn 0.1942 0.0044 0.9809
vn 0.0197 0.0977 0.9950
vn 0.0637 0.1104 0.9918
vn 0.0420 0.1279 0.9909
vn 0.0306 0.0436 0.9986
vn 0.0699 0.0269 0.9972
vn 0.0756 0.0546 0.9956
vn 0.9774 -0.0768 0.1969
vn 0.9816 -0.1171 0.1508
vn 0.9843 -0.0770 0.1586
vn 0.9737 0.2234 -0.0447
vn 0.9683 0.2398 -0.0692
vn 0.9659 0.2521 -0.0600
vn 0.9349 0.1488 -0.3223
vn 0.9365 0.1119 -0.3323
vn 0.9285 0.1435 -0.3424
vn 0.9133 -0.2595 0.3140
vn 0.9147 -0.2698 0.3009
vn 0.9438 -0.2143 0.2515
vn 0.9917 -0.1152 0.0574
vn 0.9921 -0.1248 0.0154
vn 0.9967 -0.0810 0.0075
vn 0.9985 -0.0348 0.0413
vn 0.9972 -0.0740 0.0073
vn 0.9995 -0.0256 -0.0209
vn 0.9946 -0.0753 0.0710
vn 0.9900 -0.1185 0.0763
vn 0.9928 -0.1149 0.0347
vn 0.2517 -0.9620 -0.1055
vn 0.2734 -0.9472 -0.1675
vn 0.3318 -0.9349 -0.1262
vn 0.5371 -0.8386 0.0905
vn 0.5432 -0.8394 0.0192
vn 0.5695 -0.8176 0.0849
vn 0.6539 -0.3969 -0.6441
vn 0.6943 -0.4084 -0.5925
vn 0.6529 -0.4609 -0.6011
vn 0.2269 -0.0272 -0.9735
vn 0.2535 -0.1032 -0.9618
vn 0.1815 -0.0755 -0.9805
vn 0.9547 0.1367 0.2644
vn 0.9593 0.1778 0.2195
vn 0.9495 0.1904 0.2494
vn 0.3637 -0.1839 -0.9132
vn 0.4162 -0.1857 -0.8901
vn 0.3664 -0.2356 -0.9001
vn 0.4516 -0.2214 -0.8643
vn 0.4355 -0.2764 -0.8567
vn 0.3900 -0.2702 -0.8803
vn 0.9963 0.0126 0.0846
vn 0.9921 -0.0231 0.1237
vn 0.9973 -0.0125 0.0720
vn 0.4372 0.8955 0.0836
vn 0.4612 0.8848 0.0667
vn 0.4383 0.8981 0.0371
vn 0.2726 0.9509 0.1467
vn 0.2841 0.9547 0.0882
vn 0.2471 0.9613 0.1218
vn 0.0249 -0.9952 0.0950
vn 0.0677 -0.9920 0.1070
vn 0.0458 -0.9850 0.1664
vn 0.1173 0.9877 0.1033
vn 0.1876 0.9697 0.1565
vn 0.2048 0.9770 0.0592
vn 0.0500 0.9630 0.2648
vn 0.0721 0.9791 0.1899
vn 0.0084 0.9820 0.1888
vn 0.6083 0.6716 0.4230
vn 0.6201 0.6146 0.4877
vn 0.6490 0.6356 0.4181
vn 0.5461 0.7699 0.3303
vn 0.5077 0.7984 0.3238
vn 0.4993 0.7765 0.3843
vn -0.0196 0.9707 0.2395
vn -0.0219 0.9922 0.1226
vn -0.0804 0.9761 0.2020
vn 0.2542 0.9521 0.1701
vn 0.2254 0.9318 0.2844
vn 0.2832 0.9301 0.2340
vn 0.9173 0.0859 0.3888
vn 0.8803 -0.0452 0.4722
vn 0.9314 0.0166 0.3636
vn 0.9973 -0.0404 -0.0607
vn 0.9957 -0.0915 -0.0125
vn 0.9833 -0.0860 -0.1603
vn -0.2943 0.8981 0.3269
vn -0.2634 0.9359 0.2341
vn -0.3845 0.8874 0.2545
vn -0.3287 0.9220 0.2047
vn -0.3472 0.9283 0.1329
vn -0.4166 0.8780 0.2359
vn -0.3772 0.9018 0.2110
vn -0.3403 0.9262 0.1624
vn -0.3771 0.9165 0.1330
vn -0.4001 0.8965 0.1905
vn -0.4411 0.8752 0.1986
vn -0.3966 0.8872 0.2359
vn -0.3420 0.8915 0.2972
vn -0.3116 0.9143 0.2588
vn -0.3623 0.9029 0.2314
vn 0.0274 0.9994 0.0219
vn 0.0276 0.9988 0.0398
vn 0.0435 0.9987 0.0270
vn 0.3928 0.9193 -0.0233
vn 0.3690 0.9291 0.0252
vn 0.3976 0.9174 0.0164
vn 0.9915 -0.1170 -0.0569
vn 0.9886 -0.1474 -0.0303
vn 0.9872 -0.1405 -0.0756
vn 0.9752 0.2136 0.0576
vn 0.9795 0.2003 0.0208
vn 0.9749 0.2224 0.0076
vn 0.9941 -0.0761 -0.0769
vn 0.9899 -0.1045 -0.0958
vn 0.9917 -0.0650 -0.1105
vn -0.2516 0.9571 -0.1435
vn -0.2125 0.9683 -0.1313
vn -0.2253 0.9588 -0.1730
vn -0.2597 0.9211 0.2900
vn -0.2516 0.9383 0.2372
vn -0.2847 0.9240 0.2554
vn 0.9960 -0.0892 0.0028
vn 0.9972 -0.0716 -0.0200
vn 0.9989 -0.0475 -0.0028
vn 0.9873 0.0970 -0.1256
vn 0.9850 0.0816 -0.1523
vn 0.9816 0.0996 -0.1627
vn -0.0851 0.9936 0.0747
vn -0.0712 0.9962 0.0495
vn -0.0932 0.9942 0.0533
vn 0.0497 0.9927 0.1096
vn 0.0384 0.9896 0.1389
vn 0.0714 0.9885 0.1334
vn 0.6830 0.6391 -0.3537
vn 0.6977 0.6010 -0.3900
vn 0.6503 0.6384 -0.4118
vn 0.9227 0.0900 0.3748
vn 0.9503 0.0949 0.2966
vn 0.9333 0.1322 0.3339
vn 0.2496 0.9130 -0.3225
vn 0.2873 0.9059 -0.3112
vn 0.2821 0.8890 -0.3606
vn 0.5246 0.5163 -0.6770
vn 0.5786 0.4721 -0.6651
vn 0.5467 0.4466 -0.7083
vn -0.3049 0.3152 -0.8987
vn -0.2537 0.3163 -0.9141
vn -0.3035 0.2822 -0.9101
vn -0.2218 0.2376 -0.9457
vn -0.2764 0.2470 -0.9288
vn -0.2472 0.3021 -0.9207
vn -0.8501 0.5264 0.0138
vn -0.8978 0.4403 0.0121
vn -0.8947 0.4404 0.0746
vn -0.1930 0.9805 -0.0377
vn -0.1502 0.9886 -0.0132
vn -0.1689 0.9838 -0.0601
vn -0.1931 0.8556 -0.4804
vn -0.1431 0.8501 -0.5068
vn -0.1957 0.8419 -0.5029
vn -0.1136 0.9935 0.0051
vn -0.1414 0.9899 0.0055
vn -0.1435 0.9894 0.0208
vn -0.3580 0.6245 -0.6941
vn -0.3481 0.7050 -0.6179
vn -0.3033 0.6369 -0.7088
vn -0.6471 0.7603 0.0559
vn -0.6464 0.7575 0.0915
vn -0.5952 0.7973 0.1003
vn -0.1244 0.9770 -0.1730
vn -0.1369 0.9661 -0.2189
vn -0.1478 0.9713 -0.1861
vn 0.0541 0.9981 0.0295
vn 0.0182 0.9997 0.0158
vn 0.0191 0.9991 0.0372
vn -0.3405 0.9223 -0.1827
vn -0.3537 0.9046 -0.2380
vn -0.3893 0.8949 -0.2181
vn 0.2173 0.9028 0.3712
vn 0.2447 0.9067 0.3435
vn 0.2095 0.9236 0.3211
vn 0.2242 0.9743 0.0213
vn 0.2087 0.9780 0.0012
vn 0.2022 0.9790 0.0274
vn -0.2438 0.8329 0.4968
vn -0.1936 0.8479 0.4936
vn -0.2630 0.8681 0.4210
vn 0.9702 0.1075 -0.2169
vn 0.9726 0.0625 -0.2239
vn 0.9588 0.0877 -0.2701
vn 0.9147 0.2934 -0.2780
vn 0.8992 0.2803 -0.3361
vn 0.8789 0.3822 -0.2855
vn 0.9654 0.2301 -0.1224
vn 0.9769 0.1848 -0.1072
vn 0.9724 0.1881 -0.1381
vn -0.5089 0.6327 -0.5837
vn -0.5080 0.5980 -0.6200
vn -0.5195 0.5955 -0.6127
vn 0.1827 0.9819 0.0501
vn 0.1872 0.9818 0.0322
vn 0.1688 0.9851 0.0337
vn 0.2987 0.3683 -0.8804
vn 0.3067 0.3388 -0.8895
vn 0.2605 0.3640 -0.8942
vn 0.0472 -0.0824 -0.9955
vn 0.0127 -0.0935 -0.9955
vn 0.0050 -0.0509 -0.9987
vn 0.2338 0.5851 -0.7766
vn 0.1950 0.5737 -0.7955
vn 0.2201 0.6118 -0.7598
vn 0.6690 0.1487 -0.7282
vn 0.6428 0.1142 -0.7575
vn 0.5918 0.1994 -0.7810
vn 0.0073 0.6042 -0.7968
vn -0.0080 0.5913 -0.8064
vn -0.0350 0.5998 -0.7994
vn 0.9649 0.0423 0.2592
vn 0.9750 0.0727 0.2100
vn 0.9557 0.1074 0.2742
vn 0.8171 0.5757 -0.0305
vn 0.7839 0.6171 -0.0681
vn 0.7859 0.6181 0.0174
vn -0.1086 0.9932 -0.0420
vn -0.0566 0.9982 0.0221
vn -0.0370 0.9968 -0.0712
vn -0.0708 0.9916 0.1087
vn -0.0397 0.9872 0.1545
vn -0.0222 0.9963 0.0834
vn -0.0717 0.9939 0.0838
vn 0.6108 -0.6763 0.4119
vn 0.6452 -0.6796 0.3491
vn 0.6740 -0.6227 0.3975
vn 0.2441 0.9498 0.1955
vn 0.2828 0.9537 0.1026
vn 0.2318 0.9627 0.1398
vn -0.0473 -0.8857 0.4618
vn -0.0129 -0.8952 0.4456
vn 0.0639 -0.8793 0.4720
vn -0.0670 0.0012 0.9978
vn -0.0804 -0.0368 0.9961
vn -0.0438 -0.0156 0.9989
vn -0.0140 0.8835 0.4681
vn -0.0435 0.8953 0.4432
vn -0.0325 0.8826 0.4690
vn -0.0972 -0.0554 0.9937
vn -0.0734 -0.0678 0.9950
vn -0.0517 -0.0414 0.9978
vn -0.1013 0.2527 0.9622
vn -0.1358 0.2366 0.9621
vn -0.0930 0.2381 0.9668
vn -0.2944 0.7466 0.5966
vn -0.2131 0.7922 0.5718
vn -0.2877 0.7927 0.5375
vn 0.6415 0.6580 0.3943
vn 0.6716 0.6053 0.4272
vn 0.6792 0.6396 0.3600
vn 0.7528 0.4323 0.4963
vn 0.7346 0.4138 0.5377
vn 0.7722 0.3836 0.5065
vn 0.4067 0.9028 0.1394
vn 0.4103 0.9082 0.0825
vn 0.3751 0.9219 0.0965
vn 0.7381 0.6740 -0.0303
vn 0.7198 0.6883 -0.0903
vn 0.6637 0.7450 -0.0671
vn -0.0425 -0.3820 -0.9232
vn -0.1218 -0.3990 -0.9088
vn -0.0604 -0.3314 -0.9416
vn 0.0959 0.9873 0.1264
vn 0.1440 0.9859 0.0850
vn 0.1046 0.9916 0.0759
vn 0.1210 0.9894 0.0806
vn 0.0874 0.9956 0.0347
vn 0.0526 0.9952 0.0820
vn 0.0784 0.9915 0.1035
vn 0.1503 0.9880 0.0353
vn 0.0566 0.9969 0.0552
vn 0.1744 0.9756 0.1335
vn 0.1524 0.9867 0.0561
vn 0.1093 0.9828 0.1487
vn 0.7988 -0.5783 -0.1657
vn 0.7726 -0.6173 -0.1482
vn 0.7702 -0.6073 -0.1949
vn 0.8847 -0.4662 -0.0052
vn 0.8575 -0.5140 -0.0206
vn 0.8719 -0.4852 -0.0668
vn 0.0037 0.9977 -0.0684
vn 0.0749 0.9963 -0.0423
vn 0.0572 0.9928 -0.1050
vn 0.5034 -0.8388 0.2072
vn 0.4788 -0.8631 0.1606
vn 0.5039 -0.8469 0.1698
vn 0.0542 0.3936 -0.9177
vn 0.0388 0.4728 -0.8803
vn 0.0776 0.4148 -0.9066
vn -0.1990 0.9734 0.1136
vn -0.2507 0.9590 0.1323
vn -0.2320 0.9543 0.1882
vn 0.1456 0.9751 -0.1671
vn 0.1464 0.9656 -0.2148
vn 0.1170 0.9653 -0.2333
vn -0.2821 0.1380 0.9494
vn -0.2701 0.1228 0.9550
vn -0.2511 0.1492 0.9564
vn -0.7966 0.2676 0.5421
vn -0.7993 0.2400 0.5509
vn -0.7856 0.2692 0.5571
vn -0.5117 -0.0192 0.8590
vn -0.4851 -0.0150 0.8743
vn -0.4947 0.0025 0.8691
vn 0.8666 -0.4940 -0.0706
vn 0.8573 -0.5148 -0.0085
vn 0.8394 -0.5427 -0.0290
vn 0.6981 -0.6663 -0.2622
vn 0.6931 -0.6537 -0.3038
vn 0.7296 -0.6160 -0.2970
vn -0.0408 -0.0862 0.9954
vn 0.0058 -0.0772 0.9970
vn -0.0242 -0.0424 0.9988
vn 0.0538 -0.4459 0.8935
vn 0.1094 -0.5073 0.8548
vn 0.1041 -0.4290 0.8973
vn -0.2550 -0.5934 0.7635
vn -0.2629 -0.5087 0.8198
vn -0.3014 -0.5682 0.7657
vn -0.4948 -0.6425 0.5851
vn -0.4131 -0.6783 0.6076
vn -0.4106 -0.6352 0.6542
vn 0.8829 -0.4179 0.2141
vn 0.9344 -0.3267 0.1419
vn 0.9212 -0.3226 0.2174
vn 0.3684 -0.8516 0.3728
vn 0.3356 -0.8907 0.3066
vn 0.3866 -0.8576 0.3392
vn 0.9676 0.2148 -0.1325
vn 0.9805 0.1543 -0.1215
vn 0.9681 0.1651 -0.1886
vn 0.9992 0.0377 0.0158
vn 0.9986 -0.0116 -0.0512
vn 0.9950 0.0707 -0.0705
vn 0.1115 0.9907 0.0779
vn 0.0723 0.9964 0.0435
vn 0.0933 0.9896 0.1098
vn -0.0397 0.0533 0.9978
vn -0.0103 0.0365 0.9993
vn -0.0292 0.1076 0.9938
vn 0.1536 -0.9871 -0.0458
vn 0.1510 -0.9866 -0.0620
vn 0.1704 -0.9826 -0.0741
vn 0.2365 -0.9716 -0.0028
vn 0.2461 -0.9686 -0.0359
vn 0.3161 -0.9478 0.0409
vn 0.1475 -0.9783 -0.1458
vn 0.1716 -0.9807 -0.0933
vn 0.1462 -0.9844 -0.0984
vn 0.6199 0.7153 -0.3225
vn 0.6004 0.7469 -0.2857
vn 0.6482 0.7238 -0.2366
vn -0.9300 0.0945 -0.3551
vn -0.9115 0.0619 -0.4067
vn -0.9391 0.0292 -0.3424
vn 0.0158 0.9977 -0.0653
vn 0.0887 0.9838 -0.1556
vn -0.0208 0.9964 -0.0825
vn 0.3043 0.9496 0.0749
vn 0.3293 0.9442 -0.0066
vn 0.2604 0.9653 0.0210
vn 0.9914 -0.1233 -0.0437
vn 0.9920 -0.1036 -0.0715
vn 0.9979 -0.0574 -0.0304
vn 0.1540 0.9877 -0.0279
vn 0.0368 0.9962 -0.0791
vn 0.0325 0.9995 0.0007
vn 0.0556 0.9941 0.0934
vn 0.0497 0.9985 -0.0213
vn -0.0172 0.9998 -0.0085
vn 0.2315 0.7351 0.6372
vn 0.2235 0.6799 0.6984
vn 0.2870 0.6869 0.6677
vn -0.1042 0.0518 0.9932
vn -0.0300 0.0358 0.9989
vn -0.0260 0.0841 0.9961
vn 0.8734 0.3209 0.3663
vn 0.8329 0.3210 0.4509
vn 0.8319 0.2914 0.4722
vn 0.9190 0.2342 0.3172
vn 0.8720 0.2626 0.4131
vn 0.9198 0.2043 0.3349
vn -0.2747 -0.5330 0.8003
vn -0.2450 -0.5543 0.7955
vn -0.2501 -0.5175 0.8183
vn -0.8601 -0.4446 0.2502
vn -0.8512 -0.4720 0.2297
vn -0.8319 -0.4853 0.2691
vn -0.8670 0.4427 0.2286
vn -0.8809 0.4085 0.2389
vn -0.8632 0.4284 0.2673
vn 0.2095 0.9754 -0.0689
vn 0.1958 0.9762 -0.0934
vn 0.1742 0.9834 -0.0514
vn 0.1230 0.9914 -0.0452
vn 0.1401 0.9898 -0.0266
vn 0.1536 0.9871 -0.0441
vn -0.1143 0.1102 0.9873
vn -0.1313 0.1328 0.9824
vn -0.1475 0.1064 0.9833
vn 0.8372 0.3906 -0.3828
vn 0.8511 0.3297 -0.4085
vn 0.8123 0.4012 -0.4234
vn 0.8545 0.5133 -0.0798
vn 0.8653 0.4843 -0.1293
vn 0.8414 0.5261 -0.1233
vn 0.9555 -0.2588 -0.1415
vn 0.9512 -0.2486 -0.1829
vn 0.9620 -0.2258 -0.1538
vn 0.9396 -0.0797 -0.3330
vn 0.9341 -0.1120 -0.3390
vn 0.9210 -0.0977 -0.3771
vn 0.7238 0.4321 -0.5380
vn 0.7087 0.4063 -0.5768
vn 0.7042 0.4409 -0.5565
vn 0.1094 -0.0259 -0.9937
vn 0.2079 -0.0845 -0.9745
vn 0.1628 -0.1012 -0.9815
vn 0.1332 -0.1166 -0.9842
vn 0.1558 -0.1226 -0.9802
vn 0.1378 -0.1404 -0.9805
vn 0.1424 -0.0621 -0.9879
vn 0.1789 -0.0329 -0.9833
vn 0.1593 -0.0733 -0.9845
vn 0.1462 -0.0251 -0.9889
vn 0.1727 -0.0528 -0.9836
vn 0.1483 -0.0738 -0.9862
vn 0.8918 -0.1652 0.4212
vn 0.8931 -0.1788 0.4129
vn 0.9115 -0.1374 0.3876
vn 0.9945 0.0987 0.0349
vn 0.9952 0.0971 0.0135
vn 0.9939 0.1072 0.0245
vn 0.9983 0.0581 -0.0101
vn 0.9976 0.0689 -0.0028
vn 0.9989 0.0465 -0.0021
vn 0.6582 0.7526 -0.0191
vn 0.6725 0.7400 -0.0128
vn 0.6620 0.7484 -0.0401
vn 0.0380 0.9947 0.0958
vn 0.0666 0.9960 0.0602
vn 0.0272 0.9972 0.0695
vn 0.0361 0.6905 -0.7224
vn 0.0381 0.7091 -0.7040
vn 0.1495 0.6410 -0.7528
vn 0.4411 -0.3743 -0.8157
vn 0.4546 -0.3889 -0.8013
vn 0.4190 -0.3972 -0.8165
vn 0.6873 0.0167 -0.7262
vn 0.7326 0.0181 -0.6805
vn 0.7254 -0.0194 -0.6880
vn 0.5182 -0.0426 -0.8542
vn 0.5390 -0.1041 -0.8359
vn 0.5036 -0.1215 -0.8553
vn 0.0815 0.9111 -0.4040
vn 0.1355 0.9000 -0.4142
vn 0.0552 0.9001 -0.4321
vn 0.5710 0.6404 0.5137
vn 0.5522 0.7120 0.4337
vn 0.5032 0.7028 0.5029
vn 0.9850 -0.1517 0.0825
vn 0.9904 -0.1321 0.0418
vn 0.9942 -0.0751 0.0769
vn 0.0292 0.9913 0.1283
vn 0.0926 0.9902 0.1043
vn 0.0410 0.9961 0.0782
vn 0.5757 -0.0079 0.8176
vn 0.4909 -0.1114 0.8641
vn 0.5889 -0.0924 0.8029
vn 0.9782 0.2046 0.0344
vn 0.9781 0.2060 -0.0298
vn 0.9725 0.2320 -0.0198
vn 0.2858 0.9581 0.0170
vn 0.3247 0.9451 -0.0362
vn 0.2718 0.9615 -0.0399
vn 0.8745 -0.0495 -0.4825
vn 0.8578 -0.0756 -0.5084
vn 0.8555 -0.0367 -0.5165
vn 0.9988 0.0443 -0.0212
vn 0.9961 0.0352 -0.0811
vn 0.9974 0.0581 -0.0424
vn 0.9285 -0.3187 0.1907
vn 0.9258 -0.3488 0.1455
vn 0.9456 -0.2966 0.1337
vn 0.9998 -0.0102 0.0148
vn 0.9900 -0.0402 -0.1351
vn 0.9977 0.0386 -0.0554
vn 0.9270 -0.2017 0.3163
vn 0.9143 -0.3063 0.2649
vn 0.9502 -0.1713 0.2603
vn 0.1455 -0.1416 0.9792
vn 0.1724 -0.1614 0.9717
vn 0.1824 -0.1323 0.9743
vn 0.9652 0.0840 0.2475
vn 0.9671 0.0500 0.2495
vn 0.9718 0.0602 0.2281
vn 0.9678 0.1352 0.2125
vn 0.9752 0.1216 0.1848
vn 0.9734 0.1510 0.1724
vn -0.2325 0.1117 0.9662
vn -0.2275 0.0752 0.9709
vn -0.1969 0.0565 0.9788
vn -0.0200 -0.2723 -0.9620
vn 0.0064 -0.2282 -0.9736
vn 0.0631 -0.2639 -0.9625
vn 0.1780 -0.0830 -0.9805
vn 0.1934 -0.1302 -0.9724
vn 0.1445 -0.0757 -0.9866
vn 0.2554 0.1067 -0.9609
vn 0.2743 0.1113 -0.9552
vn 0.2609 0.0883 -0.9613
vn 0.1251 -0.3494 -0.9286
vn 0.1390 -0.3576 -0.9235
vn 0.1028 -0.3557 -0.9289
vn -0.4843 -0.2347 -0.8429
vn -0.2061 -0.8115 -0.5468
vn 0.1537 -0.0383 -0.9874
vn 0.1525 -0.0650 -0.9862
vn 0.0922 -0.0754 -0.9929
vn 0.2270 -0.6893 -0.6880
vn 0.3323 0.0084 -0.9431
vn -0.0049 0.9483 -0.3172
vn 0.0308 0.9379 -0.3454
vn -0.0203 0.9320 -0.3619
vn 0.8609 -0.3540 -0.3655
vn 0.8612 -0.3968 -0.3175
vn 0.8501 -0.3994 -0.3432
vn -0.6026 0.5284 -0.5980
vn -0.6413 0.4859 -0.5938
vn -0.6443 0.4977 -0.5806
vn 0.9196 0.1824 -0.3480
vn 0.9210 0.2111 -0.3274
vn 0.9304 0.2034 -0.3048
vn -0.2362 -0.1284 -0.9632
vn -0.3906 0.6115 -0.6881
vn 0.0085 0.6276 -0.7785
vn -0.5692 0.4604 0.6812
vn -0.4844 0.7196 0.4975
vn -0.8084 0.4937 0.3206
vn 0.6055 -0.4482 0.6576
vn 0.3159 0.0011 -0.9488
vn -0.2136 -0.2596 -0.9418
vn -0.2630 -0.2085 -0.9420
vn -0.2047 -0.2117 -0.9556
vn 0.0077 -0.9849 -0.1729
vn 0.0322 -0.9664 -0.2550
vn 0.0514 -0.9791 -0.1966
vn -0.3186 -0.7414 -0.5906
vn -0.1852 -0.8261 -0.5322
vn 0.3191 0.9418 -0.1056
vn 0.2597 0.9641 -0.0560
vn 0.3166 0.9482 -0.0276
vn 0.9393 -0.3235 0.1143
vn 0.9349 -0.2955 0.1965
vn 0.9198 -0.3523 0.1729
vn 0.9997 -0.0163 -0.0175
vn 0.9999 -0.0162 0.0061
vn 0.9986 -0.0525 0.0027
vn 0.8239 -0.5665 0.0140
vn 0.8228 -0.5682 -0.0097
vn 0.8392 -0.5438 0.0007
vn 0.9462 0.3022 0.1158
vn 0.9509 0.2768 0.1386
vn 0.9577 0.2674 0.1060
vn 0.3583 0.9325 0.0445
vn 0.3983 0.9154 0.0590
vn 0.3788 0.9255 -0.0025
vn 0.2087 0.7265 -0.6547
vn 0.1840 0.7444 -0.6419
vn 0.2224 0.7375 -0.6377
vn 0.2407 0.7546 -0.6104
vn 0.2505 0.7304 -0.6354
vn 0.2212 0.7330 -0.6432
vn -0.1353 -0.0604 -0.9890
vn -0.1722 -0.2752 -0.9458
vn -0.1931 -0.2505 -0.9486
vn 0.4545 0.5184 -0.7244
vn 0.5209 0.3356 -0.7849
vn 0.4941 0.3400 -0.8001
vn -0.7065 0.0492 -0.7060
vn -0.7313 0.0944 -0.6755
vn -0.6825 0.1059 -0.7232
vn 0.6543 0.4454 -0.6111
vn 0.4936 0.5716 -0.6555
vn 0.6505 0.4951 -0.5760
vn -0.1208 -0.9895 -0.0794
vn -0.0891 -0.9934 -0.0718
vn -0.1196 -0.9919 -0.0429
vn -0.9250 -0.1021 -0.3660
vn -0.9299 -0.1205 -0.3474
vn -0.9438 -0.0835 -0.3199
vn -0.9926 0.0530 -0.1091
vn -0.9944 0.0688 -0.0803
vn -0.9913 0.0906 -0.0957
vn 0.4119 0.3341 0.8478
vn 0.4582 0.3648 0.8105
vn 0.4030 0.3680 0.8379
vn -0.3071 0.7989 0.5171
vn -0.2653 0.8073 0.5271
vn -0.2700 0.8352 0.4791
vn -0.1253 0.4222 -0.8978
vn -0.1316 0.3925 -0.9103
vn -0.1854 0.4224 -0.8872
vn -0.5255 -0.1185 -0.8425
vn -0.5367 -0.0536 -0.8420
vn -0.5007 -0.1031 -0.8595
vn -0.9500 0.0139 0.3120
vn -0.9471 0.0581 0.3155
vn -0.9563 0.0653 0.2851
vn -0.9889 0.0360 0.1443
vn -0.9949 -0.0034 0.1013
vn -0.9889 -0.0090 0.1483
vn 0.3139 0.9279 0.2014
vn 0.3533 0.9240 0.1464
vn 0.2617 0.9556 0.1356
vn -0.7886 0.5826 -0.1967
vn -0.7879 0.5479 -0.2813
vn -0.8212 0.5271 -0.2188
vn 0.3113 0.8036 -0.5073
vn 0.4239 0.7827 -0.4558
vn 0.4087 0.7636 -0.4998
vn -0.4009 0.8438 -0.3567
vn -0.4390 0.8491 -0.2936
vn -0.3526 0.8785 -0.3225
vn 0.4398 0.8656 -0.2395
vn 0.5351 0.8034 -0.2612
vn 0.4724 0.8165 -0.3321
vn 0.1322 0.9906 0.0340
vn 0.2023 0.9742 0.1005
vn 0.2207 0.9743 -0.0457
vn 0.0338 0.9948 0.0958
vn 0.0970 0.9951 0.0212
vn 0.0244 0.9985 -0.0494
vn -0.3311 0.8876 -0.3202
vn -0.2188 0.9002 -0.3765
vn -0.3363 0.8442 -0.4173
vn 0.3951 0.8860 -0.2425
vn 0.4035 0.8509 -0.3365
vn 0.3248 0.9027 -0.2822
vn 0.9930 0.1028 -0.0575
vn 0.9977 0.0599 -0.0321
vn 0.9959 0.0656 -0.0622
vn 0.2381 0.9691 -0.0648
vn 0.2637 0.9637 -0.0421
vn 0.2491 0.9643 -0.0903
vn 0.9927 -0.1196 -0.0175
vn 0.9883 -0.1507 -0.0252
vn 0.9922 -0.1247 -0.0076
vn -0.0411 0.9979 -0.0494
vn -0.0854 0.9944 -0.0629
vn -0.0664 0.9971 -0.0360
vn -0.0184 0.0010 -0.9998
vn -0.0552 0.0313 -0.9980
vn 0.0061 0.0450 -0.9990
vn -0.0555 0.9971 -0.0526
vn -0.0004 0.9952 -0.0981
vn -0.0363 0.9882 -0.1490
vn -0.1937 0.9379 -0.2878
vn -0.2564 0.9306 -0.2614
vn -0.2103 0.9473 -0.2416
vn 0.6770 0.7162 0.1695
vn 0.7190 0.6888 0.0927
vn 0.6668 0.7379 0.1040
vn -0.0683 0.4633 -0.8836
vn -0.1465 0.4550 -0.8784
vn -0.1396 0.4817 -0.8652
vn -0.1475 0.6016 -0.7850
vn -0.1070 0.5864 -0.8029
vn -0.0814 0.6037 -0.7930
vn -0.1175 -0.0509 0.9918
vn -0.0965 -0.0550 0.9938
vn -0.1071 -0.0249 0.9939
vn -0.0844 -0.0481 0.9953
vn -0.0592 -0.0791 0.9951
vn -0.0406 -0.0583 0.9975
vn 0.0266 0.9948 0.0985
vn 0.0649 0.9924 0.1048
vn 0.0455 0.9967 0.0678
vn 0.6446 0.6677 -0.3724
vn 0.6664 0.6261 -0.4049
vn 0.6168 0.6569 -0.4337
vn 0.1112 0.6044 -0.7889
vn 0.0698 0.6242 -0.7782
vn 0.1107 0.6628 -0.7405
vn 0.1381 0.0224 -0.9902
vn 0.1703 0.0766 -0.9824
vn 0.1817 0.0183 -0.9832
vn 0.0432 0.5300 -0.8469
vn 0.0948 0.6170 -0.7812
vn 0.1284 0.5340 -0.8357
vn 0.1117 0.9916 0.0652
vn 0.1672 0.9858 0.0172
vn 0.1231 0.9923 -0.0157
vn -0.1615 0.9703 0.1801
vn -0.1254 0.9783 0.1649
vn -0.1681 0.9762 0.1372
vn -0.0835 0.9929 0.0845
vn -0.0739 0.9963 0.0440
vn -0.1075 0.9913 0.0762
vn 0.0458 0.9987 0.0206
vn 0.0482 0.9988 -0.0064
vn 0.0185 0.9995 -0.0249
vn 0.0906 0.9952 0.0377
vn 0.1340 0.9894 0.0557
vn 0.1303 0.9914 0.0080
vn 0.1611 0.9842 0.0737
vn 0.1156 0.9921 0.0483
vn 0.1192 0.9871 0.1070
vn 0.0479 0.9754 0.2152
vn 0.0056 0.9697 0.2442
vn 0.0589 0.9649 0.2558
vn 0.1575 0.9587 0.2367
vn 0.1754 0.9636 0.2016
vn 0.1392 0.9717 0.1906
vn 0.3496 0.9369 -0.0026
vn 0.3298 0.9435 -0.0314
vn 0.2939 0.9558 0.0057
vn 0.1347 0.9874 0.0830
vn 0.1495 0.9871 0.0578
vn 0.1296 0.9905 0.0463
vn 0.2622 0.9396 -0.2199
vn 0.2851 0.9364 -0.2048
vn 0.3039 0.9176 -0.2561
vn -0.1045 0.9403 -0.3240
vn -0.0842 0.9417 -0.3259
vn -0.1172 0.9265 -0.3576
vn -0.0740 0.9933 0.0882
vn -0.0453 0.9977 0.0503
vn -0.0635 0.9967 0.0499
vn -0.0620 0.9970 0.0466
vn -0.0589 0.9978 0.0310
vn -0.1022 0.9933 0.0535
vn 0.4716 -0.0291 0.8814
vn 0.4789 0.0422 0.8769
vn 0.4403 0.0450 0.8967
vn 0.1138 -0.0214 0.9933
vn 0.1285 -0.0361 0.9910
vn 0.1487 -0.0122 0.9888
vn 0.2903 -0.1010 0.9516
vn 0.3396 -0.1321 0.9312
vn 0.2952 -0.0717 0.9527
vn 0.3184 0.1014 -0.9425
vn 0.3729 0.0773 -0.9246
vn 0.3109 0.0618 -0.9484
vn 0.6444 0.7359 -0.2082
vn 0.6278 0.7405 -0.2396
vn 0.6000 0.7690 -0.2206
vn 0.3749 0.0617 -0.9250
vn 0.3913 -0.0139 -0.9202
vn 0.3541 -0.0004 -0.9352
vn 0.0563 0.6682 0.7419
vn 0.1030 0.6692 0.7359
vn 0.0893 0.7059 0.7027
vn -0.3225 0.8365 -0.4431
vn -0.3827 0.8366 -0.3920
vn -0.3275 0.8672 -0.3751
vn -0.3715 0.8086 -0.4563
vn -0.3740 0.8339 -0.4059
vn -0.3138 0.8356 -0.4509
vn -0.0991 -0.0238 -0.9948
vn -0.0048 -0.0476 -0.9989
vn -0.0559 -0.0784 -0.9954
vn -0.1101 -0.8565 0.5043
vn -0.1070 -0.8812 0.4604
vn -0.0820 -0.8792 0.4693
vn -0.2934 -0.9522 0.0849
vn -0.2452 -0.9657 0.0855
vn -0.2491 -0.9610 0.1199
vn -0.9759 -0.0313 -0.2159
vn -0.9687 -0.0324 -0.2459
vn -0.9697 -0.0504 -0.2389
vn -0.8988 -0.4184 -0.1308
vn -0.8787 -0.4722 -0.0702
vn -0.9026 -0.4186 -0.1003
vn -0.3772 0.1642 0.9115
vn -0.3509 0.2112 0.9123
vn -0.3666 0.2238 0.9031
vn -0.4257 0.1300 0.8955
vn -0.4091 0.1183 0.9048
vn -0.4030 0.1346 0.9052
vn -0.4954 0.1196 0.8604
vn -0.5454 0.1209 0.8294
vn -0.5290 0.0619 0.8464
vn -0.1605 0.9870 0.0023
vn -0.1164 0.9930 0.0184
vn -0.1157 0.9930 -0.0231
vn -0.2116 0.9773 0.0059
vn -0.1698 0.9843 0.0477
vn -0.1975 0.9800 -0.0226
vn -0.2173 0.9740 0.0638
vn -0.1883 0.9818 -0.0260
vn -0.2483 0.9686 0.0094
vn -0.9963 -0.0839 0.0203
vn -0.9889 -0.1397 0.0512
vn -0.9964 -0.0596 0.0606
vn -0.9851 0.0379 0.1680
vn -0.9909 0.0683 0.1160
vn -0.9984 0.0107 0.0553
vn -0.6436 0.7645 -0.0368
vn -0.7171 0.6969 0.0051
vn -0.6388 0.7640 0.0913
vn -0.2966 0.9503 -0.0941
vn -0.2413 0.9665 -0.0875
vn -0.2814 0.9355 -0.2137
vn -0.7185 0.6863 0.1126
vn -0.6560 0.7539 0.0372
vn -0.7109 0.7023 -0.0376
vn -0.9952 0.0751 0.0619
vn -0.9961 0.0532 -0.0709
vn -0.9999 -0.0026 -0.0100
vn -0.9792 0.1570 0.1288
vn -0.9689 0.2203 0.1126
vn -0.9881 0.1459 0.0484
vn -0.9444 0.1397 -0.2975
vn -0.9579 0.1282 -0.2568
vn -0.9530 0.1692 -0.2512
vn -0.2953 -0.2286 -0.9277
vn -0.3129 -0.2716 -0.9101
vn -0.3469 -0.2288 -0.9096
vn -0.0200 0.9910 -0.1325
vn -0.0043 0.9839 -0.1789
vn -0.0496 0.9801 -0.1923
vn -0.5187 0.8539 0.0420
vn -0.5376 0.8427 -0.0305
vn -0.5632 0.8251 0.0448
vn 0.0368 0.9990 -0.0234
vn -0.0016 0.9978 -0.0662
vn -0.0175 0.9998 -0.0019
vn -0.0846 0.9879 0.1300
vn -0.0666 0.9938 0.0890
vn -0.1312 0.9869 0.0942
vn 0.9619 0.2451 -0.1210
vn 0.9609 0.2405 -0.1370
vn 0.9455 0.3123 -0.0920
vn 0.9764 0.1965 -0.0894
vn 0.9542 0.2443 -0.1724
vn 0.9734 0.2284 -0.0174
vn 0.9959 -0.0253 -0.0869
vn 0.9953 -0.0301 -0.0926
vn 0.9919 -0.0060 -0.1270
vn 0.9909 0.1257 -0.0478
vn 0.9933 0.1049 -0.0482
vn 0.9898 0.1074 -0.0933
vn -0.5896 -0.1969 -0.7833
vn -0.6344 -0.1902 -0.7492
vn -0.6178 -0.1069 -0.7791
vn 0.0471 0.9783 -0.2017
vn 0.1060 0.9677 -0.2288
vn 0.0442 0.9651 -0.2580
vn -0.1468 0.9798 -0.1357
vn -0.1586 0.9676 -0.1962
vn -0.2118 0.9628 -0.1677
vn 0.2205 0.8479 -0.4821
vn 0.2368 0.8707 -0.4311
vn 0.2920 0.8403 -0.4567
vn -0.0974 -0.9950 0.0233
vn -0.0700 -0.9967 -0.0400
vn -0.0180 -0.9998 0.0015
vn -0.0561 -0.0355 -0.9978
vn 0.0264 -0.0547 -0.9982
vn -0.0380 -0.0768 -0.9963
vn 0.0307 -0.0999 -0.9945
vn 0.0832 -0.0863 -0.9928
vn 0.0340 -0.1386 -0.9898
vn -0.0814 0.1583 -0.9840
vn -0.0758 0.0973 -0.9924
vn -0.1324 0.1189 -0.9840
vn 0.9635 -0.2268 -0.1420
vn 0.9513 -0.2653 -0.1572
vn 0.9596 -0.2258 -0.1680
vn 0.5789 0.7740 0.2566
vn 0.6490 0.7149 0.2603
vn 0.6595 0.7272 0.1903
vn 0.8750 -0.0594 -0.4806
vn 0.8592 -0.0565 -0.5085
vn 0.8746 0.0408 -0.4830
vn 0.9091 0.3558 -0.2166
vn 0.9219 0.3370 -0.1909
vn 0.9236 0.3111 -0.2241
vn 0.3383 0.1108 0.9345
vn 0.3496 0.0571 0.9352
vn 0.4029 0.1306 0.9059
vn 0.0390 0.2737 0.9610
vn 0.0270 0.1898 0.9815
vn 0.0807 0.1998 0.9765
vn -0.1234 0.9902 -0.0649
vn -0.1714 0.9821 -0.0787
vn -0.1518 0.9875 -0.0419
vn -0.0467 -0.9432 -0.3289
vn -0.0744 -0.9299 -0.3601
vn 0.0055 -0.9397 -0.3419
vn -0.0475 -0.9429 -0.3296
vn -0.0060 -0.9328 -0.3604
vn -0.0240 -0.9497 -0.3123
vn -0.9164 -0.0255 -0.3994
vn -0.9194 -0.0792 -0.3852
vn -0.9310 -0.0594 -0.3601
vn -0.8403 0.1203 -0.5286
vn -0.8303 0.0919 -0.5496
vn -0.8440 0.0724 -0.5315
vn 0.0679 -0.0574 -0.9960
vn 0.0429 -0.0834 -0.9956
vn 0.0380 -0.0580 -0.9976
vn 0.4682 0.1872 -0.8636
vn 0.4851 0.1678 -0.8582
vn 0.4555 0.1616 -0.8754
vn -0.1662 0.2179 -0.9617
vn -0.1503 0.1843 -0.9713
vn -0.1931 0.1903 -0.9625
vn -0.5565 -0.8268 0.0815
vn -0.5203 -0.8488 0.0940
vn -0.5135 -0.8468 0.1387
vn -0.0962 -0.9791 0.1794
vn -0.0662 -0.9830 0.1715
vn -0.0649 -0.9703 0.2331
vn -0.9947 -0.0640 0.0811
vn -0.9915 -0.0790 0.1033
vn -0.9912 -0.0527 0.1216
vn -0.9926 0.0097 0.1212
vn -0.9929 -0.0125 0.1180
vn -0.9901 -0.0080 0.1399
vn -0.3007 0.9508 0.0748
vn -0.2509 0.9670 0.0448
vn -0.2691 0.9629 0.0214
vn -0.1132 0.9902 -0.0821
vn -0.0953 0.9938 -0.0572
vn -0.0947 0.9922 -0.0804
vn -0.9793 0.0296 0.2004
vn -0.9824 -0.0205 0.1858
vn -0.9682 -0.0026 0.2500
vn -0.7943 0.5420 0.2745
vn -0.8182 0.5406 0.1957
vn -0.8215 0.5209 0.2319
vn -0.9531 -0.2244 0.2030
vn -0.9563 -0.2457 0.1588
vn -0.9470 -0.2502 0.2016
vn -0.9694 0.0472 0.2410
vn -0.9786 0.0476 0.2002
vn -0.9679 0.0157 0.2509
vn -0.9931 0.0234 -0.1146
vn -0.9978 -0.0229 -0.0617
vn -0.9993 0.0173 -0.0341
vn -0.9936 0.1009 -0.0505
vn -0.9835 0.1505 -0.1003
vn -0.9896 0.0651 -0.1286
vn -0.9956 0.0372 -0.0859
vn -0.9943 -0.0352 -0.1008
vn -0.9974 -0.0291 -0.0663
vn -0.4308 0.8875 0.1636
vn -0.4606 0.8803 0.1135
vn -0.4874 0.8564 0.1703
vn -0.9148 0.1122 -0.3880
vn -0.8912 0.1296 -0.4348
vn -0.9006 0.0884 -0.4255
vn -0.9756 0.1287 -0.1776
vn -0.9732 0.0956 -0.2092
vn -0.9792 0.0799 -0.1865
vn -0.3696 0.5793 -0.7265
vn -0.3554 0.5481 -0.7572
vn -0.4055 0.5275 -0.7466
vn 0.0975 0.9894 0.1077
vn 0.0780 0.9955 0.0538
vn 0.0450 0.9958 0.0796
vn 0.2015 0.9685 0.1463
vn 0.2363 0.9641 0.1214
vn 0.2299 0.9692 0.0878
vn -0.8901 0.4390 -0.1223
vn -0.9032 0.4131 -0.1164
vn -0.8959 0.4360 -0.0857
vn 0.0356 0.9990 0.0284
vn -0.0865 0.9947 0.0549
vn -0.0959 0.9954 -0.0026
vn -0.1304 0.9912 0.0213
vn -0.9520 0.3045 0.0301
vn -0.9493 0.3016 0.0891
vn -0.9426 0.3327 0.0278
vn -0.9912 -0.0032 0.1320
vn -0.9918 -0.0315 0.1240
vn -0.9865 -0.0335 0.1606
vn -0.1129 0.9933 -0.0245
vn -0.0751 0.9955 -0.0578
vn -0.1499 0.9850 -0.0860
vn -0.0535 0.2796 0.9586
vn -0.1215 0.2389 0.9634
vn -0.0460 0.2398 0.9697
vn 0.0413 0.1547 0.9871
vn -0.0141 0.1400 0.9900
vn 0.0088 0.0875 0.9961
vn -0.0797 0.9897 -0.1186
vn -0.0795 0.9824 -0.1688
vn -0.1159 0.9835 -0.1392
vn -0.9818 -0.1722 0.0806
vn -0.9897 -0.1424 0.0155
vn -0.9800 -0.1940 0.0440
vn -0.1551 0.0095 0.9879
vn -0.1051 -0.0495 0.9932
vn -0.0890 -0.0009 0.9960
vn -0.9748 0.0069 0.2231
vn -0.9767 -0.0484 0.2090
vn -0.9669 -0.0422 0.2516
vn 0.0672 0.0291 0.9973
vn 0.0884 0.0547 0.9946
vn 0.0543 0.0781 0.9955
vn 0.0534 -0.1515 0.9870
vn 0.0876 -0.1451 0.9855
vn 0.0494 -0.1109 0.9926
vn -0.4381 0.0432 0.8979
vn -0.4190 0.0363 0.9073
vn -0.3969 0.1092 0.9114
vn -0.4947 0.3937 0.7748
vn -0.4494 0.3634 0.8161
vn -0.4577 0.4025 0.7928
vn 0.2689 0.7177 -0.6423
vn 0.3187 0.7082 -0.6300
vn 0.2916 0.6851 -0.6675
vn 0.5417 0.7160 0.4403
vn 0.6269 0.6761 0.3871
vn 0.5577 0.7369 0.3821
vn 0.0112 -0.0346 -0.9993
vn -0.0215 -0.0790 -0.9966
vn -0.0437 -0.0752 -0.9962
vn 0.1339 -0.7657 -0.6291
vn 0.1118 -0.7368 -0.6668
vn 0.1969 -0.7477 -0.6342
vn 0.1830 -0.6900 -0.7003
vn 0.1515 -0.6992 -0.6987
vn 0.1565 -0.6837 -0.7128
vn 0.2035 -0.1291 -0.9705
vn 0.2243 -0.1258 -0.9664
vn 0.2032 -0.1560 -0.9666
vn 0.0051 0.0130 -0.9999
vn 0.0113 -0.0077 -0.9999
vn -0.0075 -0.0063 -1.0000
vn 0.0125 0.0439 -0.9990
vn 0.0167 0.0289 -0.9994
vn -0.0100 0.0162 -0.9998
vn -0.2056 0.9752 0.0814
vn -0.2468 0.9656 0.0819
vn -0.2156 0.9720 0.0939
vn -0.2187 0.9728 0.0758
vn -0.1926 0.9791 0.0655
vn -0.2058 0.9780 0.0342
vn -0.2355 0.9715 0.0282
vn -0.2385 0.9695 0.0566
vn -0.2056 0.9785 0.0151
vn -0.0494 0.1965 0.9793
vn -0.0888 0.2031 0.9751
vn -0.0648 0.1820 0.9812
vn -0.0375 -0.2890 0.9566
vn 0.0148 -0.2430 0.9699
vn -0.0676 -0.2559 0.9643
vn -0.0828 0.3115 0.9466
vn -0.0791 0.2693 0.9598
vn -0.0405 0.3029 0.9522
vn -0.9894 -0.1358 -0.0510
vn -0.9797 -0.1936 -0.0525
vn -0.9854 -0.1700 -0.0081
vn -0.8187 -0.5526 0.1559
vn -0.8510 -0.5076 0.1345
vn -0.8412 -0.5326 0.0936
vn 0.0436 0.9710 0.2353
vn 0.0831 0.9733 0.2138
vn 0.0196 0.9763 0.2156
vn 0.0046 -0.1437 0.9896
vn 0.0553 -0.1792 0.9823
vn 0.0288 -0.1239 0.9919
vn 0.0490 0.9275 0.3705
vn 0.0828 0.9308 0.3560
vn 0.0105 0.9433 0.3318
vn 0.0196 0.9721 0.2337
vn 0.0753 0.9640 0.2549
vn 0.0438 0.9745 0.2199
vn -0.0140 0.9941 0.1078
vn 0.0137 0.9954 0.0945
vn -0.0096 0.9964 0.0838
vn -0.1839 0.0797 0.9797
vn -0.1433 0.0449 0.9887
vn -0.1529 0.1203 0.9809
vn -0.0376 0.9542 0.2966
vn -0.0634 0.9435 0.3253
vn 0.0215 0.9527 0.3031
vn 0.2081 -0.1409 0.9679
vn 0.2003 -0.2077 0.9575
vn 0.2572 -0.1648 0.9522
vn -0.0081 -0.1564 0.9877
vn 0.0275 -0.1924 0.9809
vn 0.0711 -0.1708 0.9827
vn -0.0016 -0.1207 0.9927
vn -0.0353 -0.1721 0.9844
vn 0.0313 -0.1487 0.9884
vn -0.2412 -0.4484 0.8607
vn -0.2080 -0.4765 0.8542
vn -0.2139 -0.4415 0.8714
vn 0.4319 -0.2049 0.8783
vn 0.4464 -0.2393 0.8623
vn 0.4846 -0.1998 0.8516
vn -0.0178 -0.5591 0.8289
vn -0.0020 -0.5439 0.8391
vn -0.0785 -0.5370 0.8399
vn -0.0411 0.9614 0.2721
vn -0.0134 0.9607 0.2771
vn -0.0061 0.9692 0.2460
vn 0.0675 0.8926 0.4457
vn 0.0958 0.9034 0.4180
vn 0.0556 0.9025 0.4270
vn 0.8771 0.2510 0.4095
vn 0.8763 0.2007 0.4380
vn 0.8991 0.1846 0.3969
vn 0.0282 -0.0230 0.9993
vn 0.0645 -0.0776 0.9949
vn 0.0836 -0.0221 0.9963
vn 0.9919 0.0284 0.1236
vn 0.9857 0.0121 0.1678
vn 0.9935 0.0014 0.1139
vn 0.4172 -0.3024 -0.8570
vn 0.4389 -0.2646 -0.8587
vn 0.4463 -0.2870 -0.8476
vn 0.9687 -0.2217 0.1114
vn 0.9679 -0.2417 0.0689
vn 0.9850 -0.1565 0.0722
vn -0.0974 0.9949 -0.0248
vn -0.0729 0.9966 -0.0378
vn -0.0736 0.9954 -0.0610
vn 0.9909 -0.1327 -0.0215
vn 0.9914 -0.1123 0.0665
vn 0.9872 -0.1583 -0.0185
vn 0.9806 -0.1691 0.0990
vn 0.9733 -0.2094 0.0934
vn 0.9833 -0.1757 0.0470
vn 0.9364 0.3223 0.1388
vn 0.9408 0.2913 0.1732
vn 0.9477 0.2916 0.1295
vn 0.9989 -0.0424 0.0197
vn 0.9959 -0.0862 0.0285
vn 0.9979 -0.0635 -0.0151
vn -0.0112 -0.0157 0.9998
vn -0.0318 -0.0407 0.9987
vn -0.0075 -0.0304 0.9995
vn -0.3384 0.0872 0.9369
vn -0.3250 0.0580 0.9439
vn -0.2906 0.0511 0.9555
vn -0.4022 0.1085 0.9091
vn -0.3444 0.0991 0.9336
vn -0.3751 0.1440 0.9157
vn 0.2049 0.0795 0.9756
vn 0.2370 0.1242 0.9635
vn 0.2304 0.1617 0.9596
vn -0.0472 -0.0459 0.9978
vn -0.0595 -0.0430 0.9973
vn -0.0519 -0.0583 0.9969
vn -0.0270 -0.1355 0.9904
vn 0.0097 -0.1881 0.9821
vn -0.0087 -0.1263 0.9920
vn -0.0724 -0.0391 0.9966
vn -0.0722 -0.0472 0.9963
vn -0.0534 -0.0399 0.9978
vn -0.0129 -0.7932 0.6088
vn 0.0047 -0.7923 0.6101
vn -0.0318 -0.7632 0.6454
vn -0.1559 -0.6532 0.7410
vn -0.0824 -0.6688 0.7389
vn -0.0712 -0.6090 0.7900
vn -0.1216 -0.0733 0.9899
vn -0.0694 -0.0492 0.9964
vn -0.1460 -0.0407 0.9884
vn -0.0298 -0.0398 0.9988
vn -0.0072 -0.0697 0.9975
vn 0.0962 -0.0431 0.9944
vn -0.0425 -0.2319 0.9718
vn 0.0091 -0.2834 0.9590
vn 0.0004 -0.1990 0.9800
vn 0.4403 -0.8969 -0.0411
vn 0.4373 -0.8972 -0.0616
vn 0.4506 -0.8910 -0.0554
vn 0.4620 -0.8812 -0.0999
vn 0.4747 -0.8723 -0.1173
vn 0.4783 -0.8738 -0.0879
vn 0.1795 -0.9721 -0.1511
vn 0.1873 -0.9677 -0.1686
vn 0.2076 -0.9673 -0.1458
vn 0.9975 0.0664 -0.0254
vn 0.9976 0.0515 -0.0464
vn 0.9964 0.0730 -0.0423
vn 0.9969 0.0708 -0.0339
vn 0.9952 0.0771 -0.0596
vn 0.9954 0.0882 -0.0379
vn 0.9770 -0.0717 -0.2009
vn 0.9791 -0.1150 -0.1680
vn 0.9736 -0.1131 -0.1981
vn 0.9773 -0.1371 -0.1618
vn 0.9653 -0.1507 -0.2132
vn 0.9655 -0.1060 -0.2377
vn 0.7180 0.0731 -0.6922
vn 0.6971 0.0439 -0.7156
vn 0.6795 0.0766 -0.7297
vn 0.9925 -0.0310 -0.1183
vn 0.9877 -0.0666 -0.1413
vn 0.9869 0.0030 -0.1614
vn 0.9523 -0.0577 -0.2995
vn 0.9415 -0.0489 -0.3333
vn 0.9494 0.0045 -0.3139
vn 0.9846 -0.1748 0.0091
vn 0.9782 -0.2042 -0.0380
vn 0.9817 -0.1772 -0.0693
vn 0.9917 -0.0247 -0.1265
vn 0.9927 -0.0706 -0.0974
vn 0.9861 -0.0506 -0.1584
vn 0.8398 -0.4986 0.2150
vn 0.8067 -0.5305 0.2604
vn 0.8202 -0.5356 0.2009
vn 0.9150 0.3998 -0.0535
vn 0.9297 0.3569 -0.0910
vn 0.9189 0.3800 -0.1061
vn 0.6163 0.5760 -0.5369
vn 0.5785 0.5932 -0.5599
vn 0.5633 0.6314 -0.5329
vn 0.9295 0.3650 -0.0520
vn 0.9182 0.3698 -0.1421
vn 0.9169 0.3957 -0.0513
vn -0.0105 -0.1624 0.9867
vn -0.0090 -0.2183 0.9758
vn 0.0120 -0.2115 0.9773
vn -0.0418 -0.3433 0.9383
vn 0.0447 -0.3538 0.9342
vn -0.0126 -0.3269 0.9450
vn 0.1949 0.1269 -0.9726
vn 0.2105 0.1121 -0.9711
vn 0.1880 0.1049 -0.9765
vn 0.6367 0.1207 -0.7617
vn 0.6694 0.1265 -0.7321
vn 0.6496 0.0945 -0.7544
vn -0.3585 -0.3130 -0.8795
vn -0.3570 -0.3386 -0.8706
vn -0.3738 -0.3228 -0.8695
vn 0.3849 0.9223 -0.0343
vn 0.3405 0.9388 -0.0509
vn 0.3533 0.9352 0.0233
vn 0.2110 0.9769 0.0339
vn 0.2168 0.9742 0.0629
vn 0.2287 0.9731 0.0284
vn 0.9992 -0.0086 -0.0384
vn 0.9989 0.0472 0.0058
vn 0.9996 0.0039 0.0282
vn 0.0548 0.9984 -0.0129
vn 0.0356 0.9993 0.0142
vn 0.0339 0.9976 0.0597
vn 0.9905 -0.0292 0.1345
vn 0.9906 -0.0960 0.0975
vn 0.9958 -0.0293 0.0870
vn 0.9986 -0.0358 0.0386
vn 0.9939 -0.1026 0.0409
vn 0.9989 -0.0463 0.0001
vn 0.9636 0.1420 0.2263
vn 0.9663 0.1728 0.1909
vn 0.9515 0.2123 0.2226
vn 0.2736 0.9611 -0.0374
vn 0.3175 0.9471 -0.0479
vn 0.2714 0.9568 -0.1046
vn 0.9501 -0.2630 -0.1676
vn 0.9406 -0.3068 -0.1456
vn 0.9406 -0.2705 -0.2054
vn 0.9346 0.2964 0.1968
vn 0.9296 0.3193 0.1841
vn 0.9264 0.2863 0.2445
vn 0.0774 -0.9957 0.0504
vn 0.0853 -0.9963 -0.0094
vn 0.1221 -0.9918 0.0389
vn -0.0966 0.0752 0.9925
vn -0.1548 0.0857 0.9842
vn -0.1396 0.0138 0.9901
vn -0.0779 -0.1442 0.9865
vn -0.0121 -0.1070 0.9942
vn -0.0661 -0.1062 0.9921
vn -0.9200 0.2691 0.2850
vn -0.9385 0.2156 0.2698
vn -0.9258 0.2045 0.3179
vn 0.9016 -0.0833 0.4245
vn 0.9101 -0.1269 0.3944
vn 0.9255 -0.0787 0.3705
vn -0.0877 0.1140 0.9896
vn -0.0899 0.0568 0.9943
vn -0.0299 0.0485 0.9984
vn 0.8294 0.3496 0.4357
vn 0.8223 0.2943 0.4870
vn 0.8549 0.2841 0.4341
vn -0.0638 0.1386 0.9883
vn -0.0098 0.0674 0.9977
vn -0.0037 0.1399 0.9902
vn -0.8981 0.0928 0.4300
vn -0.9354 0.0742 0.3458
vn -0.9193 0.0293 0.3924
vn -0.9781 -0.1960 0.0696
vn -0.9901 -0.1334 0.0441
vn -0.9813 -0.1854 0.0516
vn -0.5938 0.2128 0.7760
vn -0.5617 0.3382 0.7551
vn -0.5609 0.3098 0.7677
vn -0.6771 0.2882 0.6771
vn -0.6383 0.1991 0.7436
vn -0.5486 0.3172 0.7736
vn 0.6192 -0.7461 0.2450
vn 0.6087 -0.7724 0.1813
vn 0.7167 -0.6864 0.1234
vn 0.2334 0.0260 0.9720
vn 0.3027 0.0567 0.9514
vn 0.3248 0.1599 0.9322
vn -0.4584 -0.0813 0.8850
vn -0.3575 -0.1498 0.9218
vn -0.4927 -0.1331 0.8600
vn 0.9589 0.2801 0.0460
vn 0.9894 0.1127 0.0915
vn 0.9912 0.1182 0.0597
vn -0.3923 0.7293 -0.5605
vn 0.0504 -0.5240 0.8502
vn 0.1012 -0.4127 0.9052
vn 0.0122 -0.4678 0.8837
vn 0.0070 -0.0375 0.9993
vn 0.0385 -0.0301 0.9988
vn 0.0491 0.0172 0.9986
vn 0.6896 -0.3682 0.6236
vn 0.6837 -0.3353 0.6482
vn 0.6754 -0.3638 0.6415
vn -0.8693 0.0479 0.4919
vn -0.9327 0.0444 0.3578
vn -0.9189 -0.0770 0.3868
vn -0.6264 0.4131 0.6611
vn -0.6965 0.4618 0.5492
vn -0.0602 -0.6629 0.7462
vn 0.2275 0.9679 0.1065
vn 0.1720 0.9798 0.1017
vn 0.2072 0.9635 0.1693
vn -0.0995 0.2569 0.9613
vn -0.0065 0.2292 0.9734
vn -0.0338 0.2671 0.9631
vn 0.3030 0.6949 0.6521
vn 0.2938 0.7434 0.6009
vn 0.2316 0.7253 0.6483
vn 0.1984 0.6746 0.7110
vn 0.2388 0.7084 0.6642
vn 0.1639 0.7367 0.6560
vn 0.0316 0.8056 0.5916
vn 0.0191 0.7658 0.6428
vn 0.0932 0.7735 0.6269
vn 0.0638 0.8874 0.4565
vn -0.0133 0.9106 0.4131
vn -0.0328 0.8739 0.4850
vn -0.8159 -0.5031 0.2851
vn -0.7743 -0.5926 0.2223
vn -0.7703 -0.5298 0.3550
vn -0.9996 -0.0230 -0.0152
vn -0.9949 0.0033 -0.1012
vn -0.9936 -0.0603 -0.0958
vn -0.6991 -0.6139 0.3664
vn -0.8044 -0.4793 0.3510
vn -0.7845 -0.5446 0.2966
vn -0.1583 0.1328 0.9784
vn -0.1442 0.0761 0.9866
vn -0.1083 0.1263 0.9861
vn -0.0345 -0.0350 0.9988
vn -0.0095 -0.0691 0.9976
vn 0.0080 -0.0370 0.9993
vn 0.7982 0.1272 0.5888
vn 0.3498 -0.4775 0.8060
vn 0.4495 -0.4133 0.7919
vn -0.0527 -0.0372 0.9979
vn 0.1368 -0.9828 -0.1237
vn 0.2110 -0.9539 0.2135
vn -0.0614 -0.5917 0.8038
vn -0.0227 -0.6623 0.7489
vn 0.1232 -0.5579 0.8207
vn -0.0279 -0.7288 0.6842
vn 0.0846 -0.7756 0.6255
vn 0.1515 -0.7614 0.6303
vn 0.0501 -0.0701 0.9963
vn 0.0954 -0.0643 0.9934
vn 0.0952 -0.0241 0.9952
vn -0.1195 0.1233 0.9851
vn -0.0985 0.0641 0.9931
vn -0.0593 0.1124 0.9919
vn 0.4463 0.7967 0.4075
vn 0.3909 0.8537 0.3442
vn 0.3849 0.8244 0.4149
vn 0.3241 0.8226 0.4672
vn 0.4005 0.7810 0.4792
vn 0.4223 0.8121 0.4026
vn 0.1165 -0.0144 0.9931
vn 0.1320 -0.0580 0.9895
vn 0.1722 -0.0377 0.9843
vn 0.0475 -0.1559 0.9866
vn 0.0891 -0.1761 0.9803
vn 0.0786 -0.1138 0.9904
vn -0.0417 0.0314 0.9986
vn -0.0448 -0.0228 0.9987
vn 0.0050 -0.0001 1.0000
vn 0.0337 0.8994 0.4359
vn 0.0345 0.8594 0.5102
vn 0.1091 0.8761 0.4697
vn -0.7595 -0.6505 -0.0008
vn -0.0493 -0.2532 0.9662
vn -0.9609 -0.2422 0.1343
vn -0.4479 -0.2718 0.8518
vn -0.6580 -0.7083 0.2557
vn -0.1887 -0.1627 0.9684
vn 0.0573 0.7096 0.7022
vn 0.0948 0.7249 0.6823
vn 0.0136 0.7267 0.6868
vn -0.0823 0.9590 -0.2711
vn -0.0237 0.9607 -0.2765
vn -0.0591 0.9486 -0.3110
vn -0.2571 0.9650 -0.0512
vn -0.2659 0.9564 -0.1212
vn -0.2978 0.9511 -0.0814
vn -0.1700 0.9819 -0.0838
vn -0.1428 0.9828 -0.1174
vn -0.1933 0.9714 -0.1378
vn 0.0522 -0.0093 -0.9986
vn 0.0061 -0.0385 -0.9992
vn 0.0229 0.0185 -0.9996
vn 0.1676 0.0069 -0.9858
vn 0.1804 -0.0457 -0.9825
vn 0.1197 0.0125 -0.9927
vn 0.0542 -0.0531 -0.9971
vn 0.1132 -0.1073 -0.9878
vn 0.0511 -0.1175 -0.9918
vn -0.1900 0.9747 -0.1177
vn -0.2641 0.9620 -0.0692
vn -0.1929 0.9791 -0.0652
vn -0.4225 0.1534 -0.8933
vn -0.4379 0.1344 -0.8889
vn -0.4593 0.1712 -0.8716
vn -0.2675 -0.1367 -0.9538
vn -0.2655 -0.1764 -0.9478
vn -0.2874 -0.1453 -0.9467
vn 0.2011 -0.1304 -0.9709
vn 0.1763 -0.1757 -0.9685
vn 0.1726 -0.1378 -0.9753
vn -0.9904 -0.0255 -0.1362
vn -0.9820 -0.0563 -0.1800
vn -0.9898 -0.0807 -0.1175
vn -0.0446 -0.0445 -0.9980
vn -0.0091 -0.1005 -0.9949
vn -0.0695 -0.0881 -0.9937
vn 0.0498 -0.1260 0.9908
vn 0.0663 -0.1586 0.9851
vn 0.1152 -0.1554 0.9811
vn -0.1698 0.9447 0.2806
vn -0.0655 0.9674 0.2446
vn -0.1096 0.9687 0.2226
vn -0.0782 0.9518 0.2966
vn -0.0494 0.9585 0.2809
vn -0.1598 0.9380 0.3076
vn 0.0124 0.9837 -0.1792
vn 0.0168 0.9730 -0.2303
vn -0.0297 0.9805 -0.1942
vn -0.1021 0.9332 0.3445
vn -0.0578 0.9611 0.2702
vn -0.1028 0.9613 0.2555
vn -0.0585 0.9396 0.3373
vn -0.0886 0.9618 0.2589
vn -0.1575 0.9516 0.2640
vn -0.9981 -0.0523 -0.0335
vn -0.9870 -0.1564 -0.0371
vn -0.9904 -0.1378 0.0143
vn -0.8287 0.5082 -0.2345
vn -0.8065 0.5204 -0.2805
vn -0.8300 0.4924 -0.2620
vn -0.1116 -0.0636 0.9917
vn -0.1350 -0.1496 0.9795
vn -0.0822 -0.1203 0.9893
vn 0.9777 0.1598 0.1361
vn 0.9879 0.0896 0.1269
vn 0.9873 0.1326 0.0879
vn 0.3558 0.1482 0.9227
vn 0.3949 0.0960 0.9137
vn 0.3861 0.1750 0.9057
vn -0.0067 0.9969 0.0783
vn 0.0919 0.9918 0.0887
vn -0.0041 0.9997 0.0247
vn -0.9881 0.0578 0.1423
vn -0.9921 0.0373 0.1194
vn -0.9895 0.0319 0.1408
vn -0.9165 0.3958 0.0578
vn -0.9226 0.3835 0.0420
vn -0.9236 0.3789 0.0578
vn -0.8158 0.4997 0.2911
vn -0.8236 0.4818 0.2994
vn -0.8140 0.4793 0.3282
vn -0.0666 0.0785 0.9947
vn -0.0346 0.0101 0.9994
vn -0.0352 0.0926 0.9951
vn 0.3768 0.2185 0.9002
vn 0.3324 0.2788 0.9010
vn 0.3061 0.2283 0.9242
vn 0.9653 0.1510 -0.2132
vn 0.9617 0.1070 -0.2525
vn 0.9558 0.1416 -0.2576
vn 0.9371 0.1965 -0.2886
vn 0.9568 0.1341 -0.2580
vn 0.9310 0.1577 -0.3291
vn 0.8994 -0.2620 -0.3500
vn 0.8623 -0.2706 -0.4281
vn 0.8904 -0.2324 -0.3914
vn 0.8502 0.0175 -0.5261
vn 0.8249 0.0119 -0.5651
vn 0.8347 0.0521 -0.5483
vn 0.6309 0.1010 -0.7693
vn 0.6335 0.0543 -0.7719
vn 0.6083 0.1038 -0.7869
vn -0.9214 -0.0403 -0.3865
vn -0.9156 -0.0208 -0.4016
vn -0.8988 -0.0477 -0.4358
vn 0.5485 0.0608 -0.8339
vn 0.5805 0.0170 -0.8141
vn 0.5340 -0.0012 -0.8455
vn 0.8595 0.5111 -0.0115
vn 0.8393 0.5430 0.0284
vn 0.8530 0.5198 0.0460
vn -0.1859 0.9804 -0.0649
vn -0.2289 0.9671 -0.1115
vn -0.2321 0.9713 -0.0514
vn -0.9497 -0.1771 -0.2581
vn -0.9488 -0.1322 -0.2868
vn -0.9369 -0.1605 -0.3105
vn 0.0388 0.9946 0.0959
vn 0.0182 0.9983 0.0559
vn 0.0056 0.9960 0.0888
vn -0.2966 0.1916 0.9356
vn -0.3281 0.1491 0.9328
vn -0.2798 0.1678 0.9453
vn -0.1587 0.0866 0.9835
vn -0.1369 0.1360 0.9812
vn -0.1588 0.1419 0.9771
vn -0.2774 0.0157 0.9606
vn -0.2575 -0.0062 0.9663
vn -0.2464 0.0257 0.9688
vn -0.2334 0.9722 -0.0198
vn -0.2080 0.9763 0.0590
vn -0.1881 0.9821 0.0041
vn -0.0130 0.9745 -0.2241
vn -0.0230 0.9660 -0.2575
vn -0.0622 0.9681 -0.2425
vn -0.0217 0.9796 -0.1998
vn -0.0064 0.9718 -0.2358
vn -0.0614 0.9656 -0.2526
vn -0.9326 -0.0411 -0.3587
vn -0.9334 -0.0987 -0.3450
vn -0.9415 -0.0532 -0.3328
vn -0.1475 0.0672 0.9868
vn -0.0851 0.0653 0.9942
vn -0.0981 0.1189 0.9880
vn -0.9914 -0.1014 -0.0825
vn -0.9877 -0.0868 -0.1303
vn -0.9834 -0.1337 -0.1227
vn -0.2686 0.0307 0.9628
vn -0.2264 -0.0190 0.9738
vn -0.2189 0.0357 0.9751
vn -0.0909 0.2431 -0.9657
vn -0.1160 0.2117 -0.9704
vn -0.1168 0.2473 -0.9619
vn -0.9680 -0.0004 0.2508
vn -0.9722 -0.0260 0.2329
vn -0.9605 -0.0282 0.2768
vn -0.8163 0.1746 0.5507
vn -0.8084 0.1430 0.5710
vn -0.8039 0.1960 0.5615
vn 0.0347 0.1658 0.9856
vn 0.0209 0.1206 0.9925
vn 0.0792 0.1114 0.9906
vn 0.4110 0.6070 -0.6802
vn 0.4069 0.5759 -0.7091
vn 0.3843 0.5976 -0.7037
vn 0.9349 0.2001 -0.2931
vn 0.9126 0.2354 -0.3344
vn 0.9180 0.2621 -0.2975
vn 0.8989 0.4138 -0.1439
vn 0.9204 0.3803 -0.0907
vn 0.9130 0.3796 -0.1497
vn -0.1252 0.9916 -0.0333
vn -0.1172 0.9869 -0.1108
vn -0.1454 0.9860 -0.0822
vn 0.2417 0.1093 -0.9642
vn 0.2623 0.0748 -0.9621
vn 0.2282 0.0703 -0.9711
vn 0.5017 0.5511 -0.6667
vn 0.4868 0.5444 -0.6831
vn 0.4454 0.5637 -0.6956
vn 0.0332 0.8225 0.5679
vn 0.1034 0.8175 0.5665
vn 0.0601 0.8402 0.5389
vn 0.2818 0.8616 -0.4221
vn 0.3403 0.8621 -0.3755
vn 0.2927 0.8572 -0.4237
vn -0.0452 0.9979 -0.0456
vn -0.0141 0.9998 -0.0160
vn -0.0129 0.9991 -0.0400
vn -0.9778 -0.1732 -0.1175
vn -0.9670 -0.2263 -0.1169
vn -0.9762 -0.1919 -0.1012
vn -0.3569 0.9341 0.0042
vn -0.3287 0.9433 -0.0454
vn -0.3719 0.9254 -0.0729
vn 0.3732 -0.8865 -0.2736
vn 0.3262 -0.8887 -0.3223
vn 0.3906 -0.8672 -0.3088
vn -0.2539 0.9670 0.0229
vn -0.2703 0.9625 -0.0236
vn -0.3202 0.9474 -0.0024
vn 0.1147 0.3081 0.9444
vn 0.1339 0.2668 0.9544
vn 0.1721 0.3072 0.9359
vn -0.9911 -0.1320 0.0161
vn -0.9865 -0.1632 0.0103
vn -0.9883 -0.1437 0.0514
vn -0.9890 -0.1392 0.0507
vn -0.9886 -0.1501 -0.0124
vn -0.9840 -0.1713 0.0480
vn 0.0534 0.9580 -0.2819
vn 0.0949 0.9553 -0.2801
vn 0.0810 0.9441 -0.3196
vn 0.1750 0.9836 -0.0445
vn 0.1468 0.9865 -0.0728
vn 0.1207 0.9914 -0.0508
vn 0.1939 -0.9776 -0.0818
vn 0.2349 -0.9673 -0.0957
vn 0.2496 -0.9684 0.0003
vn 0.2053 -0.7438 -0.6361
vn 0.2287 -0.7295 -0.6446
vn 0.2577 -0.7510 -0.6079
vn -0.2282 0.2792 -0.9327
vn -0.2291 0.3405 -0.9119
vn -0.1975 0.2992 -0.9335
vn -0.2698 0.1764 0.9466
vn -0.2471 0.1165 0.9620
vn -0.2247 0.1429 0.9639
vn -0.9992 0.0321 0.0256
vn -0.9997 -0.0222 -0.0027
vn -0.9988 -0.0355 0.0323
vn -0.9882 -0.1500 -0.0310
vn -0.9898 -0.1256 -0.0667
vn -0.9816 -0.1764 -0.0736
vn 0.1071 0.4893 -0.8655
vn 0.1552 0.4896 -0.8580
vn 0.1580 0.4581 -0.8748
vn 0.6394 -0.2275 -0.7345
vn 0.6294 -0.2478 -0.7365
vn 0.6089 -0.2020 -0.7671
vn -0.0890 0.9953 -0.0379
vn -0.1053 0.9886 -0.1076
vn -0.1392 0.9869 -0.0811
vn 0.4291 0.7641 0.4817
vn 0.4652 0.7770 0.4240
vn 0.4320 0.7711 0.4677
vn -0.1117 0.9922 0.0560
vn -0.0806 0.9937 0.0783
vn -0.0555 0.9979 -0.0321
vn -0.1091 0.9924 0.0571
vn -0.0413 0.9933 0.1075
vn -0.1099 0.9938 0.0196
vn 0.9937 0.0073 -0.1122
vn 0.9907 -0.0417 -0.1299
vn 0.9750 -0.0193 -0.2214
vn 0.6455 -0.7637 -0.0101
vn 0.6225 -0.7702 -0.1387
vn 0.6775 -0.7334 -0.0557
vn 0.9874 0.1528 -0.0411
vn 0.9863 0.1456 -0.0774
vn 0.9690 0.2319 -0.0849
vn -0.0545 0.9985 -0.0073
vn -0.0234 0.9945 0.1018
vn -0.0068 0.9997 -0.0221
vn 0.0970 0.1582 -0.9826
vn 0.0930 0.0670 -0.9934
vn 0.0569 0.1132 -0.9919
vn -0.0869 0.0625 -0.9943
vn -0.0380 0.0171 -0.9991
vn -0.0995 0.0420 -0.9942
vn -0.0144 0.0076 -0.9999
vn 0.0149 0.0686 -0.9975
vn 0.0676 0.0487 -0.9965
vn -0.1417 0.5916 -0.7937
vn -0.0626 0.6360 -0.7692
vn -0.0138 0.5539 -0.8325
vn -0.1007 0.9682 -0.2292
vn 0.0381 0.9758 -0.2154
vn -0.0353 0.9609 -0.2746
vn 0.3363 0.9403 0.0522
vn 0.3752 0.9231 -0.0850
vn 0.3535 0.9347 -0.0364
vn 0.7320 0.5924 0.3366
vn 0.7694 0.5661 0.2957
vn 0.7651 0.5965 0.2424
vn -0.0639 0.9488 -0.3094
vn -0.0848 0.9393 -0.3325
vn -0.1308 0.9564 -0.2612
vn -0.0832 0.9643 -0.2515
vn -0.0482 0.9867 -0.1553
vn -0.0295 0.9590 -0.2818
vn -0.9974 0.0700 -0.0181
vn -0.9971 0.0385 -0.0664
vn -0.9990 0.0296 -0.0324
vn -0.9095 -0.1376 -0.3922
vn -0.8775 -0.1173 -0.4650
vn -0.8881 -0.1479 -0.4351
vn 0.9463 0.0327 0.3216
vn 0.9431 -0.0077 0.3324
vn 0.9706 0.0498 0.2355
vn 0.9598 -0.2592 -0.1074
vn 0.9577 -0.2873 -0.0138
vn 0.9463 -0.3089 -0.0955
vn -0.5716 0.8205 -0.0093
vn -0.5461 0.8354 0.0615
vn -0.5272 0.8497 -0.0101
vn -0.3774 -0.3898 0.8400
vn -0.3348 -0.3832 0.8609
vn -0.3806 -0.3380 0.8607
vn -0.1738 0.0672 0.9825
vn -0.1131 0.0224 0.9933
vn -0.1122 0.0544 0.9922
vn -0.0545 0.7477 0.6618
vn -0.0937 0.7002 0.7078
vn -0.0281 0.6986 0.7150
vn 0.2767 0.9052 0.3225
vn 0.2762 0.9226 0.2695
vn 0.2039 0.9288 0.3094
vn 0.0947 0.9799 0.1754
vn 0.1326 0.9867 0.0938
vn 0.0640 0.9928 0.1014
vn -0.0604 0.9084 0.4136
vn -0.0142 0.9269 0.3751
vn -0.0837 0.9254 0.3697
vn 0.8469 -0.4986 -0.1849
vn 0.8057 -0.5678 -0.1687
vn 0.8298 -0.4990 -0.2500
vn 0.9643 -0.1952 0.1792
vn 0.9796 -0.1734 0.1014
vn 0.9887 -0.1184 0.0925
vn 0.9285 -0.3675 0.0523
vn 0.9344 -0.3550 0.0299
vn 0.9397 -0.3383 0.0494
vn 0.9677 -0.1711 0.1851
vn 0.9688 -0.1961 0.1516
vn 0.9745 -0.1530 0.1639
vn -0.2794 -0.7836 0.5548
vn -0.2520 -0.7858 0.5648
vn -0.2743 -0.7679 0.5789
vn 0.8908 0.2636 0.3701
vn 0.8925 0.1665 0.4192
vn 0.9056 0.1620 0.3919
vn -0.7804 -0.4978 -0.3784
vn -0.8153 -0.4931 -0.3035
vn -0.8013 -0.4539 -0.3898
vn -0.7291 -0.6153 -0.2996
vn -0.6780 -0.6475 -0.3479
vn -0.6611 -0.7084 -0.2472
vn -0.6810 0.0151 0.7321
vn -0.6290 -0.1139 0.7690
vn -0.5760 0.0052 0.8174
vn -0.1430 -0.9728 -0.1821
vn -0.1037 -0.9518 -0.2887
vn -0.0030 -0.9727 -0.2321
vn -0.9431 -0.2958 -0.1518
vn -0.9096 -0.3559 -0.2143
vn -0.8957 -0.4214 -0.1417
vn -0.3103 0.9496 0.0448
vn -0.3380 0.9398 -0.0500
vn -0.3902 0.9192 0.0534
vn 0.9680 0.2165 -0.1269
vn 0.9481 0.2424 -0.2058
vn 0.9489 0.2890 -0.1269
vn 0.8050 0.1175 0.5815
vn 0.7401 0.1327 0.6593
vn 0.7841 0.0558 0.6182
vn -0.9531 -0.1024 0.2849
vn -0.9271 -0.1584 0.3398
vn -0.9193 -0.0488 0.3905
vn -0.9467 -0.0899 0.3092
vn -0.9316 0.0433 0.3609
vn -0.9616 0.0710 0.2651
vn -0.0311 -0.4247 -0.9048
vn 0.0104 -0.4928 -0.8701
vn -0.0052 -0.5874 -0.8093
vn 0.1203 0.0504 -0.9915
vn 0.1427 0.0237 -0.9895
vn 0.1010 0.0305 -0.9944
vn -0.1234 -0.3898 -0.9126
vn -0.0045 -0.3549 -0.9349
vn -0.0988 -0.4136 -0.9051
vn 0.4828 0.2668 -0.8341
vn 0.4619 0.3018 -0.8340
vn 0.4737 0.3122 -0.8235
vn 0.1214 0.0300 -0.9921
vn 0.1490 0.0232 -0.9886
vn 0.1288 0.0008 -0.9917
vn 0.0575 0.9856 0.1592
vn 0.1127 0.9925 0.0469
vn 0.0389 0.9943 0.0992
vn -0.7586 0.2986 0.5791
vn -0.8000 0.3025 0.5182
vn -0.8088 0.2627 0.5262
vn 0.0970 0.9662 -0.2390
vn 0.0606 0.9487 -0.3103
vn -0.0059 0.9631 -0.2691
vn 0.0344 0.8685 0.4945
vn 0.1209 0.8459 0.5195
vn 0.0912 0.8749 0.4756
vn 0.1298 0.9625 0.2381
vn 0.2131 0.9570 0.1968
vn 0.1182 0.9762 0.1819
vn 0.4932 0.8028 0.3351
vn 0.4001 0.8312 0.3859
vn 0.4354 0.7971 0.4183
vn -0.0123 0.9915 -0.1298
vn 0.0584 0.9925 -0.1075
vn 0.0544 0.9754 -0.2138
vn -0.4745 0.8062 0.3535
vn -0.5035 0.8142 0.2890
vn -0.5154 0.8063 0.2903
vn 0.9166 0.0810 0.3916
vn 0.9122 -0.0077 0.4096
vn 0.9427 -0.0093 0.3334
vn -0.0825 0.9400 -0.3310
vn -0.1099 0.9659 -0.2345
vn -0.0110 0.9796 -0.2008
vn -0.8497 0.0875 -0.5199
vn -0.7876 0.0568 -0.6136
vn -0.8554 -0.0075 -0.5179
vn -0.8371 -0.4456 -0.3174
vn -0.7943 -0.4556 -0.4019
vn -0.8306 -0.4768 -0.2879
vn 0.8663 -0.3399 0.3661
vn 0.8348 -0.3702 0.4075
vn 0.8947 -0.3513 0.2757
vn 0.5901 0.7342 0.3358
vn 0.6241 0.6957 0.3556
vn 0.6683 0.7025 0.2447
vn -0.6581 0.6829 -0.3169
vn -0.7093 0.6247 -0.3267
vn -0.7190 0.6472 -0.2533
vn -0.9074 0.0751 -0.4134
vn -0.9159 0.1005 -0.3886
vn -0.9024 0.0685 -0.4254
vn -0.3888 -0.8864 -0.2511
vn -0.2891 -0.9212 -0.2603
vn -0.3385 -0.9259 -0.1677
vn 0.0399 0.9858 0.1628
vn 0.1355 0.9888 0.0623
vn 0.0520 0.9977 0.0442
vn 0.2326 0.9434 0.2363
vn 0.2690 0.9521 0.1451
vn 0.1571 0.9611 0.2271
vn 0.9876 -0.0806 0.1350
vn 0.9947 0.0127 0.1022
vn 0.9904 0.0115 0.1381
vn 0.9498 0.0221 0.3122
vn 0.9751 0.0527 0.2156
vn 0.9639 0.1018 0.2460
vn 0.9454 0.0532 0.3215
vn 0.9320 0.0691 0.3558
vn 0.9369 0.0037 0.3495
vn -0.0500 0.9033 0.4261
vn -0.1508 0.9017 0.4051
vn -0.1100 0.8693 0.4820
vn 0.1082 0.9603 -0.2573
vn 0.0477 0.9414 -0.3339
vn 0.0083 0.9594 -0.2819
vn 0.6636 0.2545 0.7034
vn 0.7195 0.2694 0.6401
vn 0.6751 0.3029 0.6727
vn -0.0906 0.9793 0.1812
vn -0.0400 0.9853 0.1664
vn -0.0268 0.9930 0.1154
vn 0.6035 0.0595 0.7952
vn 0.6444 0.0192 0.7644
vn 0.6421 0.1114 0.7585
vn 0.4303 -0.8494 -0.3054
vn 0.4464 -0.8166 -0.3659
vn 0.4616 -0.8351 -0.2992
vn 0.7676 0.4969 0.4048
vn 0.8153 0.3899 0.4281
vn 0.8560 0.4156 0.3076
vn -0.7471 -0.2810 0.6025
vn -0.7974 -0.3500 0.4916
vn -0.7482 -0.3677 0.5523
vn -0.1311 0.6605 -0.7393
vn -0.2035 0.6413 -0.7398
vn -0.1969 0.7192 -0.6663
vn 0.1397 0.9840 0.1105
vn 0.0576 0.9758 0.2111
vn 0.1171 0.9653 0.2334
vn 0.2466 0.9157 0.3172
vn 0.2696 0.8646 0.4240
vn 0.3754 0.8602 0.3451
vn -0.1107 0.8218 -0.5589
vn 0.0004 0.7849 -0.6196
vn -0.1410 0.7635 -0.6303
vn -0.0204 0.9735 -0.2277
vn 0.0939 0.9280 -0.3605
vn -0.0539 0.9468 -0.3174
vn 0.1963 0.9797 0.0412
vn 0.0847 0.9893 0.1187
vn 0.2041 0.9697 0.1346
vn 0.2240 0.9740 -0.0347
vn 0.3129 0.9467 -0.0764
vn 0.2361 0.9660 -0.1052
vn -0.1344 0.5311 -0.8366
vn 0.0200 0.4733 -0.8807
vn -0.0877 0.4133 -0.9064
vn 0.9096 0.1587 -0.3841
vn 0.8620 0.1467 -0.4853
vn 0.8923 0.2439 -0.3799
vn -0.0362 0.8499 -0.5258
vn -0.0886 0.7770 -0.6232
vn -0.1461 0.8180 -0.5563
vn 0.7093 -0.0139 -0.7048
vn 0.8083 -0.0615 -0.5856
vn 0.7088 -0.0936 -0.6991
vn 0.1842 -0.9329 0.3093
vn 0.2976 -0.9022 0.3124
vn 0.3044 -0.8649 0.3992
vn 0.5200 0.4496 -0.7263
vn 0.6070 0.5055 -0.6132
vn 0.6072 0.4386 -0.6625
vn 0.9837 -0.1604 0.0812
vn 0.9476 -0.3162 0.0457
vn 0.9815 -0.1865 -0.0432
vn 0.2404 0.9351 -0.2603
vn 0.2994 0.9009 -0.3143
vn 0.2301 0.9131 -0.3365
vn -0.5328 -0.8076 0.2529
vn -0.5016 -0.8023 0.3237
vn -0.5675 -0.7761 0.2748
vn 0.0437 0.9828 0.1793
vn -0.0686 0.9867 0.1473
vn -0.0706 0.9643 0.2551
vn -0.1243 0.9842 0.1263
vn -0.0868 0.9759 0.2000
vn -0.0027 0.9938 0.1113
vn -0.8670 0.2967 -0.4004
vn -0.8130 0.3508 -0.4647
vn -0.8711 0.1903 -0.4528
vn -0.9549 0.1953 -0.2237
vn -0.9297 0.2344 -0.2842
vn -0.9275 0.1425 -0.3456
vn 0.8967 0.3037 0.3221
vn 0.8483 0.3612 0.3872
vn 0.8892 0.2728 0.3672
vn -0.3198 -0.9208 -0.2233
vn -0.2660 -0.9435 -0.1974
vn -0.3293 -0.9372 -0.1152
vn -0.2761 -0.1244 -0.9530
vn -0.2779 -0.2641 -0.9236
vn -0.3288 -0.2431 -0.9126
vn -0.8026 0.5825 0.1284
vn -0.8347 0.5431 0.0908
vn -0.8293 0.5371 0.1542
vn 0.1101 -0.9772 -0.1816
vn 0.1001 -0.9892 -0.1075
vn 0.0819 -0.9828 -0.1657
vn -0.6069 -0.6595 -0.4436
vn -0.6322 -0.6711 -0.3873
vn -0.6724 -0.6180 -0.4074
vn 0.8988 -0.4101 -0.1549
vn 0.8915 -0.3865 -0.2363
vn 0.9158 -0.3577 -0.1829
vn -0.6766 0.7363 -0.0137
vn -0.6831 0.7237 -0.0986
vn -0.7071 0.7033 -0.0732
vn -0.0425 0.9985 -0.0348
vn -0.0188 0.9985 -0.0516
vn -0.0399 0.9974 -0.0602
vn -0.9953 -0.0071 -0.0969
vn -0.9934 -0.0446 -0.1055
vn -0.9968 -0.0159 -0.0789
vn -0.9320 0.2535 -0.2592
vn -0.9439 0.2548 -0.2103
vn -0.9362 0.2723 -0.2221
vn -0.8447 0.0583 -0.5320
vn -0.8077 0.0330 -0.5887
vn -0.8441 0.0079 -0.5362
vn -0.4965 0.4661 0.7323
vn -0.5373 0.4124 0.7357
vn -0.5202 0.4015 0.7538
vn 0.1771 0.0036 -0.9842
vn 0.2279 -0.0088 -0.9736
vn 0.1712 -0.0613 -0.9833
vn 0.9970 -0.0771 -0.0005
vn 0.9900 -0.1335 0.0446
vn 0.9911 -0.1315 -0.0190
vn 0.9261 -0.0582 -0.3728
vn 0.9173 -0.1104 -0.3826
vn 0.8980 -0.0768 -0.4332
vn 0.4486 -0.8705 -0.2025
vn 0.4240 -0.8927 -0.1526
vn 0.4099 -0.8853 -0.2195
vn -0.0868 0.3315 -0.9395
vn -0.0339 0.3058 -0.9515
vn -0.1036 0.2765 -0.9554
vn 0.0714 -0.0197 -0.9973
vn 0.1391 -0.0624 -0.9883
vn 0.0441 -0.0570 -0.9974
vn 0.0788 -0.0294 -0.9965
vn 0.0493 -0.0797 -0.9956
vn 0.0113 -0.0072 -0.9999
vn -0.6151 0.1296 0.7777
vn -0.6270 0.0491 0.7774
vn -0.6021 0.0628 0.7960
vn -0.3734 0.2343 0.8976
vn -0.3353 0.1915 0.9224
vn -0.2747 0.2241 0.9351
vn 0.9873 -0.1582 0.0127
vn 0.9944 -0.1008 -0.0323
vn 0.9955 -0.0938 0.0159
vn 0.8326 -0.3035 0.4634
vn 0.8348 -0.3314 0.4397
vn 0.8646 -0.2778 0.4186
vn 0.6343 -0.5426 0.5507
vn 0.6667 -0.5287 0.5254
vn 0.6641 -0.5013 0.5548
vn -0.1606 0.1359 0.9776
vn -0.2407 0.0823 0.9671
vn -0.2509 0.0615 0.9661
vn -0.2199 0.0570 0.9738
vn 0.9544 -0.1470 0.2599
vn 0.9590 -0.1715 0.2255
vn 0.9642 -0.1411 0.2245
vn 0.7136 -0.0749 0.6966
vn 0.7345 -0.1230 0.6673
vn 0.7469 -0.0941 0.6583
vn 0.0475 -0.9967 -0.0665
vn 0.0173 -0.9996 -0.0226
vn 0.0088 -0.9985 -0.0542
vn 0.2564 -0.2338 -0.9379
vn 0.2310 -0.2573 -0.9383
vn 0.2293 -0.2389 -0.9436
vn 0.0504 -0.1627 -0.9854
vn 0.0456 -0.2025 -0.9782
vn 0.0248 -0.1921 -0.9811
vn 0.0644 -0.0822 -0.9945
vn 0.0186 -0.0812 -0.9965
vn 0.0262 -0.0528 -0.9983
vn 0.9538 -0.1872 -0.2350
vn 0.9291 -0.2435 -0.2784
vn 0.9311 -0.1797 -0.3175
vn -0.0344 0.0926 -0.9951
vn 0.0795 0.1114 -0.9906
vn 0.0183 0.0442 -0.9989
vn 0.1074 0.0872 -0.9904
vn 0.1490 0.0024 -0.9888
vn 0.0933 -0.0065 -0.9956
vn -0.0757 0.9724 -0.2208
vn -0.0113 0.9755 -0.2197
vn -0.0262 0.9626 -0.2695
vn -0.1001 0.9051 -0.4132
vn -0.1684 0.8928 -0.4179
vn -0.1582 0.9183 -0.3628
vn 0.0767 0.1977 -0.9772
vn 0.1041 0.1357 -0.9853
vn 0.0447 0.1189 -0.9919
vn -0.1369 0.6157 -0.7760
vn -0.1199 0.5693 -0.8133
vn -0.1817 0.5842 -0.7910
vn -0.0168 0.9741 -0.2254
vn 0.0383 0.9681 -0.2476
vn -0.0422 0.9626 -0.2676
vn 0.5737 -0.7625 -0.2992
vn 0.5354 -0.8064 -0.2511
vn 0.5266 -0.7826 -0.3319
vn 0.1197 -0.0314 -0.9923
vn 0.0783 -0.0804 -0.9937
vn 0.1022 -0.0182 -0.9946
vn -0.1013 -0.1829 -0.9779
vn -0.0621 -0.1663 -0.9841
vn -0.0608 -0.2188 -0.9739
vn -0.0030 0.9745 -0.2242
vn 0.0830 0.9711 -0.2238
vn -0.0138 0.9663 -0.2572
vn 0.1753 -0.8236 -0.5394
vn 0.2662 -0.8245 -0.4994
vn 0.1412 -0.8549 -0.4993
vn 0.0916 -0.8494 -0.5198
vn 0.1266 -0.8580 -0.4978
vn 0.0593 -0.8581 -0.5101
vn 0.2817 -0.9568 0.0719
vn 0.2830 -0.9587 0.0282
vn 0.3081 -0.9497 0.0561
vn 0.3305 -0.9416 0.0649
vn 0.3095 -0.9505 0.0291
vn 0.3582 -0.9335 0.0128
vn 0.2509 0.4217 -0.8713
vn 0.2918 0.4659 -0.8353
vn 0.3034 0.4165 -0.8570
vn 0.1333 0.9904 0.0377
vn 0.1559 0.9875 -0.0208
vn 0.1315 0.9912 0.0120
vn 0.0780 0.9965 0.0316
vn 0.1210 0.9921 0.0344
vn 0.1057 0.9943 0.0139
vn 0.1131 0.9922 0.0529
vn 0.1293 0.9914 0.0219
vn 0.1142 0.9935 -0.0006
vn 0.1729 0.9849 0.0085
vn 0.0580 -0.3441 -0.9371
vn 0.0492 -0.3160 -0.9475
vn 0.0870 -0.2967 -0.9510
vn -0.3184 0.1787 -0.9309
vn -0.3923 0.3115 -0.8655
vn -0.2422 0.2237 -0.9441
vn -0.6068 0.0271 0.7944
vn -0.5793 -0.0557 0.8132
vn -0.5751 -0.0181 0.8179
vn -0.1717 0.2605 -0.9501
vn -0.1092 0.2461 -0.9631
vn -0.1372 0.1845 -0.9732
vn -0.6340 -0.1704 -0.7543
vn -0.5823 -0.2276 -0.7805
vn -0.6484 -0.2580 -0.7162
vn -0.6233 -0.1101 -0.7742
vn -0.6323 -0.1779 -0.7541
vn -0.6872 -0.1254 -0.7156
vn 0.2642 0.2397 0.9342
vn 0.2260 0.2525 0.9409
vn 0.2340 0.1476 0.9610
vn -0.7183 -0.1535 -0.6786
vn -0.6792 -0.2250 -0.6986
vn -0.7386 -0.2296 -0.6338
vn -0.0904 -0.1622 -0.9826
vn -0.0291 -0.1191 -0.9925
vn -0.0440 -0.2349 -0.9710
vn -0.1459 -0.2122 -0.9663
vn -0.1165 -0.1746 -0.9777
vn -0.0823 -0.2595 -0.9622
vn 0.1124 0.1075 -0.9878
vn 0.1612 0.0451 -0.9859
vn 0.0632 0.0798 -0.9948
vn -0.0974 0.9547 -0.2812
vn -0.0259 0.9697 -0.2429
vn -0.0601 0.9419 -0.3304
vn 0.2584 0.6209 -0.7401
vn 0.2251 0.6609 -0.7159
vn 0.3234 0.6232 -0.7121
vn -0.7482 0.0194 -0.6632
vn -0.7806 -0.0286 -0.6243
vn -0.7865 0.0053 -0.6175
vn -0.8402 0.1219 -0.5284
vn -0.8418 0.0473 -0.5377
vn -0.8598 0.0592 -0.5071
vn -0.1317 0.9726 -0.1916
vn -0.1119 0.9603 -0.2555
vn -0.1718 0.9406 -0.2927
vn -0.0393 -0.1933 -0.9803
vn -0.0179 -0.2231 -0.9746
vn -0.0458 -0.2214 -0.9741
vn 0.0375 -0.1050 -0.9938
vn 0.0717 -0.0991 -0.9925
vn 0.0641 -0.1344 -0.9889
vn -0.0033 0.0206 -0.9998
vn 0.0825 0.0786 -0.9935
vn 0.0054 0.0111 -0.9999
vn -0.0783 0.3003 -0.9506
vn -0.0420 0.1930 -0.9803
vn -0.1314 0.2026 -0.9704
vn 0.7730 -0.3868 -0.5028
vn 0.8214 -0.2961 -0.4874
vn 0.8424 -0.3709 -0.3910
vn 0.7971 -0.5536 -0.2410
vn 0.7300 -0.6249 -0.2769
vn 0.7212 -0.5996 -0.3468
vn 0.1216 -0.1000 -0.9875
vn 0.1464 -0.1278 -0.9809
vn 0.1007 -0.1434 -0.9845
vn -0.0054 0.2013 -0.9795
vn 0.0379 0.2180 -0.9752
vn 0.0389 0.1994 -0.9791
vn 0.0543 0.9648 -0.2571
vn 0.0992 0.9613 -0.2572
vn 0.0980 0.9542 -0.2826
vn 0.1128 -0.1190 -0.9865
vn 0.1614 -0.1240 -0.9791
vn 0.1202 -0.1623 -0.9794
vn 0.0760 0.9747 -0.2103
vn 0.1166 0.9645 -0.2371
vn 0.0698 0.9654 -0.2511
vn -0.4176 -0.7952 -0.4397
vn -0.4116 -0.8231 -0.3913
vn -0.4337 -0.8125 -0.3896
vn -0.2387 -0.9659 -0.1005
vn -0.2670 -0.9553 -0.1270
vn -0.2408 -0.9596 -0.1456
vn -0.3735 0.9130 -0.1638
vn -0.3330 0.9258 -0.1790
vn -0.3267 0.9074 -0.2643
vn 0.6108 0.6619 -0.4345
vn 0.6074 0.6297 -0.4843
vn 0.5432 0.6743 -0.5003
vn -0.8567 -0.1971 -0.4766
vn -0.8008 -0.2876 -0.5254
vn -0.8300 -0.2758 -0.4848
vn -0.8886 -0.0717 -0.4530
vn -0.9136 -0.1270 -0.3862
vn -0.9243 -0.0893 -0.3711
vn -0.0431 0.2203 -0.9745
vn -0.0222 0.1248 -0.9919
vn -0.0717 0.1875 -0.9796
vn 0.1903 -0.1573 -0.9690
vn 0.1547 -0.1811 -0.9712
vn 0.1278 -0.1561 -0.9794
vn -0.9753 -0.1777 0.1313
vn -0.9820 -0.1882 0.0152
vn -0.9532 -0.2981 0.0499
vn -0.3136 -0.1693 -0.9343
vn -0.3296 -0.2302 -0.9156
vn -0.3985 -0.1586 -0.9034
vn 0.1440 0.1809 -0.9729
vn 0.1420 0.2283 -0.9632
vn 0.1551 0.2374 -0.9590
vn 0.4996 -0.3316 -0.8003
vn 0.4024 -0.3680 -0.8382
vn 0.4434 -0.3103 -0.8409
vn 0.4396 -0.2063 -0.8742
vn 0.3479 -0.2044 -0.9150
vn 0.4083 -0.1257 -0.9041
vn 0.9953 0.0857 0.0439
vn 0.9999 0.0127 0.0012
vn 0.9962 0.0850 -0.0199
vn 0.0717 -0.8664 -0.4942
vn 0.0691 -0.8896 -0.4515
vn 0.0370 -0.8706 -0.4905
vn -0.8384 0.2033 -0.5058
vn -0.8121 0.2052 -0.5462
vn -0.8256 0.1161 -0.5521
vn -0.1602 0.4532 -0.8769
vn -0.1356 0.4437 -0.8859
vn -0.1654 0.4232 -0.8908
vn -0.1274 0.3645 -0.9224
vn -0.0956 0.3839 -0.9184
vn -0.1065 0.3345 -0.9364
vn 0.5159 0.4269 -0.7427
vn 0.5545 0.4386 -0.7072
vn 0.5494 0.3456 -0.7608
vn 0.0835 0.1517 -0.9849
vn 0.1165 0.1855 -0.9757
vn 0.1777 0.1141 -0.9775
vn -0.9808 -0.0344 -0.1920
vn -0.9905 0.0174 -0.1362
vn -0.9849 0.0323 -0.1702
vn -0.9413 0.2149 -0.2604
vn -0.9230 0.1995 -0.3292
vn -0.9649 0.1589 -0.2091
vn -0.1618 -0.9865 0.0260
vn -0.1504 -0.9883 -0.0259
vn -0.0890 -0.9951 0.0442
vn -0.1562 -0.9876 -0.0169
vn -0.1115 -0.9935 -0.0222
vn -0.1001 -0.9933 0.0576
vn -0.9996 -0.0277 0.0101
vn -0.9974 -0.0611 0.0377
vn -0.9961 -0.0106 0.0881
vn -0.9976 0.0303 0.0625
vn -0.9991 -0.0016 0.0433
vn -0.9958 -0.0031 0.0919
vn -0.1385 -0.9879 -0.0701
vn -0.1209 -0.9849 -0.1240
vn -0.0936 -0.9917 -0.0879
vn -0.9974 0.0241 0.0682
vn -1.0000 -0.0030 0.0001
vn -0.9975 -0.0216 0.0667
vn -0.2041 0.9735 0.1034
vn -0.1844 0.9744 0.1288
vn -0.1783 0.9807 0.0804
vn -0.9977 -0.0570 0.0354
vn -0.9973 -0.0367 0.0628
vn -0.9994 0.0195 0.0280
vn -0.9971 0.0756 -0.0016
vn -0.9976 0.0625 -0.0296
vn -0.9983 0.0585 -0.0033
vn -0.2096 -0.9418 -0.2629
vn -0.1301 -0.9373 -0.3232
vn -0.1290 -0.9591 -0.2518
vn -0.1727 -0.0330 -0.9844
vn -0.1466 -0.0497 -0.9879
vn -0.1840 -0.0552 -0.9814
vn -0.9821 0.0025 0.1885
vn -0.9905 -0.0227 0.1357
vn -0.9783 -0.0372 0.2037
vn -0.9949 -0.0527 0.0855
vn -0.9903 -0.0901 0.1061
vn -0.9907 -0.0155 0.1352
vn -0.9932 0.1040 0.0522
vn -0.9941 0.1082 0.0073
vn -0.9984 0.0450 0.0348
vn -0.5975 0.8017 0.0154
vn -0.5854 0.8070 -0.0777
vn -0.6268 0.7778 -0.0461
vn -0.6548 0.7462 -0.1199
vn -0.6068 0.7824 -0.1401
vn -0.6404 0.7446 -0.1880
vn -0.4760 0.8733 -0.1039
vn -0.5239 0.8468 -0.0925
vn -0.5158 0.8551 -0.0521
vn -0.1740 0.3968 0.9013
vn -0.2093 0.4223 0.8820
vn -0.1969 0.3723 0.9070
vn -0.3423 -0.0868 0.9356
vn -0.2804 -0.1369 0.9501
vn -0.2553 -0.0909 0.9626
vn -0.1985 -0.9524 0.2312
vn -0.1567 -0.9660 0.2057
vn -0.2098 -0.9377 0.2770
vn -0.6313 -0.7170 -0.2958
vn -0.7010 -0.6541 -0.2843
vn -0.6464 -0.6902 -0.3251
vn -0.8878 0.0426 0.4583
vn -0.8986 0.0197 0.4383
vn -0.8745 -0.0019 0.4850
vn -0.0579 -0.1922 0.9796
vn -0.0514 -0.2362 0.9703
vn -0.0250 -0.2088 0.9776
vn -0.1120 -0.1740 0.9784
vn -0.0681 -0.1948 0.9785
vn -0.0834 -0.1600 0.9836
vn -0.0232 0.3363 0.9415
vn 0.0042 0.3565 0.9343
vn -0.0009 0.3858 0.9226
vn 0.0416 0.3778 0.9249
vn 0.0706 0.3884 0.9188
vn 0.0236 0.4029 0.9149
vn -0.9183 -0.2835 0.2764
vn -0.9266 -0.2880 0.2417
vn -0.9205 -0.3155 0.2304
vn -0.9868 -0.0453 0.1557
vn -0.9938 -0.0014 0.1113
vn -0.9957 -0.0308 0.0877
vn -0.4453 -0.8891 0.1060
vn -0.4030 -0.9133 0.0590
vn -0.4036 -0.9080 0.1128
vn -0.1740 0.8161 -0.5511
vn -0.1474 0.8003 -0.5812
vn -0.2436 0.8049 -0.5410
vn -0.4414 0.4197 -0.7931
vn -0.3757 0.3726 -0.8486
vn -0.4062 0.3562 -0.8415
vn -0.9874 0.0534 0.1487
vn -0.9938 0.0390 0.1041
vn -0.9896 0.0098 0.1438
vn -0.2126 -0.1233 -0.9693
vn -0.1830 -0.0999 -0.9780
vn -0.1841 -0.1418 -0.9726
vn -0.9899 0.0679 0.1245
vn -0.9945 0.0095 0.1038
vn -0.9860 0.0353 0.1632
vn -0.3712 -0.4592 -0.8071
vn -0.3372 -0.4749 -0.8128
vn -0.3740 -0.4908 -0.7869
vn -0.1753 0.9836 -0.0432
vn -0.1510 0.9829 -0.1053
vn -0.1967 0.9778 -0.0721
vn 0.0616 0.9847 -0.1633
vn 0.0371 0.9810 -0.1905
vn 0.0204 0.9886 -0.1492
vn -0.1741 0.9847 -0.0024
vn -0.1211 0.9926 0.0034
vn -0.1726 0.9844 -0.0355
vn -0.7863 0.5859 -0.1961
vn -0.7346 0.6091 -0.2988
vn -0.7844 0.5726 -0.2383
vn -0.5957 -0.0794 -0.7993
vn -0.5750 -0.1206 -0.8092
vn -0.6107 -0.1208 -0.7826
vn -0.6837 -0.0646 -0.7269
vn -0.6434 -0.0676 -0.7625
vn -0.6536 -0.1041 -0.7497
vn -0.9157 -0.3770 -0.1388
vn -0.8932 -0.4186 -0.1640
vn -0.8758 -0.4731 -0.0959
vn -0.5425 -0.0076 0.8401
vn -0.5600 -0.1063 0.8217
vn -0.5167 -0.0398 0.8552
vn -0.2680 -0.7314 -0.6271
vn -0.2401 -0.7894 -0.5650
vn -0.2636 -0.7868 -0.5580
vn -0.1698 -0.1642 -0.9717
vn -0.1650 -0.2021 -0.9654
vn -0.1908 -0.1649 -0.9677
vn 0.0466 0.0303 -0.9985
vn 0.0823 0.0039 -0.9966
vn 0.0301 -0.0119 -0.9995
vn -0.9495 -0.3105 -0.0457
vn -0.9385 -0.3453 -0.0047
vn -0.9585 -0.2848 -0.0110
vn -0.9647 -0.2388 0.1107
vn -0.9722 -0.2238 0.0683
vn -0.9528 -0.2855 0.1031
vn -0.9712 0.0026 0.2383
vn -0.9755 -0.0348 0.2171
vn -0.9594 -0.0266 0.2809
vn -0.4000 -0.9160 0.0310
vn -0.3661 -0.9303 0.0202
vn -0.3617 -0.9293 0.0746
vn -0.9545 0.0943 -0.2830
vn -0.9547 0.0161 -0.2971
vn -0.9695 0.0059 -0.2451
vn 0.0548 0.9653 -0.2554
vn 0.1025 0.9695 -0.2227
vn 0.0932 0.9537 -0.2860
vn 0.6472 -0.0604 0.7599
vn 0.6859 -0.0716 0.7241
vn 0.6776 -0.0531 0.7335
vn -0.7522 0.4272 0.5017
vn -0.7553 0.4780 0.4483
vn -0.7860 0.4308 0.4434
vn -0.1024 -0.2878 0.9522
vn -0.0737 -0.3328 0.9401
vn -0.0658 -0.2993 0.9519
vn -0.3919 -0.1408 0.9092
vn -0.4201 -0.1575 0.8937
vn -0.3845 -0.1647 0.9083
vn -0.0352 0.4282 0.9030
vn -0.0443 0.3949 0.9177
vn -0.0079 0.3939 0.9191
vn -0.0594 0.3852 -0.9209
vn -0.0211 0.2827 -0.9590
vn -0.1163 0.2937 -0.9488
vn 0.8562 -0.1341 -0.4989
vn 0.8232 -0.0853 -0.5613
vn 0.8620 -0.0315 -0.5060
vn 0.7286 -0.6707 -0.1387
vn 0.7647 -0.6430 -0.0418
vn 0.7210 -0.6876 -0.0856
vn -0.7380 -0.6377 0.2207
vn -0.6760 -0.6916 0.2543
vn -0.7114 -0.6261 0.3194
vn 0.6710 -0.7166 0.1904
vn 0.6699 -0.7383 0.0782
vn 0.7298 -0.6764 0.0993
vn 0.0956 0.1887 0.9774
vn 0.1652 0.1573 0.9736
vn 0.1703 0.2661 0.9488
vn -0.9648 -0.1142 -0.2369
vn -0.9589 -0.2048 -0.1966
vn -0.9841 -0.1016 -0.1458
vn -0.6043 -0.7630 -0.2295
vn -0.5567 -0.7855 -0.2704
vn -0.5150 -0.8277 -0.2228
vn -0.4027 -0.9052 -0.1358
vn -0.4220 -0.8866 -0.1892
vn -0.3803 -0.8997 -0.2145
vn -0.3062 -0.1243 -0.9438
vn -0.2569 -0.0607 -0.9645
vn -0.2408 -0.0901 -0.9664
vn -0.9892 -0.1385 0.0490
vn -0.9867 -0.1581 0.0365
vn -0.9850 -0.1657 0.0486
vn -0.9756 -0.1889 0.1115
vn -0.9762 -0.2026 0.0770
vn -0.9739 -0.2057 0.0954
vn -0.1770 0.8009 -0.5720
vn -0.1560 0.7619 -0.6287
vn -0.2132 0.7405 -0.6374
vn -0.4965 0.4325 0.7526
vn -0.5827 0.3999 0.7075
vn -0.5489 0.3501 0.7591
vn -0.1601 0.9793 0.1242
vn -0.1511 0.9829 0.1057
vn -0.1948 0.9717 0.1336
vn -0.0800 0.9449 0.3175
vn -0.0431 0.9574 0.2857
vn -0.0602 0.9612 0.2691
vn -0.2587 0.9629 0.0772
vn -0.2036 0.9761 0.0753
vn -0.2076 0.9762 0.0624
vn -0.9655 -0.2255 0.1305
vn -0.9691 -0.2227 0.1063
vn -0.9653 -0.2420 0.0981
vn 0.0647 0.9883 0.1381
vn 0.1145 0.9779 0.1746
vn 0.1405 0.9838 0.1112
vn -0.9411 0.1107 0.3196
vn -0.9568 0.0241 0.2898
vn -0.9381 0.0522 0.3424
vn -0.4298 -0.0965 0.8977
vn -0.3612 -0.1718 0.9165
vn -0.3414 -0.0859 0.9360
vn -0.0308 0.0819 0.9962
vn -0.0728 -0.0077 0.9973
vn 0.0057 -0.0203 0.9998
vn -0.6262 -0.2225 -0.7472
vn -0.5836 -0.2040 -0.7860
vn -0.5980 -0.2532 -0.7605
vn -0.2153 -0.3682 0.9045
vn -0.1817 -0.3386 0.9232
vn -0.2283 -0.3323 0.9151
vn -0.2902 0.1680 0.9421
vn -0.2758 0.1547 0.9487
vn -0.2689 0.1929 0.9437
vn -0.6791 -0.1015 0.7270
vn -0.6965 -0.0903 0.7119
vn -0.6931 -0.1273 0.7095
vn -0.5344 0.3010 0.7898
vn -0.5608 0.3459 0.7523
vn -0.6018 0.2654 0.7533
vn -0.9508 -0.0904 0.2962
vn -0.9191 -0.0713 0.3876
vn -0.9397 -0.0310 0.3406
vn -0.5724 0.0445 -0.8187
vn -0.5723 -0.0419 -0.8190
vn -0.5966 0.0266 -0.8021
vn -0.7216 -0.0649 -0.6892
vn -0.6835 -0.1282 -0.7186
vn -0.7278 -0.0909 -0.6798
vn -0.7315 -0.1457 -0.6661
vn -0.6773 -0.1572 -0.7187
vn -0.7177 -0.2010 -0.6667
vn -0.6277 0.7770 -0.0477
vn -0.6799 0.7286 -0.0825
vn -0.6950 0.7190 0.0007
vn -0.9376 0.1730 0.3017
vn -0.9605 0.0482 0.2742
vn -0.9501 0.0410 0.3093
vn -0.9963 0.0849 -0.0118
vn -0.9975 -0.0170 0.0680
vn -0.9958 0.0127 0.0903
vn -0.1829 0.1505 -0.9715
vn -0.1599 0.1573 -0.9745
vn -0.1644 0.1330 -0.9774
vn -0.5481 0.3214 -0.7722
vn -0.5335 0.2968 -0.7920
vn -0.5639 0.2955 -0.7712
vn -0.9964 0.0719 0.0445
vn -0.9985 0.0531 0.0106
vn -0.9985 0.0344 0.0432
vn -0.9446 0.1153 0.3073
vn -0.9495 0.1652 0.2668
vn -0.9582 0.1401 0.2494
vn -0.9391 0.1753 0.2955
vn -0.9898 0.1257 0.0664
vn -0.9904 0.1364 0.0204
vn -0.9970 0.0692 0.0358
vn -0.9779 -0.1972 0.0691
vn -0.9681 -0.2443 0.0562
vn -0.9655 -0.2218 0.1365
vn -0.9279 -0.3323 -0.1691
vn -0.9114 -0.3213 -0.2573
vn -0.8902 -0.4170 -0.1835
vn -0.6842 0.1048 -0.7217
vn -0.6068 0.0492 -0.7933
vn -0.6763 0.0505 -0.7349
vn -0.9371 0.3487 -0.0192
vn -0.9512 0.3087 -0.0023
vn -0.9266 0.3674 0.0804
vn -0.9927 -0.0238 0.1185
vn -0.9983 -0.0297 0.0499
vn -0.9932 -0.0841 0.0808
vn -0.9879 -0.0665 0.1404
vn -0.9993 -0.0022 0.0372
vn -0.9977 -0.0601 0.0327
vn -0.8906 0.4273 0.1555
vn -0.9123 0.3997 0.0893
vn -0.9043 0.3936 0.1654
vn -0.0247 0.0566 -0.9981
vn -0.0223 0.0031 -0.9997
vn -0.0515 0.0004 -0.9987
vn -0.0942 0.0548 -0.9940
vn -0.0490 0.0784 -0.9957
vn -0.0756 0.0293 -0.9967
vn -0.8271 0.5523 -0.1043
vn -0.8712 0.4695 -0.1436
vn -0.8764 0.4698 -0.1060
vn -0.9779 0.0923 0.1875
vn -0.9430 0.1688 0.2867
vn -0.9776 0.1225 0.1710
vn -0.3605 -0.1700 -0.9171
vn -0.3302 -0.1581 -0.9306
vn -0.3303 -0.1865 -0.9253
vn -0.3671 -0.0384 0.9294
vn -0.4027 -0.0646 0.9130
vn -0.3530 -0.1193 0.9280
vn -0.1356 0.9245 0.3561
vn -0.0867 0.9273 0.3642
vn -0.1175 0.9421 0.3140
vn -0.1947 0.9735 0.1201
vn -0.1668 0.9777 0.1276
vn -0.2002 0.9778 0.0623
vn -0.1080 0.9883 0.1073
vn -0.0947 0.9951 0.0269
vn -0.1583 0.9839 0.0832
vn -0.0113 -0.9921 0.1247
vn 0.0870 -0.9833 0.1596
vn 0.0031 -0.9823 0.1872
vn -0.1037 -0.9290 -0.3553
vn -0.0196 -0.9108 -0.4125
vn -0.0605 -0.9326 -0.3557
vn 0.9840 0.1584 -0.0816
vn 0.9879 0.1449 -0.0556
vn 0.9848 0.1519 -0.0838
vn 0.2668 -0.2551 0.9294
vn 0.2681 -0.2629 0.9268
vn 0.2738 -0.2565 0.9270
vn -0.9573 0.1385 0.2539
vn -0.9588 0.0960 0.2673
vn -0.9563 0.0965 0.2759
vn -0.0161 0.9999 0.0012
vn -0.0179 0.9998 -0.0076
vn -0.0236 0.9997 -0.0003
vn 0.0630 0.9954 0.0725
vn 0.0741 0.9938 0.0828
vn 0.0804 0.9938 0.0769
vn 0.9899 -0.0992 -0.1010
vn 0.9850 -0.1183 -0.1259
vn 0.9876 -0.0795 -0.1357
vn 0.9856 -0.0377 -0.1648
vn 0.9817 -0.0654 -0.1791
vn 0.9792 -0.0455 -0.1977
vn 0.8683 -0.4961 -0.0021
vn 0.8722 -0.4884 -0.0269
vn 0.8834 -0.4687 0.0015
vn 0.9695 -0.1810 -0.1651
vn 0.9603 -0.2002 -0.1944
vn 0.9637 -0.1783 -0.1986
vn 0.9984 0.0545 -0.0167
vn 0.9967 0.0428 -0.0694
vn 0.9970 0.0737 -0.0240
vn 0.9969 0.0749 -0.0229
vn 0.9979 0.0309 -0.0564
vn 0.9952 0.0832 -0.0507
vn 0.0197 -0.0873 0.9960
vn 0.0153 -0.0952 0.9953
vn 0.0508 -0.0949 0.9942
vn -0.9267 -0.3481 0.1414
vn -0.9310 -0.3488 0.1076
vn -0.9225 -0.3641 0.1281
vn 0.4951 -0.8333 0.2461
vn 0.5176 -0.8184 0.2497
vn 0.4927 -0.8297 0.2622
vn -0.0360 -0.9325 -0.3593
vn -0.0152 -0.9243 -0.3814
vn -0.0070 -0.9371 -0.3490
vn 0.9620 0.2725 0.0148
vn 0.9696 0.2433 0.0255
vn 0.9637 0.2668 0.0091
vn 0.9813 -0.0054 -0.1922
vn 0.9812 -0.0567 -0.1843
vn 0.9719 -0.0449 -0.2311
vn 0.3011 0.9525 -0.0450
vn 0.3025 0.9470 -0.1080
vn 0.2839 0.9548 -0.0883
vn -0.5562 -0.1641 0.8147
vn -0.5518 -0.2370 0.7996
vn -0.5259 -0.2199 0.8216
vn -0.6787 -0.3116 0.6651
vn -0.6289 -0.3700 0.6837
vn -0.6103 -0.3210 0.7243
vn -0.7970 0.2924 0.5285
vn -0.7912 0.2652 0.5511
vn -0.7779 0.3014 0.5514
vn -0.9682 0.2500 0.0131
vn -0.9689 0.2435 0.0453
vn -0.9610 0.2741 0.0357
vn 0.4568 0.7592 0.4636
vn 0.4281 0.7588 0.4909
vn 0.4627 0.7358 0.4945
vn 0.2874 0.9534 -0.0916
vn 0.2705 0.9532 -0.1354
vn 0.2608 0.9585 -0.1154
vn -0.3249 0.9451 -0.0353
vn -0.3429 0.9373 -0.0620
vn -0.3473 0.9377 -0.0085
vn -0.0020 0.8345 0.5510
vn -0.0295 0.8177 0.5749
vn 0.0131 0.8129 0.5823
vn -0.5581 0.8294 -0.0245
vn -0.5388 0.8406 -0.0553
vn -0.5544 0.8290 -0.0728
vn -0.3453 0.9308 0.1202
vn -0.3576 0.9218 0.1499
vn -0.3197 0.9371 0.1401
vn -0.4497 0.8640 0.2264
vn -0.4149 0.8857 0.2083
vn -0.4612 0.8594 0.2210
vn -0.0310 0.9557 0.2927
vn -0.1058 0.9684 0.2260
vn -0.1258 0.9592 0.2532
vn -0.0098 0.9969 0.0782
vn 0.0559 0.9965 0.0629
vn 0.0154 0.9983 0.0564
vn -0.0662 0.9369 0.3434
vn -0.0362 0.9286 0.3693
vn -0.0431 0.9447 0.3252
vn 0.1315 -0.1628 0.9779
vn 0.0966 -0.1749 0.9798
vn 0.1485 -0.1840 0.9716
vn 0.5700 0.6290 0.5287
vn 0.5429 0.6096 0.5777
vn 0.5798 0.5866 0.5655
vn -0.6629 -0.7439 0.0845
vn -0.6523 -0.7479 0.1232
vn -0.7118 -0.6944 0.1058
vn -0.3534 0.0995 0.9301
vn -0.3120 0.0342 0.9495
vn -0.3001 0.0980 0.9489
vn 0.3085 0.8731 0.3776
vn 0.3085 0.8929 0.3279
vn 0.2584 0.8982 0.3556
vn 0.6683 -0.0892 0.7385
vn 0.6505 -0.1540 0.7437
vn 0.7118 -0.1428 0.6878
vn 0.7133 -0.4939 0.4972
vn 0.7226 -0.5222 0.4530
vn 0.7546 -0.4759 0.4518
vn 0.5414 0.7790 0.3164
vn 0.4949 0.8113 0.3112
vn 0.4916 0.7939 0.3579
vn -0.6153 0.1293 0.7776
vn -0.5839 0.0897 0.8068
vn -0.5974 0.1174 0.7933
vn 0.6156 -0.0902 0.7828
vn 0.6018 -0.1674 0.7809
vn 0.6442 -0.1408 0.7518
vn -0.8431 0.0112 0.5376
vn -0.8286 -0.0559 0.5571
vn -0.8119 0.0007 0.5839
vn 0.6744 -0.0399 0.7373
vn 0.6964 -0.0963 0.7112
vn 0.7127 -0.0295 0.7008
vn 0.9852 0.0952 0.1427
vn 0.9891 0.0021 0.1473
vn 0.9926 0.0646 0.1026
vn 0.9970 0.0324 0.0706
vn 0.9881 0.0399 0.1484
vn 0.9961 -0.0216 0.0859
vn 0.6823 -0.7030 0.2006
vn 0.6965 -0.7038 0.1395
vn 0.7337 -0.6608 0.1581
vn 0.2606 0.0383 0.9647
vn 0.2401 -0.0103 0.9707
vn 0.3004 -0.0144 0.9537
vn 0.1710 0.4450 0.8790
vn 0.1576 0.4000 0.9029
vn 0.1903 0.4232 0.8858
vn 0.1725 -0.0440 0.9840
vn 0.2054 -0.0892 0.9746
vn 0.2169 -0.0504 0.9749
vn 0.1361 -0.5674 0.8121
vn 0.1073 -0.6111 0.7843
vn 0.1682 -0.5975 0.7840
vn -0.1095 0.4448 0.8889
vn -0.0516 0.4444 0.8944
vn -0.0678 0.4760 0.8768
vn -0.0794 -0.0427 0.9959
vn -0.0510 -0.0309 0.9982
vn -0.0971 -0.0099 0.9952
vn 0.0684 -0.3458 0.9358
vn 0.0974 -0.3548 0.9299
vn 0.0946 -0.3250 0.9410
vn 0.7169 -0.1817 0.6731
vn 0.7150 -0.0992 0.6921
vn 0.6707 -0.1773 0.7203
vn 0.2655 0.4918 0.8293
vn 0.2878 0.4465 0.8472
vn 0.3361 0.4810 0.8097
vn -0.4416 0.4740 0.7618
vn -0.4233 0.5316 0.7336
vn -0.4648 0.4954 0.7339
vn -0.1641 0.7782 0.6063
vn -0.1981 0.8111 0.5504
vn -0.2168 0.7770 0.5910
vn 0.9770 0.0478 0.2080
vn 0.9832 -0.0010 0.1823
vn 0.9893 0.0258 0.1434
vn 0.9514 0.1022 0.2906
vn 0.9588 0.0977 0.2668
vn 0.9569 0.1328 0.2584
vn 0.9389 0.2986 0.1714
vn 0.9413 0.2694 0.2036
vn 0.9464 0.2790 0.1626
vn -0.2355 0.9678 0.0886
vn -0.1962 0.9772 0.0807
vn -0.2102 0.9776 0.0086
vn -0.0127 0.9973 0.0721
vn -0.0293 0.9996 0.0003
vn -0.0703 0.9967 0.0411
vn -0.0344 0.5589 0.8286
vn 0.0429 0.6764 0.7353
vn -0.0688 0.5809 0.8110
vn 0.1028 0.9866 0.1266
vn 0.1637 0.9813 0.1012
vn 0.1549 0.9861 0.0592
vn -0.0073 0.9994 0.0342
vn -0.0575 0.9978 0.0343
vn -0.0234 0.9914 0.1291
vn 0.9784 -0.0364 0.2033
vn 0.9758 -0.0680 0.2078
vn 0.9828 -0.0416 0.1798
vn 0.1246 0.9860 0.1105
vn 0.1421 0.9857 0.0906
vn 0.0999 0.9920 0.0774
vn 0.9613 0.0299 0.2741
vn 0.9730 0.0068 0.2308
vn 0.9694 0.0517 0.2401
vn 0.0687 -0.1651 -0.9839
vn 0.0537 -0.1893 -0.9805
vn 0.0327 -0.1521 -0.9878
vn 0.2394 -0.2191 -0.9459
vn 0.2708 -0.2484 -0.9300
vn 0.2306 -0.2477 -0.9410
vn 0.8146 0.5785 0.0418
vn 0.8571 0.5026 0.1125
vn 0.8683 0.4950 0.0323
vn 0.9974 0.0190 0.0699
vn 0.9963 0.0797 0.0322
vn 0.9924 0.0659 0.1039
vn 0.9938 -0.0853 -0.0708
vn 0.9914 -0.0661 -0.1132
vn 0.9970 -0.0221 -0.0736
vn -0.7652 0.6427 0.0367
vn -0.8000 0.5853 0.1320
vn -0.7655 0.6242 0.1565
vn -0.3057 -0.9440 0.1242
vn -0.3075 -0.9476 0.0864
vn -0.2885 -0.9521 0.1015
vn 0.1522 0.9853 0.0780
vn 0.1874 0.9789 0.0813
vn 0.1759 0.9831 0.0500
vn 0.0165 0.9779 0.2083
vn 0.0768 0.9848 0.1560
vn 0.0041 0.9907 0.1361
vn -0.3290 0.9223 0.2027
vn -0.2588 0.9360 0.2387
vn -0.2719 0.9483 0.1639
vn -0.0955 0.9919 0.0843
vn -0.1559 0.9862 0.0564
vn -0.1349 0.9834 0.1213
vn -0.9843 -0.0988 0.1464
vn -0.9937 -0.0708 0.0867
vn -0.9845 -0.1290 0.1191
vn -0.9875 -0.1143 0.1082
vn -0.9808 -0.1241 0.1505
vn -0.9918 -0.0482 0.1184
vn -0.3258 0.1161 0.9383
vn -0.2893 0.0867 0.9533
vn -0.2797 0.1180 0.9528
vn -0.7578 -0.6181 0.2089
vn -0.7255 -0.6615 0.1901
vn -0.7232 -0.6522 0.2271
vn -0.9786 0.1770 0.1049
vn -0.9735 0.2114 0.0866
vn -0.9802 0.1804 0.0822
vn -0.9716 0.2094 0.1103
vn -0.9009 0.2272 -0.3698
vn -0.9029 0.1876 -0.3866
vn -0.9201 0.1897 -0.3427
vn -0.6948 -0.7124 -0.0987
vn -0.6553 -0.7319 -0.1868
vn -0.6469 -0.7466 -0.1550
vn -0.0744 -0.9868 -0.1441
vn -0.0326 -0.9813 -0.1898
vn -0.0226 -0.9912 -0.1308
vn -0.1250 0.1972 -0.9724
vn -0.1086 0.1568 -0.9816
vn -0.1480 0.1690 -0.9744
vn -0.1306 0.1674 -0.9772
vn -0.1061 0.1881 -0.9764
vn -0.1206 0.1499 -0.9813
vn 0.0284 0.0615 -0.9977
vn 0.0539 0.0276 -0.9982
vn -0.0109 0.0266 -0.9996
vn -0.1618 -0.0688 -0.9844
vn -0.1268 -0.0640 -0.9899
vn -0.1319 -0.1156 -0.9845
vn -0.0072 -0.9344 -0.3561
vn 0.0217 -0.9456 -0.3245
vn -0.0157 -0.9471 -0.3205
vn -0.9128 -0.3174 0.2569
vn -0.9179 -0.3326 0.2162
vn -0.8933 -0.3684 0.2576
vn -1.0000 0.0072 -0.0042
vn -0.9991 -0.0334 -0.0267
vn -0.9997 -0.0040 0.0247
vn -0.9981 -0.0535 0.0311
vn -0.4265 -0.4310 0.7952
vn -0.3836 -0.4751 0.7919
vn -0.3834 -0.4264 0.8193
vn -0.0444 -0.9984 0.0343
vn -0.0741 -0.9966 -0.0354
vn -0.0218 -0.9996 -0.0191
vn -0.6308 -0.7725 -0.0735
vn -0.6063 -0.7821 -0.1441
vn -0.5853 -0.8060 -0.0880
vn -0.6014 -0.7989 -0.0048
vn -0.6268 -0.7781 0.0424
vn -0.6604 -0.7509 -0.0012
vn -0.9634 -0.0696 -0.2588
vn -0.9487 -0.0620 -0.3101
vn -0.9555 -0.1099 -0.2736
vn -0.9941 -0.0268 0.1047
vn -0.9991 -0.0174 0.0385
vn -0.9970 -0.0502 0.0584
vn -0.9967 0.0785 0.0201
vn -0.9993 0.0358 -0.0108
vn -0.9993 0.0244 0.0274
vn -0.9884 0.0297 0.1489
vn -0.9928 -0.0142 0.1190
vn -0.9869 -0.0148 0.1606
vn -0.3724 0.9163 0.1473
vn -0.3618 0.9275 0.0937
vn -0.4004 0.9122 0.0868
vn -0.9978 -0.0232 0.0620
vn -0.9959 -0.0621 0.0653
vn -0.9949 -0.0570 0.0832
vn -0.9921 0.0665 0.1065
vn -0.9884 0.0504 0.1430
vn -0.9828 0.0821 0.1654
vn -0.8086 -0.5869 -0.0415
vn -0.7844 -0.6197 -0.0255
vn -0.8027 -0.5964 -0.0022
vn -0.9076 -0.2182 0.3587
vn -0.9301 -0.2048 0.3049
vn -0.9101 -0.2631 0.3203
vn -0.9048 0.0126 0.4257
vn -0.9196 0.0013 0.3930
vn -0.8944 -0.0224 0.4468
vn -0.9706 0.1019 -0.2181
vn -0.9837 -0.0083 -0.1797
vn -0.9893 0.0325 -0.1419
vn 0.7912 0.5948 -0.1422
vn 0.8172 0.5483 -0.1775
vn 0.7790 0.5946 -0.1989
vn 0.9873 0.0513 -0.1501
vn 0.9797 0.0299 -0.1984
vn 0.9784 0.0693 -0.1947
vn 0.1672 -0.9472 -0.2735
vn 0.1780 -0.9383 -0.2963
vn 0.2067 -0.9400 -0.2715
vn 0.6154 -0.7872 -0.0402
vn 0.6092 -0.7905 -0.0635
vn 0.6191 -0.7826 -0.0655
vn 0.9909 -0.1027 0.0871
vn 0.9955 -0.0724 0.0608
vn 0.9943 -0.0378 0.0996
vn 0.9644 0.2584 0.0560
vn 0.9672 0.2538 0.0041
vn 0.9615 0.2748 -0.0008
vn 0.6152 0.7666 0.1840
vn 0.6024 0.7883 0.1250
vn 0.5751 0.8038 0.1523
vn 0.3227 -0.8806 -0.3469
vn 0.3446 -0.8753 -0.3394
vn 0.3354 -0.8827 -0.3292
vn 0.8983 0.0657 0.4345
vn 0.9390 0.1331 0.3171
vn 0.8995 0.1121 0.4224
vn 0.8333 0.5397 0.1196
vn 0.8302 0.5527 0.0729
vn 0.8114 0.5685 0.1358
vn -0.0541 -0.0834 -0.9950
vn -0.0346 -0.0781 -0.9963
vn -0.0319 -0.0962 -0.9948
vn 0.0063 0.0333 -0.9994
vn 0.0033 0.0536 -0.9986
vn 0.0239 0.0390 -0.9990
vn 0.8408 0.0718 -0.5366
vn 0.8328 0.0381 -0.5522
vn 0.8277 0.0575 -0.5582
vn 0.9631 0.2389 0.1241
vn 0.9613 0.2578 0.0968
vn 0.9586 0.2568 0.1227
vn 0.9847 0.1702 -0.0371
vn 0.9845 0.1752 -0.0110
vn 0.9872 0.1586 -0.0189
vn 0.4240 0.9049 0.0379
vn 0.4196 0.9076 0.0103
vn 0.3979 0.9168 0.0345
vn 0.7969 0.1705 -0.5796
vn 0.7756 0.1727 -0.6072
vn 0.7559 0.2766 -0.5933
vn 0.8446 0.5016 0.1873
vn 0.8507 0.5034 0.1517
vn 0.8210 0.5431 0.1761
vn 0.0141 0.9505 0.3105
vn 0.0469 0.9571 0.2859
vn 0.0029 0.9640 0.2658
vn 0.5214 0.2010 0.8293
vn 0.5433 0.1763 0.8208
vn 0.5538 0.2065 0.8067
vn -0.9248 -0.2908 0.2454
vn -0.9393 -0.2676 0.2148
vn -0.9280 -0.3098 0.2071
vn -0.9881 0.1104 -0.1070
vn -0.9865 0.0960 -0.1329
vn -0.9925 0.0705 -0.1003
vn 0.8688 0.4152 0.2699
vn 0.8789 0.4218 0.2229
vn 0.8639 0.4530 0.2203
vn -0.1212 0.3729 0.9199
vn -0.1407 0.2773 0.9504
vn 0.0121 0.3617 0.9322
vn 0.2471 -0.0693 0.9665
vn 0.0793 -0.1357 0.9876
vn 0.2022 -0.1477 0.9681
vn 0.2378 -0.9410 0.2409
vn 0.1228 -0.9449 0.3035
vn 0.1653 -0.9623 0.2159
vn -0.0212 -0.2033 0.9789
vn 0.1316 -0.2283 0.9647
vn -0.0144 -0.0867 0.9961
vn 0.1187 -0.0735 0.9902
vn 0.1833 0.0512 0.9817
vn 0.0607 0.0927 0.9938
vn -0.1219 -0.0668 -0.9903
vn -0.0293 -0.0577 -0.9979
vn -0.0414 -0.1123 -0.9928
vn -0.1840 0.3377 -0.9231
vn -0.0514 0.3260 -0.9440
vn -0.1443 0.3152 -0.9380
vn -0.2084 0.6846 -0.6985
vn -0.2553 0.6215 -0.7406
vn -0.2954 0.6602 -0.6906
vn -0.1391 -0.7437 -0.6539
vn -0.0338 -0.7971 -0.6028
vn -0.2070 -0.7788 -0.5921
vn -0.8769 -0.1279 -0.4634
vn -0.8299 -0.0840 -0.5515
vn -0.8423 -0.1329 -0.5223
vn -0.7076 0.6644 -0.2406
vn -0.6684 0.7194 -0.1889
vn -0.6679 0.6894 -0.2802
vn -0.2856 -0.9583 0.0090
vn -0.2649 -0.9629 0.0515
vn -0.3219 -0.9440 0.0720
vn -0.9788 0.0696 -0.1928
vn -0.9830 0.0150 -0.1828
vn -0.9900 0.0622 -0.1264
vn -0.8035 -0.1440 -0.5777
vn -0.7898 -0.1799 -0.5864
vn -0.8214 -0.1731 -0.5435
vn -0.8914 0.1084 -0.4401
vn -0.9080 0.0766 -0.4120
vn -0.9125 0.1230 -0.3901
vn -0.1951 -0.9674 0.1615
vn -0.2041 -0.9482 0.2435
vn -0.2565 -0.9424 0.2149
vn 0.3136 0.2853 0.9057
vn 0.3483 0.2325 0.9081
vn 0.3308 0.3549 0.8744
vn 0.8364 0.5219 -0.1675
vn 0.8941 0.4080 -0.1849
vn 0.8468 0.4552 -0.2753
vn 0.9507 0.2174 -0.2212
vn 0.9234 0.2726 -0.2700
vn 0.9513 0.2351 -0.1995
vn -0.0451 -0.1046 -0.9935
vn -0.0266 -0.1273 -0.9915
vn -0.0667 -0.1344 -0.9887
vn -0.4267 -0.3249 -0.8440
vn -0.4685 -0.2971 -0.8320
vn -0.4268 -0.3019 -0.8525
vn 0.2585 -0.0904 -0.9618
vn 0.2554 -0.0630 -0.9648
vn 0.2974 -0.0532 -0.9533
vn 0.0772 0.3749 -0.9238
vn 0.1264 0.3747 -0.9185
vn 0.0740 0.3585 -0.9306
vn 0.0696 0.9795 -0.1891
vn 0.0156 0.9806 -0.1952
vn 0.0333 0.9805 -0.1936
vn -0.0892 -0.0406 -0.9952
vn -0.1214 -0.0619 -0.9907
vn -0.1218 -0.0034 -0.9925
vn -0.0161 -0.1774 -0.9840
vn -0.0125 -0.2330 -0.9724
vn -0.0532 -0.1849 -0.9813
vn -0.9154 -0.0450 -0.4001
vn -0.9342 -0.0953 -0.3438
vn -0.9328 -0.0388 -0.3583
vn -0.9266 -0.0140 -0.3757
vn -0.9266 -0.0700 -0.3695
vn -0.9466 -0.0628 -0.3163
vn 0.3492 -0.1185 -0.9295
vn 0.3479 -0.1731 -0.9214
vn 0.3177 -0.1598 -0.9346
vn -0.9707 -0.1208 -0.2075
vn -0.9679 -0.1598 -0.1940
vn -0.9802 -0.1304 -0.1490
vn -0.9728 -0.0507 -0.2259
vn -0.9614 -0.0911 -0.2595
vn -0.9663 -0.1005 -0.2371
vn -0.1559 -0.8780 -0.4525
vn -0.1414 -0.8717 -0.4691
vn -0.1232 -0.8878 -0.4433
vn 0.9838 -0.0322 -0.1764
vn 0.9820 -0.0721 -0.1747
vn 0.9782 -0.0523 -0.2011
vn 0.0549 0.9956 -0.0760
vn 0.1116 0.9903 -0.0826
vn 0.0936 0.9872 -0.1289
vn 0.9450 -0.0392 -0.3247
vn 0.9344 -0.0371 -0.3543
vn 0.9413 0.0037 -0.3376
vn 0.9214 0.1798 -0.3445
vn 0.9150 0.1602 -0.3702
vn 0.9016 0.1898 -0.3887
vn -0.0430 -0.4134 -0.9095
vn -0.0277 -0.4314 -0.9017
vn -0.0438 -0.4424 -0.8957
vn -0.1192 -0.8025 -0.5846
vn -0.1089 -0.7863 -0.6082
vn -0.0897 -0.8069 -0.5838
vn -0.0370 -0.4397 -0.8974
vn -0.0437 -0.4517 -0.8911
vn -0.0642 -0.4391 -0.8961
vn -0.3142 -0.9172 -0.2450
vn -0.2780 -0.9192 -0.2789
vn -0.2830 -0.9269 -0.2463
vn -0.2309 -0.9626 -0.1419
vn -0.2139 -0.9602 -0.1797
vn -0.1897 -0.9664 -0.1736
vn -0.0699 0.8854 -0.4596
vn -0.0390 0.8797 -0.4739
vn -0.0672 0.8738 -0.4817
vn 0.0161 0.9374 -0.3479
vn -0.0113 0.9432 -0.3321
vn 0.0120 0.9440 -0.3296
vn -0.9916 -0.0967 -0.0854
vn -0.9902 -0.0842 -0.1115
vn -0.9882 -0.1206 -0.0940
vn -0.9770 -0.0497 -0.2075
vn -0.9732 -0.0744 -0.2174
vn -0.9780 -0.0629 -0.1988
vn -0.9929 -0.0538 0.1064
vn -0.9956 -0.0158 0.0926
vn -0.9955 -0.0469 0.0820
vn -0.9921 0.0184 0.1241
vn -0.9940 -0.0026 0.1089
vn -0.9904 0.0045 0.1383
vn 0.4137 0.3669 0.8332
vn 0.4585 0.3724 0.8069
vn 0.4268 0.4028 0.8097
vn 0.0152 0.8848 -0.4657
vn 0.0248 0.8755 -0.4825
vn -0.0216 0.8715 -0.4899
vn 0.0187 0.9845 -0.1742
vn 0.0580 0.9795 -0.1928
vn 0.0298 0.9707 -0.2385
vn 0.2120 0.9015 -0.3773
vn 0.1209 0.9156 -0.3835
vn 0.1595 0.9224 -0.3518
vn -0.1143 0.9818 -0.1517
vn -0.1503 0.9751 -0.1629
vn -0.1659 0.9755 -0.1443
vn 0.0876 0.9883 -0.1247
vn 0.1349 0.9833 -0.1226
vn 0.1298 0.9790 -0.1573
vn -0.1050 0.9809 0.1640
vn -0.1077 0.9831 0.1483
vn -0.1374 0.9806 0.1397
vn -0.9739 -0.0770 0.2135
vn -0.9629 -0.0695 0.2608
vn -0.9687 0.1193 0.2176
vn 0.4539 0.4194 0.7862
vn 0.4733 0.3852 0.7922
vn 0.4782 0.4161 0.7735
vn -0.9946 0.0222 0.1017
vn -0.9649 -0.1794 0.1920
vn -0.9703 -0.1708 0.1714
vn -0.9695 -0.2035 0.1368
vn -0.9922 -0.0597 0.1097
vn -0.9928 -0.0854 0.0843
vn -0.9902 -0.0817 0.1135
vn -0.9759 -0.1744 0.1315
vn -0.9638 -0.2029 0.1729
vn -0.9670 -0.1711 0.1886
vn -0.9856 0.1606 0.0520
vn -0.9910 0.1207 0.0572
vn -0.9850 0.1521 0.0812
vn 0.9878 -0.0734 -0.1374
vn 0.9855 -0.0805 -0.1492
vn 0.9881 -0.0346 -0.1497
vn -0.7176 0.2507 0.6497
vn -0.6857 0.2140 0.6957
vn -0.6914 0.2588 0.6746
vn -0.4454 -0.3416 0.8276
vn -0.4377 -0.3746 0.8174
vn -0.4211 -0.3531 0.8355
vn -0.8224 0.1965 -0.5339
vn -0.8067 0.1979 -0.5568
vn -0.8132 0.1742 -0.5553
vn -0.8796 0.3713 0.2975
vn -0.8891 0.3720 0.2668
vn -0.8938 0.3434 0.2884
vn -0.9663 0.2575 -0.0043
vn -0.9727 0.2315 -0.0181
vn -0.9734 0.2286 0.0128
vn 0.9081 0.4184 0.0172
vn 0.8899 0.4441 0.1046
vn 0.8934 0.4310 0.1268
vn 0.2936 0.9514 -0.0924
vn 0.2228 0.9732 -0.0574
vn 0.2371 0.9711 -0.0264
vn 0.2961 0.9550 0.0159
vn 0.2404 0.9634 -0.1183
vn 0.2213 0.9751 -0.0141
vn -0.3992 0.8712 -0.2858
vn -0.4832 0.8218 -0.3019
vn -0.4827 0.8334 -0.2691
vn -0.8459 0.4952 -0.1980
vn -0.8837 0.4306 -0.1836
vn -0.8547 0.4908 -0.1691
vn -0.9735 0.1729 0.1494
vn -0.9697 0.1956 0.1461
vn -0.9827 0.1656 0.0834
vn -0.2400 0.5123 0.8246
vn -0.2813 0.5004 0.8188
vn -0.2475 0.4693 0.8477
vn -0.3931 0.1866 -0.9004
vn -0.2689 0.2167 -0.9385
vn -0.3222 0.1350 -0.9370
vn -0.9602 -0.1943 -0.2007
vn -0.9245 -0.3020 -0.2326
vn -0.9309 -0.3231 -0.1703
vn 0.2233 0.3772 0.8988
vn 0.3658 0.3858 0.8470
vn 0.2732 0.5117 0.8146
vn 0.3785 0.4137 0.8280
vn 0.2282 0.5059 0.8319
vn 0.2958 0.4250 0.8555
vn 0.2321 0.2998 -0.9253
vn 0.3216 0.1730 -0.9309
vn 0.2329 0.1704 -0.9575
vn 0.4184 0.6510 -0.6334
vn 0.3684 0.6038 -0.7069
vn 0.3192 0.6645 -0.6757
vn -0.2336 0.7781 -0.5831
vn -0.3124 0.7821 -0.5392
vn -0.2656 0.8316 -0.4877
vn 0.6376 0.7134 -0.2909
vn 0.5771 0.7432 -0.3386
vn 0.5734 0.7756 -0.2639
vn -0.7197 -0.2211 -0.6581
vn -0.7024 -0.1912 -0.6856
vn -0.6961 -0.2249 -0.6818
vn -0.4368 -0.0363 -0.8988
vn -0.4535 -0.0833 -0.8874
vn -0.4734 -0.0547 -0.8792
vn -0.2486 -0.9101 0.3314
vn -0.2024 -0.9337 0.2954
vn -0.1863 -0.9201 0.3446
vn -0.9316 0.1506 0.3309
vn -0.9534 0.1703 0.2489
vn -0.9454 0.1157 0.3047
vn -0.0697 0.9178 0.3908
vn -0.0945 0.9250 0.3679
vn -0.1221 0.9025 0.4130
vn 0.0215 0.9982 0.0552
vn 0.0321 0.9967 0.0749
vn 0.0517 0.9972 0.0536
vn -0.1198 0.9759 0.1824
vn -0.1207 0.9622 0.2440
vn -0.0912 0.9796 0.1788
vn -0.2772 -0.1990 0.9400
vn -0.2634 -0.2520 0.9312
vn -0.2214 -0.1702 0.9602
vn -0.9872 -0.0408 0.1543
vn -0.9913 0.0323 0.1275
vn -0.9942 -0.0510 0.0952
vn 0.0645 0.8851 0.4608
vn 0.0430 0.9065 0.4200
vn -0.0325 0.8975 0.4398
vn -0.0359 -0.8794 0.4748
vn 0.0172 -0.8836 0.4680
vn 0.0311 -0.8619 0.5061
vn -0.9686 0.1439 0.2026
vn -0.9777 0.1056 0.1815
vn -0.9506 0.0940 0.2958
vn 0.8762 0.0403 0.4802
vn 0.8607 -0.0797 0.5028
vn 0.8921 0.0098 0.4518
vn 0.0323 -0.0501 0.9982
vn 0.0906 -0.0671 0.9936
vn 0.0597 -0.0222 0.9980
vn -0.9717 0.1034 0.2125
vn -0.9829 0.0869 0.1623
vn -0.9735 0.0043 0.2288
vn -0.1079 0.2741 0.9556
vn -0.0216 0.2821 0.9591
vn -0.0803 0.3179 0.9447
vn 0.0630 -0.1473 0.9871
vn 0.0905 -0.1439 0.9854
vn 0.0744 -0.1177 0.9903
vn 0.1569 -0.1796 0.9711
vn 0.1854 -0.2145 0.9590
vn 0.2040 -0.1828 0.9618
vn 0.1545 -0.0364 0.9873
vn 0.1778 -0.0556 0.9825
vn 0.1880 -0.0359 0.9815
vn -0.0307 -0.0068 0.9995
vn 0.0064 -0.0272 0.9996
vn 0.0001 0.0074 1.0000
vn -0.1661 0.0988 -0.9811
vn -0.1068 0.1153 -0.9876
vn -0.1419 0.0780 -0.9868
vn -0.7619 -0.1472 -0.6308
vn -0.7460 -0.1806 -0.6410
vn -0.7742 -0.1765 -0.6078
vn -0.0821 -0.8869 0.4546
vn -0.0491 -0.8942 0.4449
vn -0.0215 -0.8730 0.4873
vn -0.9443 -0.1520 0.2920
vn -0.9560 -0.1091 0.2723
vn -0.9700 -0.1411 0.1978
vn -0.7670 -0.5039 0.3973
vn -0.7940 -0.4976 0.3492
vn -0.7694 -0.5461 0.3315
vn -0.1034 0.9929 -0.0587
vn -0.0596 0.9958 -0.0700
vn -0.0872 0.9923 -0.0879
vn -0.9895 -0.1194 0.0814
vn -0.9919 -0.1142 0.0552
vn -0.9904 -0.1266 0.0557
vn -0.9706 -0.1805 0.1594
vn -0.9601 -0.2094 0.1855
vn -0.9627 -0.1912 0.1914
vn -0.2450 0.7596 0.6025
vn -0.2295 0.7173 0.6578
vn -0.1934 0.7852 0.5882
vn -0.1057 0.9938 -0.0337
vn -0.0760 0.9966 -0.0320
vn -0.0686 0.9955 -0.0654
vn -0.0333 0.9989 -0.0320
vn -0.0765 0.9954 -0.0583
vn -0.0674 0.9977 0.0045
vn -0.0742 0.9947 0.0706
vn -0.0060 0.9987 0.0496
vn -0.0196 0.9995 0.0245
vn 0.2607 0.0774 0.9623
vn 0.3027 0.0384 0.9523
vn 0.3522 0.0822 0.9323
vn 0.7142 0.3861 0.5838
vn 0.7537 0.3712 0.5424
vn 0.7131 0.4520 0.5359
vn -0.9793 -0.1026 0.1747
vn -0.9890 -0.0991 0.1097
vn -0.9818 -0.1502 0.1159
vn -0.9579 -0.1796 0.2239
vn -0.9616 -0.2251 0.1568
vn -0.9562 -0.2199 0.1930
vn -0.7427 -0.6494 0.1637
vn -0.7116 -0.6904 0.1302
vn -0.6995 -0.6835 0.2088
vn -0.2571 0.9433 0.2098
vn -0.2944 0.9507 0.0978
vn -0.3506 0.9292 0.1165
vn 0.0873 -0.9936 0.0714
vn 0.1603 -0.9851 0.0627
vn 0.1507 -0.9734 0.1726
vn 0.8435 -0.0431 0.5354
vn 0.8895 -0.0350 0.4556
vn 0.8915 0.0173 0.4527
vn 0.0474 0.0755 0.9960
vn 0.0656 0.1184 0.9908
vn -0.0076 0.1015 0.9948
vn -0.0131 -0.9257 0.3780
vn 0.0869 -0.8953 0.4370
vn 0.0416 -0.8823 0.4689
vn -0.0118 0.1723 0.9850
vn -0.0294 0.1378 0.9900
vn 0.0184 0.1111 0.9936
vn 0.4764 0.8445 -0.2448
vn 0.5147 0.8210 -0.2472
vn 0.4837 0.8308 -0.2752
vn 0.3712 0.9210 0.1184
vn 0.3836 0.9193 0.0879
vn 0.3359 0.9367 0.0990
vn 0.2368 0.9608 0.1444
vn 0.2496 0.9501 0.1871
vn 0.2738 0.9490 0.1566
vn -0.1118 0.9609 -0.2533
vn -0.0704 0.9660 -0.2486
vn -0.0580 0.9656 -0.2536
vn -0.1668 0.9739 -0.1541
vn -0.1358 0.9745 -0.1786
vn -0.1533 0.9700 -0.1888
vn 0.1927 -0.1365 0.9717
vn 0.2216 -0.1465 0.9641
vn 0.2223 -0.1134 0.9684
vn 0.1152 -0.1226 0.9857
vn 0.1215 -0.1597 0.9797
vn 0.1483 -0.1346 0.9797
vn 0.0442 -0.0314 0.9985
vn 0.0135 -0.0586 0.9982
vn 0.0427 -0.0721 0.9965
vn 0.0825 -0.0465 0.9955
vn 0.2728 -0.8177 0.5069
vn 0.2543 -0.8140 0.5222
vn 0.2744 -0.8270 0.4907
vn 0.7883 -0.0534 0.6130
vn 0.7980 -0.0876 0.5962
vn 0.8083 -0.0470 0.5869
vn -0.1674 -0.1154 0.9791
vn -0.1585 -0.1612 0.9741
vn -0.1274 -0.1267 0.9837
vn 0.5258 0.1983 0.8272
vn 0.5514 0.1623 0.8183
vn 0.5697 0.1859 0.8006
vn 0.4476 -0.2460 0.8597
vn 0.4924 -0.2515 0.8332
vn 0.4779 -0.2231 0.8496
vn 0.5230 0.2538 0.8137
vn 0.5036 0.2257 0.8339
vn 0.5265 0.2141 0.8228
vn -0.5528 0.2871 0.7823
vn -0.5272 0.2764 0.8035
vn -0.5171 0.3142 0.7962
vn -0.0479 0.1779 0.9829
vn -0.0470 0.1401 0.9890
vn -0.0147 0.1517 0.9883
vn -0.7698 -0.0234 0.6378
vn -0.7605 -0.0623 0.6463
vn -0.7478 -0.0404 0.6627
vn 0.1153 -0.0926 0.9890
vn 0.1644 -0.0689 0.9840
vn 0.1311 -0.0519 0.9900
vn 0.0114 -0.0161 0.9998
vn 0.0243 -0.0512 0.9984
vn 0.0497 -0.0147 0.9987
vn -0.0210 -0.1111 0.9936
vn 0.0209 -0.0937 0.9954
vn -0.0130 -0.0692 0.9975
vn 0.0234 -0.0151 0.9996
vn 0.0549 -0.0425 0.9976
vn 0.0486 -0.0037 0.9988
vn -0.0110 0.9142 0.4052
vn 0.0055 0.9341 0.3570
vn -0.0498 0.9311 0.3613
vn 0.0900 -0.4439 0.8915
vn 0.0634 -0.4278 0.9016
vn 0.0568 -0.4510 0.8907
vn 0.8946 -0.2390 0.3775
vn 0.8983 -0.3022 0.3189
vn 0.9146 -0.2374 0.3273
vn 0.0163 0.2335 0.9722
vn -0.0610 0.2844 0.9568
vn -0.0511 0.2326 0.9712
vn 0.3187 0.1902 0.9286
vn 0.3730 0.1730 0.9115
vn 0.3459 0.2037 0.9159
vn 0.0675 -0.0996 0.9927
vn 0.0671 -0.0616 0.9958
vn 0.0430 -0.0639 0.9970
vn -0.1810 0.2531 0.9504
vn -0.1437 0.2264 0.9634
vn -0.1462 0.2643 0.9533
vn 0.3982 0.0012 0.9173
vn 0.4282 -0.0527 0.9021
vn 0.4458 -0.0325 0.8945
vn 0.6172 -0.2092 0.7585
vn 0.6353 -0.2453 0.7323
vn 0.6349 -0.2057 0.7447
vn 0.3187 -0.1136 0.9410
vn 0.3490 -0.0856 0.9332
vn 0.3297 -0.0687 0.9416
vn -0.4059 -0.3693 0.8360
vn -0.3405 -0.3239 0.8827
vn -0.3895 -0.2105 0.8966
vn -0.6317 0.3637 0.6846
vn -0.6418 0.2670 0.7189
vn -0.6222 0.3132 0.7174
vn -0.4288 -0.3729 0.8229
vn -0.4064 -0.3652 0.8375
vn -0.4303 -0.3358 0.8379
vn -0.1436 -0.6883 0.7111
vn -0.1659 -0.6679 0.7255
vn -0.1709 -0.6798 0.7132
vn -0.9984 -0.0024 -0.0557
vn -0.9992 -0.0168 -0.0357
vn -0.9998 0.0199 0.0031
vn -0.9977 0.0654 0.0151
vn -0.9999 0.0071 -0.0104
vn -0.9984 0.0461 0.0326
vn 0.0167 -0.9194 0.3929
vn 0.0157 -0.9304 0.3663
vn 0.0522 -0.9236 0.3799
vn -0.0647 -0.7405 0.6690
vn -0.0293 -0.7425 0.6692
vn -0.0407 -0.7244 0.6881
vn -0.2805 -0.9476 0.1526
vn -0.2463 -0.9585 0.1439
vn -0.2258 -0.9547 0.1938
vn 0.1110 -0.1218 0.9863
vn 0.1219 -0.0857 0.9888
vn 0.0838 -0.1152 0.9898
vn 0.0297 0.0971 0.9948
vn 0.0623 0.0872 0.9942
vn 0.0763 0.1220 0.9896
vn 0.1036 -0.0333 0.9941
vn 0.1292 -0.0280 0.9912
vn 0.0308 0.0245 0.9992
vn -0.3095 0.1743 0.9348
vn -0.2426 0.1883 0.9517
vn -0.2790 0.2285 0.9327
vn 0.0134 -0.2976 0.9546
vn 0.0128 -0.2534 0.9673
vn -0.0930 -0.2696 0.9585
vn -0.0257 0.0217 0.9994
vn -0.0164 -0.0180 0.9997
vn -0.0001 0.0070 1.0000
vn -0.0243 -0.9929 0.1164
vn -0.0268 -0.9972 0.0705
vn 0.0010 -0.9966 0.0826
vn 0.7967 -0.0070 -0.6043
vn 0.8148 -0.0449 -0.5780
vn 0.7623 -0.0588 -0.6446
vn 0.9011 0.3778 0.2129
vn 0.9293 0.3118 0.1978
vn 0.9265 0.3393 0.1628
vn 0.1628 0.8935 -0.4184
vn 0.2187 0.9064 -0.3614
vn 0.2342 0.8749 -0.4240
vn -0.2255 0.9742 0.0005
vn -0.1634 0.9821 0.0933
vn -0.1628 0.9866 0.0043
vn 0.5730 0.8173 0.0612
vn 0.5314 0.8465 0.0334
vn 0.5162 0.8489 0.1132
vn 0.1104 0.8353 0.5386
vn 0.1601 0.8065 0.5691
vn 0.1837 0.8327 0.5224
vn 0.2568 0.8340 0.4883
vn 0.2704 0.7929 0.5461
vn 0.3041 0.8034 0.5119
vn -0.6027 0.0074 -0.7979
vn -0.5287 0.0319 -0.8482
vn -0.5527 -0.0102 -0.8333
vn -0.0708 -0.1482 -0.9864
vn -0.1181 -0.1903 -0.9746
vn -0.1275 -0.1393 -0.9820
vn -0.7542 0.5919 -0.2845
vn -0.7751 0.5494 -0.3122
vn -0.7868 0.5424 -0.2945
vn -0.1718 0.9601 -0.2204
vn -0.1626 0.9551 -0.2476
vn -0.1929 0.9445 -0.2658
vn 0.6364 0.7542 -0.1619
vn 0.5787 0.7824 -0.2304
vn 0.5657 0.8047 -0.1804
vn -0.3135 0.0588 -0.9478
vn -0.2796 0.0989 -0.9550
vn -0.2711 0.0467 -0.9614
vn 0.9040 0.1052 0.4145
vn 0.8844 0.0931 0.4574
vn 0.9126 0.0697 0.4030
vn -0.9782 0.2062 0.0252
vn -0.9850 0.1595 0.0655
vn -0.9748 0.1801 0.1316
vn -0.9786 0.2017 0.0403
vn -0.9918 0.1276 0.0041
vn -0.9888 0.1395 0.0526
vn -0.3595 0.9229 0.1377
vn -0.3263 0.9390 0.1083
vn -0.3757 0.9203 0.1088
vn -0.9756 0.2184 0.0211
vn -0.9708 0.2391 0.0209
vn -0.9732 0.2278 -0.0320
vn 0.3463 -0.5013 0.7929
vn 0.3364 -0.4485 0.8281
vn 0.3229 -0.5147 0.7942
vn -0.0911 0.1879 0.9780
vn -0.0703 0.2188 0.9732
vn -0.1023 0.2099 0.9723
vn -0.7964 0.4502 0.4038
vn -0.7952 0.4996 0.3435
vn -0.8105 0.4675 0.3528
vn -0.8027 -0.0629 0.5930
vn -0.8343 -0.0833 0.5450
vn -0.8299 -0.1291 0.5427
vn -0.0596 0.0352 0.9976
vn -0.0757 0.0078 0.9971
vn -0.0382 -0.0118 0.9992
vn -0.9765 -0.1190 -0.1796
vn -0.9781 -0.1485 -0.1459
vn -0.9843 -0.1120 -0.1367
vn -0.8570 -0.0514 -0.5128
vn -0.8730 -0.0613 -0.4839
vn -0.8697 -0.0271 -0.4929
vn 0.9718 0.2305 0.0493
vn 0.9767 0.2061 0.0605
vn 0.9758 0.2181 0.0145
vn 0.9882 0.1467 -0.0434
vn 0.9937 0.1107 -0.0153
vn 0.9945 0.0952 -0.0439
vn 0.9050 -0.1275 -0.4059
vn 0.8936 -0.1587 -0.4199
vn 0.8886 -0.1393 -0.4369
vn 0.3693 -0.0589 -0.9274
vn 0.3924 -0.0536 -0.9182
vn 0.3860 -0.0889 -0.9182
vn 0.0939 0.0718 -0.9930
vn 0.1187 0.0577 -0.9913
vn 0.0852 0.0504 -0.9951
vn 0.4746 -0.0227 -0.8799
vn 0.4454 -0.0165 -0.8952
vn 0.4558 0.0100 -0.8900
vn 0.4347 0.2615 -0.8618
vn 0.4681 0.2599 -0.8446
vn 0.4415 0.2527 -0.8609
vn -0.0272 -0.9545 0.2969
vn -0.0021 -0.9617 0.2740
vn 0.0164 -0.9571 0.2894
vn 0.0617 -0.8669 0.4946
vn 0.0210 -0.8676 0.4969
vn 0.0526 -0.8781 0.4757
vn -0.9885 -0.0499 0.1429
vn -0.9903 -0.0881 0.1075
vn -0.9860 -0.0926 0.1384
vn -0.0313 -0.0973 -0.9948
vn -0.0007 -0.1257 -0.9921
vn -0.0294 -0.1317 -0.9908
vn -0.9717 0.2069 0.1142
vn -0.9737 0.1898 0.1260
vn -0.9633 0.2097 0.1676
vn 0.6600 -0.0727 -0.7477
vn 0.6545 -0.1035 -0.7489
vn 0.6148 -0.0632 -0.7862
vn 0.3798 -0.2108 -0.9007
vn 0.4061 -0.2705 -0.8729
vn 0.3623 -0.2847 -0.8875
vn -0.1701 0.9817 0.0855
vn -0.1351 0.9888 0.0628
vn -0.1463 0.9892 0.0046
vn -0.9815 0.1861 0.0458
vn -0.9747 0.2221 -0.0254
vn -0.9866 0.1633 -0.0000
vn -0.9585 0.2781 0.0630
vn -0.9572 0.2864 0.0427
vn -0.9729 0.2289 0.0344
vn -0.9612 0.2759 0.0028
vn -0.9657 0.2592 -0.0156
vn -0.9723 0.2295 0.0432
vn -0.9402 0.2065 0.2708
vn -0.9407 0.1482 0.3051
vn -0.9326 0.1742 0.3161
vn 0.2603 0.9653 0.0193
vn 0.3036 0.9507 0.0637
vn 0.2768 0.9609 -0.0017
vn 0.9971 0.0111 -0.0746
vn 0.9940 -0.0744 -0.0805
vn 0.9927 -0.0301 -0.1169
vn -0.9659 0.2177 0.1404
vn -0.9780 0.1920 0.0818
vn -0.9682 0.2060 0.1422
vn -0.7122 0.7016 -0.0224
vn -0.7269 0.6849 -0.0506
vn -0.7342 0.6789 -0.0111
vn -0.5218 0.8530 0.0068
vn -0.5047 0.8632 -0.0122
vn -0.5347 0.8429 -0.0610
vn -0.9890 -0.1471 -0.0167
vn -0.9787 -0.1983 -0.0535
vn -0.9794 -0.1988 -0.0361
vn -0.0322 0.9995 0.0021
vn -0.0906 0.9953 -0.0344
vn -0.0960 0.9940 0.0518
vn -0.9894 -0.1454 -0.0056
vn -0.9859 -0.1420 -0.0882
vn -0.9829 -0.1714 -0.0674
vn -0.0797 -0.2024 0.9760
vn -0.0456 -0.2177 0.9750
vn -0.0442 -0.1728 0.9840
vn 0.1096 -0.9214 0.3729
vn 0.1627 -0.9077 0.3868
vn 0.1129 -0.9037 0.4129
vn -0.9968 -0.0603 0.0516
vn -0.9957 -0.0854 0.0368
vn -0.9956 -0.0770 0.0537
vn -0.9989 -0.0422 -0.0217
vn -0.9983 -0.0581 -0.0028
vn -0.9994 -0.0337 0.0037
vn 0.0477 0.0848 0.9953
vn 0.0656 0.0915 0.9936
vn 0.0504 0.1020 0.9935
vn 0.0090 0.9998 0.0175
vn -0.0094 0.9999 0.0122
vn -0.0210 0.9989 0.0429
vn 0.0053 0.9959 0.0901
vn 0.0656 0.9936 0.0920
vn 0.0403 0.9967 0.0711
vn 0.9963 0.0851 0.0082
vn 0.9976 0.0681 -0.0141
vn 0.9963 0.0841 -0.0168
vn -0.1672 0.9857 -0.0220
vn -0.1111 0.9938 -0.0006
vn -0.0995 0.9926 -0.0693
vn 0.2493 0.7619 0.5977
vn 0.2955 0.7602 0.5786
vn 0.2611 0.7735 0.5775
vn 0.2726 0.1930 0.9426
vn 0.3158 0.1953 0.9285
vn 0.3003 0.2233 0.9273
vn 0.0051 0.1733 0.9849
vn 0.0654 0.1793 0.9816
vn -0.0077 0.2115 0.9774
vn 0.1340 0.9629 -0.2341
vn 0.2240 0.9473 -0.2291
vn 0.1763 0.9520 -0.2503
vn 0.0506 0.9267 0.3724
vn 0.0921 0.9509 0.2953
vn 0.0301 0.9474 0.3185
vn 0.0311 0.0821 0.9961
vn 0.0425 0.0634 0.9971
vn 0.0815 0.1179 0.9897
vn -0.6750 0.1669 0.7187
vn -0.6624 0.1596 0.7319
vn -0.6559 0.2037 0.7268
vn 0.1685 0.6571 0.7347
vn 0.1968 0.6742 0.7119
vn 0.1702 0.6811 0.7121
vn -0.9724 -0.0188 0.2326
vn -0.9699 -0.0375 0.2406
vn -0.9657 -0.0326 0.2575
vn -0.0424 0.9980 -0.0469
vn -0.0567 0.9977 -0.0377
vn -0.0466 0.9985 -0.0299
vn 0.9842 0.0473 -0.1704
vn 0.9728 0.0566 -0.2244
vn 0.9759 0.0937 -0.1970
vn 0.9890 -0.0841 0.1218
vn 0.9843 -0.1166 0.1321
vn 0.9901 -0.1006 0.0982
vn -0.0567 -0.1282 -0.9901
vn -0.0236 -0.1247 -0.9919
vn -0.0198 -0.1547 -0.9878
vn 0.1457 0.9893 0.0048
vn 0.1505 0.9886 -0.0087
vn 0.1410 0.9898 -0.0208
vn 0.3310 0.9424 0.0479
vn 0.3391 0.9398 0.0411
vn 0.3359 0.9414 0.0310
vn -0.5459 0.8278 -0.1296
vn -0.5326 0.8244 -0.1918
vn -0.5894 0.7924 -0.1573
vn -0.1845 -0.0888 -0.9788
vn -0.1893 -0.1078 -0.9760
vn -0.2041 -0.1058 -0.9732
vn -0.2312 -0.0371 -0.9722
vn -0.2037 -0.0473 -0.9779
vn -0.2250 -0.0624 -0.9724
vn -0.0905 0.1145 -0.9893
vn -0.1415 0.0569 -0.9883
vn -0.1243 0.1285 -0.9839
vn -0.1671 0.0535 -0.9845
vn -0.1850 0.0500 -0.9815
vn -0.2104 0.0729 -0.9749
vn -0.0202 0.0671 -0.9975
vn 0.0164 0.0930 -0.9955
vn 0.0672 0.0632 -0.9957
vn -0.1647 0.0717 -0.9837
vn -0.1201 0.1443 -0.9822
vn -0.1156 0.1123 -0.9869
vn -0.1596 -0.0337 -0.9866
vn -0.0962 -0.0412 -0.9945
vn -0.1056 -0.0556 -0.9928
vn -0.0446 -0.0959 -0.9944
vn -0.0257 -0.1044 -0.9942
vn -0.0538 -0.1065 -0.9929
vn -0.1410 0.1982 -0.9700
vn -0.1181 0.1806 -0.9765
vn -0.1651 0.1872 -0.9683
vn -0.1721 -0.2658 -0.9485
vn -0.1564 -0.2526 -0.9549
vn -0.1609 -0.2824 -0.9457
vn -0.1464 0.9882 -0.0442
vn -0.1351 0.9877 -0.0783
vn -0.1675 0.9812 -0.0960
vn 0.4925 0.1095 -0.8634
vn 0.4785 0.1521 -0.8648
vn 0.4812 0.1406 -0.8653
vn 0.8137 0.2347 -0.5318
vn 0.8174 0.2711 -0.5084
vn 0.8366 0.2344 -0.4952
vn -0.8645 0.1857 -0.4670
vn -0.8758 0.1467 -0.4599
vn -0.8845 0.2029 -0.4202
vn -0.9752 0.0809 -0.2059
vn -0.9642 0.1372 -0.2267
vn -0.9624 0.0829 -0.2586
vn -0.2081 0.9584 0.1954
vn -0.2282 0.9575 0.1764
vn -0.2601 0.9459 0.1939
vn -0.3761 0.9261 0.0281
vn -0.3465 0.9380 0.0111
vn -0.3839 0.9234 -0.0023
vn -0.1597 0.4343 0.8865
vn -0.1644 0.4608 0.8722
vn -0.2014 0.4201 0.8849
vn -0.7993 -0.4511 0.3970
vn -0.8165 -0.4512 0.3602
vn -0.7820 -0.4893 0.3861
vn -0.2071 0.9199 0.3330
vn -0.2409 0.9194 0.3108
vn -0.2301 0.9153 0.3307
vn -0.8648 -0.4879 -0.1184
vn -0.8568 -0.5115 -0.0653
vn -0.8857 -0.4592 -0.0685
vn -0.9043 -0.4184 -0.0846
vn -0.8837 -0.4548 -0.1108
vn -0.8989 -0.4362 -0.0409
vn -0.1977 0.9771 0.0786
vn -0.2216 0.9654 0.1371
vn -0.1881 0.9774 0.0962
vn -0.9798 0.0604 -0.1905
vn -0.9877 0.0122 -0.1556
vn -0.9897 0.0731 -0.1231
vn -0.9822 0.1568 -0.1036
vn -0.9846 0.1142 -0.1321
vn -0.9918 0.1050 -0.0729
vn -0.7875 -0.2008 0.5827
vn -0.7748 -0.2955 0.5589
vn -0.7530 -0.2254 0.6183
vn -0.1890 -0.9769 -0.0998
vn -0.1445 -0.9809 -0.1305
vn -0.1682 -0.9833 -0.0695
vn -0.3116 -0.4169 0.8539
vn -0.2455 -0.4697 0.8480
vn -0.2233 -0.4451 0.8672
vn -0.7289 -0.1669 0.6640
vn -0.7433 -0.1867 0.6424
vn -0.7244 -0.2219 0.6527
vn -0.1473 -0.6249 0.7667
vn -0.2044 -0.6904 0.6940
vn -0.1401 -0.6702 0.7288
vn -0.0838 -0.0271 -0.9961
vn -0.0467 0.0586 -0.9972
vn -0.0185 0.0344 -0.9992
vn -0.0305 -0.9900 -0.1377
vn -0.0048 -0.9873 -0.1589
vn 0.0038 -0.9929 -0.1187
vn -0.0954 0.0650 -0.9933
vn -0.0738 0.0810 -0.9940
vn -0.0406 0.0534 -0.9977
vn -0.3274 0.0308 -0.9444
vn -0.2988 0.0427 -0.9533
vn -0.3094 0.0060 -0.9509
vn -0.4143 0.6816 -0.6032
vn -0.3925 0.6685 -0.6317
vn -0.4276 0.6607 -0.6169
vn -0.3970 -0.0678 -0.9153
vn -0.3872 -0.0339 -0.9214
vn -0.3655 -0.0473 -0.9296
vn -0.3461 0.0539 -0.9366
vn -0.3235 -0.0091 -0.9462
vn -0.3541 0.0088 -0.9352
vn -0.9592 -0.1555 -0.2362
vn -0.9449 -0.1698 -0.2800
vn -0.9463 -0.2164 -0.2403
vn -0.7479 0.6522 0.1237
vn -0.7433 0.6523 0.1482
vn -0.7303 0.6741 0.1107
vn -0.3627 0.9069 0.2143
vn -0.4022 0.8967 0.1847
vn -0.4151 0.8815 0.2253
vn -0.9104 0.3023 -0.2826
vn -0.9077 0.2573 -0.3314
vn -0.9143 0.2917 -0.2811
vn -0.9738 0.1782 -0.1415
vn -0.9672 0.1953 -0.1624
vn -0.9729 0.1490 -0.1771
vn -0.9247 0.2734 -0.2650
vn -0.9188 0.2397 -0.3137
vn -0.9341 0.2282 -0.2746
vn -0.9420 0.3303 0.0590
vn -0.9464 0.3215 0.0308
vn -0.9489 0.3056 0.0788
vn -0.5613 -0.8276 -0.0017
vn -0.6081 -0.7938 0.0008
vn -0.6050 -0.7942 -0.0561
vn -0.6957 -0.7044 0.1410
vn -0.7417 -0.6638 0.0961
vn -0.7088 -0.7006 0.0825
vn -0.9807 -0.0992 0.1686
vn -0.9730 -0.1250 0.1942
vn -0.9678 -0.0959 0.2327
vn -0.9023 0.2077 0.3777
vn -0.9203 0.1704 0.3521
vn -0.8979 0.1802 0.4016
vn -0.7352 -0.6774 0.0262
vn -0.7136 -0.6988 0.0493
vn -0.7373 -0.6710 0.0783
vn -0.8003 0.1933 0.5676
vn -0.7615 0.2143 0.6118
vn -0.7712 0.2383 0.5903
vn -0.8143 0.1049 0.5709
vn -0.7886 0.0509 0.6128
vn -0.7773 0.1020 0.6208
vn -0.5783 -0.7975 -0.1719
vn -0.5272 -0.8281 -0.1904
vn -0.5690 -0.8120 -0.1298
vn -0.8514 -0.0537 -0.5218
vn -0.8228 -0.0469 -0.5663
vn -0.8373 -0.1116 -0.5352
vn -0.9633 0.1226 -0.2387
vn -0.9620 0.0680 -0.2645
vn -0.9730 0.0591 -0.2233
vn -0.0023 0.2912 -0.9567
vn 0.0731 0.2441 -0.9670
vn -0.0042 0.2594 -0.9658
vn -0.3181 0.9480 -0.0074
vn -0.3370 0.9405 0.0434
vn -0.2867 0.9580 0.0063
vn -0.6552 -0.7542 0.0440
vn -0.6383 -0.7696 0.0167
vn -0.6361 -0.7680 0.0743
vn -0.9782 -0.1365 0.1563
vn -0.9788 -0.1733 0.1090
vn -0.9668 -0.1806 0.1810
vn -0.3467 0.9276 0.1391
vn -0.3562 0.9306 0.0839
vn -0.3941 0.9151 0.0853
vn -0.3784 0.3094 0.8724
vn -0.3437 0.2902 0.8931
vn -0.2982 0.3202 0.8992
vn -0.1157 0.9889 -0.0927
vn -0.0422 0.9961 -0.0779
vn -0.0769 0.9865 -0.1447
vn -0.3465 -0.9298 -0.1244
vn -0.3043 -0.9372 -0.1704
vn -0.3009 -0.9459 -0.1213
vn -0.7687 0.6249 0.1365
vn -0.7806 0.6217 0.0644
vn -0.8125 0.5729 0.1081
vn -0.8247 0.5617 0.0660
vn -0.8452 0.5331 0.0381
vn -0.8497 0.5188 0.0938
vn -0.5394 0.8356 -0.1037
vn -0.5452 0.8178 -0.1843
vn -0.5668 0.8207 -0.0722
vn 0.3456 0.8751 0.3388
vn 0.3153 0.9062 0.2818
vn 0.2907 0.8889 0.3539
vn -0.6120 0.7891 -0.0529
vn -0.5687 0.8211 -0.0495
vn -0.5929 0.7950 -0.1282
vn -0.3632 -0.9226 0.1300
vn -0.3967 -0.9071 0.1409
vn -0.3297 -0.9436 0.0291
vn -0.0892 0.9795 -0.1804
vn -0.0213 0.9723 -0.2327
vn -0.0901 0.9597 -0.2663
vn -0.9991 -0.0210 0.0376
vn -0.9999 -0.0158 -0.0048
vn -0.9987 -0.0418 0.0292
vn -0.9675 0.1211 0.2220
vn -0.9403 0.1464 0.3073
vn -0.9557 0.1701 0.2403
vn 0.8976 0.1607 -0.4105
vn 0.8975 0.1186 -0.4247
vn 0.8595 0.1316 -0.4939
vn -0.9941 -0.0358 -0.1020
vn -0.9838 -0.0373 -0.1751
vn -0.9884 -0.0766 -0.1313
vn -0.9889 -0.0019 -0.1483
vn -0.9831 -0.0585 -0.1737
vn -0.9901 -0.0644 -0.1250
vn -0.3900 0.8639 -0.3188
vn -0.3425 0.8921 -0.2947
vn -0.3468 0.8712 -0.3475
vn -0.6156 -0.1696 0.7696
vn -0.6627 -0.1659 0.7303
vn -0.6341 -0.1915 0.7491
vn -0.5128 0.8573 0.0448
vn -0.4918 0.8705 -0.0168
vn -0.5575 0.8299 0.0227
vn 0.1643 0.9528 0.2551
vn 0.2335 0.9326 0.2751
vn 0.1980 0.9609 0.1936
vn -0.3836 0.9191 0.0896
vn -0.3555 0.9276 0.1148
vn -0.3596 0.9300 0.0758
vn -0.3585 0.9280 -0.1013
vn -0.3636 0.9210 -0.1400
vn -0.3871 0.9160 -0.1057
vn -0.2897 -0.8940 0.3419
vn -0.3179 -0.8736 0.3685
vn -0.3374 -0.8836 0.3246
vn -0.1930 0.2521 0.9483
vn -0.1431 0.2690 0.9524
vn -0.1789 0.3171 0.9314
vn -0.2495 0.9665 -0.0594
vn -0.2937 0.9523 -0.0826
vn -0.2799 0.9594 -0.0346
vn -0.4358 0.8985 -0.0528
vn -0.4069 0.9093 -0.0871
vn -0.4607 0.8826 -0.0935
vn 0.0836 0.9965 -0.0000
vn 0.0498 0.9982 -0.0333
vn 0.0353 0.9993 -0.0087
vn -0.0284 0.0228 -0.9993
vn 0.0141 0.0134 -0.9998
vn -0.0054 -0.0015 -1.0000
vn -0.0091 0.0414 -0.9991
vn -0.0291 0.0412 -0.9987
vn -0.0058 0.0544 -0.9985
vn -0.0189 0.9876 0.1560
vn -0.0004 0.9875 0.1575
vn 0.0098 0.9909 0.1339
vn -0.1092 0.9937 0.0262
vn -0.0760 0.9968 0.0235
vn -0.0951 0.9955 0.0031
vn 0.9984 -0.0247 -0.0504
vn 0.9998 -0.0171 -0.0117
vn 0.9979 -0.0629 -0.0164
vn 0.9866 -0.0806 -0.1417
vn 0.9804 -0.1183 -0.1574
vn 0.9775 -0.1038 -0.1834
vn -0.0034 0.9960 0.0889
vn 0.0076 0.9933 0.1153
vn 0.0251 0.9951 0.0961
vn -0.9945 -0.0967 0.0412
vn -0.9958 -0.0914 0.0006
vn -0.9907 -0.1338 0.0250
vn -0.7052 0.6186 -0.3463
vn -0.6902 0.6190 -0.3748
vn -0.7147 0.5906 -0.3747
vn -0.5554 -0.2105 -0.8045
vn -0.5875 -0.1873 -0.7873
vn -0.5554 -0.1787 -0.8122
vn -0.6600 -0.2485 -0.7090
vn -0.6326 -0.2870 -0.7193
vn -0.6572 -0.2960 -0.6932
vn -0.8447 0.1611 -0.5104
vn -0.8340 0.1336 -0.5354
vn -0.8581 0.1279 -0.4973
vn 0.9931 -0.0334 -0.1124
vn 0.9891 -0.0443 -0.1406
vn 0.9905 -0.0171 -0.1367
vn 0.0631 0.9980 0.0026
vn 0.0701 0.9971 -0.0287
vn 0.0521 0.9983 -0.0257
vn -0.9946 -0.0708 0.0763
vn -0.9956 -0.0825 0.0439
vn -0.9900 -0.1202 0.0741
vn -0.8408 0.2581 0.4758
vn -0.8601 0.2144 0.4629
vn -0.8294 0.2120 0.5168
vn -0.1126 0.9936 -0.0094
vn -0.1521 0.9874 0.0428
vn -0.1066 0.9941 0.0191
vn -0.6408 0.7482 0.1720
vn -0.6807 0.7174 0.1484
vn -0.6768 0.7124 0.1853
vn -0.0565 -0.9907 -0.1238
vn 0.0202 -0.9938 -0.1092
vn -0.0504 -0.9952 -0.0843
vn -0.9626 0.1862 0.1966
vn -0.9721 0.1278 0.1969
vn -0.9568 0.1816 0.2271
vn -0.8470 0.2386 0.4750
vn -0.8619 0.2298 0.4520
vn -0.8582 0.1783 0.4813
vn -0.9752 0.2045 0.0843
vn -0.9703 0.2083 0.1229
vn -0.9626 0.2549 0.0921
vn -0.1019 0.1890 -0.9767
vn -0.1298 0.1497 -0.9802
vn -0.1306 0.1873 -0.9736
vn -0.8373 -0.0549 -0.5439
vn -0.8345 -0.0364 -0.5497
vn -0.8148 -0.0603 -0.5765
vn -0.0123 0.0245 -0.9996
vn -0.0348 0.0074 -0.9994
vn -0.0486 0.0221 -0.9986
vn -0.1515 0.0572 -0.9868
vn -0.0954 0.0623 -0.9935
vn -0.1214 0.0463 -0.9915
vn -0.8790 -0.4392 -0.1856
vn -0.8916 -0.4400 -0.1072
vn -0.9039 -0.4049 -0.1380
vn -0.9536 0.1297 0.2716
vn -0.9615 0.0998 0.2559
vn -0.9542 0.0920 0.2845
vn -0.2728 -0.9584 -0.0838
vn -0.2453 -0.9605 -0.1314
vn -0.2256 -0.9700 -0.0904
vn -0.0386 -0.9987 -0.0348
vn -0.0589 -0.9933 -0.0991
vn -0.0155 -0.9966 -0.0805
vn -0.9874 -0.0698 0.1417
vn -0.9939 -0.0624 0.0911
vn -0.9877 -0.0902 0.1276
vn -0.9952 0.0622 0.0751
vn -0.9945 0.0437 0.0954
vn -0.9894 0.0677 0.1288
vn -0.9577 0.1704 0.2317
vn -0.9619 0.1361 0.2373
vn -0.9496 0.1609 0.2689
vn -0.9999 0.0015 0.0140
vn -0.9997 -0.0102 -0.0236
vn -0.9990 -0.0394 0.0186
vn -0.1397 0.0689 -0.9878
vn -0.1161 0.0964 -0.9885
vn -0.1159 0.0614 -0.9914
vn -0.9896 0.0867 0.1144
vn -0.9948 0.0579 0.0833
vn -0.9930 0.0463 0.1083
vn -0.0503 0.9940 0.0976
vn -0.0591 0.9950 0.0800
vn -0.0679 0.9933 0.0937
vn 0.1476 0.9889 0.0178
vn 0.1299 0.9914 0.0170
vn 0.1355 0.9899 0.0409
vn -0.8226 -0.1594 -0.5459
vn -0.8091 -0.2632 -0.5255
vn -0.8515 -0.1959 -0.4864
vn -0.9919 0.1149 0.0541
vn -0.9988 0.0454 -0.0153
vn -0.9969 0.0129 0.0781
vn -0.3042 -0.9509 -0.0567
vn -0.3114 -0.9443 -0.1064
vn -0.2734 -0.9578 -0.0894
vn -0.2948 -0.6353 -0.7138
vn -0.2284 -0.6361 -0.7370
vn -0.2727 -0.6770 -0.6836
vn -0.0202 -0.2829 -0.9589
vn 0.0120 -0.2499 -0.9682
vn 0.0436 -0.2892 -0.9563
vn -0.6927 -0.6507 -0.3111
vn -0.6665 -0.6550 -0.3560
vn -0.6498 -0.6892 -0.3205
vn -0.5797 -0.7889 0.2038
vn -0.5146 -0.8248 0.2341
vn -0.5765 -0.7768 0.2532
vn -0.6701 -0.7104 0.2149
vn -0.6522 -0.7380 0.1734
vn -0.6598 -0.7171 0.2245
vn -0.7484 -0.5389 0.3866
vn -0.7990 -0.5164 0.3082
vn -0.7416 -0.5989 0.3023
vn -0.5229 -0.7899 0.3203
vn -0.4949 -0.8275 0.2651
vn -0.4752 -0.7967 0.3734
vn -0.9887 0.0534 -0.1400
vn -0.9902 0.0208 -0.1382
vn -0.9935 0.0374 -0.1072
vn -0.0076 0.1341 0.9909
vn 0.0062 0.0999 0.9950
vn 0.0230 0.1410 0.9897
vn 0.0410 -0.0743 0.9964
vn 0.0082 -0.0976 0.9952
vn 0.0214 -0.1125 0.9934
vn 0.0469 -0.0639 0.9969
vn 0.0782 -0.0324 0.9964
vn 0.0610 -0.0206 0.9979
vn -0.7904 -0.3798 0.4807
vn -0.7435 -0.3549 0.5668
vn -0.7933 -0.3263 0.5140
vn -0.2358 0.9712 0.0327
vn -0.1579 0.9874 -0.0031
vn -0.2054 0.9781 -0.0346
vn 0.0301 0.0811 0.9963
vn -0.0221 0.1353 0.9906
vn 0.0015 0.0782 0.9969
vn -0.1318 0.9628 0.2361
vn -0.0240 0.9693 0.2447
vn -0.0594 0.9804 0.1881
vn -0.6336 -0.5136 0.5787
vn -0.6628 -0.5595 0.4976
vn -0.5963 -0.5836 0.5513
vn -0.1337 -0.0830 0.9875
vn -0.0625 -0.1138 0.9915
vn -0.0473 -0.0502 0.9976
vn -0.9707 0.0533 -0.2341
vn -0.9546 0.0216 -0.2970
vn -0.9622 0.0052 -0.2722
vn -0.9890 -0.0097 -0.1474
vn -0.9786 -0.0466 -0.2003
vn -0.9816 -0.0708 -0.1771
vn -0.4114 0.8559 0.3133
vn -0.4240 0.8458 0.3239
vn -0.4130 0.8440 0.3423
vn -0.2457 -0.9658 0.0831
vn -0.2378 -0.9704 0.0427
vn -0.1742 -0.9812 0.0834
vn -0.4407 -0.8897 0.1194
vn -0.4252 -0.9011 0.0852
vn -0.4108 -0.9020 0.1329
vn -0.8990 0.4318 0.0729
vn -0.9192 0.3929 -0.0275
vn -0.9193 0.3911 0.0434
vn -0.9990 -0.0370 0.0250
vn -0.9994 -0.0049 -0.0341
vn -0.9984 -0.0569 -0.0065
vn -0.1385 0.9902 -0.0166
vn -0.0944 0.9955 0.0089
vn -0.0940 0.9949 -0.0374
vn -0.0680 0.9925 -0.1016
vn -0.0197 0.9922 -0.1228
vn -0.0696 0.9867 -0.1467
vn -0.3347 -0.1667 0.9275
vn -0.3434 -0.0894 0.9349
vn -0.3776 -0.0853 0.9221
vn -0.1179 0.9930 -0.0105
vn -0.0781 0.9968 -0.0189
vn -0.1153 0.9912 -0.0647
vn -0.0854 -0.9710 0.2233
vn -0.0552 -0.9720 0.2284
vn -0.0599 -0.9606 0.2715
vn -0.7847 0.3285 0.5257
vn -0.8189 0.2680 0.5076
vn -0.7839 0.2778 0.5554
vn -0.2201 0.9743 -0.0480
vn -0.2116 0.9755 -0.0603
vn -0.2512 0.9632 -0.0953
vn -0.9906 -0.1299 0.0425
vn -0.9934 -0.1139 -0.0131
vn -0.9883 -0.1504 0.0259
vn -0.9949 -0.0993 0.0155
vn -0.9937 -0.1120 -0.0070
vn -0.9909 -0.1262 0.0474
vn -0.9964 -0.0844 -0.0078
vn -0.9942 -0.1050 0.0249
vn -0.9979 -0.0568 0.0300
vn -0.9769 0.1946 0.0880
vn -0.9736 0.1876 0.1299
vn -0.9717 0.2126 0.1029
vn -0.0786 -0.9649 -0.2506
vn -0.0891 -0.9548 -0.2836
vn -0.0390 -0.9655 -0.2576
vn -0.1966 0.1472 -0.9694
vn -0.1544 0.1188 -0.9808
vn -0.2283 0.1234 -0.9657
vn -0.7735 0.6065 -0.1837
vn -0.7894 0.5781 -0.2064
vn -0.8073 0.5739 -0.1375
vn -0.8267 0.0122 0.5625
vn -0.7823 -0.0172 0.6227
vn -0.7990 0.0405 0.6000
vn -0.5183 0.8536 0.0526
vn -0.5146 0.8574 -0.0088
vn -0.5679 0.8230 0.0161
vn -0.6107 0.4342 0.6622
vn -0.5688 0.4468 0.6905
vn -0.6121 0.4788 0.6294
vn -0.9586 0.0282 -0.2834
vn -0.9569 0.0010 -0.2903
vn -0.9613 0.0014 -0.2753
vn -0.3316 -0.1031 -0.9378
vn -0.3350 -0.1409 -0.9316
vn -0.3637 -0.1220 -0.9235
vn -0.7473 -0.6227 0.2319
vn -0.7237 -0.6651 0.1841
vn -0.6832 -0.6734 0.2824
vn -0.2188 0.0736 -0.9730
vn -0.1895 0.0545 -0.9804
vn -0.1982 0.0019 -0.9802
vn -0.9981 0.0585 0.0197
vn -0.9996 -0.0237 0.0130
vn -0.9973 0.0215 0.0696
vn 0.0616 -0.2294 0.9714
vn 0.0663 -0.2833 0.9567
vn 0.1173 -0.2355 0.9648
vn -0.4592 0.0020 0.8884
vn -0.4070 -0.0281 0.9130
vn -0.4194 0.0622 0.9057
vn -0.9863 0.1625 -0.0285
vn -0.9916 0.1241 -0.0376
vn -0.9907 0.1363 -0.0016
vn -0.9758 -0.1304 -0.1756
vn -0.9610 -0.1635 -0.2229
vn -0.9658 -0.1785 -0.1882
vn -0.2068 -0.2275 -0.9516
vn -0.2281 -0.2159 -0.9494
vn -0.1799 -0.1894 -0.9653
vn -0.5027 -0.0628 -0.8622
vn -0.5001 -0.1166 -0.8581
vn -0.5132 -0.1091 -0.8513
vn -0.0308 -0.0278 -0.9991
vn -0.0277 -0.0382 -0.9989
vn -0.0648 -0.0221 -0.9977
vn -0.1570 0.0648 -0.9855
vn -0.1853 0.0560 -0.9811
vn -0.1767 0.0624 -0.9823
vn 0.0316 0.7668 -0.6411
vn 0.0796 0.7560 -0.6497
vn -0.0125 0.7240 -0.6897
vn 0.0196 -0.8311 -0.5558
vn 0.1299 -0.8362 -0.5328
vn 0.0799 -0.8532 -0.5154
vn -0.3643 0.8469 -0.3873
vn -0.3279 0.8456 -0.4212
vn -0.3819 0.8216 -0.4233
vn 0.0292 0.8797 -0.4746
vn -0.0028 0.8945 -0.4471
vn 0.0354 0.8961 -0.4424
vn 0.8642 0.4724 -0.1731
vn 0.8548 0.4656 -0.2292
vn 0.8432 0.4951 -0.2096
vn -0.1034 0.1931 -0.9757
vn -0.1088 0.1575 -0.9815
vn -0.1243 0.1810 -0.9756
vn 0.0008 0.1216 -0.9926
vn 0.0187 0.1486 -0.9887
vn 0.0335 0.1278 -0.9912
vn -0.2003 0.7934 -0.5749
vn -0.3314 0.7819 -0.5280
vn -0.2487 0.8126 -0.5270
vn -0.1761 0.3749 -0.9102
vn -0.1515 0.3427 -0.9271
vn -0.1876 0.3416 -0.9209
vn -0.0997 0.9929 0.0650
vn -0.1180 0.9926 0.0268
vn -0.1340 0.9892 0.0592
vn 0.0860 0.9755 0.2026
vn 0.1098 0.9783 0.1754
vn 0.0706 0.9825 0.1724
vn 0.0080 0.4936 -0.8697
vn 0.0390 0.4769 -0.8781
vn 0.0195 0.4563 -0.8896
vn 0.1166 0.6712 -0.7321
vn 0.1230 0.6595 -0.7415
vn 0.0880 0.6715 -0.7357
vn 0.9320 0.1041 -0.3471
vn 0.9165 0.1436 -0.3735
vn 0.9331 0.1475 -0.3279
vn 0.1345 -0.9612 -0.2410
vn 0.0895 -0.9665 -0.2405
vn 0.1239 -0.9543 -0.2720
vn -0.0183 0.0911 -0.9957
vn 0.0074 0.0598 -0.9982
vn -0.0368 -0.0111 -0.9993
vn -0.1616 0.9812 -0.1058
vn -0.1508 0.9794 -0.1342
vn -0.1953 0.9747 -0.1087
vn 0.0659 -0.7963 -0.6013
vn -0.0111 -0.7857 -0.6185
vn 0.0848 -0.7905 -0.6066
vn -0.0161 -0.8609 -0.5086
vn 0.0697 -0.8106 -0.5814
vn 0.0761 -0.8557 -0.5119
vn 0.9007 -0.0189 -0.4340
vn 0.8672 -0.0661 -0.4935
vn 0.8618 0.0002 -0.5072
vn -0.1438 0.7506 -0.6449
vn -0.0825 0.7419 -0.6655
vn -0.1377 0.6973 -0.7035
vn 0.6843 -0.0295 -0.7286
vn 0.6409 -0.0235 -0.7673
vn 0.6779 0.0278 -0.7346
vn 0.0452 0.0882 -0.9951
vn 0.0996 0.0138 -0.9949
vn 0.0504 0.0187 -0.9986
vn 0.2323 0.5119 -0.8271
vn 0.2025 0.4693 -0.8595
vn 0.1979 0.5461 -0.8140
vn -0.4788 0.4148 -0.7738
vn -0.5604 0.4038 -0.7231
vn -0.5296 0.4400 -0.7252
vn -0.2050 0.9719 -0.1155
vn -0.2207 0.9733 -0.0634
vn -0.1354 0.9869 -0.0879
vn -0.1717 0.9400 0.2949
vn -0.2338 0.9450 0.2285
vn -0.2443 0.9325 0.2661
vn -0.2893 0.1554 -0.9446
vn -0.2354 0.1601 -0.9586
vn -0.2647 0.1099 -0.9580
vn 0.1076 -0.9224 -0.3711
vn 0.0649 -0.9296 -0.3627
vn 0.0807 -0.9110 -0.4045
vn -0.0959 -0.1300 -0.9869
vn -0.1407 -0.1725 -0.9749
vn -0.1374 -0.1314 -0.9818
vn 0.8778 0.1397 -0.4581
vn 0.8943 0.0974 -0.4368
vn 0.8741 0.1154 -0.4717
vn 0.9675 -0.1624 -0.1940
vn 0.9599 -0.1815 -0.2138
vn 0.9624 -0.1646 -0.2161
vn 0.6240 0.6058 -0.4936
vn 0.6480 0.5571 -0.5193
vn 0.6178 0.5791 -0.5320
vn 0.0227 0.9898 0.1407
vn 0.0471 0.9839 0.1724
vn 0.0507 0.9914 0.1204
vn -0.2618 0.8763 -0.4044
vn -0.2561 0.8882 -0.3815
vn -0.2241 0.8890 -0.3993
vn -0.1097 0.1477 -0.9829
vn -0.1181 0.0975 -0.9882
vn -0.1518 0.1345 -0.9792
vn 0.3565 0.8940 0.2716
vn 0.3898 0.8852 0.2539
vn 0.3731 0.9028 0.2140
vn 0.1550 -0.7585 -0.6330
vn 0.1358 -0.7312 -0.6685
vn 0.1823 -0.7327 -0.6557
vn -0.1863 0.1635 -0.9688
vn -0.3285 0.0888 -0.9403
vn -0.3066 0.1838 -0.9339
vn 0.8126 0.4282 0.3955
vn 0.7881 0.4731 0.3938
vn 0.8296 0.4014 0.3881
vn 0.6980 0.3130 0.6441
vn 0.7189 0.2593 0.6449
vn 0.6916 0.2193 0.6882
vn 0.0386 -0.2731 -0.9612
vn 0.0275 -0.2724 -0.9618
vn 0.1280 -0.2878 -0.9491
vn -0.2451 0.9661 -0.0816
vn -0.3327 0.9416 0.0524
vn -0.2252 0.9669 0.1196
vn 0.6746 -0.7377 -0.0249
vn 0.6798 -0.7317 -0.0491
vn 0.6833 -0.7298 -0.0231
vn 0.1307 -0.0573 -0.9898
vn 0.1587 -0.0779 -0.9842
vn 0.1290 -0.0741 -0.9889
vn -0.1236 -0.1480 -0.9812
vn -0.1410 -0.1612 -0.9768
vn -0.1448 -0.1499 -0.9780
vn -0.1148 0.9896 -0.0871
vn -0.1209 0.9884 -0.0921
vn -0.1215 0.9891 -0.0827
vn 0.2562 -0.9546 -0.1519
vn 0.2330 -0.9612 -0.1475
vn 0.2209 -0.9604 -0.1701
vn 0.9717 0.1083 -0.2099
vn 0.9715 0.0988 -0.2154
vn 0.9643 0.1145 -0.2387
vn -0.1659 0.9841 -0.0639
vn -0.1522 0.9841 -0.0916
vn -0.1752 0.9815 -0.0768
vn -0.1364 0.9891 -0.0558
vn -0.1117 0.9924 -0.0519
vn -0.1355 0.9871 -0.0848
vn -0.1760 -0.1050 -0.9788
vn -0.1628 -0.1198 -0.9794
vn -0.1791 -0.1257 -0.9758
vn -0.1632 -0.1540 -0.9745
vn -0.1547 -0.1407 -0.9779
vn -0.1556 -0.1559 -0.9754
vn -0.1318 0.9894 -0.0606
vn -0.1220 0.9891 -0.0820
vn -0.1393 0.9881 -0.0650
vn -0.1547 -0.0341 -0.9874
vn -0.1130 -0.0443 -0.9926
vn -0.1327 -0.0641 -0.9891
vn 0.0421 -0.8489 -0.5270
vn 0.0625 -0.8493 -0.5242
vn 0.0482 -0.8653 -0.4989
vn -0.1755 -0.2603 -0.9494
vn -0.1488 -0.2456 -0.9579
vn -0.1347 -0.2617 -0.9557
vn -0.8727 0.2690 0.4075
vn -0.8787 0.2278 0.4194
vn -0.8501 0.2719 0.4511
vn 0.9968 0.0356 0.0711
vn 0.9983 0.0422 0.0403
vn 0.9955 0.0697 0.0648
vn 0.9945 0.0715 0.0770
vn 0.9973 0.0383 0.0628
vn 0.9954 0.0804 0.0513
vn 0.9909 0.0890 0.1009
vn 0.9932 0.0542 0.1032
vn 0.9944 0.0794 0.0690
vn 0.9910 -0.0365 -0.1289
vn 0.9908 -0.0639 -0.1191
vn 0.9803 -0.0778 -0.1813
vn 0.9933 -0.0238 -0.1131
vn 0.9838 -0.1070 -0.1440
vn 0.9854 0.0096 -0.1697
vn 0.7468 0.5798 -0.3258
vn 0.7473 0.5409 -0.3861
vn 0.7178 0.5866 -0.3751
vn -0.0338 0.9965 0.0767
vn 0.0877 0.9955 0.0360
vn -0.0792 0.9968 -0.0087
vn 0.5588 0.8278 0.0501
vn 0.5364 0.8434 0.0308
vn 0.5405 0.8387 0.0661
vn 0.4806 0.8709 0.1031
vn 0.5845 0.8110 0.0245
vn 0.4632 0.8841 0.0614
vn 0.1131 -0.5982 -0.7933
vn 0.2470 -0.6211 -0.7438
vn 0.1001 -0.6280 -0.7717
vn -0.0080 0.0882 -0.9961
vn -0.0853 -0.0668 -0.9941
vn -0.1150 -0.0062 -0.9933
vn 0.9628 -0.2546 0.0909
vn 0.9489 -0.3113 0.0515
vn 0.9845 -0.1726 -0.0313
vn -0.8362 0.5322 0.1327
vn -0.8553 0.5081 0.1014
vn -0.8463 0.5134 0.1423
vn 0.9888 0.1397 -0.0529
vn 0.9915 0.1238 -0.0394
vn 0.9907 0.1155 -0.0726
vn -0.1284 0.9911 -0.0352
vn -0.1226 0.9894 -0.0779
vn -0.1615 0.9848 -0.0638
vn -0.0763 0.0806 -0.9938
vn -0.0417 0.0598 -0.9973
vn -0.0605 0.0481 -0.9970
vn -0.8597 0.1323 0.4934
vn -0.8456 0.1582 0.5098
vn -0.8695 0.1715 0.4631
vn -0.8503 0.0311 0.5254
vn -0.8572 0.0900 0.5071
vn -0.8767 0.0240 0.4804
vn 0.0283 0.4316 -0.9016
vn -0.0348 0.3936 -0.9186
vn -0.0706 0.4514 -0.8895
vn 0.0743 0.3011 0.9507
vn -0.0530 0.3957 0.9168
vn -0.0805 0.3320 0.9398
vn -0.0688 0.9769 -0.2026
vn -0.1382 0.9811 -0.1355
vn 0.0656 0.9841 -0.1652
vn 0.3627 -0.5751 0.7333
vn 0.3464 -0.6018 0.7196
vn 0.3759 -0.5997 0.7064
vn 0.8964 -0.4317 -0.1010
vn 0.8925 -0.4309 -0.1335
vn 0.9053 -0.4079 -0.1187
vn 0.9977 0.0408 -0.0543
vn 0.9972 0.0271 -0.0696
vn 0.9952 0.0479 -0.0856
vn 0.9964 0.0275 -0.0798
vn 0.2748 -0.0333 0.9609
vn 0.1849 -0.0361 0.9821
vn 0.2532 -0.1188 0.9601
vn -0.1740 0.9753 -0.1361
vn -0.4091 0.4238 0.8081
vn -0.3337 0.4511 0.8277
vn -0.3412 0.4899 0.8022
vn 0.6656 0.7079 0.2364
vn 0.7047 0.6904 0.1636
vn 0.6221 0.7593 0.1908
vn 0.0695 0.0623 -0.9956
vn 0.0812 0.0312 -0.9962
vn 0.0417 0.0081 -0.9991
vn 0.5467 -0.7178 -0.4312
vn 0.5192 -0.7343 -0.4373
vn 0.5289 -0.7115 -0.4626
vn -0.8708 0.1162 -0.4777
vn -0.8619 0.1527 -0.4835
vn -0.8377 0.1050 -0.5360
vn 0.7097 0.4298 -0.5582
vn 0.6864 0.4877 -0.5394
vn 0.7165 0.4944 -0.4921
vn 0.9961 0.0487 -0.0734
vn 0.9974 -0.0053 -0.0723
vn 0.9908 -0.0055 -0.1349
vn -0.5580 -0.7279 -0.3986
vn -0.5596 -0.7572 -0.3369
vn -0.5824 -0.7399 -0.3367
vn -0.2816 -0.3133 -0.9069
vn -0.2573 -0.3040 -0.9173
vn -0.2774 -0.3389 -0.8990
vn 0.8453 0.2798 -0.4551
vn 0.8446 0.2396 -0.4788
vn 0.5793 0.4837 -0.6561
vn 0.8554 0.2670 -0.4439
vn 0.8299 0.1537 -0.5364
vn 0.5556 0.1953 -0.8082
vn -0.0698 0.9684 -0.2396
vn -0.0048 0.9684 -0.2495
vn -0.0559 0.9546 -0.2927
vn -0.0167 0.9994 0.0289
vn -0.0684 0.9817 -0.1780
vn -0.0996 0.9949 0.0160
vn 0.3559 0.6434 -0.6778
vn 0.3551 0.5962 -0.7200
vn 0.3217 0.6447 -0.6935
vn 0.0281 0.9968 -0.0746
vn 0.0777 0.9911 -0.1077
vn 0.0133 0.9930 -0.1174
vn -0.2370 -0.0986 -0.9665
vn -0.2052 -0.1446 -0.9680
vn -0.2301 -0.1501 -0.9615
vn 0.5895 0.3197 0.7418
vn 0.6405 0.3472 0.6850
vn 0.5976 0.3515 0.7206
vn -0.0655 0.9946 -0.0807
vn -0.0657 0.9936 -0.0917
vn -0.0988 0.9920 -0.0786
vn 0.4955 0.4492 0.7434
vn 0.5239 0.4508 0.7227
vn 0.5179 0.5005 0.6937
vn -0.1472 -0.3936 -0.9074
vn -0.1015 -0.3537 -0.9299
vn -0.1279 -0.3975 -0.9086
vn -0.1844 0.6516 0.7358
vn -0.1216 0.6296 0.7674
vn -0.1218 0.6728 0.7298
vn -0.2753 0.5138 0.8125
vn -0.2314 0.5208 0.8217
vn -0.2935 0.5466 0.7843
vn -0.4583 0.3981 0.7947
vn -0.4878 0.4244 0.7628
vn -0.4705 0.3804 0.7962
vn -0.0939 -0.4386 -0.8937
vn -0.1129 -0.4470 -0.8874
vn -0.1257 -0.4310 -0.8935
vn -0.1492 -0.3693 -0.9172
vn -0.1616 -0.3651 -0.9168
vn -0.1458 -0.3505 -0.9252
vn 0.0395 0.8862 -0.4616
vn 0.0531 0.8839 -0.4646
vn 0.0428 0.8828 -0.4679
vn 0.1528 -0.8040 -0.5747
vn 0.0967 -0.8167 -0.5689
vn 0.0603 -0.7979 -0.5997
vn 0.7229 0.6890 0.0518
vn 0.7013 0.7113 0.0471
vn 0.7102 0.7005 0.0704
vn 0.1818 0.9782 0.0999
vn 0.2033 0.9765 0.0720
vn 0.1827 0.9807 0.0694
vn 0.1153 0.9925 0.0401
vn 0.1534 0.9874 0.0395
vn 0.1440 0.9895 0.0144
vn -0.7760 -0.2563 -0.5763
vn -0.7917 -0.2599 -0.5529
vn -0.7866 -0.2193 -0.5772
vn 0.0664 -0.7409 -0.6684
vn 0.0999 -0.7181 -0.6887
vn 0.1017 -0.7481 -0.6558
vn 0.9715 -0.1554 -0.1789
vn 0.9692 -0.1381 -0.2040
vn 0.9758 -0.1137 -0.1866
vn 0.9699 -0.0069 -0.2433
vn 0.9621 -0.0206 -0.2719
vn 0.9587 -0.0051 -0.2845
vn 0.0825 0.9084 -0.4099
vn 0.0309 0.9169 -0.3979
vn 0.0634 0.9230 -0.3795
vn 0.0155 0.9301 -0.3670
vn 0.0255 0.9317 -0.3624
vn 0.0185 0.9176 -0.3971
vn -0.0098 0.4840 -0.8750
vn 0.0087 0.4847 -0.8746
vn 0.0266 0.4619 -0.8865
vn -0.1411 0.3039 -0.9422
vn -0.1036 0.2962 -0.9495
vn -0.1404 0.2736 -0.9515
vn -0.7846 0.5367 0.3104
vn -0.8250 0.4690 0.3155
vn -0.8014 0.4856 0.3492
vn 0.1724 0.9830 0.0635
vn 0.2066 0.9784 0.0042
vn 0.1256 0.9914 0.0353
vn -0.1596 -0.6908 -0.7052
vn -0.1726 -0.6444 -0.7450
vn -0.1328 -0.6797 -0.7213
vn -0.0558 -0.5713 -0.8189
vn -0.0859 -0.6183 -0.7812
vn -0.1370 -0.5928 -0.7936
vn -0.2499 -0.6022 -0.7582
vn -0.1841 -0.5992 -0.7791
vn -0.1899 -0.6296 -0.7533
vn 0.9658 0.1681 -0.1972
vn 0.9674 0.1156 -0.2254
vn 0.9513 0.1861 -0.2456
vn 0.9900 -0.1372 0.0314
vn 0.9893 -0.1452 -0.0139
vn 0.9931 -0.1114 0.0358
vn -0.1141 0.1506 -0.9820
vn -0.0528 0.1695 -0.9841
vn -0.1004 0.1233 -0.9873
vn 0.2059 0.0962 -0.9738
vn 0.2210 0.0227 -0.9750
vn 0.1865 0.0396 -0.9817
vn -0.7233 -0.3574 -0.5909
vn -0.7043 -0.4355 -0.5607
vn -0.7329 -0.4081 -0.5443
vn 0.0459 0.9677 -0.2477
vn 0.0728 0.9683 -0.2389
vn 0.0515 0.9612 -0.2711
vn -0.0616 0.9855 -0.1580
vn -0.0676 0.9648 -0.2542
vn -0.0883 0.9795 -0.1808
vn -0.0999 -0.1234 -0.9873
vn -0.2612 -0.2093 -0.9423
vn -0.3117 -0.1798 -0.9330
vn 0.1976 0.9803 0.0057
vn 0.2175 0.9760 0.0070
vn 0.1863 0.9817 -0.0392
vn -0.0851 0.9952 0.0490
vn 0.0043 0.9983 0.0583
vn -0.0418 0.9987 0.0304
vn 0.9717 0.1819 -0.1508
vn 0.9771 0.1551 -0.1457
vn 0.9758 0.1547 -0.1546
vn 0.5081 0.4115 -0.7566
vn 0.5424 0.3768 -0.7509
vn 0.4523 0.4246 -0.7843
vn -0.0020 0.4066 -0.9136
vn 0.0321 0.3746 -0.9266
vn -0.0396 0.3835 -0.9227
vn 0.1157 0.9739 0.1951
vn 0.0745 0.9784 0.1927
vn 0.2115 0.9694 0.1249
vn 0.0006 0.5750 0.8181
vn -0.2206 0.5756 0.7874
vn -0.0359 0.3989 0.9163
vn -0.2612 -0.6438 -0.7192
vn -0.2365 -0.5398 -0.8079
vn -0.1631 -0.5974 -0.7852
vn -0.4362 -0.7089 0.5543
vn -0.3467 -0.7689 0.5371
vn -0.2457 -0.8445 0.4758
vn 0.7359 -0.1891 0.6501
vn 0.6039 -0.4873 0.6308
vn 0.6875 -0.2843 0.6683
vn 0.0721 0.7777 -0.6245
vn 0.1374 0.7347 -0.6643
vn 0.0437 0.7341 -0.6776
vn 0.2405 -0.1426 -0.9601
vn 0.2104 -0.0857 -0.9738
vn 0.2936 -0.1034 -0.9503
vn -0.3755 0.0682 -0.9243
vn -0.4291 0.1031 -0.8974
vn -0.2993 0.1180 -0.9468
vn 0.3993 -0.0630 -0.9147
vn 0.2660 -0.1283 -0.9554
vn 0.2344 -0.1016 -0.9668
vn 0.3476 -0.7829 -0.5159
vn 0.3803 -0.8161 -0.4351
vn 0.3203 -0.8284 -0.4595
vn -0.1728 -0.9805 -0.0933
vn -0.0659 -0.9839 -0.1663
vn -0.0828 -0.9957 -0.0412
vn 0.5255 0.6677 -0.5272
vn 0.4969 0.6031 -0.6239
vn 0.4865 0.6749 -0.5549
vn 0.9811 0.0638 -0.1827
vn 0.9493 0.0619 -0.3081
vn 0.9716 0.1182 -0.2049
vn 0.1187 0.6358 -0.7627
vn 0.1274 0.5931 -0.7950
vn 0.0851 0.6018 -0.7941
vn -0.4489 -0.2554 -0.8563
vn -0.4223 -0.2290 -0.8771
vn -0.4049 -0.3293 -0.8530
vn -0.1801 -0.2511 -0.9511
vn -0.2101 -0.3062 -0.9285
vn -0.2656 -0.2528 -0.9304
vn -0.0291 -0.8032 -0.5950
vn 0.0243 -0.7780 -0.6278
vn -0.0104 -0.8154 -0.5788
vn 0.4126 -0.0889 -0.9066
vn 0.3212 -0.0788 -0.9437
vn 0.3769 -0.0006 -0.9263
vn 0.4104 -0.8654 -0.2874
vn 0.3937 -0.8532 -0.3422
vn 0.4880 -0.8206 -0.2973
vn -0.1780 -0.1222 -0.9764
vn -0.1085 -0.0922 -0.9898
vn -0.1112 -0.1537 -0.9818
vn 0.1557 0.1625 -0.9744
vn 0.0728 0.1111 -0.9911
vn 0.0201 0.1719 -0.9849
vn 0.1076 0.6414 -0.7596
vn 0.1540 0.5764 -0.8025
vn 0.0219 0.6271 -0.7787
vn -0.7978 0.2156 -0.5630
vn -0.8148 0.1787 -0.5516
vn -0.8097 0.2893 -0.5106
vn -0.8099 -0.3798 -0.4469
vn -0.7909 -0.4574 -0.4065
vn -0.8453 -0.4352 -0.3101
vn -0.0915 0.0071 -0.9958
vn -0.0391 -0.0164 -0.9991
vn -0.0991 -0.0353 -0.9944
vn -0.0127 -0.0598 -0.9981
vn -0.0329 -0.1062 -0.9938
vn -0.0674 -0.1020 -0.9925
vn 0.0171 -0.0127 -0.9998
vn 0.0646 -0.0780 -0.9949
vn -0.0494 -0.0617 -0.9969
vn -0.0634 -0.0652 -0.9959
vn -0.0297 -0.0662 -0.9974
vn -0.0357 -0.1359 -0.9901
vn 0.0131 -0.9829 -0.1839
vn -0.0610 -0.9727 -0.2241
vn 0.0212 -0.9780 -0.2076
vn -0.0244 -0.7634 -0.6455
vn 0.0902 -0.7342 -0.6730
vn 0.0596 -0.7654 -0.6408
vn -0.2207 -0.2657 -0.9384
vn -0.2748 -0.2267 -0.9344
vn -0.2633 -0.1982 -0.9441
vn 0.1906 -0.7403 -0.6447
vn 0.1430 -0.7469 -0.6494
vn 0.1888 -0.6908 -0.6979
vn 0.0466 -0.0265 -0.9986
vn 0.0481 0.0042 -0.9988
vn 0.1143 0.0117 -0.9934
vn 0.8399 -0.3290 -0.4317
vn 0.8233 -0.3603 -0.4385
vn 0.8204 -0.3086 -0.4813
vn 0.1563 0.9773 -0.1430
vn 0.1255 0.9790 -0.1609
vn 0.1153 0.9844 -0.1329
vn 0.0627 -0.8261 -0.5600
vn 0.0965 -0.8321 -0.5462
vn 0.0441 -0.8436 -0.5352
vn 0.6066 0.7909 0.0802
vn 0.6520 0.7575 0.0338
vn 0.6337 0.7720 -0.0504
vn 0.2898 0.9439 0.1582
vn 0.3230 0.9364 0.1372
vn 0.2426 0.9660 0.0892
vn 0.6489 0.1408 -0.7477
vn 0.5975 0.1890 -0.7792
vn 0.6063 0.2293 -0.7614
vn 0.2493 -0.0339 -0.9678
vn 0.2611 -0.0716 -0.9627
vn 0.2345 -0.0631 -0.9701
vn 0.3407 0.1015 -0.9347
vn 0.3535 0.0724 -0.9326
vn 0.3383 0.0587 -0.9392
vn 0.1875 0.0168 -0.9821
vn 0.1663 -0.0070 -0.9860
vn 0.1448 0.0120 -0.9894
vn 0.9866 -0.1063 -0.1237
vn 0.9901 -0.1148 -0.0814
vn 0.9822 -0.1766 -0.0641
vn 0.9520 0.3058 0.0148
vn 0.9530 0.2926 0.0782
vn 0.9560 0.2935 -0.0055
vn 0.9810 -0.0999 0.1665
vn 0.9952 -0.0688 0.0693
vn 0.9888 -0.0183 0.1482
vn 0.4233 0.7301 0.5364
vn 0.5050 0.7067 0.4956
vn 0.4402 0.7813 0.4425
vn 0.7904 -0.5880 0.1720
vn 0.8321 -0.5435 0.1106
vn 0.8082 -0.5416 0.2314
vn 0.9879 -0.0249 0.1528
vn 0.9849 -0.1062 0.1370
vn 0.9936 -0.0376 0.1066
vn 0.9007 0.3556 0.2495
vn 0.8836 0.3886 0.2612
vn 0.8674 0.3678 0.3351
vn 0.4593 -0.6690 -0.5843
vn 0.3983 -0.7368 -0.5463
vn 0.3827 -0.7112 -0.5898
vn 0.7149 0.6441 0.2721
vn 0.7923 0.5689 0.2205
vn 0.7410 0.6448 0.1874
vn 0.3753 0.9252 0.0553
vn 0.3597 0.9310 -0.0621
vn 0.2931 0.9533 0.0730
vn 0.3409 0.9394 -0.0355
vn 0.4279 0.9032 0.0334
vn 0.4169 0.9079 -0.0431
vn 0.7201 0.6738 0.1657
vn 0.7415 0.6682 0.0612
vn 0.6563 0.7447 0.1213
vn 0.9941 -0.1071 0.0168
vn 0.9896 -0.1203 -0.0785
vn 0.9975 -0.0488 -0.0508
vn 0.3513 0.9115 0.2139
vn 0.4159 0.9012 0.1224
vn 0.3302 0.9344 0.1337
vn -0.0545 0.9973 -0.0502
vn 0.0288 0.9950 -0.0955
vn -0.0338 0.9895 -0.1403
vn 0.9529 -0.1693 0.2516
vn 0.9684 -0.1649 0.1873
vn 0.9638 -0.1124 0.2417
vn 0.9935 0.1140 0.0033
vn 0.9861 0.1448 -0.0821
vn 0.9849 0.1728 0.0138
vn -0.0213 0.1458 -0.9891
vn -0.0131 0.0768 -0.9970
vn -0.0569 0.0854 -0.9947
vn -0.0071 -0.0200 -0.9998
vn 0.0412 -0.0244 -0.9989
vn -0.0060 -0.1062 -0.9943
vn 0.0894 -0.4869 -0.8689
vn 0.5525 0.1860 -0.8125
vn 0.6281 -0.3931 -0.6715
vn 0.1709 0.2246 -0.9593
vn 0.7589 -0.6503 -0.0336
vn 0.3573 -0.8433 -0.4015
vn -0.3331 0.9422 0.0355
vn 0.3420 0.7910 -0.5073
vn -0.0374 0.9343 -0.3544
vn 0.1885 0.7149 -0.6733
vn 0.6533 0.7487 0.1125
vn 0.2577 0.9258 -0.2765
vn -0.9558 -0.1032 -0.2754
vn -0.9343 -0.1017 -0.3415
vn -0.9440 -0.1649 -0.2857
vn -0.9665 0.1347 -0.2185
vn -0.9632 0.1062 -0.2470
vn -0.9707 0.1303 -0.2018
vn 0.1583 0.0575 -0.9857
vn 0.1881 0.0697 -0.9797
vn 0.1818 0.0234 -0.9831
vn -0.0491 -0.0209 -0.9986
vn -0.0432 -0.1293 -0.9907
vn -0.0859 -0.0857 -0.9926
vn -0.3911 0.4651 -0.7942
vn 0.1339 0.4341 -0.8909
vn 0.1754 0.4859 -0.8562
vn 0.0522 0.0579 -0.9970
vn 0.0077 -0.0094 -0.9999
vn -0.4627 0.2442 -0.8522
vn -0.0636 -0.1292 -0.9896
vn -0.1299 -0.1246 -0.9837
vn -0.3870 0.3199 -0.8648
vn -0.2766 -0.5126 -0.8128
vn -0.1392 0.0090 -0.9902
vn -0.3126 -0.5624 -0.7655
vn 0.0562 -0.8877 -0.4570
vn 0.1148 -0.8631 -0.4918
vn 0.0888 -0.8928 -0.4415
vn 0.8423 0.5365 -0.0516
vn 0.9854 0.0387 -0.1657
vn 0.9778 0.0457 -0.2045
vn 0.2820 0.7143 -0.6405
vn 0.2450 0.7612 -0.6004
vn 0.2973 0.7452 -0.5969
vn 0.1025 -0.0025 -0.9947
vn 0.1324 -0.0310 -0.9907
vn 0.0817 -0.0403 -0.9958
vn -0.1624 -0.3791 -0.9110
vn -0.1534 -0.3473 -0.9251
vn -0.1155 -0.3872 -0.9147
vn 0.7449 0.2694 0.6104
vn 0.7105 0.3236 0.6249
vn 0.7148 0.2790 0.6412
vn -0.0249 -0.8584 -0.5125
vn -0.0378 -0.8775 -0.4781
vn -0.1157 -0.8836 -0.4537
vn -0.3943 0.4493 -0.8017
vn -0.3373 0.4632 -0.8196
vn -0.3742 0.3986 -0.8373
vn -0.6892 0.2476 -0.6809
vn -0.6665 0.1893 -0.7211
vn -0.7285 0.1690 -0.6639
vn 0.8755 0.0051 -0.4832
vn 0.8489 0.0238 -0.5280
vn 0.8721 0.0541 -0.4863
vn -0.0418 0.9856 -0.1641
vn 0.0200 0.9867 -0.1610
vn -0.0099 0.9784 -0.2064
vn 0.3427 -0.1008 -0.9340
vn 0.3133 -0.1233 -0.9416
vn 0.2860 -0.0862 -0.9543
vn 0.1563 0.0563 -0.9861
vn 0.1770 0.0903 -0.9801
vn 0.2006 0.0371 -0.9790
vn 0.1038 -0.1214 -0.9872
vn 0.0519 -0.1782 -0.9826
vn 0.0028 -0.0953 -0.9954
vn -0.0715 -0.9955 -0.0623
vn -0.0063 -0.9972 -0.0751
vn 0.0414 -0.9974 -0.0586
vn 0.0803 -0.2354 -0.9686
vn 0.1599 -0.2019 -0.9663
vn 0.1414 -0.2494 -0.9580
vn 0.1510 -0.1941 -0.9693
vn 0.1432 -0.2521 -0.9570
vn 0.1042 -0.2412 -0.9649
vn 0.0673 -0.1714 -0.9829
vn 0.0912 -0.2215 -0.9709
vn 0.0487 -0.2294 -0.9721
vn 0.0330 0.9872 -0.1563
vn 0.0795 0.9833 -0.1639
vn 0.0378 0.9773 -0.2083
vn 0.4358 0.0710 -0.8973
vn 0.4267 0.0272 -0.9040
vn 0.3841 0.0669 -0.9209
vn 0.0510 -0.3210 -0.9457
vn 0.0940 -0.3072 -0.9470
vn 0.0899 -0.3371 -0.9372
vn 0.9888 -0.0779 -0.1275
vn 0.9844 -0.1311 -0.1176
vn 0.9810 -0.1010 -0.1655
vn 0.8893 -0.3745 -0.2626
vn 0.8714 -0.3872 -0.3012
vn 0.8840 -0.3450 -0.3154
vn -0.8487 -0.0029 -0.5289
vn -0.8380 -0.0663 -0.5416
vn -0.8538 -0.0582 -0.5174
vn -0.9464 -0.0480 -0.3195
vn -0.9247 -0.0925 -0.3694
vn -0.9362 -0.1126 -0.3328
vn 0.1389 -0.0198 -0.9901
vn 0.1418 -0.0565 -0.9883
vn 0.1069 -0.0224 -0.9940
vn 0.1183 0.0763 -0.9900
vn 0.1632 0.0347 -0.9860
vn 0.1023 0.0372 -0.9941
vn 0.7888 -0.4175 -0.4510
vn 0.8321 -0.4309 -0.3491
vn 0.7849 -0.4726 -0.4009
vn 0.8105 -0.2426 0.5331
vn 0.8282 -0.2084 0.5202
vn 0.8008 -0.1825 0.5705
vn -0.2271 0.5264 0.8194
vn -0.2518 0.5740 0.7792
vn -0.2810 0.5428 0.7915
vn 0.2541 -0.9094 0.3294
vn 0.2104 -0.9080 0.3624
vn 0.1755 -0.9296 0.3241
vn -0.5915 0.7629 -0.2609
vn -0.6235 0.7338 -0.2699
vn -0.6020 0.7708 -0.2085
vn 0.0429 0.0054 -0.9991
vn 0.1025 -0.0009 -0.9947
vn 0.0244 -0.0148 -0.9996
vn 0.2562 -0.7114 -0.6544
vn -0.1553 -0.7525 -0.6400
vn 0.2972 -0.6222 -0.7242
vn -0.2718 -0.5017 -0.8212
vn -0.1733 -0.0771 -0.9818
vn -0.0924 -0.1009 -0.9906
vn 0.4201 0.1759 -0.8902
vn 0.5803 -0.4368 -0.6873
vn 0.1763 -0.2007 -0.9637
vn 0.0709 0.9967 0.0406
vn 0.3417 0.8151 0.4677
vn 0.1403 0.9899 -0.0225
vn -0.0710 -0.0050 -0.9975
vn 0.0418 0.0347 -0.9985
vn -0.0084 -0.0386 -0.9992
vn 0.8907 0.1884 0.4136
vn 0.9943 -0.0997 -0.0367
vn 0.9973 -0.0137 -0.0715
vn 0.0043 -0.0310 -0.9995
vn -0.0495 -0.0398 -0.9980
vn -0.0584 0.0161 -0.9982
vn 0.0077 -0.9650 -0.2623
vn -0.0017 -0.9790 -0.2037
vn -0.0920 -0.9688 -0.2303
vn -0.3128 -0.3999 -0.8615
vn 0.0544 -0.2484 -0.9671
vn -0.2603 -0.4574 -0.8503
vn -0.9932 0.0869 -0.0773
vn -0.9907 -0.0003 -0.1358
vn -0.9983 0.0150 -0.0563
vn 0.6417 0.1914 0.7427
vn 0.8543 0.0353 0.5186
vn 0.8596 0.1486 0.4889
vn 0.9159 -0.0677 -0.3956
vn 0.9336 -0.0255 -0.3574
vn 0.6445 -0.6496 -0.4033
vn -0.3377 -0.4292 -0.8377
vn -0.2877 -0.4878 -0.8242
vn -0.3355 -0.5325 -0.7771
vn 0.1495 -0.1089 -0.9828
vn 0.1326 -0.1664 -0.9771
vn 0.0942 -0.1248 -0.9877
vn 0.0415 -0.0006 -0.9991
vn 0.0697 0.0030 -0.9976
vn 0.0859 -0.0374 -0.9956
vn 0.2041 -0.0429 0.9780
vn 0.1865 0.0036 0.9824
vn 0.1243 -0.0576 0.9906
vn -0.0735 -0.9688 -0.2366
vn -0.0199 -0.9687 -0.2475
vn -0.0324 -0.9750 -0.2198
vn -0.0927 0.9785 -0.1841
vn -0.0250 0.9723 -0.2326
vn -0.1237 0.9637 -0.2368
vn 0.1052 -0.0284 -0.9940
vn 0.0902 -0.0598 -0.9941
vn 0.0517 -0.0445 -0.9977
vn -0.4403 0.0758 -0.8946
vn -0.4306 0.0428 -0.9015
vn -0.4703 0.0373 -0.8817
vn 0.2643 0.0022 -0.9644
vn 0.2786 -0.0293 -0.9600
vn 0.2469 -0.0291 -0.9686
vn 0.0936 -0.0468 -0.9945
vn 0.1369 -0.0682 -0.9882
vn 0.0980 -0.0794 -0.9920
vn 0.5616 -0.0796 -0.8236
vn 0.6166 -0.1704 -0.7686
vn 0.5649 -0.1613 -0.8092
vn -0.8085 0.3212 -0.4931
vn -0.8102 0.3530 -0.4679
vn -0.8019 0.3548 -0.4806
vn -0.0213 -0.9422 -0.3343
vn -0.0083 -0.9289 -0.3701
vn 0.0123 -0.9410 -0.3383
vn -0.9845 -0.1285 -0.1197
vn -0.9875 -0.1329 -0.0851
vn -0.9918 -0.1013 -0.0780
vn -0.9941 -0.1008 -0.0412
vn -0.9900 -0.1356 -0.0401
vn -0.9929 -0.1169 -0.0203
vn 0.4699 -0.2043 -0.8588
vn 0.4456 -0.2777 -0.8511
vn 0.3766 -0.2257 -0.8984
vn -0.0435 0.9877 -0.1500
vn -0.0501 0.9798 -0.1934
vn -0.1121 0.9825 -0.1486
vn 0.1288 -0.0046 -0.9917
vn 0.1775 0.0491 -0.9829
vn 0.5094 -0.1954 -0.8381
vn -0.2180 -0.1727 -0.9605
vn -0.1647 -0.1323 -0.9774
vn -0.1283 -0.2152 -0.9681
vn -0.0341 0.9002 -0.4341
vn 0.0509 0.8825 -0.4676
vn -0.0747 0.8784 -0.4721
vn -0.0457 -0.1586 -0.9863
vn -0.0189 -0.1550 -0.9877
vn -0.0342 -0.1973 -0.9798
vn 0.0257 -0.1861 -0.9822
vn -0.0018 -0.2161 -0.9764
vn -0.0058 -0.1624 -0.9867
vn 0.0655 0.9593 -0.2746
vn 0.0623 0.9445 -0.3226
vn 0.0006 0.9526 -0.3042
vn 0.0146 0.9752 -0.2206
vn 0.0388 0.9679 -0.2481
vn -0.0228 0.9677 -0.2511
vn 0.1597 -0.0653 -0.9850
vn 0.1394 -0.0843 -0.9866
vn 0.1221 -0.0663 -0.9903
vn -0.9743 0.0650 -0.2159
vn -0.9693 0.0274 -0.2443
vn -0.9815 0.0318 -0.1889
vn 0.1623 -0.0440 -0.9858
vn 0.1645 -0.0668 -0.9841
vn 0.0884 -0.0727 -0.9934
vn 0.1782 0.9805 -0.0829
vn 0.2020 0.9787 -0.0371
vn 0.2026 0.9753 -0.0877
vn 0.1603 0.9870 -0.0104
vn 0.1336 0.9896 -0.0531
vn 0.0969 0.9952 -0.0131
vn 0.0464 -0.5306 -0.8463
vn 0.0668 -0.5016 -0.8625
vn 0.0881 -0.5372 -0.8388
vn -0.9585 -0.2780 -0.0629
vn -0.9341 -0.3185 -0.1614
vn -0.9398 -0.3268 -0.0998
vn 0.4919 0.7033 -0.5133
vn 0.4660 0.6756 -0.5713
vn 0.4434 0.7437 -0.5003
vn 0.9679 -0.0145 0.2508
vn 0.9723 0.0641 0.2246
vn 0.9544 0.0331 0.2967
vn 0.1686 0.6140 -0.7711
vn 0.1424 0.5811 -0.8013
vn 0.0843 0.6088 -0.7888
vn -0.1882 -0.1322 0.9732
vn -0.1268 -0.1981 0.9719
vn -0.1254 -0.1066 0.9864
vn 0.4393 0.8877 0.1378
vn 0.4320 0.8812 0.1920
vn 0.5133 0.8449 0.1504
vn 0.0856 0.9855 -0.1462
vn 0.0852 0.9763 -0.1988
vn 0.0370 0.9851 -0.1677
vn 0.8798 -0.1113 -0.4622
vn 0.9001 -0.1522 -0.4083
vn 0.8797 -0.1649 -0.4460
vn 0.0207 0.9486 -0.3158
vn 0.0939 0.9351 -0.3416
vn 0.0440 0.9232 -0.3819
vn -0.6914 -0.7173 0.0868
vn -0.6520 -0.7555 0.0643
vn -0.6523 -0.7457 0.1362
vn 0.0232 0.9994 -0.0248
vn 0.0342 0.9967 -0.0731
vn -0.0099 0.9939 -0.1100
vn -0.0975 0.9858 0.1368
vn -0.0694 0.9780 0.1969
vn -0.0460 0.9884 0.1444
vn -0.6420 0.7655 0.0436
vn -0.5932 0.8046 -0.0270
vn -0.6586 0.7521 -0.0247
vn -0.3603 0.6777 -0.6410
vn -0.3075 0.7330 -0.6068
vn -0.3029 0.6692 -0.6785
vn 0.0015 0.9941 0.1089
vn 0.0662 0.9948 0.0771
vn 0.0120 0.9981 0.0599
vn -0.1197 0.3438 -0.9314
vn -0.1088 0.3023 -0.9470
vn -0.1942 0.3128 -0.9297
vn -0.0099 0.8562 -0.5166
vn 0.0615 0.8340 -0.5484
vn 0.0063 0.8092 -0.5875
vn 0.1685 0.4736 0.8645
vn 0.2437 0.4382 0.8652
vn 0.2265 0.4786 0.8483
vn 0.0437 0.1189 0.9920
vn 0.1093 0.1151 0.9873
vn 0.0370 0.1476 0.9884
vn 0.2582 0.6973 0.6687
vn 0.2319 0.6780 0.6975
vn 0.2916 0.6582 0.6941
vn -0.3200 0.9393 -0.1235
vn -0.2632 0.9581 -0.1127
vn -0.2631 0.9497 -0.1700
vn -0.5860 -0.2116 0.7822
vn -0.5567 -0.2679 0.7863
vn -0.5555 -0.2015 0.8067
vn -0.0381 0.1298 0.9908
vn -0.0021 0.1214 0.9926
vn -0.0130 0.1605 0.9870
vn 0.1400 0.5059 0.8512
vn 0.1160 0.5727 0.8115
vn 0.0841 0.5428 0.8356
vn 0.0014 0.9991 -0.0424
vn 0.0495 0.9927 -0.1101
vn -0.0348 0.9947 -0.0970
vn 0.4941 0.5654 0.6604
vn 0.4764 0.5161 0.7118
vn 0.5490 0.5061 0.6652
vn 0.2406 -0.2077 -0.9481
vn 0.2668 -0.2244 -0.9372
vn 0.1975 -0.2772 -0.9403
vn 0.0483 0.9978 -0.0458
vn 0.0418 0.9926 -0.1138
vn 0.0004 0.9974 -0.0717
vn 0.9713 -0.2247 0.0783
vn 0.1597 0.9826 -0.0946
vn 0.2438 0.9609 -0.1311
vn 0.1853 0.9657 -0.1821
vn -0.7331 -0.3326 0.5932
vn -0.7129 -0.3783 0.5905
vn -0.6860 -0.3817 0.6195
vn -0.0247 -0.6692 0.7426
vn 0.0036 -0.6304 0.7763
vn -0.0285 -0.6435 0.7649
vn -0.3513 0.1563 -0.9231
vn -0.3232 0.1050 -0.9405
vn -0.3530 0.1230 -0.9275
vn -0.1497 -0.0809 0.9854
vn -0.1049 -0.1008 0.9894
vn -0.0926 -0.0643 0.9936
vn -0.9999 0.0017 0.0167
vn -0.9988 -0.0385 -0.0300
vn -0.9985 -0.0476 0.0278
vn 0.0643 0.9976 0.0248
vn 0.0049 0.9945 -0.1044
vn -0.0102 0.9997 0.0226
vn -0.1687 0.9828 0.0752
vn -0.1102 0.9935 0.0290
vn -0.1683 0.9815 -0.0917
vn 0.0720 0.9958 0.0561
vn 0.1302 0.9889 0.0723
vn 0.1001 0.9949 -0.0145
vn -0.9977 -0.0404 0.0539
vn -0.9991 -0.0400 -0.0114
vn -0.9964 -0.0800 0.0282
vn -0.9960 0.0413 -0.0793
vn -0.9792 0.1547 -0.1310
vn -0.9905 0.0364 -0.1324
vn -0.9932 0.0961 -0.0652
vn -0.9756 0.1205 -0.1835
vn -0.9955 0.0512 -0.0803
vn -0.5432 0.1691 0.8224
vn -0.5473 0.1067 0.8301
vn -0.5240 0.1586 0.8368
vn -0.0771 -0.1227 -0.9894
vn -0.0523 -0.0682 -0.9963
vn 0.0145 -0.1238 -0.9922
vn 0.0191 0.9721 0.2337
vn 0.0858 0.9741 0.2094
vn 0.0328 0.9824 0.1837
vn 0.5985 0.0872 0.7963
vn 0.5994 0.0295 0.7999
vn 0.6349 0.0645 0.7699
vn -0.3297 0.9147 0.2337
vn -0.3654 0.9136 0.1786
vn -0.3716 0.8974 0.2380
vn -0.9883 -0.1497 -0.0305
vn -0.9818 -0.1404 -0.1280
vn -0.9781 -0.2014 -0.0517
vn -0.9926 -0.0818 -0.0899
vn -0.9900 -0.1297 -0.0563
vn -0.9970 -0.0731 -0.0236
vn -0.8743 -0.4661 0.1353
vn -0.9075 -0.4136 0.0731
vn -0.8843 -0.4595 0.0828
vn -0.0080 0.9958 0.0907
vn 0.0786 0.9894 0.1223
vn 0.0756 0.9953 0.0602
vn -0.9967 0.0731 -0.0340
vn -0.9986 0.0392 -0.0363
vn -0.9989 0.0402 -0.0254
vn 0.9474 0.3060 -0.0942
vn 0.9623 0.2545 -0.0964
vn 0.9569 0.2611 -0.1275
vn 0.0370 0.9821 0.1848
vn 0.0601 0.9832 0.1724
vn 0.0420 0.9857 0.1631
vn -0.6133 -0.7691 -0.1799
vn -0.5722 -0.8152 -0.0898
vn -0.6337 -0.7691 -0.0832
vn -0.3909 -0.8303 0.3972
vn -0.4506 -0.8219 0.3486
vn -0.3898 -0.8568 0.3375
vn -0.7868 -0.3510 0.5076
vn -0.7800 -0.3166 0.5399
vn -0.8118 -0.3196 0.4886
vn -0.7609 -0.2003 0.6172
vn -0.7645 -0.3210 0.5591
vn -0.7361 -0.2313 0.6361
vn -0.1420 0.8310 -0.5378
vn -0.1781 0.7867 -0.5910
vn -0.2138 0.8319 -0.5122
vn -0.8165 0.4999 -0.2888
vn -0.8961 0.3563 -0.2646
vn -0.8907 0.4179 -0.1789
vn 0.8745 0.3973 0.2782
vn 0.8414 0.4292 0.3283
vn 0.8633 0.3505 0.3630
vn -0.9093 0.2403 -0.3397
vn -0.8705 0.1853 -0.4560
vn -0.9436 0.1363 -0.3018
vn -0.2115 0.7185 -0.6625
vn -0.2093 0.6321 -0.7461
vn -0.2780 0.6279 -0.7270
vn 0.7309 -0.6583 0.1798
vn 0.6985 -0.6787 0.2268
vn 0.6963 -0.7000 0.1589
vn 0.0358 -0.8298 0.5569
vn 0.0039 -0.8707 0.4918
vn 0.0708 -0.8682 0.4912
vn 0.3768 0.9053 -0.1962
vn 0.3342 0.9310 -0.1466
vn 0.3903 0.9196 -0.0442
vn 0.0185 0.9989 -0.0439
vn 0.1183 0.9828 -0.1421
vn -0.0126 0.9828 -0.1843
vn 0.5866 0.6867 0.4295
vn 0.6332 0.6995 0.3314
vn 0.5690 0.7250 0.3880
vn 0.1958 0.9727 0.1248
vn 0.2736 0.9613 0.0306
vn 0.1944 0.9809 0.0026
vn 0.9820 -0.1781 -0.0633
vn 0.9516 -0.2372 -0.1956
vn 0.9693 -0.1200 -0.2146
vn -0.5173 -0.5832 -0.6263
vn -0.5968 -0.6393 -0.4849
vn -0.6486 -0.5511 -0.5250
vn 0.7429 -0.3375 0.5781
vn 0.6967 -0.4537 0.5556
vn 0.7547 -0.4203 0.5038
vn -0.3447 -0.7648 0.5443
vn -0.3537 -0.8137 0.4613
vn -0.2662 -0.8402 0.4725
vn -0.6664 0.2935 -0.6854
vn -0.7716 0.2134 -0.5992
vn -0.7766 0.3089 -0.5491
vn 0.1380 0.8667 0.4793
vn 0.0316 0.8681 0.4953
vn 0.0492 0.8033 0.5935
vn -0.0444 0.9719 0.2312
vn -0.1223 0.9679 0.2197
vn -0.1665 0.9428 0.2888
vn 0.9208 0.2554 0.2947
vn 0.8972 0.2131 0.3869
vn 0.9143 0.1578 0.3731
vn 0.5462 0.7088 0.4465
vn 0.4733 0.7300 0.4929
vn 0.5050 0.6701 0.5441
vn 0.3462 -0.8109 -0.4718
vn 0.3406 -0.7347 -0.5866
vn 0.3946 -0.7486 -0.5329
vn 0.0837 -0.7820 -0.6176
vn 0.1885 -0.7573 -0.6253
vn 0.1373 -0.8369 -0.5298
vn 0.7335 0.4823 0.4790
vn 0.6741 0.4674 0.5720
vn 0.7513 0.4146 0.5134
vn -0.7224 0.1083 -0.6829
vn -0.6746 0.1081 -0.7302
vn -0.6937 -0.0039 -0.7202
vn 0.7186 0.6216 0.3118
vn 0.6441 0.6872 0.3361
vn 0.6751 0.6177 0.4033
vn -0.8457 0.4704 0.2521
vn -0.8125 0.4785 0.3330
vn -0.8020 0.5483 0.2369
vn 0.3271 -0.2763 0.9037
vn 0.4147 -0.2981 0.8598
vn 0.3744 -0.2183 0.9012
vn -0.1543 0.9537 -0.2581
vn -0.1646 0.9412 -0.2952
vn -0.2241 0.9549 -0.1947
vn -0.2288 0.9305 0.2861
vn -0.3265 0.9309 0.1639
vn -0.3108 0.9038 0.2942
vn -0.3019 -0.3378 -0.8915
vn -0.3810 -0.3451 -0.8578
vn -0.3606 -0.2632 -0.8948
vn -0.4343 -0.8969 0.0837
vn -0.3901 -0.9196 0.0461
vn -0.3649 -0.9268 0.0890
vn -0.6558 -0.7537 -0.0435
vn -0.6351 -0.7632 -0.1190
vn -0.5776 -0.8142 -0.0588
vn 0.0172 0.9958 -0.0903
vn -0.0140 0.9917 -0.1277
vn -0.0749 0.9955 -0.0585
vn 0.3790 0.9104 0.1661
vn 0.4340 0.8903 0.1378
vn 0.3895 0.9186 0.0674
vn 0.4683 0.2309 0.8529
vn 0.3978 0.1991 0.8956
vn 0.4102 0.1546 0.8988
vn 0.2317 0.2557 0.9386
vn 0.3318 0.2409 0.9121
vn 0.2751 0.3442 0.8977
vn -0.0622 0.9944 0.0856
vn -0.0046 0.9982 0.0606
vn -0.0969 0.9952 0.0135
vn -0.6087 -0.2870 -0.7397
vn -0.5269 -0.2079 -0.8241
vn -0.5651 -0.3093 -0.7649
vn 0.2992 -0.0414 -0.9533
vn 0.3819 -0.1758 -0.9073
vn 0.2744 -0.0983 -0.9566
vn -0.8905 -0.3178 -0.3257
vn -0.8445 -0.4237 -0.3277
vn -0.8716 -0.4305 -0.2344
vn 0.1749 0.3997 0.8998
vn 0.2188 0.3217 0.9212
vn 0.2610 0.4271 0.8657
vn 0.3722 0.0725 -0.9253
vn 0.4754 0.1099 -0.8729
vn 0.4132 -0.0128 -0.9105
vn 0.0022 0.5364 0.8440
vn -0.0649 0.4350 0.8981
vn 0.0237 0.4517 0.8919
vn 0.8697 0.2443 -0.4288
vn 0.8554 0.1812 -0.4853
vn 0.8378 0.2489 -0.4860
vn 0.8874 0.1760 -0.4262
vn -0.0841 0.9963 0.0177
vn -0.0220 0.9997 -0.0127
vn -0.1112 0.9936 -0.0175
vn -0.6527 0.5922 0.4725
vn -0.6005 0.5786 0.5519
vn -0.4787 0.7046 0.5237
vn -0.4591 0.1224 0.8799
vn -0.5779 0.1992 0.7914
vn -0.6353 0.0498 0.7706
vn 0.3571 0.1719 -0.9181
vn 0.2236 0.2124 -0.9513
vn 0.3048 0.2385 -0.9221
vn 0.3436 0.8626 -0.3712
vn 0.4738 0.8033 -0.3608
vn 0.4191 0.7940 -0.4403
vn -0.3027 0.9523 -0.0394
vn -0.3900 0.9173 -0.0807
vn -0.3888 0.9174 0.0856
vn -0.1725 0.9848 0.0209
vn -0.0034 0.9758 0.2187
vn -0.0572 0.9983 0.0110
vn -0.8752 0.4631 0.1396
vn -0.9458 0.3008 0.1221
vn -0.8776 0.4369 0.1973
vn -0.2698 0.9608 0.0642
vn -0.2396 0.9660 0.0971
vn -0.2384 0.9674 0.0860
vn -0.9903 0.1043 -0.0919
vn -0.9783 0.0003 -0.2070
vn -0.9983 -0.0086 -0.0574
vn -0.8267 0.1631 0.5384
vn -0.8201 0.0207 0.5718
vn -0.8020 0.1131 0.5866
vn -0.3437 0.8590 0.3795
vn -0.2128 0.8573 0.4688
vn -0.2679 0.9144 0.3035
vn -0.7624 0.5943 -0.2560
vn -0.7972 0.5471 -0.2554
vn -0.7925 0.5809 -0.1858
vn 0.6589 -0.4796 0.5795
vn 0.6302 -0.5783 0.5181
vn 0.7620 -0.4386 0.4764
vn 0.3924 0.0088 0.9198
vn 0.2301 -0.0445 0.9722
vn 0.3289 -0.1347 0.9347
vn -0.0775 0.3937 -0.9160
vn -0.0039 0.3105 -0.9506
vn -0.0919 0.3139 -0.9450
vn -0.3464 0.9356 0.0684
vn -0.2136 0.9769 0.0091
vn -0.3295 0.9437 -0.0308
vn 0.8427 -0.3305 0.4249
vn 0.8954 -0.2632 0.3591
vn 0.8415 -0.2500 0.4789
vn -0.1324 0.6487 -0.7494
vn -0.0378 0.6765 -0.7355
vn -0.1066 0.5896 -0.8006
vn -0.3591 0.8644 0.3520
vn -0.2830 0.8765 0.3894
vn -0.3303 0.8895 0.3156
vn -0.8263 0.2365 0.5111
vn -0.8794 0.2194 0.4224
vn -0.8403 0.2007 0.5037
vn 0.1072 0.9589 0.2627
vn 0.0427 0.9837 0.1749
vn 0.0048 0.9706 0.2406
vn 0.0681 0.9912 -0.1139
vn 0.1001 0.9868 -0.1271
vn 0.0791 0.9862 -0.1453
vn -0.4179 -0.8884 0.1898
vn -0.3998 -0.8842 0.2416
vn -0.4401 -0.8647 0.2420
vn 0.2459 0.4380 0.8647
vn 0.2645 0.3676 0.8916
vn 0.2880 0.4118 0.8646
vn -0.1794 0.9833 0.0292
vn -0.1523 0.9845 0.0869
vn -0.1273 0.9911 0.0380
vn 0.9581 -0.2777 0.0707
vn 0.9761 -0.2156 0.0271
vn 0.9774 -0.1927 0.0869
vn 0.0648 0.0199 -0.9977
vn 0.1115 -0.0372 -0.9931
vn 0.0770 -0.0446 -0.9960
vn 0.8170 0.0732 -0.5720
vn 0.8059 0.0563 -0.5893
vn 0.7983 0.1080 -0.5925
vn 0.2766 -0.5671 -0.7759
vn 0.2979 -0.6005 -0.7420
vn 0.2610 -0.6635 -0.7011
vn -0.9845 0.0103 -0.1751
vn -0.9691 0.0379 -0.2439
vn -0.9646 -0.0415 -0.2604
vn -0.9583 0.2807 -0.0535
vn -0.9615 0.2429 -0.1286
vn -0.9798 0.1802 0.0868
vn 0.8654 0.2351 0.4424
vn 0.8982 0.2610 0.3538
vn 0.8609 0.3193 0.3962
vn 0.4230 0.8088 0.4086
vn 0.4292 0.7635 0.4825
vn 0.4708 0.7799 0.4125
vn 0.6613 0.0650 0.7473
vn 0.6268 0.0566 0.7771
vn 0.6569 0.0441 0.7527
vn 0.0695 0.1071 0.9918
vn 0.1061 0.1037 0.9889
vn 0.0810 0.1366 0.9873
vn 0.1111 0.2162 0.9700
vn 0.0843 0.2298 0.9696
vn 0.0948 0.1971 0.9758
vn 0.0148 0.9927 -0.1194
vn -0.0378 0.9931 -0.1113
vn -0.0104 0.9980 -0.0617
vn -0.9916 0.0619 -0.1136
vn -0.9837 0.0976 -0.1512
vn -0.9848 0.0376 -0.1695
vn 0.3793 -0.7315 -0.5666
vn 0.4024 -0.7373 -0.5426
vn 0.3532 -0.7630 -0.5413
vn 0.3272 -0.4121 0.8503
vn 0.3751 -0.3935 0.8393
vn 0.3540 -0.3638 0.8616
vn 0.9904 0.1284 0.0518
vn 0.9919 0.1048 0.0719
vn 0.9953 0.0837 0.0494
vn 0.5515 0.0577 -0.8322
vn 0.5671 0.0253 -0.8233
vn 0.5169 0.0139 -0.8560
vn -0.9689 0.2192 -0.1145
vn -0.9767 0.2001 -0.0770
vn -0.9650 0.2457 -0.0923
vn -0.9870 0.1584 0.0262
vn -0.9916 0.1263 0.0267
vn -0.9870 0.1557 0.0405
vn 0.9904 0.0779 -0.1138
vn 0.9890 0.0421 -0.1418
vn 0.9858 0.0747 -0.1503
vn 0.9995 -0.0139 -0.0297
vn 0.9983 -0.0066 -0.0579
vn 0.9993 0.0219 -0.0316
vn -0.9731 0.2285 -0.0305
vn -0.9776 0.1916 -0.0866
vn -0.9808 0.1875 -0.0544
vn -0.3920 0.8005 0.4534
vn -0.4691 0.7906 0.3935
vn -0.4254 0.7722 0.4721
vn 0.2473 0.7217 -0.6465
vn 0.2310 0.7049 -0.6707
vn 0.1579 0.7164 -0.6796
vn -0.9533 0.2449 -0.1765
vn -0.9627 0.1985 -0.1836
vn -0.9543 0.2617 -0.1446
vn 0.2627 -0.0127 0.9648
vn 0.2258 -0.0573 0.9725
vn 0.2608 -0.0720 0.9627
vn 0.5913 0.0800 0.8025
vn 0.6529 0.0695 0.7543
vn 0.6230 0.1222 0.7726
vn -0.1420 0.9804 0.1367
vn -0.0838 0.9829 0.1641
vn -0.0947 0.9913 0.0914
vn -0.0214 0.9957 0.0898
vn -0.0033 0.9978 0.0666
vn -0.0363 0.9964 0.0762
vn 0.0483 0.9952 0.0849
vn 0.0699 0.9946 0.0771
vn 0.0438 0.9978 0.0498
vn 0.6240 -0.0779 -0.7775
vn 0.6033 -0.0254 -0.7971
vn 0.6328 -0.0250 -0.7739
vn -0.9938 0.0767 -0.0802
vn -0.9919 0.0077 -0.1267
vn -0.9971 0.0513 -0.0571
vn -0.9785 0.2060 0.0029
vn -0.9656 0.2590 -0.0240
vn -0.9788 0.1995 -0.0457
vn -0.0606 0.9947 0.0826
vn -0.0036 0.9886 0.1503
vn 0.0082 0.9973 0.0730
vn 0.0206 0.9983 0.0545
vn -0.0050 0.9999 0.0108
vn -0.0483 0.9985 0.0259
vn -0.0207 0.9996 0.0213
vn 0.0626 0.9980 0.0037
vn 0.0053 0.9995 -0.0295
vn 0.1012 0.9936 0.0503
vn 0.1199 0.9915 -0.0506
vn 0.0463 0.9986 0.0266
vn -0.3079 0.7653 0.5653
vn -0.2734 0.7874 0.5525
vn -0.3403 0.7863 0.5157
vn 0.0274 0.9994 0.0200
vn 0.0762 0.9944 -0.0729
vn -0.0095 0.9992 -0.0400
vn 0.0163 0.9993 0.0336
vn 0.0422 0.9977 0.0528
vn 0.0364 0.9992 0.0154
vn 0.6302 -0.0407 -0.7754
vn 0.5987 -0.0714 -0.7978
vn 0.6149 -0.0154 -0.7885
vn 0.3518 0.5916 0.7254
vn 0.3415 0.5606 0.7544
vn 0.3727 0.5793 0.7249
vn 0.2983 0.2912 0.9090
vn 0.3204 0.2879 0.9025
vn 0.3078 0.3206 0.8958
vn 0.1665 0.0810 0.9827
vn 0.2263 0.0438 0.9731
vn 0.2257 0.1005 0.9690
vn -0.0386 -0.0252 -0.9989
vn -0.0275 -0.0332 -0.9991
vn -0.0282 -0.0442 -0.9986
vn -0.9990 -0.0447 -0.0037
vn -0.9993 -0.0334 -0.0175
vn -0.9978 -0.0577 -0.0313
vn 0.2119 0.9770 0.0235
vn 0.2111 0.9774 -0.0061
vn 0.1827 0.9831 -0.0115
vn -0.2438 0.9698 -0.0052
vn -0.2325 0.9704 -0.0648
vn -0.2717 0.9619 -0.0291
vn -0.9996 -0.0283 -0.0013
vn -0.9218 0.1652 -0.3506
vn -0.9411 0.1434 -0.3061
vn -0.9237 0.2074 -0.3221
vn -0.0878 0.9863 -0.1395
vn -0.0825 0.9809 -0.1762
vn -0.1092 0.9795 -0.1692
vn 0.9944 0.0483 0.0942
vn 0.9895 0.1164 0.0860
vn 0.9853 0.1232 0.1183
vn 0.7082 -0.0437 -0.7047
vn 0.6395 -0.0573 -0.7667
vn 0.6717 0.0281 -0.7403
vn -0.1015 0.9842 -0.1453
vn -0.1767 0.9703 -0.1651
vn -0.1213 0.9889 -0.0862
vn 0.1352 -0.0205 -0.9906
vn 0.1409 -0.0568 -0.9884
vn 0.0637 -0.0417 -0.9971
vn 0.1171 0.1205 -0.9858
vn 0.1827 0.0816 -0.9798
vn 0.1555 0.0760 -0.9849
vn 0.0965 0.2251 -0.9695
vn 0.1021 0.2499 -0.9629
vn 0.1133 0.2245 -0.9679
vn 0.5836 0.0407 -0.8110
vn 0.6267 0.0325 -0.7786
vn 0.5779 -0.0039 -0.8161
vn -0.0162 0.0489 -0.9987
vn 0.0211 0.0872 -0.9960
vn 0.0158 0.0448 -0.9989
vn -0.9614 -0.1844 -0.2040
vn -0.9643 -0.2036 -0.1693
vn -0.9745 -0.1623 -0.1548
vn -0.9834 -0.1063 -0.1470
vn -0.9773 -0.1471 -0.1525
vn -0.9811 -0.1422 -0.1310
vn -0.1847 0.9828 -0.0015
vn -0.1921 0.9801 0.0507
vn -0.1607 0.9870 -0.0052
vn -0.9456 0.0872 -0.3134
vn -0.9556 0.0412 -0.2918
vn -0.9685 0.0742 -0.2378
vn -0.3206 0.9442 -0.0763
vn -0.2897 0.9568 -0.0257
vn -0.2674 0.9603 -0.0800
vn 0.9959 0.0390 0.0820
vn 0.9975 0.0274 0.0647
vn 0.9975 0.0400 0.0590
vn 0.3668 0.9230 0.1163
vn 0.3844 0.9221 0.0442
vn 0.3724 0.9265 0.0541
vn 0.9694 0.0717 0.2350
vn 0.9786 0.0205 0.2048
vn 0.9823 0.0307 0.1848
vn 0.9833 -0.1155 0.1405
vn 0.9845 -0.1267 0.1209
vn 0.9867 -0.0966 0.1304
vn -0.0182 0.9996 0.0210
vn -0.0212 0.9998 -0.0039
vn -0.0422 0.9991 0.0042
vn 0.9931 0.1168 0.0129
vn 0.9963 0.0679 0.0532
vn 0.9952 0.0981 0.0011
vn 0.9453 0.0434 -0.3232
vn 0.9285 0.0537 -0.3675
vn 0.9318 0.0829 -0.3533
vn 0.0278 0.0494 0.9984
vn 0.0011 0.0188 0.9998
vn 0.0243 -0.0060 0.9997
vn -0.0008 0.0084 1.0000
vn 0.0407 0.0033 0.9992
vn 0.0357 0.0224 0.9991
vn 0.0843 -0.0496 0.9952
vn 0.0528 -0.0835 0.9951
vn 0.1129 -0.0828 0.9901
vn 0.7212 0.1878 0.6668
vn 0.6860 0.1138 0.7187
vn 0.7407 0.1457 0.6558
vn 0.1377 -0.2269 0.9641
vn 0.1850 -0.2037 0.9614
vn 0.1472 -0.1582 0.9764
vn 0.0900 -0.2086 0.9739
vn 0.1391 -0.2559 0.9566
vn 0.1419 -0.2108 0.9672
vn -0.3397 0.9377 -0.0725
vn -0.3117 0.9459 -0.0897
vn -0.3415 0.9325 -0.1176
vn -0.9950 0.0931 0.0356
vn -0.9969 0.0613 0.0495
vn -0.9934 0.0664 0.0938
vn 0.0082 0.8800 0.4749
vn 0.0017 0.9132 0.4075
vn -0.0288 0.9089 0.4159
vn -0.2272 0.9198 0.3198
vn -0.2589 0.9325 0.2519
vn -0.3227 0.9049 0.2774
vn 0.2627 0.9601 -0.0963
vn 0.2770 0.9510 -0.1376
vn 0.2415 0.9583 -0.1530
vn 0.2077 0.9592 -0.1918
vn 0.0919 0.9760 -0.1976
vn 0.1740 0.9797 -0.0999
vn 0.0185 0.2020 -0.9792
vn -0.0563 0.1512 -0.9869
vn -0.1239 0.2422 -0.9623
vn 0.9524 -0.0933 -0.2901
vn 0.9370 -0.0904 -0.3375
vn 0.9607 -0.0209 -0.2768
vn -0.8482 0.5048 0.1606
vn -0.8752 0.4731 0.1009
vn -0.8929 0.4281 0.1394
vn -0.9756 0.1823 -0.1220
vn -0.9659 0.2185 -0.1391
vn -0.9699 0.1759 -0.1684
vn -0.4682 0.2278 0.8538
vn -0.5180 0.2237 0.8256
vn -0.4902 0.1735 0.8542
vn 0.1069 0.9905 0.0862
vn 0.1065 0.9939 0.0289
vn 0.0498 0.9973 0.0535
vn -0.0155 0.9993 0.0347
vn -0.0006 0.9999 0.0144
vn -0.0292 0.9996 -0.0063
vn -0.4959 0.8653 -0.0730
vn -0.4737 0.8707 -0.1320
vn -0.5459 0.8296 -0.1174
vn -0.0960 0.9944 0.0437
vn -0.0422 0.9988 0.0241
vn -0.0923 0.9956 -0.0152
vn -0.2215 0.4666 0.8563
vn -0.1794 0.5084 0.8422
vn -0.2248 0.4888 0.8429
vn -0.7961 0.0185 0.6049
vn -0.7321 -0.0125 0.6811
vn -0.7752 0.0444 0.6302
vn 0.0760 -0.9768 0.2000
vn 0.1011 -0.9733 0.2059
vn 0.0851 -0.9671 0.2398
vn -0.1091 -0.0057 -0.9940
vn -0.1308 -0.0918 -0.9871
vn -0.1271 -0.0168 -0.9918
vn -0.0951 -0.0833 -0.9920
vn -0.2088 0.9637 0.1665
vn -0.1706 0.9631 0.2082
vn -0.1537 0.9748 0.1617
vn -0.2013 0.9769 -0.0722
vn -0.1487 0.9858 -0.0783
vn -0.1732 0.9793 -0.1045
vn -0.0648 0.9950 0.0755
vn -0.0889 0.9945 0.0545
vn -0.0897 0.9925 0.0825
vn 0.9870 0.1045 0.1224
vn 0.9967 0.0636 0.0503
vn 0.9874 0.1374 0.0781
vn 0.0810 -0.0779 0.9937
vn 0.0749 -0.1111 0.9910
vn 0.1052 -0.0844 0.9909
vn 0.0533 -0.0990 0.9937
vn 0.1068 -0.0581 0.9926
vn 0.0583 -0.0400 0.9975
vn 0.0757 -0.3598 0.9300
vn 0.0411 -0.3397 0.9396
vn 0.0179 -0.3565 0.9341
vn -0.9563 -0.1148 0.2689
vn -0.9615 -0.1343 0.2396
vn -0.9490 -0.1848 0.2556
vn -0.4820 0.2423 0.8420
vn -0.4356 0.2375 0.8682
vn -0.4679 0.2705 0.8413
vn -0.1732 -0.1682 0.9704
vn -0.1525 -0.2119 0.9653
vn -0.1319 -0.1425 0.9810
vn -0.1153 0.8898 0.4416
vn -0.0810 0.9145 0.3964
vn -0.1466 0.9251 0.3504
vn -0.8467 0.1853 0.4987
vn -0.8362 0.1043 0.5383
vn -0.8004 0.1708 0.5747
vn -0.9210 -0.0914 0.3787
vn -0.9550 0.0112 0.2965
vn -0.9567 -0.0320 0.2894
vn -0.1375 0.8170 0.5599
vn -0.1666 0.8283 0.5350
vn -0.1766 0.8001 0.5733
vn 0.2118 0.1363 0.9678
vn 0.2205 0.0195 0.9752
vn 0.2458 0.0259 0.9690
vn 0.0455 0.0948 0.9945
vn 0.1090 0.1335 0.9850
vn 0.0700 0.1345 0.9884
vn 0.0998 0.0890 0.9910
vn 0.0278 0.9546 0.2965
vn 0.1548 0.9450 0.2879
vn 0.0417 0.9716 0.2330
vn 0.1420 0.9555 0.2587
vn 0.0921 0.9815 0.1677
vn 0.0326 0.9840 0.1752
vn -0.0706 0.0176 0.9973
vn -0.0567 0.0100 0.9983
vn -0.0070 0.1071 0.9942
vn -0.9847 0.1026 0.1405
vn -0.9873 0.0679 0.1436
vn -0.9803 0.0755 0.1825
vn -0.0776 -0.9305 0.3581
vn -0.0927 -0.9060 0.4130
vn -0.1723 -0.9385 0.2991
vn -0.3912 0.2221 0.8931
vn -0.3877 0.2521 0.8867
vn -0.4489 0.2170 0.8668
vn -0.0822 0.0905 0.9925
vn -0.0651 0.0599 0.9961
vn -0.0341 0.0817 0.9961
vn 0.0073 -0.0527 0.9986
vn 0.0499 -0.0685 0.9964
vn 0.0438 -0.0442 0.9981
vn -0.0479 -0.9228 0.3823
vn -0.0964 -0.8620 0.4976
vn -0.1268 -0.8953 0.4271
vn -0.5537 -0.7002 0.4508
vn -0.5153 -0.7610 0.3941
vn -0.4971 -0.7390 0.4546
vn 0.7770 -0.5810 0.2422
vn 0.7727 -0.6098 0.1766
vn 0.7951 -0.5747 0.1937
vn 0.0817 0.9835 0.1615
vn 0.0974 0.9861 0.1343
vn 0.0709 0.9885 0.1333
vn 0.0800 0.9923 0.0947
vn 0.0034 0.9985 0.0538
vn 0.0392 0.9927 0.1142
vn 0.8868 -0.2201 0.4063
vn 0.8885 -0.2418 0.3900
vn 0.8996 -0.2053 0.3854
vn 0.9590 -0.0523 0.2786
vn 0.9543 -0.0945 0.2834
vn 0.9650 -0.0662 0.2537
vn -0.1037 -0.9883 0.1116
vn -0.0401 -0.9921 0.1187
vn -0.0500 -0.9832 0.1757
vn -0.5224 0.2328 0.8203
vn -0.5387 0.3391 0.7712
vn -0.6060 0.2235 0.7634
vn -0.0418 0.9848 0.1685
vn -0.0073 0.9614 0.2752
vn 0.0015 0.9845 0.1752
vn -0.4561 0.1220 0.8815
vn -0.4590 0.0494 0.8870
vn -0.3515 0.1387 0.9259
vn 0.0884 -0.1234 0.9884
vn 0.0546 -0.0726 0.9959
vn 0.0523 -0.1193 0.9915
vn 0.9335 0.2941 0.2053
vn 0.9311 0.3269 0.1617
vn 0.8893 0.4259 0.1667
vn 0.0053 -0.0516 0.9987
vn -0.0487 -0.0814 0.9955
vn -0.0039 -0.1062 0.9943
vn 0.0251 0.9655 0.2594
vn 0.0747 0.9648 0.2521
vn 0.0762 0.9703 0.2297
vn -0.0547 0.0947 0.9940
vn -0.0738 0.0505 0.9960
vn -0.0333 0.0769 0.9965
vn -0.0501 -0.0936 0.9943
vn 0.4867 0.0209 0.8733
vn 0.5219 -0.0508 0.8515
vn 0.5293 0.0176 0.8483
vn 0.2106 0.9734 0.0902
vn 0.2124 0.9768 0.0255
vn 0.1770 0.9839 0.0254
vn 0.9986 0.0248 0.0475
vn 1.0000 -0.0067 0.0066
vn 0.9993 0.0343 -0.0129
vn 0.9850 -0.1280 0.1158
vn 0.9783 -0.1484 0.1445
vn 0.9782 -0.1766 0.1092
vn 0.3300 -0.1087 0.9377
vn 0.3108 -0.1582 0.9372
vn 0.3873 -0.1447 0.9106
vn 0.9861 0.1072 0.1269
vn 0.9856 0.1439 0.0890
vn 0.9735 0.1627 0.1607
vn 0.3724 0.7212 0.5842
vn 0.4015 0.7228 0.5624
vn 0.3743 0.7437 0.5540
vn -0.1346 0.0955 0.9863
vn -0.1226 0.1520 0.9807
vn -0.1557 0.1151 0.9811
vn 0.9939 0.1079 0.0212
vn 0.9951 0.0987 0.0108
vn 0.9935 0.1137 0.0002
vn 0.9975 0.0183 0.0679
vn 0.9961 -0.0051 0.0877
vn 0.9982 0.0098 0.0589
vn 0.9917 -0.0961 0.0853
vn 0.9854 -0.1439 0.0907
vn 0.9918 -0.1135 0.0592
vn 0.7428 -0.6163 -0.2616
vn 0.7646 -0.5803 -0.2805
vn 0.7786 -0.5854 -0.2258
vn 0.0216 0.9996 0.0206
vn 0.0306 0.9980 -0.0555
vn 0.0109 0.9995 0.0296
vn 0.9973 0.0012 0.0737
vn 0.9917 0.0321 0.1247
vn 0.9927 0.0020 0.1209
vn -0.1917 0.2491 0.9493
vn -0.2042 0.1993 0.9584
vn -0.1734 0.2400 0.9552
vn -0.3352 0.2943 -0.8950
vn -0.3528 0.2199 -0.9095
vn -0.4131 0.2853 -0.8648
vn -0.2136 -0.1327 0.9679
vn -0.2586 -0.0624 0.9640
vn -0.2557 -0.1659 0.9524
vn 0.8918 -0.1139 0.4378
vn 0.9226 -0.1325 0.3623
vn 0.9270 -0.0283 0.3740
vn -0.0256 -0.1793 0.9835
vn 0.0203 -0.1573 0.9873
vn -0.0045 -0.1313 0.9913
vn -0.0506 0.0420 0.9978
vn -0.0931 -0.0480 0.9945
vn -0.0233 0.0136 0.9996
vn -0.1862 0.1058 0.9768
vn -0.0964 0.1183 0.9883
vn -0.1116 0.1451 0.9831
vn 0.6709 -0.7414 0.0181
vn 0.6445 -0.7629 0.0516
vn 0.6375 -0.7698 0.0308
vn 0.8596 0.2519 0.4446
vn 0.8711 0.2624 0.4151
vn 0.8444 0.3043 0.4410
vn 0.9894 -0.0383 0.1403
vn 0.9948 -0.0383 0.0947
vn 0.9947 -0.0264 0.0993
vn 0.9989 -0.0428 0.0190
vn 0.9983 -0.0567 0.0151
vn 0.9995 -0.0295 -0.0066
vn -0.0417 -0.2225 0.9740
vn -0.1048 -0.2476 0.9632
vn -0.0706 -0.2698 0.9603
vn 0.3592 0.1251 -0.9248
vn 0.4224 0.0680 -0.9039
vn 0.3185 0.0403 -0.9471
vn -0.2973 0.9540 -0.0398
vn -0.3323 0.9312 -0.1498
vn -0.4155 0.9057 -0.0835
vn -0.2472 0.4598 0.8529
vn -0.2428 0.4229 0.8730
vn -0.1537 0.4338 0.8878
vn 0.9951 -0.0990 -0.0072
vn 0.9929 -0.1183 0.0118
vn 0.9899 -0.1376 -0.0342
vn 0.9867 -0.1624 0.0102
vn 0.9820 -0.1879 -0.0173
vn 0.9914 -0.1279 -0.0290
vn 0.9841 -0.1719 0.0440
vn 0.9909 -0.1248 -0.0508
vn 0.9939 -0.1093 -0.0166
vn 0.2224 0.9686 0.1109
vn 0.2643 0.9644 -0.0056
vn 0.2200 0.9755 0.0025
vn 0.9895 0.1008 0.1040
vn 0.9947 0.0660 0.0793
vn 0.9899 0.1303 0.0549
vn 0.9862 0.1342 0.0970
vn 0.9945 0.0514 0.0915
vn 0.9974 0.0634 0.0338
vn 0.5605 -0.8237 -0.0857
vn 0.5620 -0.8088 -0.1730
vn 0.5757 -0.8137 -0.0810
vn 0.0532 0.9970 -0.0566
vn 0.0766 0.9958 -0.0501
vn 0.0706 0.9947 -0.0753
vn 0.4656 -0.1662 0.8693
vn 0.4314 -0.1815 0.8837
vn 0.4235 -0.2148 0.8801
vn 0.1732 0.0091 0.9848
vn 0.2175 -0.0415 0.9752
vn 0.2179 0.0349 0.9754
vn 0.7001 -0.1359 0.7010
vn 0.6700 -0.2089 0.7123
vn 0.7003 -0.1826 0.6901
vn 0.9940 -0.0584 0.0927
vn 0.9969 -0.0769 0.0193
vn 0.9984 -0.0134 0.0549
vn 0.9848 -0.1319 0.1133
vn 0.9852 -0.1504 0.0817
vn 0.9886 -0.1455 0.0383
vn 0.9988 -0.0091 0.0473
vn 0.9986 -0.0262 0.0467
vn 0.9992 0.0129 -0.0381
vn 0.9967 -0.0101 0.0802
vn 0.9981 -0.0592 0.0143
vn 0.9997 -0.0102 0.0238
vn 0.9203 0.1344 -0.3675
vn 0.9212 0.0970 -0.3767
vn 0.9147 0.1092 -0.3891
vn 0.9026 0.0636 -0.4257
vn 0.9094 0.0535 -0.4125
vn 0.9030 0.0352 -0.4283
vn 0.2327 0.9722 0.0258
vn 0.2199 0.9750 -0.0312
vn 0.2154 0.9759 0.0337
vn 0.0361 -0.1872 0.9817
vn 0.0454 -0.2371 0.9704
vn 0.0523 -0.1787 0.9825
vn 0.1849 -0.1139 0.9761
vn 0.2365 -0.1401 0.9615
vn 0.1991 -0.1014 0.9747
vn 0.3830 0.9233 0.0285
vn 0.3381 0.9411 0.0004
vn 0.3347 0.9408 0.0536
vn 0.3620 0.1700 0.9165
vn 0.4021 0.1666 0.9003
vn 0.3582 0.2180 0.9078
vn 0.0958 -0.9313 0.3515
vn 0.0449 -0.9312 0.3617
vn 0.0372 -0.9456 0.3231
vn 0.1566 -0.2100 0.9651
vn 0.1985 -0.2284 0.9531
vn 0.2201 -0.1736 0.9599
vn 0.8594 0.0291 0.5105
vn 0.8734 0.0357 0.4856
vn 0.8606 0.0835 0.5025
vn 0.0851 0.9071 0.4123
vn 0.0838 0.9328 0.3505
vn -0.0082 0.9337 0.3580
vn -0.0004 0.9649 0.2626
vn -0.0022 0.9799 0.1997
vn -0.0972 0.9577 0.2707
vn 0.0105 -0.8890 0.4578
vn 0.0310 -0.8881 0.4587
vn 0.0323 -0.8740 0.4849
vn -0.0422 -0.0981 0.9943
vn -0.0172 -0.1210 0.9925
vn -0.0233 -0.0968 0.9950
vn 0.0161 0.0247 0.9996
vn -0.0078 -0.0212 0.9997
vn 0.0464 0.0061 0.9989
vn 0.0094 -0.8852 0.4652
vn 0.0545 -0.8818 0.4686
vn -0.0415 -0.8636 0.5024
vn -0.0048 0.9120 0.4101
vn 0.0363 0.8908 0.4530
vn 0.0468 0.9094 0.4134
vn -0.2558 -0.0802 0.9634
vn -0.2063 -0.0589 0.9767
vn -0.2130 -0.0416 0.9762
vn 0.5728 0.0131 0.8196
vn 0.5956 -0.0203 0.8031
vn 0.5752 0.0242 0.8176
vn 0.9981 -0.0429 -0.0449
vn 0.9961 -0.0657 -0.0584
vn 0.9977 -0.0376 -0.0565
vn 0.0067 0.9955 0.0950
vn 0.0395 0.9972 0.0641
vn -0.0018 0.9983 0.0582
vn 0.0461 0.9743 0.2207
vn 0.0693 0.9780 0.1966
vn 0.0240 0.9864 0.1629
vn 0.0244 -0.0551 0.9982
vn 0.0692 -0.0430 0.9967
vn 0.0209 0.0023 0.9998
vn -0.9741 -0.0723 0.2141
vn -0.9671 -0.1111 0.2288
vn -0.9618 -0.0778 0.2625
vn 0.5098 0.3529 0.7846
vn 0.5257 0.3169 0.7894
vn 0.5435 0.3735 0.7517
vn 0.3476 0.2536 0.9027
vn 0.3335 0.2356 0.9128
vn 0.3741 0.2189 0.9012
vn -0.0690 0.0265 0.9973
vn -0.1001 0.0243 0.9947
vn -0.0870 0.0109 0.9961
vn 0.1080 0.1610 0.9810
vn 0.1660 0.1436 0.9756
vn 0.1681 0.1742 0.9703
vn 0.0294 -0.1250 0.9917
vn 0.0535 -0.1241 0.9908
vn 0.0025 -0.0910 0.9958
vn -0.7740 0.6327 0.0225
vn -0.7870 0.6111 0.0850
vn -0.7284 0.6837 0.0450
vn -0.5247 0.8380 0.1497
vn -0.4806 0.8622 0.1600
vn -0.5114 0.8516 0.1154
vn -0.0671 0.9138 0.4005
vn -0.0415 0.9107 0.4110
vn -0.0249 0.9324 0.3606
vn 0.9816 0.1251 -0.1443
vn 0.9744 0.1281 -0.1847
vn 0.9771 0.1425 -0.1579
vn -0.7124 0.6802 0.1726
vn -0.4879 0.8227 0.2917
vn -0.4697 0.8513 0.2339
vn -0.7713 0.5524 0.3161
vn -0.6975 0.7139 0.0619
vn -0.7974 0.5466 0.2556
vn -0.5895 0.7291 0.3477
vn -0.6131 0.7486 0.2522
vn -0.6434 0.6923 0.3268
vn 0.9933 -0.0811 -0.0819
vn 0.9902 -0.0700 -0.1206
vn 0.9923 -0.0230 -0.1218
vn 0.0171 -0.1344 0.9908
vn 0.0805 -0.1650 0.9830
vn 0.0632 -0.1078 0.9922
vn 0.9744 -0.1971 -0.1079
vn 0.9640 -0.2376 -0.1192
vn 0.9651 -0.2281 -0.1288
vn 0.9777 -0.1949 -0.0785
vn 0.9773 -0.1911 -0.0920
vn 0.9787 -0.1854 -0.0885
vn 0.1532 0.9769 0.1489
vn 0.1823 0.9674 0.1756
vn 0.1972 0.9685 0.1521
vn -0.0588 0.1671 0.9842
vn -0.0334 0.1734 0.9843
vn -0.0507 0.2011 0.9783
vn 0.9780 -0.1700 0.1210
vn 0.9845 -0.1325 0.1144
vn 0.9746 -0.1618 0.1547
vn 0.3485 0.9339 0.0803
vn 0.3335 0.9413 0.0525
vn 0.3064 0.9442 0.1204
vn -0.2740 0.2251 0.9350
vn -0.2738 0.1602 0.9484
vn -0.2186 0.1989 0.9553
vn -0.0277 -0.0835 0.9961
vn 0.0285 -0.1158 0.9929
vn 0.0354 -0.0805 0.9961
vn -0.0152 0.0314 0.9994
vn 0.0274 0.0235 0.9993
vn 0.0105 0.0602 0.9981
vn -0.9963 -0.0605 0.0612
vn -0.9982 -0.0391 0.0457
vn -0.9979 -0.0602 0.0233
vn -0.9969 -0.0561 0.0543
vn 0.1298 0.2543 0.9584
vn 0.1717 0.2447 0.9543
vn 0.1777 0.2754 0.9448
vn -0.0194 -0.0311 0.9993
vn 0.0044 -0.0133 0.9999
vn -0.0286 -0.0098 0.9995
vn -0.2233 0.9738 0.0427
vn -0.2101 0.9772 -0.0303
vn -0.2539 0.9672 -0.0093
vn -0.9958 -0.0712 0.0576
vn -0.9918 -0.1242 0.0307
vn -0.9903 -0.1046 0.0910
vn 0.0833 -0.0055 -0.9965
vn 0.0776 -0.0781 -0.9939
vn 0.0523 -0.0476 -0.9975
vn -0.9875 -0.1097 0.1133
vn -0.9744 -0.1744 0.1416
vn -0.9814 -0.1149 0.1536
vn 0.0108 -0.0306 -0.9995
vn -0.0155 -0.0559 -0.9983
vn -0.0065 0.0162 -0.9998
vn 0.2389 0.1459 0.9600
vn 0.2136 0.1379 0.9671
vn 0.2347 0.1182 0.9649
vn 0.2237 0.1457 0.9637
vn 0.2171 0.1294 0.9675
vn 0.2426 0.1298 0.9614
vn 0.0293 -0.0102 0.9995
vn 0.0465 -0.0362 0.9983
vn 0.0538 -0.0079 0.9985
vn 0.2206 0.1954 0.9556
vn 0.2157 0.1739 0.9608
vn 0.2423 0.1724 0.9548
vn 0.0315 0.2797 0.9596
vn 0.0156 0.2608 0.9653
vn 0.0416 0.2602 0.9647
vn 0.0199 -0.9970 -0.0751
vn -0.0308 -0.9955 -0.0901
vn 0.0072 -0.9944 -0.1055
vn -0.0251 0.9996 -0.0155
vn 0.0043 0.9999 -0.0116
vn -0.0286 0.9975 -0.0642
vn 0.0355 0.9987 -0.0365
vn 0.0583 0.9932 -0.1008
vn -0.0096 0.9967 -0.0808
vn -0.0273 0.9975 0.0655
vn -0.0185 0.9961 0.0868
vn 0.0126 0.9982 0.0586
vn 0.0073 0.1379 0.9904
vn 0.0500 0.1563 0.9864
vn 0.0087 0.1661 0.9861
vn -0.4679 -0.5002 0.7286
vn -0.4440 -0.5494 0.7079
vn -0.4274 -0.5008 0.7526
vn -0.9514 0.3068 -0.0254
vn -0.9600 0.2796 0.0165
vn -0.9546 0.2962 0.0327
vn -0.0046 0.9944 -0.1053
vn 0.0120 0.9935 -0.1132
vn 0.0069 0.9927 -0.1202
vn 0.0174 -0.0417 0.9990
vn -0.0132 0.0119 0.9998
vn -0.0354 -0.0053 0.9994
vn 0.7228 0.6817 -0.1128
vn 0.7109 0.6924 -0.1234
vn 0.7020 0.7077 -0.0800
vn -0.0286 0.9996 0.0056
vn 0.0057 1.0000 -0.0056
vn -0.0490 0.9988 -0.0077
vn -0.1316 -0.2808 0.9507
vn -0.1166 -0.2917 0.9494
vn -0.1063 -0.2704 0.9569
vn -0.9742 -0.1482 0.1703
vn -0.9768 -0.1646 0.1368
vn -0.9681 -0.2006 0.1503
vn -0.9950 0.0471 0.0879
vn -0.9960 0.0731 0.0520
vn -0.9979 0.0356 0.0534
vn -0.1333 0.0416 -0.9902
vn -0.1048 0.0365 -0.9938
vn -0.1238 -0.0014 -0.9923
vn -0.1773 0.0024 -0.9842
vn -0.1579 0.0265 -0.9871
vn -0.1368 -0.0100 -0.9906
vn -0.0918 -0.4518 -0.8874
vn -0.0604 -0.4624 -0.8846
vn -0.1172 -0.4660 -0.8770
vn -0.1626 -0.0844 -0.9831
vn -0.1043 -0.0729 -0.9919
vn -0.1210 -0.1088 -0.9867
vn 0.0086 0.4533 -0.8913
vn 0.0736 0.4760 -0.8764
vn 0.0426 0.4262 -0.9036
vn -0.3375 -0.0668 -0.9390
vn -0.3151 -0.1090 -0.9428
vn -0.3382 -0.1157 -0.9339
vn -0.1296 0.1133 -0.9851
vn -0.1006 0.0931 -0.9906
vn -0.1184 0.0854 -0.9893
vn -0.1240 0.9797 0.1578
vn -0.0919 0.9773 0.1910
vn -0.0736 0.9852 0.1545
vn 0.8777 0.3408 -0.3369
vn 0.8487 0.3424 -0.4031
vn 0.6564 0.6808 -0.3251
vn -0.9574 0.2873 0.0296
vn -0.9699 0.2428 -0.0179
vn -0.9647 0.2607 0.0377
vn 0.0044 0.2481 -0.9687
vn 0.0209 0.2191 -0.9755
vn -0.0098 0.2166 -0.9762
vn 0.9993 0.0274 -0.0247
vn -0.0859 0.9924 -0.0878
vn -0.0734 0.9898 -0.1220
vn -0.1191 0.9866 -0.1115
vn 0.0473 0.0713 -0.9963
vn 0.0505 0.0506 -0.9974
vn 0.0298 0.0600 -0.9978
vn 0.1233 0.9717 0.2013
vn 0.1445 0.9800 0.1366
vn 0.0889 0.9847 0.1499
vn -0.4910 0.1734 0.8537
vn -0.4989 0.1188 0.8585
vn -0.4535 0.1344 0.8810
vn -0.0134 -0.1441 -0.9895
vn 0.0054 -0.1740 -0.9847
vn -0.0449 -0.1494 -0.9878
vn 0.0030 -0.2214 -0.9752
vn 0.0366 -0.2177 -0.9753
vn 0.0169 -0.2387 -0.9709
vn 0.2152 -0.0910 -0.9723
vn 0.2277 -0.1117 -0.9673
vn 0.1623 -0.1222 -0.9791
vn 0.0052 0.9731 0.2303
vn 0.0614 0.9709 0.2314
vn 0.0360 0.9788 0.2016
vn 0.0038 -0.0832 -0.9965
vn 0.0015 -0.0460 -0.9989
vn 0.0500 -0.0724 -0.9961
vn 0.6179 0.5445 -0.5671
vn 0.6872 0.6973 -0.2038
vn 0.6690 0.4887 -0.5599
vn 0.2349 0.9720 -0.0110
vn 0.2218 0.9745 -0.0331
vn 0.2170 0.9761 0.0106
vn 0.9985 0.0452 0.0316
vn 0.9972 0.0266 0.0694
vn 0.9992 0.0297 0.0270
vn 0.9944 -0.1007 -0.0330
vn 0.9859 -0.1285 -0.1076
vn 0.9898 -0.1045 -0.0973
vn 0.9941 0.0361 -0.1018
vn 0.9954 -0.0464 -0.0843
vn 0.9893 -0.0190 -0.1449
vn 0.2452 0.1468 0.9583
vn 0.2608 0.0977 0.9604
vn 0.2715 0.1137 0.9557
vn -0.9689 -0.2218 0.1100
vn -0.9719 -0.2270 0.0617
vn -0.9555 -0.2893 0.0568
vn -0.1993 0.9753 0.0956
vn -0.0998 0.9948 0.0208
vn -0.1974 0.9798 -0.0311
vn -0.2118 0.9765 -0.0387
vn -0.2147 0.9693 0.1200
vn -0.1301 0.9911 -0.0292
vn -0.0288 0.9910 0.1309
vn 0.0022 0.9819 0.1894
vn 0.0227 0.9935 0.1111
vn 0.9952 -0.0897 0.0394
vn 0.9962 -0.0611 0.0619
vn 0.9893 -0.1087 0.0974
vn 0.9915 -0.0849 0.0985
vn 0.9924 -0.1164 0.0409
vn 0.9947 -0.0928 0.0433
vn -0.5971 0.7932 0.1198
vn -0.5703 0.8176 0.0787
vn -0.5995 0.7985 0.0548
vn 0.8973 0.4412 -0.0149
vn 0.9062 0.4155 -0.0791
vn 0.8915 0.4438 -0.0906
vn -0.0617 0.9978 0.0232
vn -0.0172 0.9998 0.0033
vn -0.0755 0.9902 -0.1172
vn -0.3696 0.9281 -0.0451
vn -0.4394 0.8983 0.0041
vn -0.3552 0.9303 0.0921
vn -0.9913 -0.0148 0.1308
vn -0.9950 0.0334 0.0939
vn -0.9949 -0.0378 0.0933
vn -0.9861 0.0244 -0.1645
vn -0.9763 -0.0060 -0.2165
vn -0.9839 -0.0418 -0.1739
vn -0.1807 0.9835 -0.0076
vn -0.1189 0.9929 0.0092
vn -0.1482 0.9882 -0.0376
vn 0.0626 -0.9755 0.2107
vn 0.0863 -0.9670 0.2396
vn 0.0215 -0.9730 0.2299
vn -0.9226 0.1291 -0.3634
vn -0.9556 0.1206 -0.2690
vn -0.9263 0.1973 -0.3211
vn 0.1192 -0.0173 0.9927
vn 0.1927 -0.0572 0.9796
vn 0.1901 -0.0158 0.9816
vn -0.0351 -0.1684 0.9851
vn -0.0388 -0.2479 0.9680
vn 0.0136 -0.2367 0.9715
vn -0.0682 -0.9966 -0.0465
vn -0.0250 -0.9988 -0.0416
vn -0.0587 -0.9983 -0.0070
vn -0.0024 0.9970 -0.0767
vn 0.0420 0.9942 -0.0995
vn 0.0278 0.9911 -0.1302
vn 0.2912 -0.9561 -0.0330
vn 0.3051 -0.9501 -0.0651
vn 0.3124 -0.9494 -0.0330
vn 0.3715 -0.9283 -0.0177
vn 0.4059 -0.9134 0.0307
vn 0.3804 -0.9241 0.0355
vn 0.9469 0.1726 -0.2714
vn 0.9526 0.1744 -0.2493
vn 0.9507 0.1389 -0.2774
vn 0.5994 0.7942 0.1000
vn 0.6172 0.7718 0.1531
vn 0.6371 0.7660 0.0863
vn 0.1566 -0.2004 0.9671
vn 0.1622 -0.1630 0.9732
vn 0.0961 -0.1819 0.9786
vn 0.9990 -0.0008 0.0452
vn 0.9954 -0.0154 0.0943
vn 0.9962 -0.0302 0.0817
vn 0.9308 -0.1874 -0.3139
vn 0.9176 -0.2252 -0.3275
vn 0.9006 -0.1995 -0.3861
vn 0.9492 -0.1060 -0.2962
vn 0.9469 -0.1609 -0.2785
vn 0.9371 -0.1697 -0.3050
vn 0.0079 1.0000 0.0053
vn 0.0413 0.9991 -0.0107
vn 0.0083 0.9998 -0.0195
vn 0.3179 -0.9242 -0.2115
vn 0.3386 -0.9115 -0.2337
vn 0.3652 -0.9152 -0.1707
vn -0.0556 0.9944 -0.0898
vn -0.0189 0.9975 -0.0676
vn -0.0260 0.9937 -0.1094
vn 0.9995 0.0086 0.0317
vn 0.9996 -0.0270 0.0004
vn 0.9997 0.0029 -0.0235
vn 0.7716 0.1424 -0.6200
vn 0.7500 0.1657 -0.6403
vn 0.7921 0.1801 -0.5832
vn 0.7921 0.6103 -0.0119
vn 0.8098 0.5867 -0.0066
vn 0.8020 0.5945 -0.0574
vn 0.3274 0.9327 0.1516
vn 0.2886 0.9494 0.1238
vn 0.3005 0.9385 0.1700
vn 0.0411 0.9989 0.0245
vn 0.0166 0.9998 -0.0074
vn 0.0029 0.9998 0.0206
vn 0.0516 0.9960 -0.0723
vn 0.0736 0.9965 -0.0395
vn 0.0890 0.9933 -0.0730
vn 0.2502 0.9386 0.2377
vn 0.2007 0.9498 0.2398
vn 0.2324 0.9343 0.2702
vn 0.7543 -0.6485 0.1021
vn 0.7394 -0.6709 0.0566
vn 0.7663 -0.6388 0.0688
vn 0.0296 0.9935 0.1098
vn 0.0681 0.9912 0.1133
vn 0.0527 0.9950 0.0844
vn 0.1244 0.9905 0.0579
vn 0.0734 0.9950 0.0682
vn 0.0914 0.9911 0.0965
vn 0.2083 -0.1101 0.9718
vn 0.1810 -0.1355 0.9741
vn 0.2327 -0.1302 0.9638
vn 0.2340 -0.1129 0.9657
vn 0.2397 -0.0806 0.9675
vn 0.2088 -0.0953 0.9733
vn 0.1174 -0.9930 0.0098
vn 0.1818 -0.9827 0.0352
vn 0.1294 -0.9901 0.0543
vn 0.2316 0.3313 0.9146
vn 0.2464 0.2852 0.9263
vn 0.2672 0.3074 0.9133
vn 0.0884 -0.0287 0.9957
vn 0.0419 -0.0484 0.9979
vn 0.0768 -0.0656 0.9949
vn -0.0186 -0.9478 0.3184
vn -0.0433 -0.9646 0.2601
vn 0.0163 -0.9641 0.2649
vn -0.1198 -0.9817 0.1483
vn -0.0460 -0.9919 0.1183
vn -0.0507 -0.9859 0.1593
vn 0.1963 -0.0404 0.9797
vn 0.2676 -0.0382 0.9628
vn 0.2458 0.0931 0.9648
vn 0.1759 -0.0960 0.9797
vn 0.1909 -0.0413 0.9807
vn 0.0670 -0.0178 0.9976
vn 0.0729 -0.9498 0.3041
vn 0.1227 -0.9512 0.2832
vn 0.1109 -0.9315 0.3464
vn 0.9485 0.0847 0.3052
vn 0.9612 0.0644 0.2684
vn 0.9558 0.1216 0.2678
vn 0.0363 0.2411 0.9698
vn 0.0228 0.1922 0.9811
vn 0.0733 0.1989 0.9773
vn 0.0608 -0.9954 0.0745
vn 0.0678 -0.9964 0.0504
vn 0.0894 -0.9937 0.0678
vn 0.1253 -0.0577 0.9904
vn 0.1410 -0.0256 0.9897
vn 0.1155 -0.0367 0.9926
vn 0.0668 -0.0414 0.9969
vn 0.0841 -0.0262 0.9961
vn 0.0721 -0.0115 0.9973
vn 0.0918 -0.0370 0.9951
vn -0.4327 -0.1657 0.8862
vn -0.4567 -0.1511 0.8767
vn -0.4593 -0.1678 0.8723
vn -0.2627 0.1512 0.9530
vn -0.2574 0.1255 0.9581
vn -0.2296 0.1567 0.9606
vn 0.9785 -0.0965 0.1825
vn 0.9855 -0.0920 0.1428
vn 0.9828 -0.0778 0.1677
vn -0.0266 -0.9626 0.2695
vn 0.0162 -0.9685 0.2485
vn 0.0090 -0.9563 0.2921
vn 0.0712 -0.9975 -0.0028
vn 0.1032 -0.9944 -0.0228
vn 0.1022 -0.9946 0.0163
vn 0.4497 0.8523 0.2670
vn 0.4439 0.8725 0.2043
vn 0.4139 0.8838 0.2182
vn 0.1099 0.9837 0.1422
vn 0.1281 0.9866 0.1006
vn 0.1114 0.9881 0.1058
vn 0.0326 -0.9960 -0.0831
vn 0.0752 -0.9944 -0.0736
vn 0.0424 -0.9976 -0.0556
vn 0.1343 0.9787 0.1550
vn 0.1601 0.9638 0.2133
vn 0.1884 0.9712 0.1457
vn 0.2579 0.9312 0.2577
vn 0.3981 0.8861 0.2373
vn 0.2858 0.9370 0.2011
vn -0.0439 0.9598 0.2772
vn -0.0283 0.9508 0.3084
vn -0.0048 0.9594 0.2819
vn -0.1238 0.6654 0.7362
vn -0.0646 0.7458 0.6630
vn -0.1233 0.7491 0.6509
vn -0.0151 -0.0677 0.9976
vn -0.0163 -0.1368 0.9905
vn 0.0397 -0.1207 0.9919
vn -0.0081 -0.0538 0.9985
vn 0.0387 -0.0464 0.9982
vn -0.0070 -0.0325 0.9994
vn 0.0788 -0.4134 0.9071
vn 0.0958 -0.4610 0.8822
vn 0.1282 -0.3998 0.9076
vn 0.3389 -0.1178 0.9334
vn 0.3870 -0.1101 0.9155
vn 0.3637 -0.0813 0.9280
vn -0.0845 0.7345 0.6734
vn -0.0534 0.7294 0.6820
vn -0.0224 0.7412 0.6709
vn -0.0821 0.0379 0.9959
vn -0.0866 0.0884 0.9923
vn -0.1564 0.0405 0.9869
vn -0.1343 0.7461 0.6521
vn -0.1645 0.7444 0.6472
vn -0.1567 0.6896 0.7071
vn -0.2894 -0.2645 0.9199
vn -0.2810 -0.2890 0.9152
vn -0.2549 -0.2903 0.9224
vn -0.0383 0.0449 0.9983
vn -0.0094 0.0192 0.9998
vn -0.0104 0.0441 0.9990
vn -0.0873 -0.1822 0.9794
vn -0.0892 -0.1528 0.9842
vn -0.1319 -0.1681 0.9769
vn 0.3660 -0.1699 0.9150
vn 0.3744 -0.1492 0.9152
vn 0.2817 -0.1128 0.9528
vn 0.0060 -0.0380 0.9993
vn -0.0146 -0.0457 0.9988
vn 0.0300 -0.0705 0.9971
vn -0.1183 -0.3500 0.9292
vn -0.0340 -0.3708 0.9281
vn -0.0500 -0.3357 0.9406
vn 0.1518 -0.0808 0.9851
vn 0.1853 -0.1234 0.9749
vn 0.1870 -0.0800 0.9791
vn 0.7175 -0.3438 0.6058
vn 0.7547 -0.3932 0.5252
vn 0.7692 -0.3422 0.5396
vn 0.1215 0.0293 0.9922
vn 0.0935 0.0467 0.9945
vn 0.0789 0.0269 0.9965
vn 0.1022 -0.3721 0.9225
vn 0.1503 -0.3309 0.9316
vn 0.1153 -0.3240 0.9390
vn -0.6331 0.1472 0.7600
vn -0.5926 0.1456 0.7922
vn -0.6014 0.2247 0.7667
vn -0.0181 0.0755 0.9970
vn -0.0445 0.1121 0.9927
vn -0.0542 0.0896 0.9945
vn -0.0794 0.0807 0.9936
vn -0.0544 0.0468 0.9974
vn -0.0380 0.0932 0.9949
vn -0.3486 -0.0808 0.9338
vn -0.3955 -0.0697 0.9158
vn -0.3801 -0.1233 0.9167
vn -0.0441 0.8437 0.5350
vn -0.0047 0.8340 0.5518
vn 0.0007 0.8631 0.5051
vn 0.2384 0.9018 0.3605
vn 0.2680 0.8872 0.3755
vn 0.2684 0.9020 0.3382
vn -0.2115 0.8273 0.5204
vn -0.2170 0.7973 0.5632
vn -0.1630 0.8084 0.5656
vn -0.4731 0.1098 0.8742
vn -0.4833 0.1476 0.8629
vn -0.5289 0.1242 0.8396
vn -0.2361 0.2541 0.9379
vn -0.2158 0.2107 0.9534
vn -0.2047 0.2584 0.9441
vn -0.2667 -0.3619 0.8933
vn -0.3153 -0.3714 0.8733
vn -0.2824 -0.3922 0.8755
vn 0.0351 0.9531 0.3006
vn 0.0469 0.9729 0.2266
vn -0.0003 0.9767 0.2147
vn -0.0326 0.1081 0.9936
vn -0.0362 0.0610 0.9975
vn -0.0054 0.0798 0.9968
vn -0.1839 0.1082 0.9770
vn -0.1053 0.0873 0.9906
vn -0.1258 0.1426 0.9817
vn -0.0979 -0.2948 0.9505
vn -0.0646 -0.3111 0.9482
vn -0.0557 -0.2920 0.9548
vn 0.1475 0.9785 0.1439
vn 0.1494 0.9855 0.0805
vn 0.0997 0.9898 0.1013
vn 0.1421 0.9863 -0.0841
vn 0.1909 0.9747 -0.1162
vn 0.0989 0.9877 -0.1210
vn 0.9918 0.0256 0.1252
vn 0.9837 0.0968 0.1513
vn 0.9810 0.0443 0.1886
vn 0.3007 -0.8936 0.3333
vn 0.2914 -0.9184 0.2678
vn 0.3430 -0.8984 0.2742
vn 0.9787 -0.1767 0.1044
vn 0.9857 -0.1586 0.0575
vn 0.9856 -0.1306 0.1078
vn 0.9678 -0.2376 0.0833
vn 0.9747 -0.2182 0.0485
vn 0.9715 -0.2137 0.1025
vn 0.1687 -0.0740 0.9829
vn 0.1240 -0.0615 0.9904
vn 0.1251 -0.0912 0.9879
vn 0.0705 0.9928 0.0970
vn 0.1111 0.9855 0.1279
vn 0.1130 0.9911 0.0700
vn 0.1738 -0.2668 0.9480
vn 0.2118 -0.2906 0.9331
vn 0.2183 -0.2474 0.9440
vn -0.0966 0.0517 0.9940
vn -0.0873 -0.0013 0.9962
vn -0.0300 0.0458 0.9985
vn -0.1404 0.8316 0.5373
vn -0.0724 0.8281 0.5559
vn -0.0982 0.8583 0.5038
vn 0.1997 -0.2464 0.9484
vn 0.1570 -0.2150 0.9639
vn 0.1337 -0.2655 0.9548
vn 0.1098 -0.4383 0.8921
vn 0.0820 -0.3937 0.9156
vn 0.0466 -0.4146 0.9088
vn -0.7812 -0.5068 0.3645
vn -0.7421 -0.5469 0.3876
vn -0.7514 -0.5047 0.4251
vn 0.1233 -0.3977 0.9092
vn 0.1096 -0.4282 0.8970
vn 0.1632 -0.4203 0.8926
vn -0.4731 -0.5305 0.7034
vn -0.5078 -0.5365 0.6740
vn -0.4651 -0.5655 0.6811
vn -0.5199 -0.8054 0.2849
vn -0.4817 -0.8392 0.2526
vn -0.4704 -0.8297 0.3006
vn -0.2412 0.9672 -0.0792
vn -0.2762 0.9554 -0.1048
vn -0.2956 0.9527 -0.0709
vn -0.0205 0.9998 -0.0088
vn -0.0480 0.9988 -0.0064
vn -0.0346 0.9990 0.0267
vn -0.0324 0.9989 0.0337
vn -0.0088 0.9995 0.0299
vn -0.0096 0.9998 -0.0188
vn 0.9928 -0.1185 0.0189
vn 0.9884 -0.1519 0.0076
vn 0.9939 -0.1073 -0.0246
vn 0.9414 -0.0107 0.3373
vn 0.9539 0.0277 0.2988
vn 0.9370 0.0425 0.3468
vn -0.0211 0.9906 0.1351
vn -0.0181 0.9949 0.0995
vn -0.0320 0.9938 0.1067
vn -0.0300 0.9931 0.1134
vn -0.0180 0.9927 0.1189
vn -0.0192 0.9954 0.0938
vn 0.0004 0.9962 0.0871
vn 0.0257 0.9964 0.0811
vn 0.0285 0.9982 0.0533
vn -0.0495 0.9951 0.0859
vn -0.0289 0.9965 0.0784
vn -0.0658 0.9958 0.0634
vn -0.0047 0.9941 -0.1086
vn 0.0367 0.9949 -0.0945
vn 0.0314 0.9902 -0.1361
vn -0.0221 0.9969 0.0752
vn 0.0003 0.9952 0.0977
vn 0.0129 0.9974 0.0706
vn 0.1004 -0.1210 0.9876
vn 0.0691 -0.1017 0.9924
vn 0.0637 -0.1418 0.9878
vn -0.0631 0.0902 0.9939
vn 0.0166 0.0278 0.9995
vn -0.0299 0.1107 0.9934
vn -0.1362 0.0454 0.9896
vn -0.1914 0.0367 0.9808
vn -0.1585 -0.0008 0.9874
vn -0.0292 -0.0502 0.9983
vn -0.0170 -0.0810 0.9966
vn 0.0263 -0.0151 0.9995
vn -0.1544 0.8991 0.4096
vn -0.1290 0.9147 0.3830
vn -0.1628 0.9007 0.4027
vn -0.4901 -0.8717 -0.0053
vn -0.4548 -0.8902 -0.0243
vn -0.4619 -0.8865 0.0276
vn -0.8447 -0.3777 -0.3792
vn -0.8524 -0.2553 -0.4564
vn -0.8290 -0.2881 -0.4794
vn -0.1921 0.8674 0.4591
vn -0.1556 0.9308 0.3307
vn -0.2454 0.9108 0.3320
vn -0.4992 0.8597 -0.1078
vn -0.5228 0.8413 -0.1375
vn -0.5541 0.8314 -0.0415
vn 0.9635 -0.2549 0.0819
vn 0.9817 -0.1905 0.0057
vn 0.9825 -0.1755 0.0625
vn -0.6675 -0.7416 0.0678
vn -0.6587 -0.7523 0.0103
vn -0.6374 -0.7685 0.0562
vn 0.9978 -0.0367 0.0552
vn 0.9986 0.0101 0.0515
vn 0.9888 -0.0200 0.1479
vn 0.9997 -0.0172 0.0197
vn 0.9996 0.0004 -0.0294
vn 0.9995 0.0227 0.0232
vn 0.0125 0.9701 0.2423
vn -0.0298 0.9725 0.2311
vn -0.0184 0.9610 0.2760
vn -0.5679 0.8146 -0.1184
vn -0.5502 0.8316 -0.0762
vn -0.5439 0.8294 -0.1279
vn -0.4355 0.8809 0.1853
vn -0.4204 0.8876 0.1882
vn -0.4188 0.9035 0.0914
vn -0.1387 0.9594 0.2458
vn -0.0297 0.9616 0.2728
vn -0.0621 0.9829 0.1734
vn -0.2250 0.9652 0.1334
vn -0.2610 0.9509 0.1660
vn -0.2410 0.9434 0.2280
vn 0.0227 0.9524 0.3041
vn 0.0634 0.9608 0.2700
vn 0.0294 0.9661 0.2566
vn 0.1346 0.9560 0.2605
vn 0.0580 0.9652 0.2550
vn 0.0621 0.9500 0.3059
vn 0.0046 -0.0334 0.9994
vn 0.0025 -0.0734 0.9973
vn 0.0486 -0.0661 0.9966
vn -0.0021 0.0357 0.9994
vn 0.0586 0.0096 0.9982
vn 0.0362 0.0446 0.9983
vn -0.0091 -0.0071 0.9999
vn 0.0134 -0.0204 0.9997
vn 0.0349 0.0135 0.9993
vn 0.0335 0.9717 0.2338
vn 0.0538 0.9893 0.1354
vn -0.0064 0.9852 0.1713
vn -0.8538 -0.0582 0.5173
vn -0.8848 -0.0810 0.4589
vn -0.8661 -0.1094 0.4877
vn -0.8887 -0.2229 0.4006
vn -0.9062 -0.1915 0.3771
vn -0.8998 -0.2267 0.3727
vn -0.9947 -0.0289 -0.0992
vn -0.9940 -0.0516 -0.0960
vn -0.9973 -0.0207 -0.0698
vn 0.9484 -0.2794 -0.1497
vn 0.9570 -0.2346 -0.1707
vn 0.9627 -0.2296 -0.1431
vn 0.0139 -0.2640 0.9644
vn -0.0215 -0.2249 0.9741
vn -0.0315 -0.2617 0.9646
vn 0.1080 -0.3764 0.9202
vn 0.1545 -0.3097 0.9382
vn 0.0623 -0.3512 0.9342
vn -0.0487 0.3321 0.9420
vn -0.0895 0.2954 0.9512
vn -0.0166 0.2677 0.9634
vn -0.9478 0.2731 0.1647
vn -0.9539 0.2520 0.1633
vn -0.9467 0.2581 0.1926
vn -0.9478 0.0171 0.3183
vn -0.9565 0.0271 0.2905
vn -0.9531 -0.0057 0.3027
vn -0.9426 0.3337 0.0140
vn -0.9504 0.3108 -0.0097
vn -0.9488 0.3157 0.0089
vn -0.0930 0.9955 -0.0152
vn -0.0668 0.9976 -0.0190
vn -0.0732 0.9966 -0.0377
vn -0.9446 0.2390 0.2249
vn -0.9530 0.2106 0.2179
vn -0.9495 0.2071 0.2359
vn 0.0537 0.9981 -0.0317
vn 0.0419 0.9990 -0.0148
vn 0.0801 0.9967 -0.0123
vn 0.0737 0.9848 -0.1574
vn 0.0737 0.9807 -0.1810
vn 0.0596 0.9849 -0.1628
vn 0.6448 0.6193 -0.4480
vn 0.6651 0.5762 -0.4750
vn 0.6292 0.6087 -0.4833
vn 0.9723 0.0923 -0.2147
vn 0.9669 0.0641 -0.2472
vn 0.9594 0.1030 -0.2626
vn 0.9866 0.1505 -0.0631
vn 0.9939 0.0948 -0.0560
vn 0.9856 0.1420 -0.0913
vn -0.6259 0.3069 0.7170
vn -0.6519 0.2513 0.7155
vn -0.6202 0.2614 0.7396
vn -0.9951 0.0438 0.0884
vn -0.9931 0.0023 0.1171
vn -0.9887 0.0164 0.1491
vn -0.5310 -0.4326 -0.7286
vn -0.5431 -0.4675 -0.6975
vn -0.5895 -0.3978 -0.7031
vn -0.9657 0.0890 -0.2438
vn -0.9676 0.0296 -0.2507
vn -0.9749 0.0530 -0.2164
vn 0.9116 0.2697 -0.3101
vn 0.9228 0.2176 -0.3180
vn 0.8941 0.2784 -0.3509
vn 0.6397 0.0177 -0.7684
vn 0.6473 0.0836 -0.7576
vn 0.6777 0.0274 -0.7348
vn 0.3349 0.0322 -0.9417
vn 0.2902 -0.0197 -0.9568
vn 0.2801 0.0332 -0.9594
vn 0.1228 0.1737 -0.9771
vn 0.1354 0.1219 -0.9833
vn 0.0775 0.1196 -0.9898
vn -0.9637 0.0151 0.2665
vn -0.9674 -0.0414 0.2499
vn -0.9515 -0.0373 0.3055
vn -0.7475 -0.1296 -0.6515
vn -0.7455 -0.1980 -0.6364
vn -0.7746 -0.1201 -0.6210
vn -0.9771 0.1063 0.1845
vn -0.9818 0.1016 0.1606
vn -0.9761 0.0460 0.2122
vn -0.9846 -0.0987 0.1443
vn -0.9909 -0.0861 0.1032
vn -0.9825 -0.1446 0.1175
vn -0.9985 -0.0534 0.0121
vn -0.9922 -0.0598 0.1095
vn -0.9983 -0.0255 0.0528
vn -0.6673 -0.7440 0.0355
vn -0.6715 -0.7384 -0.0613
vn -0.6302 -0.7757 -0.0348
vn -0.5525 -0.8313 0.0601
vn -0.5052 -0.8630 -0.0057
vn -0.4852 -0.8721 0.0630
vn -0.9902 -0.0138 0.1388
vn -0.9959 -0.0312 0.0847
vn -0.9874 -0.0725 0.1405
vn -0.8953 0.2784 0.3477
vn -0.9081 0.2342 0.3472
vn -0.8912 0.2316 0.3899
vn -0.7830 -0.6141 0.0990
vn -0.7591 -0.6489 0.0508
vn -0.7482 -0.6530 0.1170
vn -0.9928 0.0195 0.1186
vn -0.9907 -0.0052 0.1358
vn -0.9832 0.0114 0.1823
vn -0.9577 0.2868 -0.0219
vn -0.9434 0.3315 -0.0071
vn -0.9534 0.2987 -0.0420
vn -0.9904 0.1013 0.0945
vn -0.9931 0.1086 0.0438
vn -0.9973 0.0263 0.0687
vn -0.9677 0.1425 -0.2078
vn -0.9548 0.2071 -0.2134
vn -0.9575 0.1357 -0.2544
vn 0.0483 0.9974 -0.0533
vn 0.1336 0.9885 -0.0704
vn 0.0396 0.9926 -0.1148
vn 0.2860 0.0078 -0.9582
vn 0.3335 -0.0162 -0.9426
vn 0.2826 -0.0716 -0.9566
vn 0.4377 0.3150 -0.8421
vn 0.4011 0.2559 -0.8796
vn 0.3487 0.2857 -0.8926
vn 0.1632 0.1266 -0.9784
vn 0.1632 0.0932 -0.9822
vn 0.1026 0.0935 -0.9903
vn 0.7157 0.0808 -0.6937
vn 0.6931 0.0408 -0.7196
vn 0.6913 0.0791 -0.7183
vn 0.9864 0.1492 -0.0688
vn 0.9912 0.1024 -0.0833
vn 0.9832 0.1440 -0.1121
vn 0.9831 0.1813 0.0253
vn 0.9858 0.1669 -0.0160
vn 0.9783 0.2070 -0.0129
vn 0.0697 0.9916 -0.1089
vn 0.0467 0.9949 -0.0894
vn 0.1022 0.9931 -0.0574
vn 0.9715 0.0809 -0.2229
vn 0.9645 0.0678 -0.2552
vn 0.9627 0.1152 -0.2446
vn 0.6425 -0.6405 0.4206
vn 0.6431 -0.6056 0.4687
vn 0.6119 -0.6496 0.4512
vn 0.5928 -0.6406 0.4881
vn 0.5984 -0.6652 0.4467
vn 0.6266 -0.6114 0.4832
vn 0.8529 0.5175 -0.0689
vn 0.8460 0.5163 -0.1334
vn 0.8186 0.5647 -0.1051
vn 0.9865 0.1574 -0.0456
vn 0.9886 0.1232 -0.0867
vn 0.9825 0.1492 -0.1119
vn 0.9513 -0.0426 -0.3053
vn 0.9336 -0.0581 -0.3537
vn 0.9419 -0.0076 -0.3358
vn 0.1061 -0.5280 -0.8426
vn 0.1564 -0.5580 -0.8150
vn 0.1166 -0.5707 -0.8129
vn 0.0424 -0.1932 -0.9802
vn 0.0627 -0.2096 -0.9758
vn 0.0395 -0.2284 -0.9728
vn 0.0370 0.2484 -0.9679
vn 0.0715 0.2474 -0.9663
vn 0.0704 0.2010 -0.9770
vn 0.7419 -0.0927 -0.6641
vn 0.7080 -0.1715 -0.6851
vn 0.6510 -0.0562 -0.7570
vn 0.4275 0.1036 -0.8981
vn 0.4232 0.0386 -0.9052
vn 0.3755 0.0518 -0.9254
vn -0.0890 0.5862 -0.8053
vn -0.0407 0.6010 -0.7982
vn 0.0063 0.5940 -0.8044
vn -0.0485 0.0768 -0.9959
vn 0.0112 0.1155 -0.9932
vn -0.0003 0.0655 -0.9978
vn -0.0181 0.1234 -0.9922
vn 0.0111 0.0831 -0.9965
vn 0.0007 0.0661 -0.9978
vn -0.0153 0.9999 -0.0039
vn -0.0138 0.9998 -0.0119
vn -0.0374 0.9993 -0.0038
vn -0.1800 0.9803 0.0814
vn -0.1711 0.9815 0.0855
vn -0.1723 0.9842 0.0400
vn 0.5867 0.5994 -0.5445
vn 0.5711 0.5396 -0.6187
vn 0.5459 0.6027 -0.5821
vn 0.0487 0.9986 0.0217
vn 0.0448 0.9990 -0.0040
vn 0.0291 0.9996 -0.0044
vn -0.7721 -0.4437 -0.4550
vn -0.7369 -0.4870 -0.4689
vn -0.7560 -0.5107 -0.4094
vn -0.5872 -0.6506 -0.4816
vn -0.5988 -0.6705 -0.4379
vn -0.6074 -0.6397 -0.4710
vn -0.7668 -0.5588 -0.3158
vn -0.8011 -0.5209 -0.2949
vn -0.7726 -0.5346 -0.3426
vn -0.8549 -0.3842 -0.3487
vn -0.8372 -0.4234 -0.3460
vn -0.8542 -0.4159 -0.3120
vn 0.0416 0.9477 -0.3165
vn 0.0452 0.9246 -0.3783
vn 0.0175 0.9291 -0.3695
vn 0.0998 0.9950 0.0050
vn 0.1156 0.9930 0.0226
vn 0.1248 0.9921 -0.0138
vn 0.0486 0.9948 -0.0900
vn 0.0769 0.9933 -0.0867
vn 0.0503 0.9926 -0.1108
vn -0.7615 0.1421 0.6324
vn -0.7822 0.1067 0.6139
vn -0.7621 0.1016 0.6394
vn 0.1404 0.9853 -0.0970
vn 0.2174 0.9720 -0.0891
vn 0.2160 0.9680 -0.1281
vn 0.1804 -0.0663 -0.9814
vn 0.2318 -0.1161 -0.9658
vn 0.1746 -0.0957 -0.9800
vn 0.6161 0.5754 -0.5380
vn 0.6096 0.5381 -0.5821
vn 0.5599 0.5734 -0.5981
vn 0.9961 -0.0567 -0.0682
vn 0.9910 -0.1005 -0.0879
vn 0.9901 -0.0887 -0.1091
vn 0.2097 0.8876 0.4101
vn 0.2454 0.8831 0.3999
vn 0.2014 0.8989 0.3890
vn 0.1657 0.8154 0.5547
vn 0.1761 0.8503 0.4959
vn 0.1263 0.8349 0.5357
vn 0.2999 0.8457 0.4414
vn 0.3420 0.8028 0.4885
vn 0.3640 0.8193 0.4429
vn 0.2451 0.8497 0.4668
vn 0.2984 0.8402 0.4528
vn 0.2636 0.8674 0.4221
vn 0.2099 -0.1051 -0.9721
vn 0.2061 -0.1324 -0.9695
vn 0.1781 -0.1081 -0.9781
vn 0.5068 0.1702 -0.8451
vn 0.5328 0.1404 -0.8345
vn 0.5173 0.1333 -0.8453
vn 0.1251 0.0537 -0.9907
vn 0.1254 0.0180 -0.9919
vn 0.0933 0.0363 -0.9950
vn 0.0574 -0.0403 -0.9975
vn 0.0694 -0.0667 -0.9954
vn 0.0067 -0.0856 -0.9963
vn 0.0376 -0.0411 -0.9985
vn 0.0837 -0.0652 -0.9944
vn 0.0322 -0.1170 -0.9926
vn -0.9641 0.2067 -0.1665
vn -0.9596 0.2259 -0.1680
vn -0.9573 0.2119 -0.1969
vn -0.0688 0.9964 -0.0500
vn -0.0691 0.9941 -0.0832
vn -0.0893 0.9939 -0.0645
vn -0.9969 0.0398 -0.0679
vn -0.9926 0.0591 -0.1063
vn -0.9955 0.0227 -0.0925
vn 0.0512 -0.0116 -0.9986
vn 0.0463 -0.0470 -0.9978
vn 0.0186 -0.0292 -0.9994
vn 0.0423 0.9991 0.0031
vn 0.0694 0.9974 0.0194
vn 0.0691 0.9973 -0.0246
vn 0.0001 0.9990 0.0441
vn 0.0483 0.9979 0.0431
vn 0.0224 0.9994 0.0264
vn 0.9975 0.0703 -0.0001
vn 0.9990 -0.0161 -0.0429
vn 0.9880 0.0698 -0.1381
vn 0.9894 0.1372 -0.0471
vn 0.9999 0.0112 0.0028
vn 0.9966 0.0195 -0.0802
vn 0.4863 -0.1414 0.8623
vn 0.5364 -0.2651 0.8012
vn 0.5743 -0.1854 0.7974
vn 0.1508 -0.5318 -0.8333
vn 0.1014 -0.5041 -0.8577
vn 0.1661 -0.4714 -0.8661
vn 0.1373 -0.1140 -0.9840
vn 0.1084 -0.1338 -0.9851
vn 0.0883 -0.1255 -0.9882
vn -0.8266 -0.0022 -0.5628
vn -0.8054 -0.0190 -0.5924
vn -0.8192 -0.0816 -0.5677
vn -0.2094 0.0446 -0.9768
vn -0.1917 0.0775 -0.9784
vn -0.1614 0.0209 -0.9867
vn -0.8644 -0.1991 -0.4617
vn -0.8913 -0.1694 -0.4206
vn -0.8831 -0.1295 -0.4509
vn -0.3812 0.0931 -0.9198
vn -0.3211 0.1413 -0.9365
vn -0.3389 0.0453 -0.9397
vn 0.9649 0.2316 0.1238
vn 0.9721 0.2113 0.1016
vn 0.9604 0.2683 0.0753
vn 0.9189 -0.2794 -0.2786
vn 0.9383 -0.2621 -0.2257
vn 0.9320 -0.2911 -0.2158
vn 0.3138 0.6380 -0.7032
vn 0.3714 0.6120 -0.6983
vn 0.3228 0.6136 -0.7206
vn -0.9668 0.1700 -0.1906
vn -0.9573 0.2072 -0.2017
vn -0.9589 0.1860 -0.2142
vn -0.4886 -0.8398 -0.2368
vn -0.4591 -0.8714 -0.1728
vn -0.4951 -0.8551 -0.1541
vn 0.9857 0.1358 -0.1000
vn 0.9763 0.1435 -0.1619
vn 0.9767 0.1946 -0.0905
vn 0.9326 -0.1192 -0.3406
vn 0.9179 -0.1868 -0.3501
vn 0.9049 -0.1376 -0.4029
vn 0.9190 -0.1701 -0.3556
vn 0.8914 -0.2209 -0.3958
vn 0.8952 -0.1574 -0.4169
vn -0.4994 0.8333 0.2370
vn -0.7934 0.6045 0.0716
vn -0.7973 0.5838 0.1532
vn -0.9397 -0.1708 -0.2963
vn -0.9212 -0.2453 -0.3021
vn -0.9411 -0.2314 -0.2465
vn -0.4189 -0.4892 -0.7650
vn -0.4725 -0.4914 -0.7317
vn -0.4408 -0.4311 -0.7873
vn 0.9957 -0.0293 -0.0882
vn 0.9918 0.0087 -0.1273
vn 0.9966 0.0004 -0.0828
vn 0.8565 -0.5130 0.0567
vn 0.8469 -0.5316 0.0143
vn 0.8780 -0.4780 0.0236
vn 0.3314 -0.9418 0.0556
vn 0.2913 -0.9566 0.0102
vn 0.3128 -0.9498 0.0030
vn -0.2014 0.3496 -0.9150
vn -0.2513 0.2763 -0.9276
vn -0.2788 0.3643 -0.8886
vn 0.7796 -0.3031 -0.5481
vn 0.7339 -0.3064 -0.6062
vn 0.7824 -0.2493 -0.5707
vn -0.2692 0.0013 -0.9631
vn -0.2730 -0.0408 -0.9612
vn -0.3062 -0.0070 -0.9519
vn -0.1100 0.1944 -0.9747
vn -0.1629 0.1930 -0.9676
vn -0.1458 0.2232 -0.9638
vn 0.0575 0.9849 -0.1631
vn 0.1005 0.9783 -0.1813
vn 0.0462 0.9754 -0.2158
vn 0.0102 0.9993 0.0366
vn -0.0017 1.0000 0.0015
vn -0.0425 0.9991 0.0043
vn -0.9399 -0.0093 0.3413
vn -0.9426 -0.0419 0.3313
vn -0.9357 -0.0382 0.3507
vn -0.9837 0.1190 0.1345
vn -0.9896 0.1134 0.0881
vn -0.9897 0.0901 0.1114
vn -0.0004 0.9993 -0.0368
vn -0.0409 0.9991 -0.0086
vn 0.0026 0.9997 -0.0232
vn -0.0724 0.9965 -0.0416
vn -0.0373 0.9966 -0.0728
vn -0.0631 0.9935 -0.0946
vn 0.0260 -0.9992 0.0309
vn 0.0506 -0.9976 0.0463
vn 0.0261 -0.9973 0.0685
vn -0.0971 -0.9916 -0.0850
vn -0.0783 -0.9912 -0.1067
vn -0.0550 -0.9943 -0.0910
vn -0.2523 -0.9618 0.1066
vn -0.2452 -0.9666 0.0744
vn -0.2283 -0.9660 0.1210
vn -0.9713 0.2376 -0.0130
vn -0.9774 0.2097 -0.0255
vn -0.9813 0.1926 -0.0000
vn -0.8186 0.4603 -0.3437
vn -0.8474 0.4041 -0.3443
vn -0.8405 0.4401 -0.3160
vn -0.2401 -0.6198 -0.7471
vn -0.1903 -0.6272 -0.7552
vn -0.2197 -0.6504 -0.7271
vn -0.5917 0.4941 -0.6369
vn -0.5436 0.4854 -0.6848
vn -0.5936 0.4408 -0.6733
vn -0.0489 0.9822 -0.1813
vn 0.0052 0.9841 -0.1776
vn 0.0072 0.9696 -0.2445
vn 0.7544 0.1638 -0.6356
vn 0.7749 0.1188 -0.6208
vn 0.7437 0.1038 -0.6604
vn 0.7753 0.1155 -0.6209
vn 0.7657 0.0754 -0.6387
vn 0.7414 0.1237 -0.6596
vn 0.1667 0.9771 0.1326
vn 0.2091 0.9671 0.1449
vn 0.2037 0.9756 0.0822
vn -0.9720 -0.0139 -0.2345
vn -0.9692 -0.0763 -0.2341
vn -0.9807 -0.0371 -0.1921
vn 0.8374 0.1676 -0.5202
vn 0.8135 0.1477 -0.5624
vn 0.8033 0.2133 -0.5561
vn -0.5443 0.8046 -0.2375
vn -0.5921 0.7762 -0.2167
vn -0.5703 0.8039 -0.1688
vn -0.1312 -0.1510 -0.9798
vn -0.0877 -0.2021 -0.9754
vn -0.1508 -0.2071 -0.9666
vn -0.0246 -0.6717 -0.7404
vn 0.0346 -0.6417 -0.7662
vn 0.0329 -0.6807 -0.7319
vn -0.9761 -0.2144 0.0340
vn -0.9636 -0.2663 0.0221
vn -0.9629 -0.2631 0.0603
vn -0.9932 -0.0633 0.0977
vn -0.9881 -0.1179 0.0986
vn -0.9874 -0.0810 0.1363
vn -0.9854 -0.1156 -0.1250
vn -0.9771 -0.1434 -0.1575
vn -0.9783 -0.1798 -0.1028
vn -0.8114 -0.5045 -0.2950
vn -0.8284 -0.5013 -0.2498
vn -0.8257 -0.4696 -0.3126
vn 0.9608 0.1745 -0.2155
vn 0.9619 0.1454 -0.2314
vn 0.9501 0.1814 -0.2537
vn 0.7625 0.6408 -0.0895
vn 0.7683 0.6385 -0.0448
vn 0.7775 0.6249 -0.0711
vn 0.9542 0.2964 -0.0414
vn 0.9682 0.2454 -0.0488
vn 0.9551 0.2714 -0.1192
vn 0.9921 0.0525 -0.1144
vn 0.9889 0.0350 -0.1444
vn 0.9806 0.1130 -0.1601
vn 0.1759 -0.5229 -0.8341
vn 0.1373 -0.5243 -0.8404
vn 0.1610 -0.4833 -0.8605
vn 0.5377 0.7447 0.3954
vn 0.5710 0.7336 0.3684
vn 0.5255 0.7714 0.3588
vn -0.1388 0.9903 -0.0094
vn 0.0066 0.8846 0.4663
vn 0.0306 0.8968 0.4413
vn -0.1208 0.8685 0.4807
vn -0.0382 0.9966 0.0736
vn -0.0207 0.9973 0.0706
vn 0.0108 0.9987 -0.0508
vn -0.0337 0.0481 -0.9983
vn -0.0091 0.0652 -0.9978
vn 0.0095 0.0442 -0.9990
vn 0.1510 -0.1784 -0.9723
vn 0.1883 -0.1950 -0.9626
vn 0.1707 -0.2259 -0.9591
vn 0.0112 0.3262 -0.9452
vn 0.0570 0.3131 -0.9480
vn 0.0130 0.2685 -0.9632
vn -0.0941 0.9904 -0.1011
vn -0.0198 0.9945 -0.1029
vn -0.0125 0.9897 -0.1424
vn 0.5908 0.7621 -0.2649
vn 0.6478 0.7163 -0.2593
vn 0.5970 0.7333 -0.3254
vn 0.9817 0.1288 -0.1400
vn 0.9872 0.0767 -0.1400
vn 0.9788 0.0962 -0.1809
vn 0.1179 0.0695 -0.9906
vn 0.0853 0.0161 -0.9962
vn 0.0537 0.0761 -0.9957
vn -0.4271 0.4732 -0.7705
vn -0.3708 0.5083 -0.7772
vn -0.3718 0.4854 -0.7913
vn 0.1797 0.0720 0.9811
vn 0.0594 0.0062 0.9982
vn 0.2192 0.0304 0.9752
vn 0.0994 -0.2552 0.9618
vn 0.0250 -0.2729 0.9617
vn 0.0953 -0.3180 0.9433
vn -0.0388 -0.8973 -0.4397
vn -0.0607 -0.9063 -0.4183
vn -0.0835 -0.9001 -0.4275
vn 0.9225 0.0920 -0.3749
vn 0.9222 0.0212 -0.3862
vn 0.9158 0.0370 -0.4000
vn 0.2525 -0.6688 -0.6993
vn 0.2435 -0.6828 -0.6888
vn 0.2185 -0.6707 -0.7088
vn -0.1341 -0.5184 -0.8445
vn -0.1250 -0.5368 -0.8344
vn -0.1406 -0.5340 -0.8337
vn -0.1095 -0.0305 -0.9935
vn -0.1130 -0.0576 -0.9919
vn -0.1282 -0.0360 -0.9911
vn 0.8495 -0.2771 -0.4489
vn 0.8359 -0.3003 -0.4594
vn 0.8437 -0.2511 -0.4744
vn 0.2145 -0.9742 0.0707
vn 0.2664 -0.9621 0.0576
vn 0.2532 -0.9632 0.0900
vn -0.9062 0.3093 -0.2882
vn -0.9015 0.2999 -0.3121
vn -0.9232 0.2523 -0.2900
vn -0.8971 0.2147 -0.3861
vn -0.8732 0.2400 -0.4241
vn -0.8720 0.2046 -0.4448
vn -0.2680 0.8795 -0.3933
vn -0.2946 0.8874 -0.3545
vn -0.2704 0.9127 -0.3065
vn 0.6330 0.1369 -0.7620
vn 0.6305 0.0797 -0.7721
vn 0.5833 0.1556 -0.7972
vn -0.1066 0.2231 -0.9690
vn -0.0762 0.2196 -0.9726
vn -0.1138 0.1793 -0.9772
vn 0.0040 0.0612 -0.9981
vn 0.0131 0.0181 -0.9997
vn -0.0464 0.0367 -0.9982
vn 0.0359 -0.0490 -0.9982
vn -0.0065 -0.0954 -0.9954
vn -0.0421 -0.0479 -0.9980
vn -0.9993 -0.0241 -0.0279
vn -0.9952 0.0124 -0.0966
vn -0.9956 -0.0583 -0.0734
vn -0.9977 -0.0581 -0.0353
vn 0.0354 0.4081 0.9122
vn 0.0573 0.2990 0.9525
vn 0.1364 0.3853 0.9126
vn 0.0448 0.8063 0.5899
vn -0.0152 0.8538 0.5205
vn -0.0835 0.8206 0.5653
vn 0.0080 -0.0138 0.9999
vn 0.1200 -0.0164 0.9926
vn 0.0582 0.0458 0.9973
vn 0.2743 0.3253 0.9049
vn 0.3476 0.2570 0.9017
vn 0.3365 0.3320 0.8812
vn -0.2066 0.2245 0.9523
vn -0.1958 0.1428 0.9702
vn -0.1202 0.2312 0.9655
vn -0.4232 0.3610 0.8310
vn -0.3235 0.3278 0.8876
vn -0.3399 0.4377 0.8324
vn -0.1805 0.0319 0.9831
vn -0.1099 0.0068 0.9939
vn -0.1276 0.0931 0.9874
vn -0.1583 -0.0481 0.9862
vn -0.1290 -0.0430 0.9907
vn -0.1468 0.0144 0.9891
vn 0.0401 -0.9291 0.3677
vn 0.0680 -0.9375 0.3412
vn 0.0646 -0.9216 0.3827
vn 0.1048 -0.0747 0.9917
vn 0.0271 -0.1498 0.9883
vn 0.1478 -0.0700 0.9865
vn -0.0786 0.0679 0.9946
vn 0.0544 0.0292 0.9981
vn 0.0588 0.0792 0.9951
vn 0.1941 0.8965 0.3982
vn -0.2410 0.6777 0.6948
vn 0.1786 0.8536 0.4894
vn -0.4313 -0.1121 0.8952
vn -0.3875 -0.1570 0.9084
vn -0.3578 -0.1207 0.9260
vn -0.2723 0.4032 0.8737
vn -0.3289 0.3667 0.8703
vn -0.2652 0.3558 0.8961
vn -0.2069 0.0268 0.9780
vn -0.1194 -0.0061 0.9928
vn -0.1184 0.0565 0.9914
vn -0.1755 0.5321 0.8283
vn -0.0672 0.5392 0.8395
vn -0.0841 0.6065 0.7906
vn -0.0948 0.9955 0.0039
vn -0.0321 0.9988 0.0376
vn -0.0630 0.9977 -0.0233
vn 0.4113 -0.8202 0.3976
vn 0.3920 -0.8193 0.4185
vn 0.3981 -0.8308 0.3890
vn 0.1307 0.9730 0.1905
vn 0.1617 0.9687 0.1885
vn 0.1302 0.9789 0.1577
vn 0.2183 0.9444 0.2457
vn 0.2381 0.9493 0.2052
vn 0.2074 0.9529 0.2214
vn 0.3914 0.9127 0.1174
vn 0.4172 0.9025 0.1064
vn 0.3951 0.9136 0.0966
vn 0.1166 0.9751 0.1889
vn 0.1163 0.9813 0.1536
vn 0.0960 0.9755 0.1982
vn 0.4102 0.0242 0.9117
vn 0.4129 -0.0311 0.9102
vn 0.4437 -0.0374 0.8954
vn -0.3736 0.5756 0.7274
vn -0.3373 0.5626 0.7548
vn -0.3297 0.5887 0.7381
vn 0.6568 0.7373 0.1580
vn 0.6797 0.7110 0.1800
vn 0.6655 0.7349 0.1304
vn 0.0828 0.9893 -0.1198
vn 0.1225 0.9836 -0.1321
vn 0.1068 0.9797 -0.1695
vn 0.9987 0.0403 -0.0308
vn 1.0000 0.0022 0.0054
vn 0.9986 0.0086 -0.0515
vn 0.9948 0.0718 -0.0716
vn 0.9948 0.0348 -0.0952
vn 0.9931 0.0664 -0.0968
vn -0.0641 -0.9721 0.2257
vn -0.0478 -0.9827 0.1787
vn 0.0124 -0.9735 0.2284
vn 0.1244 -0.8153 0.5656
vn 0.1633 -0.8107 0.5623
vn 0.1328 -0.8027 0.5814
vn -0.1158 -0.9744 0.1925
vn -0.0872 -0.9826 0.1641
vn -0.0932 -0.9738 0.2074
vn 0.2079 -0.0150 0.9780
vn 0.2303 -0.0568 0.9714
vn 0.2591 -0.0217 0.9656
vn 0.9833 0.0880 0.1590
vn 0.9897 0.0331 0.1392
vn 0.9931 0.0464 0.1079
vn 0.9286 0.3659 0.0613
vn 0.9362 0.3514 -0.0050
vn 0.9085 0.4179 -0.0063
vn 0.7947 0.0035 0.6070
vn 0.8325 0.0074 0.5540
vn 0.8280 0.0558 0.5580
vn 0.6995 0.0003 0.7146
vn 0.7035 -0.0481 0.7091
vn 0.7454 -0.0160 0.6664
vn -0.0761 -0.9859 0.1491
vn -0.0207 -0.9856 0.1678
vn -0.0508 -0.9766 0.2090
vn 0.8133 -0.2151 0.5406
vn 0.8244 -0.2484 0.5086
vn 0.8436 -0.1697 0.5094
vn 0.5252 -0.2507 0.8132
vn 0.5680 -0.2191 0.7933
vn 0.5355 -0.1704 0.8272
vn -0.0878 0.3332 0.9387
vn -0.0126 0.2972 0.9547
vn -0.0509 0.3641 0.9300
vn -0.0221 0.3524 0.9356
vn -0.1028 0.3726 0.9223
vn -0.0806 0.3305 0.9404
vn -0.1382 0.2611 0.9554
vn -0.0697 0.2281 0.9711
vn -0.0728 0.2628 0.9621
vn -0.1352 0.2108 0.9681
vn -0.0449 0.2170 0.9751
vn -0.1014 0.2526 0.9622
vn 0.0683 -0.9670 0.2456
vn 0.1221 -0.9665 0.2258
vn 0.1389 -0.9499 0.2801
vn 0.0878 -0.9919 0.0919
vn 0.0429 -0.9917 0.1209
vn 0.0469 -0.9960 0.0766
vn 0.0294 -0.0652 0.9974
vn 0.0015 -0.1026 0.9947
vn 0.0527 -0.0629 0.9966
vn 0.2622 -0.0105 0.9650
vn 0.2712 0.0296 0.9621
vn 0.2196 0.0224 0.9753
vn 0.1213 -0.1262 0.9846
vn 0.1716 -0.1203 0.9778
vn 0.1357 -0.0850 0.9871
vn -0.1379 0.2190 0.9659
vn -0.1649 0.2653 0.9500
vn -0.1844 0.2200 0.9579
vn 0.0295 0.9449 0.3259
vn 0.0568 0.9554 0.2899
vn -0.0162 0.9583 0.2853
vn -0.1267 0.1243 0.9841
vn -0.1385 0.1136 0.9838
vn -0.0842 0.0811 0.9931
vn -0.0291 0.0034 0.9996
vn -0.0159 0.0105 0.9998
vn -0.0375 0.0270 0.9989
vn -0.1236 -0.1792 0.9760
vn -0.0952 -0.2095 0.9732
vn -0.1045 -0.1226 0.9869
vn -0.2625 0.1300 0.9561
vn -0.3055 0.0766 0.9491
vn -0.2656 0.0658 0.9618
vn -0.0609 -0.1887 0.9801
vn -0.0217 -0.1343 0.9907
vn -0.1091 -0.1224 0.9865
vn -0.1343 -0.2382 0.9619
vn -0.0376 -0.2583 0.9653
vn -0.0607 -0.2182 0.9740
vn -0.7715 -0.5446 0.3289
vn -0.7956 -0.5381 0.2783
vn -0.7616 -0.5858 0.2771
vn -0.1505 0.9723 -0.1790
vn -0.1726 0.9516 -0.2544
vn -0.1909 0.9612 -0.1991
vn 0.9908 0.1306 0.0366
vn 0.9931 0.1088 0.0445
vn 0.9945 0.1035 0.0157
vn 0.1127 -0.9883 -0.1025
vn 0.1408 -0.9829 -0.1185
vn 0.1395 -0.9861 -0.0901
vn 0.9514 0.1128 0.2867
vn 0.9749 0.0860 0.2053
vn 0.9489 0.1844 0.2563
vn 0.0649 -0.0221 0.9976
vn 0.0886 -0.1480 0.9850
vn 0.1426 -0.0622 0.9878
vn -0.2004 0.9503 0.2385
vn -0.1425 0.9540 0.2638
vn -0.1309 0.9682 0.2133
vn 0.0758 0.6493 0.7568
vn 0.1514 0.6611 0.7348
vn 0.0804 0.6618 0.7453
vn 0.1298 0.1458 0.9808
vn 0.1783 0.1494 0.9726
vn 0.1199 0.2029 0.9718
vn -0.9406 0.1217 0.3171
vn -0.9630 0.0497 0.2649
vn -0.9370 0.0596 0.3443
vn -0.1360 0.9800 0.1454
vn -0.0583 0.9851 0.1617
vn -0.0566 0.9941 0.0925
vn 0.0984 0.3965 0.9127
vn 0.1918 0.3627 0.9119
vn 0.1764 0.4100 0.8949
vn 0.1195 0.4140 0.9024
vn 0.0997 0.3678 0.9245
vn 0.1911 0.3922 0.8998
vn -0.1040 0.0679 0.9923
vn -0.0834 0.0117 0.9964
vn -0.0413 0.0503 0.9979
vn -0.1823 0.2142 0.9596
vn -0.2156 0.1682 0.9619
vn -0.1690 0.1729 0.9703
vn -0.1801 0.0325 0.9831
vn -0.1685 0.0685 0.9833
vn -0.2028 0.0483 0.9780
vn -0.1901 0.9356 0.2974
vn -0.1849 0.9287 0.3214
vn -0.1548 0.9311 0.3302
vn -0.0243 0.9936 0.1107
vn -0.0281 0.9961 0.0831
vn -0.0558 0.9952 0.0801
vn -0.6567 -0.5216 0.5447
vn -0.7008 -0.5294 0.4781
vn -0.6781 -0.5696 0.4644
vn 0.9639 0.0308 0.2645
vn 0.9670 -0.0012 0.2549
vn 0.9820 0.0444 0.1836
vn -0.0352 0.9924 0.1175
vn 0.0091 0.9984 0.0552
vn -0.0929 0.9940 0.0574
vn 0.9716 -0.0481 0.2316
vn 0.0051 -0.5157 0.8568
vn 0.9695 -0.0890 0.2282
vn 0.9192 -0.1572 0.3611
vn 0.9227 -0.1933 0.3335
vn 0.9311 -0.1619 0.3270
vn 0.9874 -0.1240 0.0986
vn 0.9895 -0.1044 0.1000
vn 0.9849 -0.1015 0.1402
vn 0.9251 -0.3603 -0.1202
vn 0.9272 -0.3437 -0.1488
vn 0.9436 -0.3023 -0.1351
vn 0.9917 0.1278 0.0163
vn 0.9958 0.0684 -0.0604
vn 0.9904 0.1372 -0.0142
vn 0.9540 -0.2979 0.0353
vn 0.9409 -0.3386 0.0059
vn 0.9503 -0.3097 -0.0330
vn 0.0414 0.9985 0.0365
vn 0.0717 0.9968 0.0341
vn 0.0480 0.9987 -0.0171
vn -0.0341 0.0468 0.9983
vn 0.0423 0.0814 0.9958
vn -0.0276 0.1271 0.9915
vn 0.0548 -0.0266 0.9981
vn 0.1345 -0.0713 0.9883
vn 0.1100 0.0396 0.9931
vn -0.5508 0.2722 0.7890
vn -0.6148 0.2800 0.7373
vn -0.5759 0.2120 0.7896
vn 0.2021 0.0163 0.9792
vn 0.1210 -0.0503 0.9914
vn 0.1889 -0.0109 0.9819
vn -0.3453 0.7810 0.5204
vn -0.3963 0.8080 0.4360
vn -0.4204 0.7837 0.4573
vn -0.9060 -0.2397 0.3489
vn -0.8801 -0.3145 0.3557
vn -0.8545 -0.3122 0.4151
vn 0.1740 0.7720 -0.6113
vn 0.1448 0.8125 -0.5647
vn 0.2551 0.7824 -0.5681
vn 0.1240 0.9694 -0.2120
vn 0.0925 0.9581 -0.2713
vn 0.0316 0.9673 -0.2515
vn 0.7648 0.6224 -0.1665
vn 0.7811 0.5969 -0.1835
vn 0.7695 0.6068 -0.1989
vn 0.9905 -0.0330 0.1331
vn 0.9919 -0.0087 0.1264
vn 0.9865 -0.0215 0.1626
vn 0.9689 -0.2341 0.0804
vn 0.9751 -0.2177 0.0411
vn 0.9822 -0.1807 0.0519
vn 0.9910 -0.0751 -0.1106
vn 0.9894 -0.0971 -0.1076
vn 0.9847 -0.1013 -0.1415
vn 0.0613 0.9981 0.0097
vn 0.0798 0.9961 0.0388
vn 0.1383 0.9901 -0.0240
vn 0.9912 -0.1034 -0.0828
vn 0.9848 -0.1331 -0.1116
vn 0.9854 -0.1027 -0.1360
vn -0.7290 -0.6630 0.1705
vn -0.7398 -0.6525 0.1638
vn -0.7239 -0.6788 0.1235
vn 0.8633 -0.1889 0.4681
vn 0.8565 -0.2502 0.4515
vn 0.8898 -0.2103 0.4051
vn 0.4483 -0.8096 0.3790
vn 0.4458 -0.8425 0.3024
vn 0.4740 -0.8058 0.3549
vn 0.9764 -0.1058 -0.1885
vn 0.9735 -0.1515 -0.1713
vn 0.9667 -0.1021 -0.2345
vn 0.2705 0.9625 -0.0194
vn 0.2228 0.9746 -0.0242
vn 0.2103 0.9770 0.0355
vn 0.0045 0.9889 0.1485
vn 0.0212 0.9888 0.1476
vn -0.0001 0.9952 0.0975
vn 0.3037 0.9527 -0.0132
vn 0.3504 0.9365 -0.0104
vn 0.3444 0.9369 -0.0597
vn 0.4917 -0.8680 -0.0689
vn 0.5092 -0.8520 -0.1212
vn 0.5238 -0.8452 -0.1062
vn 0.1153 0.9920 0.0516
vn 0.1727 0.9840 0.0440
vn 0.1155 0.9930 0.0237
vn 0.3028 -0.2559 -0.9180
vn 0.2554 -0.2796 -0.9255
vn 0.2497 -0.2402 -0.9381
vn 0.3569 0.1589 0.9205
vn 0.3450 0.0791 0.9353
vn 0.3565 0.0698 0.9317
vn -0.1252 0.0295 0.9917
vn -0.0979 0.0469 0.9941
vn -0.1761 0.0887 0.9804
vn -0.4002 0.2829 0.8716
vn -0.4498 0.2019 0.8700
vn -0.3842 0.2553 0.8872
vn -0.2712 -0.0774 0.9594
vn -0.2138 -0.1461 0.9659
vn -0.2012 -0.0883 0.9756
vn -0.0825 0.9919 0.0962
vn -0.0665 0.9899 0.1250
vn -0.0447 0.9963 0.0737
vn 0.1322 0.9710 0.1993
vn 0.1880 0.9634 0.1909
vn 0.1434 0.9797 0.1399
vn -0.0885 0.9945 0.0552
vn -0.0485 0.9980 0.0395
vn -0.1089 0.9936 0.0303
vn -0.0688 -0.1128 0.9912
vn -0.0256 -0.0582 0.9980
vn -0.0916 -0.0783 0.9927
vn -0.0508 -0.1214 0.9913
vn 0.0039 -0.1131 0.9936
vn -0.0369 -0.0483 0.9982
vn -0.0203 -0.0175 0.9996
vn 0.0411 -0.0760 0.9963
vn 0.0363 -0.0328 0.9988
vn -0.7483 -0.3100 0.5864
vn -0.7374 -0.3324 0.5881
vn -0.7267 -0.3065 0.6149
vn -0.9285 -0.1465 0.3411
vn -0.9398 -0.1430 0.3103
vn -0.9225 -0.1901 0.3359
vn -0.5747 -0.1676 0.8010
vn -0.5859 -0.2053 0.7839
vn -0.5564 -0.1874 0.8095
vn -0.9653 0.1545 0.2104
vn -0.9617 0.1498 0.2297
vn -0.9534 0.1821 0.2405
vn 0.9471 -0.0528 0.3166
vn 0.9206 -0.0551 0.3865
vn 0.9264 -0.0873 0.3662
vn 0.7741 -0.4555 0.4397
vn 0.8151 -0.3853 0.4327
vn 0.7749 -0.4020 0.4878
vn 0.6535 0.1018 0.7501
vn 0.6023 0.1725 0.7794
vn 0.6040 0.1109 0.7892
vn 0.2766 -0.2149 0.9366
vn 0.3350 -0.2812 0.8993
vn 0.4244 -0.1615 0.8910
vn 0.3059 0.0447 0.9510
vn 0.2542 -0.0304 0.9667
vn 0.4035 -0.0633 0.9128
vn 0.3800 -0.0289 0.9245
vn 0.5141 0.1080 0.8509
vn 0.3817 0.1178 0.9168
vn 0.5542 -0.2119 0.8049
vn 0.5875 -0.3444 0.7323
vn 0.6807 -0.2198 0.6988
vn 0.1639 -0.1387 0.9767
vn 0.1058 -0.1602 0.9814
vn 0.1150 -0.1955 0.9739
vn -0.0280 -0.8872 0.4605
vn -0.0821 -0.8972 0.4339
vn -0.0231 -0.8967 0.4421
vn -0.1048 -0.0528 0.9931
vn -0.0672 -0.0384 0.9970
vn -0.0938 0.0001 0.9956
vn -0.0126 0.0387 0.9992
vn 0.0021 0.0496 0.9988
vn -0.0413 0.0699 0.9967
vn -0.0226 0.0722 0.9971
vn -0.1015 -0.0072 0.9948
vn -0.0216 0.0162 0.9996
vn -0.1010 0.1620 0.9816
vn -0.2187 0.1421 0.9654
vn -0.0671 0.1420 0.9876
vn 0.1025 0.0239 0.9944
vn 0.1694 -0.0825 0.9821
vn 0.1789 -0.0244 0.9836
vn 0.1581 -0.9059 0.3929
vn 0.1732 -0.8890 0.4239
vn 0.0264 -0.8911 0.4530
vn -0.1376 -0.4423 0.8862
vn -0.2155 -0.4693 0.8563
vn -0.1074 -0.4547 0.8841
vn 0.4551 -0.4655 0.7591
vn 0.4110 -0.4448 0.7958
vn 0.3461 -0.5272 0.7761
vn -0.0272 -0.0449 0.9986
vn 0.0442 -0.0517 0.9977
vn 0.0203 -0.0196 0.9996
vn -0.0137 -0.0121 0.9998
vn -0.0704 -0.0580 0.9958
vn -0.0122 -0.0701 0.9975
vn -0.9849 -0.0347 0.1697
vn -0.9816 -0.0057 0.1909
vn -0.9839 0.0133 0.1780
vn -0.9190 -0.1826 0.3493
vn -0.9263 -0.2014 0.3185
vn -0.9047 -0.2136 0.3687
vn -0.1157 0.0536 0.9918
vn -0.0487 0.0880 0.9949
vn -0.0746 0.1098 0.9912
vn -0.2874 -0.0945 0.9531
vn -0.2678 -0.1273 0.9550
vn -0.2586 -0.0926 0.9615
vn -0.7998 0.0495 0.5982
vn -0.8703 0.1133 0.4792
vn -0.8457 0.0245 0.5331
vn 0.1309 0.7954 0.5917
vn 0.0562 0.7311 0.6800
vn 0.1074 0.7485 0.6543
vn -0.8874 0.0101 0.4610
vn -0.8784 -0.0252 0.4773
vn -0.8865 -0.0470 0.4603
vn -0.5275 0.5815 0.6193
vn -0.6331 0.5780 0.5149
vn -0.5423 0.6076 0.5802
vn -0.8962 -0.0390 0.4419
vn -0.9238 0.0384 0.3808
vn -0.9318 -0.0349 0.3612
vn -0.9988 -0.0375 0.0303
vn -0.9744 -0.1916 0.1173
vn -0.9729 -0.1064 0.2054
vn -0.5216 0.6807 0.5144
vn -0.6430 0.5847 0.4947
vn -0.6868 0.5678 0.4538
vn -0.9820 0.1873 -0.0261
vn -0.9822 0.1775 -0.0621
vn -0.9803 0.1469 0.1324
vn 0.2421 0.0112 -0.9702
vn 0.0589 0.1277 0.9901
vn 0.0987 0.0723 0.9925
vn 0.1092 0.1259 0.9860
vn 0.6378 0.4739 0.6071
vn 0.6604 0.4943 0.5653
vn 0.6222 0.5376 0.5691
vn 0.2548 0.0504 -0.9657
vn 0.2295 0.0400 -0.9725
vn 0.2215 0.0894 -0.9710
vn -0.0293 0.1091 -0.9936
vn 0.0188 0.0943 -0.9954
vn -0.0135 0.0544 -0.9984
vn -0.0728 0.0596 -0.9956
vn -0.8488 -0.2269 -0.4775
vn -0.8079 -0.2976 -0.5087
vn -0.8464 -0.2681 -0.4602
vn -0.2262 -0.1464 -0.9630
vn -0.1590 -0.1873 -0.9694
vn -0.1896 -0.2287 -0.9549
vn -0.6984 -0.2839 -0.6570
vn -0.6833 -0.3625 -0.6338
vn -0.7152 -0.3544 -0.6023
vn 0.0317 0.3130 -0.9492
vn -0.0383 0.3156 -0.9481
vn -0.0006 0.3321 -0.9433
vn 0.0506 0.9923 -0.1135
vn 0.1121 0.9885 -0.1019
vn 0.0918 0.9865 -0.1354
vn -0.0501 0.9985 -0.0240
vn -0.0151 0.9969 -0.0770
vn -0.0514 0.9967 -0.0634
vn -0.4859 -0.0276 -0.8736
vn -0.4181 -0.0330 -0.9078
vn -0.4520 -0.0708 -0.8892
vn -0.2573 0.9661 -0.0216
vn -0.2350 0.9696 -0.0678
vn -0.3041 0.9520 -0.0358
vn -0.0809 0.9868 -0.1400
vn -0.0990 0.9852 -0.1398
vn -0.0939 0.9892 -0.1124
vn -0.4439 0.1711 -0.8796
vn -0.4428 0.1298 -0.8872
vn -0.4840 0.1250 -0.8661
vn -0.6040 0.5298 -0.5954
vn -0.6555 0.4865 -0.5776
vn -0.6407 0.5234 -0.5618
vn 0.1885 0.9787 -0.0816
vn 0.1686 0.9773 -0.1279
vn 0.1534 0.9825 -0.1059
vn 0.3516 0.0092 -0.9361
vn 0.3724 -0.0241 -0.9278
vn 0.3333 -0.0309 -0.9423
vn -0.5181 0.2316 -0.8234
vn -0.4931 0.2263 -0.8400
vn -0.5126 0.1997 -0.8351
vn -0.9938 -0.0642 -0.0912
vn -0.9965 -0.0738 -0.0402
vn -0.9967 -0.0411 -0.0700
vn -0.0742 0.3066 0.9490
vn -0.0983 0.2720 0.9573
vn -0.0510 0.2740 0.9604
vn -0.4838 0.0637 0.8728
vn -0.4677 0.0284 0.8834
vn -0.4615 0.0885 0.8827
vn 0.9927 0.1162 -0.0311
vn 0.9914 0.1169 -0.0588
vn 0.9852 0.1612 -0.0577
vn 0.6891 0.7106 -0.1421
vn 0.6672 0.7233 -0.1779
vn 0.6552 0.7400 -0.1523
vn 0.3542 0.9313 -0.0848
vn 0.3619 0.9314 -0.0398
vn 0.3807 0.9212 -0.0801
vn 0.0127 -0.5991 0.8006
vn 0.0326 -0.5977 0.8011
vn 0.0289 -0.5938 0.8041
vn -0.0222 -0.0193 0.9996
vn -0.0167 -0.0429 0.9989
vn -0.0047 -0.0212 0.9998
vn -0.0678 0.0145 0.9976
vn -0.0483 0.0158 0.9987
vn -0.0460 0.0314 0.9984
vn -0.0441 -0.1859 0.9816
vn -0.0253 -0.1693 0.9852
vn -0.0488 -0.1624 0.9855
vn -0.1011 -0.0752 0.9920
vn -0.0693 -0.0831 0.9941
vn -0.0786 -0.0641 0.9948
vn 0.0434 0.6341 0.7720
vn 0.0557 0.6237 0.7797
vn 0.0729 0.6316 0.7719
vn 0.1446 -0.0400 -0.9887
vn 0.1087 -0.0759 -0.9912
vn 0.0872 -0.0376 -0.9955
vn 0.0745 0.9884 -0.1322
vn 0.0144 0.9907 -0.1351
vn 0.0341 0.9948 -0.0958
vn 0.6074 0.6869 0.3991
vn 0.5396 0.7275 0.4237
vn 0.5601 0.6897 0.4589
vn 0.9426 0.3331 -0.0247
vn 0.9560 0.2925 -0.0220
vn 0.9560 0.2764 -0.0982
vn -0.8850 0.3970 0.2432
vn -0.9223 0.3207 0.2157
vn -0.8858 0.3476 0.3074
vn -0.5101 0.8580 -0.0594
vn -0.5612 0.8209 -0.1060
vn -0.5609 0.8275 -0.0277
vn 0.7706 0.3715 -0.5179
vn 0.8021 0.3140 -0.5080
vn 0.7605 0.3147 -0.5680
vn -0.9940 0.1018 0.0395
vn -0.9916 0.0625 0.1136
vn -0.9838 0.1407 0.1115
vn 0.3212 -0.6110 0.7235
vn 0.2510 -0.6463 0.7206
vn 0.3230 -0.6639 0.6745
vn 0.8210 0.1909 -0.5380
vn 0.8091 0.1234 -0.5745
vn 0.7773 0.1971 -0.5974
vn 0.0566 0.0082 -0.9984
vn 0.0413 -0.0353 -0.9985
vn 0.0136 -0.0099 -0.9999
vn -0.0642 0.3255 -0.9434
vn -0.0344 0.3101 -0.9501
vn -0.0767 0.2952 -0.9524
vn -0.0861 0.9922 -0.0902
vn -0.1076 0.9866 -0.1229
vn -0.1016 0.9904 -0.0938
vn 0.9435 0.0512 0.3273
vn 0.9340 0.0098 0.3572
vn 0.9464 -0.0176 0.3227
vn 0.5108 0.7115 -0.4826
vn 0.4879 0.6975 -0.5248
vn 0.4790 0.7169 -0.5065
vn -0.3034 -0.7542 0.5823
vn -0.2457 -0.7460 0.6190
vn -0.2930 -0.7186 0.6307
vn 0.9847 0.1425 -0.1003
vn 0.9890 0.1140 -0.0947
vn 0.9824 0.1293 -0.1346
vn 0.9079 0.2748 -0.3164
vn 0.8894 0.3081 -0.3377
vn 0.9010 0.3051 -0.3085
vn 0.9824 0.1834 -0.0358
vn 0.9820 0.1762 -0.0676
vn 0.9740 0.2156 -0.0701
vn 0.2141 0.9766 -0.0209
vn 0.2457 0.9623 -0.1167
vn 0.1984 0.9788 -0.0500
vn -0.1198 -0.0167 -0.9927
vn -0.1389 -0.0401 -0.9895
vn -0.1491 -0.0229 -0.9886
vn 0.7857 0.0760 -0.6139
vn 0.7654 0.0760 -0.6391
vn 0.7796 0.1152 -0.6156
vn 0.8620 -0.0413 -0.5053
vn 0.8456 -0.0660 -0.5297
vn 0.8415 -0.0259 -0.5397
vn 0.4394 0.8589 -0.2631
vn 0.4636 0.8550 -0.2327
vn 0.4816 0.8359 -0.2633
vn 0.1075 0.1693 -0.9797
vn 0.1561 0.1510 -0.9761
vn 0.1101 0.1490 -0.9827
vn -0.1393 0.9732 -0.1829
vn -0.1084 0.9809 -0.1617
vn -0.0716 0.9827 -0.1706
vn -0.1199 0.9838 -0.1331
vn -0.1653 0.9838 -0.0691
vn -0.1504 0.9814 -0.1192
vn -0.2353 0.9647 -0.1184
vn 0.0075 0.8963 -0.4435
vn 0.0330 0.8857 -0.4630
vn -0.0101 0.8744 -0.4852
vn -0.7646 0.2441 0.5965
vn -0.7755 0.2434 0.5826
vn -0.7737 0.2195 0.5943
vn -0.9948 -0.0758 0.0679
vn -0.9932 -0.0975 0.0631
vn -0.9917 -0.0964 0.0850
vn -0.6028 0.0633 0.7954
vn -0.5770 0.0606 0.8145
vn -0.5916 0.0839 0.8018
vn 0.0297 0.9670 -0.2532
vn -0.0012 0.9616 -0.2744
vn -0.0098 0.9681 -0.2505
vn -0.7668 0.0220 0.6415
vn -0.7826 0.0068 0.6224
vn -0.7660 -0.0361 0.6418
vn -0.7372 0.0839 0.6704
vn -0.7453 0.0615 0.6639
vn -0.7081 0.0582 0.7037
vn 0.7613 0.2080 -0.6141
vn 0.7381 0.1998 -0.6444
vn 0.7480 0.2331 -0.6214
vn 0.9588 0.0184 -0.2836
vn 0.9622 -0.0139 -0.2721
vn 0.9537 -0.0322 -0.2990
vn 0.7614 0.1638 -0.6273
vn 0.7516 0.1208 -0.6485
vn 0.7326 0.1547 -0.6628
vn -0.1283 0.9895 0.0668
vn -0.1522 0.9872 0.0473
vn -0.1478 0.9858 0.0801
vn -0.0747 0.9972 0.0076
vn -0.0754 0.9970 -0.0194
vn -0.1007 0.9949 -0.0079
vn -0.5360 -0.8422 -0.0581
vn -0.5494 -0.8316 -0.0806
vn -0.5146 -0.8524 -0.0923
vn -0.4156 -0.9096 -0.0050
vn -0.3985 -0.9162 -0.0423
vn -0.3871 -0.9220 0.0041
vn -0.0451 0.9985 0.0319
vn -0.0368 0.9993 0.0052
vn -0.0767 0.9970 0.0077
vn 0.0108 0.9907 0.1356
vn 0.0532 0.9900 0.1308
vn 0.0227 0.9936 0.1106
vn -0.1241 0.9915 -0.0387
vn -0.1220 0.9902 -0.0676
vn -0.1418 0.9884 -0.0543
vn 0.2743 -0.1673 -0.9470
vn 0.2852 -0.1376 -0.9485
vn 0.3026 -0.1564 -0.9402
vn 0.0931 0.1174 -0.9887
vn 0.1191 0.0891 -0.9889
vn 0.0782 0.0745 -0.9942
vn 0.0462 0.9989 0.0070
vn 0.0636 0.9930 0.0996
vn 0.0947 0.9955 -0.0031
vn -0.1539 0.9397 -0.3053
vn -0.1307 0.9289 -0.3465
vn -0.1932 0.9228 -0.3332
vn 0.9828 0.1035 -0.1530
vn 0.9623 0.1277 -0.2400
vn 0.9623 0.1595 -0.2204
vn 0.0698 0.9884 -0.1350
vn 0.1543 0.9768 -0.1486
vn 0.0601 0.9809 -0.1850
vn 0.9264 0.2098 0.3127
vn 0.9342 0.1429 0.3270
vn 0.9414 0.1529 0.3006
vn 0.9529 0.2254 0.2028
vn 0.9649 0.1915 0.1797
vn 0.9660 0.2086 0.1526
vn 0.9931 -0.1043 -0.0538
vn 0.9890 -0.1162 -0.0920
vn 0.9927 -0.0907 -0.0790
vn 0.9683 0.2253 -0.1081
vn 0.9591 0.2507 -0.1314
vn 0.9620 0.2565 -0.0933
vn 0.8545 0.5145 0.0717
vn 0.8725 0.4857 0.0530
vn 0.8651 0.5015 0.0023
vn 0.5034 -0.8179 0.2784
vn 0.4814 -0.8239 0.2991
vn 0.4902 -0.8409 0.2294
vn 0.8674 0.4884 0.0956
vn 0.8775 0.4773 0.0454
vn 0.8632 0.5023 0.0504
vn -0.8255 -0.1645 -0.5399
vn -0.8547 -0.2095 -0.4750
vn -0.8606 -0.1631 -0.4825
vn -0.6081 0.1315 -0.7829
vn -0.5839 0.1101 -0.8043
vn -0.6024 0.0918 -0.7929
vn -0.2315 -0.2556 -0.9387
vn -0.2131 -0.2371 -0.9478
vn -0.1940 -0.2762 -0.9413
vn -0.4905 -0.5499 -0.6761
vn -0.5218 -0.5561 -0.6469
vn -0.5274 -0.5131 -0.6772
vn -0.4013 -0.3517 -0.8457
vn -0.3434 -0.3491 -0.8719
vn -0.3609 -0.3814 -0.8511
vn -0.3125 0.1944 0.9298
vn -0.3314 0.1476 0.9319
vn -0.2690 0.1496 0.9515
vn -0.9361 0.0532 -0.3478
vn -0.9311 -0.0028 -0.3648
vn -0.9462 -0.0110 -0.3235
vn -0.9375 -0.0954 -0.3347
vn -0.9454 -0.1057 -0.3082
vn -0.9532 -0.0758 -0.2928
vn 0.1128 -0.0265 0.9933
vn 0.1338 -0.0388 0.9903
vn 0.1202 -0.0120 0.9927
vn -0.9435 -0.3262 0.0581
vn -0.9405 -0.3395 0.0110
vn -0.9325 -0.3610 0.0064
vn -0.0940 0.9910 0.0957
vn -0.0828 0.9934 0.0798
vn -0.0992 0.9921 0.0770
vn -0.0412 0.9960 0.0796
vn -0.0455 0.9968 0.0659
vn -0.0543 0.9959 0.0720
vn -0.0653 0.9967 0.0485
vn -0.0561 0.9974 0.0450
vn -0.0686 0.9973 0.0260
vn -0.0874 0.9926 0.0839
vn -0.0693 0.9949 0.0734
vn -0.1047 0.9920 0.0709
vn -0.0831 0.9949 0.0574
vn 0.2097 0.0352 0.9771
vn 0.2291 0.0244 0.9731
vn 0.2138 0.0456 0.9758
vn -0.0645 0.9960 -0.0626
vn -0.1153 0.9931 -0.0210
vn -0.0394 0.9990 -0.0222
vn -0.9605 0.1612 0.2268
vn -0.9497 0.1592 0.2698
vn -0.9507 0.1849 0.2490
vn -0.0098 0.0456 -0.9989
vn -0.0136 -0.0297 -0.9995
vn -0.0303 0.0313 -0.9991
vn -0.1598 -0.0116 -0.9871
vn -0.1124 -0.0471 -0.9925
vn -0.1765 -0.0464 -0.9832
vn 0.6660 -0.0479 -0.7444
vn 0.6113 -0.0717 -0.7882
vn 0.6343 -0.0038 -0.7731
vn -0.0301 0.9933 -0.1116
vn 0.0395 0.9898 -0.1371
vn -0.0374 0.9891 -0.1423
vn 0.4668 -0.0778 -0.8809
vn 0.3968 -0.0599 -0.9159
vn 0.4332 -0.0195 -0.9011
vn 0.4536 0.1334 -0.8812
vn 0.4927 0.1323 -0.8601
vn 0.4731 0.0816 -0.8772
vn 0.4662 0.8630 0.1945
vn 0.4922 0.8579 0.1471
vn 0.4341 0.8924 0.1232
vn 0.1255 0.9919 0.0170
vn 0.1660 0.9860 0.0123
vn 0.1686 0.9854 -0.0247
vn 0.9876 -0.0986 0.1222
vn 0.9893 -0.1220 0.0802
vn 0.9930 -0.0947 0.0704
vn 0.2042 -0.9786 -0.0267
vn 0.2172 -0.9761 -0.0097
vn 0.1989 -0.9796 0.0295
vn 0.9961 -0.0693 0.0548
vn 0.9951 -0.0381 0.0911
vn 0.9938 -0.0779 0.0798
vn 0.1159 0.9911 0.0651
vn 0.1305 0.9913 -0.0189
vn 0.0868 0.9962 0.0098
vn 0.0960 0.9953 -0.0087
vn 0.0687 0.9967 0.0440
vn 0.1014 0.9934 0.0533
vn 0.0843 0.9939 0.0704
vn 0.0252 0.9996 0.0117
vn 0.0570 0.9956 0.0747
vn 0.0623 0.9970 0.0462
vn 0.0759 0.9949 0.0665
vn 0.1072 0.9932 0.0453
vn 0.0854 0.9956 0.0387
vn 0.1267 0.9910 -0.0430
vn 0.1499 0.9882 -0.0305
vn 0.1769 0.9808 -0.0826
vn 0.2093 -0.7349 0.6451
vn 0.2137 -0.7605 0.6131
vn 0.2394 -0.7400 0.6286
vn 0.0153 0.9986 0.0507
vn 0.0272 0.9994 0.0191
vn -0.0037 0.9997 0.0260
vn 0.0231 0.9993 -0.0282
vn 0.0491 0.9975 -0.0516
vn 0.0112 0.9988 -0.0486
vn -0.0166 0.9998 -0.0132
vn 0.0125 0.9997 -0.0222
vn 0.0001 0.9993 -0.0372
vn -0.0479 0.6433 0.7641
vn -0.0060 0.6407 0.7678
vn -0.0057 0.6813 0.7320
vn -0.5481 -0.0181 0.8362
vn -0.5737 -0.0053 0.8190
vn -0.5470 -0.0547 0.8354
vn -0.7846 0.3782 -0.4913
vn -0.8213 0.2958 -0.4878
vn -0.7918 0.3910 -0.4692
vn -0.0550 -0.0136 0.9984
vn -0.0961 -0.0983 0.9905
vn -0.0227 -0.0563 0.9982
vn -0.2428 0.1840 0.9525
vn -0.1634 0.1699 0.9718
vn -0.1643 0.2074 0.9644
vn -0.9973 -0.0201 -0.0703
vn -0.9962 -0.0490 -0.0715
vn -0.9990 -0.0363 -0.0276
vn -0.9881 0.1304 -0.0813
vn -0.9859 0.1142 -0.1227
vn -0.9885 0.1048 -0.1088
vn 0.0003 0.0556 -0.9985
vn -0.0130 0.0322 -0.9994
vn -0.0486 0.0481 -0.9977
vn -0.0398 0.0086 -0.9992
vn -0.0304 0.0759 -0.9967
vn 0.0018 0.0503 -0.9987
vn -0.9937 0.0978 -0.0542
vn -0.9912 0.1250 -0.0444
vn -0.9910 0.1111 -0.0743
vn -0.9899 0.1259 -0.0652
vn -0.9929 0.0885 -0.0789
vn -0.9929 0.1104 -0.0447
vn -0.0559 0.9976 0.0403
vn -0.0313 0.9995 0.0092
vn -0.0765 0.9968 0.0220
vn 0.0164 0.9990 0.0423
vn 0.1059 0.9931 0.0500
vn 0.0726 0.9974 -0.0029
vn -0.0601 0.9982 -0.0060
vn -0.0149 0.9997 -0.0194
vn -0.0320 0.9947 -0.0973
vn -0.0339 0.9793 0.1993
vn -0.0571 0.9886 0.1394
vn -0.0942 0.9861 0.1371
vn 0.1911 0.9755 0.1091
vn 0.2461 0.9682 0.0444
vn 0.1823 0.9822 0.0454
vn 0.0525 0.9962 0.0701
vn 0.0169 0.9975 0.0681
vn 0.0479 0.9899 0.1334
vn -0.2368 0.7862 0.5708
vn -0.1409 0.7686 0.6240
vn -0.1523 0.8055 0.5726
vn -0.0157 0.0425 -0.9990
vn -0.0050 -0.0047 -1.0000
vn -0.0440 -0.0087 -0.9990
vn 0.9265 0.3395 0.1622
vn 0.9142 0.3789 0.1441
vn 0.9029 0.3680 0.2220
vn -0.2211 -0.7630 -0.6075
vn -0.2095 -0.7330 -0.6472
vn -0.1911 -0.7939 -0.5773
vn -0.3198 -0.7647 -0.5594
vn -0.2790 -0.7982 -0.5338
vn -0.3227 -0.7758 -0.5422
vn -0.8893 -0.4261 -0.1663
vn -0.8639 -0.4710 -0.1785
vn -0.8672 -0.4871 -0.1032
vn -0.9982 -0.0601 0.0035
vn -0.9975 -0.0533 -0.0473
vn -0.9961 -0.0865 -0.0159
vn -0.9305 -0.2571 -0.2609
vn -0.9423 -0.2155 -0.2561
vn -0.9173 -0.2418 -0.3164
vn 0.9689 -0.1661 0.1837
vn 0.9576 -0.2113 0.1959
vn 0.9763 -0.1678 0.1368
vn 0.9600 -0.1653 0.2258
vn 0.9705 -0.1666 0.1746
vn 0.9786 -0.1242 0.1638
vn -0.3877 0.7765 0.4968
vn -0.2481 0.8083 0.5340
vn -0.3472 0.8277 0.4409
vn -0.2196 0.7995 -0.5591
vn -0.3804 0.7215 -0.5785
vn -0.3580 0.7877 -0.5013
vn 0.3197 0.0224 -0.9473
vn 0.2746 -0.0741 -0.9587
vn 0.1573 -0.0690 -0.9851
vn -0.5062 0.8483 -0.1557
vn -0.5667 0.7776 -0.2725
vn -0.6275 0.7552 -0.1894
vn 0.7687 0.6350 0.0768
vn 0.6721 0.7253 0.1491
vn 0.7444 0.6283 0.2262
vn -0.0136 0.9792 0.2025
vn -0.1138 0.9518 0.2849
vn -0.0244 0.9235 0.3829
vn -0.1367 0.8769 -0.4608
vn -0.1114 0.9456 -0.3056
vn -0.0570 0.8957 -0.4409
vn -0.9041 0.2722 0.3295
vn -0.9500 0.2621 0.1699
vn -0.9440 0.1965 0.2650
vn -0.4253 0.8948 0.1356
vn -0.3835 0.8972 0.2191
vn -0.3827 0.9148 0.1294
vn -0.0169 0.9905 0.1367
vn 0.0357 0.9732 0.2271
vn 0.0924 0.9833 0.1571
vn -0.1301 0.1393 -0.9817
vn -0.0791 0.1318 -0.9881
vn -0.1513 0.1207 -0.9811
vn -0.0721 0.0665 -0.9952
vn -0.0769 0.0087 -0.9970
vn -0.1259 0.0294 -0.9916
vn 0.0162 0.2319 -0.9726
vn -0.1114 0.1752 -0.9782
vn -0.0270 0.2563 -0.9662
vn -0.0244 0.9971 0.0715
vn -0.0028 0.9935 -0.1137
vn -0.1338 0.9846 0.1125
vn -0.7921 0.3095 -0.5261
vn -0.7267 0.2382 -0.6443
vn -0.7630 0.1935 -0.6167
vn 0.5527 0.2957 0.7792
vn 0.4490 0.2600 0.8549
vn 0.5594 0.2610 0.7868
vn -0.1716 0.8622 0.4767
vn -0.0908 0.9033 0.4193
vn -0.1499 0.9395 0.3079
vn -0.6357 0.3176 -0.7036
vn -0.7517 0.2073 -0.6261
vn -0.8183 0.2554 -0.5150
vn 0.9946 0.0226 0.1017
vn 0.9952 -0.0081 0.0975
vn 0.9983 0.0162 0.0564
vn 0.9990 -0.0312 0.0321
vn 0.9956 -0.0644 0.0679
vn 0.9971 -0.0668 0.0376
vn 0.0387 0.9987 -0.0318
vn 0.0787 0.9967 -0.0190
vn 0.0597 0.9968 -0.0523
vn -0.1917 0.1428 -0.9710
vn -0.2336 0.0894 -0.9682
vn -0.2516 0.1262 -0.9596
vn -0.8742 0.4367 -0.2124
vn -0.8820 0.3961 -0.2553
vn -0.8963 0.3824 -0.2245
vn -0.0134 0.9997 0.0218
vn -0.0030 0.9999 -0.0135
vn -0.0287 0.9995 -0.0150
vn -0.1277 0.9767 0.1726
vn -0.1199 0.9847 0.1261
vn -0.1607 0.9812 0.1072
vn -0.3257 0.3390 -0.8826
vn -0.2788 0.3442 -0.8965
vn -0.2881 0.3150 -0.9043
vn 0.5397 -0.7938 0.2805
vn 0.4884 -0.8123 0.3189
vn 0.4948 -0.8426 0.2128
vn 0.8764 -0.2301 -0.4231
vn 0.8725 -0.1328 -0.4703
vn 0.9060 -0.1444 -0.3979
vn 0.4280 0.9026 -0.0452
vn 0.3801 0.9182 -0.1115
vn 0.3624 0.9319 0.0176
vn -0.9933 -0.0918 -0.0707
vn -0.9880 -0.1417 -0.0615
vn -0.9945 -0.1042 -0.0120
vn -0.9821 0.0488 -0.1818
vn -0.9810 0.0922 -0.1707
vn -0.9759 0.0501 -0.2126
vn -0.0089 0.9851 0.1716
vn 0.0192 0.9850 0.1713
vn 0.0209 0.9896 0.1421
vn -0.2047 0.9788 -0.0069
vn -0.1707 0.9850 -0.0257
vn -0.2243 0.9651 -0.1353
vn -0.0503 0.9938 0.0993
vn 0.0504 0.9987 0.0054
vn -0.0878 0.9959 0.0216
vn -0.4028 0.5121 -0.7586
vn -0.2372 0.5565 -0.7963
vn -0.3088 0.4714 -0.8261
vn 0.2834 0.0672 -0.9566
vn 0.3030 0.0362 -0.9523
vn 0.2110 0.0185 -0.9773
vn 0.2330 0.0061 -0.9725
vn 0.2188 0.0400 -0.9749
vn 0.2419 0.0375 -0.9696
vn -0.1461 -0.9358 -0.3209
vn -0.0756 -0.9623 -0.2614
vn -0.0999 -0.9688 -0.2268
vn -0.1233 0.9854 0.1177
vn -0.0674 0.9957 0.0640
vn -0.1659 0.9849 0.0496
vn -0.9855 0.1670 -0.0288
vn -0.9790 0.1926 -0.0665
vn -0.9879 0.1512 -0.0344
vn 0.1695 0.0516 -0.9842
vn 0.1849 0.0420 -0.9819
vn 0.1641 0.0216 -0.9862
vn 0.0748 0.9962 0.0454
vn 0.1277 0.9911 0.0371
vn 0.0769 0.9969 0.0143
vn 0.1149 0.9927 0.0362
vn 0.0929 0.9954 0.0228
vn 0.0889 0.9947 0.0524
vn 0.0126 0.2981 -0.9545
vn 0.0182 0.2822 -0.9592
vn -0.0129 0.2856 -0.9583
vn 0.1385 0.1295 -0.9819
vn 0.1354 0.1027 -0.9855
vn 0.1104 0.1188 -0.9868
vn -0.0904 0.9950 0.0434
vn -0.0413 0.9965 -0.0724
vn -0.1250 0.9916 0.0326
vn -0.8105 0.4017 -0.4262
vn -0.7775 0.3806 -0.5006
vn -0.8452 0.3271 -0.4226
vn 0.1542 -0.7279 -0.6681
vn 0.1013 -0.7800 -0.6175
vn 0.0831 -0.7297 -0.6787
vn 0.9456 -0.3248 0.0184
vn 0.9179 -0.3968 0.0099
vn 0.9486 -0.3032 -0.0908
vn -0.0121 0.9789 0.2041
vn -0.0259 -0.9982 -0.0535
vn -0.1134 -0.9882 -0.1030
vn -0.0082 -0.9865 -0.1634
vn -0.8803 0.4282 -0.2045
vn -0.8665 0.4622 -0.1885
vn -0.8241 0.4785 -0.3030
vn -0.6638 -0.3978 -0.6334
vn -0.5728 -0.4770 -0.6666
vn -0.6734 -0.4811 -0.5613
vn 0.3535 0.8630 -0.3608
vn 0.4360 0.8412 -0.3200
vn 0.4661 0.7786 -0.4201
vn -0.5490 0.5767 -0.6050
vn -0.5017 0.6198 -0.6035
vn -0.4615 0.5562 -0.6911
vn -0.2655 0.7083 -0.6541
vn -0.1714 0.7508 -0.6379
vn -0.2323 0.6392 -0.7331
vn -0.7914 -0.5048 -0.3447
vn -0.8445 -0.5027 -0.1845
vn -0.8601 -0.4455 -0.2486
vn 0.1496 -0.8947 0.4208
vn 0.2354 -0.9149 0.3278
vn 0.2036 -0.8689 0.4512
vn 0.9091 -0.0361 -0.4151
vn 0.9166 -0.1437 -0.3732
vn 0.8595 -0.1549 -0.4871
vn 0.5823 0.3073 -0.7526
vn 0.6647 0.2547 -0.7024
vn 0.5961 0.2392 -0.7665
vn -0.0701 0.9973 -0.0227
vn -0.0728 0.9934 -0.0891
vn -0.1340 0.9869 -0.0902
vn 0.0500 0.9557 -0.2900
vn -0.0046 0.9286 -0.3711
vn -0.0442 0.9489 -0.3126
vn -0.0457 0.9208 -0.3874
vn 0.0222 0.8965 -0.4425
vn -0.0750 0.9059 -0.4169
vn -0.2689 -0.9548 -0.1270
vn -0.3178 -0.9299 -0.1855
vn -0.2472 -0.9518 -0.1817
vn -0.0840 0.9933 0.0792
vn -0.0438 0.9966 0.0697
vn -0.0497 0.9985 0.0226
vn 0.3907 0.7891 -0.4740
vn 0.3392 0.7310 -0.5921
vn 0.3253 0.8072 -0.4926
vn -0.1767 0.0276 -0.9839
vn -0.1502 0.0403 -0.9878
vn -0.1448 -0.0103 -0.9894
vn -0.9123 -0.2776 0.3011
vn -0.9000 -0.3242 0.2914
vn -0.9010 -0.2739 0.3363
vn -0.9971 0.0709 -0.0278
vn -0.9979 0.0165 -0.0622
vn -0.9994 0.0296 0.0199
vn -0.9265 0.3496 -0.1391
vn -0.9348 0.2933 -0.2003
vn -0.9523 0.2708 -0.1407
vn -0.9933 -0.0701 -0.0921
vn -0.9850 -0.0508 -0.1648
vn -0.9789 -0.1189 -0.1665
vn 0.1252 -0.8171 0.5627
vn 0.1394 -0.8656 0.4810
vn 0.1621 -0.8287 0.5358
vn -0.9978 0.0552 -0.0368
vn -0.9947 0.0179 -0.1017
vn -0.9998 -0.0100 -0.0178
vn -0.2224 -0.0586 -0.9732
vn -0.1459 -0.0510 -0.9880
vn -0.1937 -0.0862 -0.9773
vn 0.1329 -0.1624 -0.9777
vn 0.1470 -0.2480 -0.9575
vn 0.1024 -0.2299 -0.9678
vn -0.7522 0.0393 -0.6577
vn -0.7382 -0.0083 -0.6745
vn -0.7622 -0.0067 -0.6473
vn -0.3852 -0.8903 -0.2427
vn -0.3763 -0.8818 -0.2843
vn -0.3210 -0.9034 -0.2842
vn 0.1331 -0.9495 0.2840
vn 0.1787 -0.9631 0.2011
vn 0.2225 -0.9424 0.2497
vn -0.2293 -0.9728 -0.0319
vn -0.1739 -0.9797 -0.0994
vn -0.1865 -0.9824 -0.0149
vn -0.8746 0.4718 -0.1117
vn -0.8423 0.5374 -0.0400
vn -0.8481 0.5146 -0.1264
vn -0.6303 0.1562 -0.7605
vn -0.5739 0.1650 -0.8021
vn -0.6085 0.1135 -0.7854
vn -0.6836 0.2267 -0.6937
vn -0.6588 0.2786 -0.6989
vn -0.6282 0.2682 -0.7304
vn -0.9194 0.3902 0.0497
vn -0.9373 0.3471 -0.0322
vn -0.9434 0.3287 0.0435
vn -0.4759 0.8793 -0.0171
vn -0.4473 0.8944 0.0023
vn -0.4640 0.8844 -0.0499
vn -0.6084 -0.7823 0.1338
vn -0.6714 -0.7382 0.0656
vn -0.6089 -0.7928 0.0280
vn -0.9462 -0.2746 0.1711
vn -0.9666 -0.2236 0.1249
vn -0.9487 -0.3037 0.0882
vn -0.4576 0.5546 0.6950
vn -0.4416 0.4888 0.7524
vn -0.4049 0.5367 0.7403
vn -0.9781 -0.1455 -0.1486
vn -0.9728 -0.1961 -0.1237
vn -0.9836 -0.1574 -0.0885
vn -0.9468 -0.0825 0.3111
vn -0.9674 -0.0935 0.2353
vn -0.9495 -0.1328 0.2842
vn -0.9368 0.3101 -0.1618
vn -0.9497 0.2633 -0.1696
vn -0.9524 0.2880 -0.0998
vn -0.8109 0.5850 0.0135
vn -0.8106 0.5833 -0.0525
vn -0.8455 0.5337 -0.0179
vn 0.3966 -0.0332 -0.9174
vn 0.4082 -0.0829 -0.9091
vn 0.3846 -0.0867 -0.9190
vn 0.4208 -0.0312 -0.9066
vn 0.3906 -0.0878 -0.9164
vn 0.4172 -0.0429 -0.9078
vn -0.2169 0.8647 -0.4530
vn -0.2238 0.8716 -0.4362
vn -0.1453 0.8541 -0.4993
vn -0.9652 -0.2476 0.0845
vn -0.9631 -0.2686 0.0185
vn -0.9513 -0.3063 0.0346
vn -0.4397 0.0463 0.8969
vn -0.4841 0.0292 0.8745
vn -0.4370 -0.0042 0.8994
vn -0.9703 -0.2298 -0.0757
vn -0.9729 -0.2290 -0.0321
vn -0.9850 -0.1666 -0.0452
vn -0.9512 -0.0755 0.2993
vn -0.9513 -0.1297 0.2795
vn -0.9411 -0.1325 0.3111
vn -0.9729 -0.2122 0.0922
vn -0.9815 -0.1908 0.0147
vn -0.9677 -0.2502 0.0293
vn -0.7160 -0.6840 0.1398
vn -0.7240 -0.6855 0.0772
vn -0.7031 -0.7029 0.1081
vn -0.6964 -0.6429 0.3188
vn -0.7484 -0.6131 0.2529
vn -0.7070 -0.6642 0.2428
vn -0.7300 0.1421 -0.6685
vn -0.7720 0.1081 -0.6263
vn -0.7425 0.1889 -0.6427
vn -0.9002 -0.0128 -0.4352
vn -0.8682 0.0131 -0.4961
vn -0.8724 -0.0582 -0.4853
vn -0.9060 0.2354 0.3517
vn -0.9144 0.2584 0.3116
vn -0.9105 0.2262 0.3462
vn -0.8596 0.3145 0.4027
vn -0.8751 0.2357 0.4228
vn -0.8581 0.2719 0.4356
vn -0.6768 -0.2398 -0.6960
vn -0.6673 -0.2987 -0.6822
vn -0.7123 -0.2748 -0.6459
vn -0.9313 -0.1743 -0.3198
vn -0.9323 -0.1150 -0.3428
vn -0.9154 -0.1338 -0.3796
vn -0.8771 0.0295 -0.4794
vn -0.8596 0.0010 -0.5110
vn -0.8876 -0.0477 -0.4581
vn -0.8064 -0.0052 -0.5913
vn -0.7647 -0.0509 -0.6423
vn -0.7909 -0.0925 -0.6049
vn -0.3804 0.0870 -0.9207
vn -0.4051 0.1598 -0.9002
vn -0.3397 0.1320 -0.9312
vn -0.6563 -0.0877 -0.7494
vn -0.6892 -0.1547 -0.7079
vn -0.7079 -0.0742 -0.7024
vn -0.3826 0.0837 -0.9201
vn -0.3308 0.1116 -0.9371
vn -0.3369 0.0217 -0.9413
vn -0.4113 0.9114 -0.0143
vn -0.3769 0.9240 -0.0644
vn -0.4060 0.9095 -0.0895
vn 0.2009 0.5299 -0.8239
vn 0.2213 0.4650 -0.8572
vn 0.1649 0.5163 -0.8404
vn -0.6852 0.7256 0.0638
vn -0.6668 0.7366 0.1135
vn -0.6252 0.7749 0.0934
vn -0.3312 0.7900 0.5160
vn -0.2575 0.8492 0.4610
vn -0.3370 0.8311 0.4424
vn -0.0615 0.9424 -0.3288
vn -0.0021 0.9598 -0.2806
vn -0.0184 0.9350 -0.3542
vn -0.7540 -0.6396 -0.1496
vn -0.7122 -0.6813 -0.1691
vn -0.7145 -0.6912 -0.1083
vn -0.4062 -0.9068 -0.1128
vn -0.4614 -0.8817 -0.0985
vn -0.4597 -0.8729 -0.1638
vn -0.4101 -0.9120 -0.0098
vn -0.4116 -0.9071 -0.0882
vn -0.3593 -0.9332 0.0067
vn -0.1619 0.2070 -0.9648
vn -0.1495 0.2222 -0.9635
vn -0.1766 0.1877 -0.9662
vn -0.1094 0.1015 -0.9888
vn -0.1166 0.1388 -0.9834
vn -0.0927 0.1375 -0.9862
vn 0.9593 -0.2683 0.0882
vn 0.9513 -0.3037 0.0525
vn 0.9646 -0.2571 0.0585
vn -0.7385 -0.5444 0.3978
vn -0.7526 -0.5438 0.3713
vn -0.7341 -0.5777 0.3568
vn 0.9840 0.0361 -0.1743
vn 0.9844 0.0119 -0.1754
vn 0.9774 0.0278 -0.2094
vn 0.6596 0.7515 0.0141
vn 0.6704 0.7400 0.0545
vn 0.6831 0.7295 0.0340
vn 0.7281 0.6844 -0.0375
vn 0.7509 0.6596 -0.0320
vn 0.7433 0.6656 -0.0672
vn 0.9812 -0.0784 -0.1762
vn 0.9778 -0.1031 -0.1824
vn 0.9751 -0.0836 -0.2053
vn 0.9935 -0.0114 -0.1135
vn 0.9887 -0.0035 -0.1500
vn 0.9934 0.0095 -0.1147
vn 0.9928 0.1066 0.0546
vn 0.9965 0.0648 0.0537
vn 0.9974 0.0708 0.0123
vn 0.9673 -0.2036 -0.1516
vn 0.9739 -0.2007 -0.1058
vn 0.9616 -0.2381 -0.1365
vn -0.7049 -0.6896 0.1658
vn -0.7046 -0.7009 0.1107
vn -0.6801 -0.7146 0.1635
vn -0.7246 -0.6108 -0.3193
vn -0.6905 -0.6439 -0.3296
vn -0.7163 -0.6308 -0.2982
vn -0.0605 0.1257 -0.9902
vn -0.0251 0.0931 -0.9953
vn -0.0558 0.0852 -0.9948
vn -0.0377 0.1197 -0.9921
vn -0.0384 0.0957 -0.9947
vn -0.0596 0.1019 -0.9930
vn -0.0016 0.2586 -0.9660
vn 0.0179 0.2487 -0.9684
vn -0.0060 0.2413 -0.9704
vn -0.7131 -0.0499 -0.6993
vn -0.6849 -0.0501 -0.7269
vn -0.7016 -0.0760 -0.7085
vn -0.9572 -0.0262 0.2881
vn -0.9727 -0.0107 0.2320
vn -0.9655 -0.0493 0.2557
vn 0.0688 0.9967 0.0441
vn 0.0705 0.9973 0.0206
vn 0.0484 0.9980 0.0397
vn 0.0086 0.9996 -0.0272
vn 0.0304 0.9984 -0.0471
vn 0.0023 0.9985 -0.0544
vn -0.9772 0.1631 0.1359
vn -0.9852 0.1310 0.1103
vn -0.9834 0.1263 0.1306
vn 0.1610 0.0902 0.9828
vn 0.2004 0.0341 0.9791
vn 0.2072 0.0799 0.9750
vn 0.3996 0.2125 0.8917
vn 0.3591 0.2662 0.8945
vn 0.3386 0.2270 0.9131
vn -0.1615 -0.8687 0.4684
vn -0.1707 -0.8842 0.4348
vn -0.1137 -0.8901 0.4413
vn -0.2144 0.0087 0.9767
vn -0.2234 -0.0254 0.9744
vn -0.1630 0.0044 0.9866
vn -0.9814 0.1917 -0.0064
vn -0.9864 0.1632 0.0172
vn -0.9753 0.2152 0.0502
vn -0.9738 0.2174 0.0667
vn -0.9633 0.2451 0.1092
vn -0.9591 0.2696 0.0864
vn 0.0570 0.9893 -0.1345
vn 0.0314 0.9885 -0.1480
vn 0.0503 0.9923 -0.1129
vn 0.1367 -0.7328 0.6666
vn 0.1637 -0.7361 0.6568
vn 0.1386 -0.7155 0.6847
vn -0.3677 -0.8786 0.3047
vn -0.3375 -0.8983 0.2813
vn -0.3246 -0.8889 0.3233
vn -0.1707 -0.9388 -0.2993
vn -0.1783 -0.9501 -0.2561
vn -0.2012 -0.9361 -0.2887
vn -0.0093 -0.0973 0.9952
vn -0.0141 -0.1525 0.9882
vn -0.0027 -0.1226 0.9925
vn -0.9913 -0.0158 0.1306
vn -0.9968 -0.0154 0.0782
vn -0.9922 -0.0354 0.1194
vn 0.9735 -0.1251 -0.1914
vn 0.9755 -0.1474 -0.1633
vn 0.9704 -0.1530 -0.1866
vn 0.9630 -0.2643 0.0529
vn 0.9554 -0.2933 0.0352
vn 0.9613 -0.2749 0.0188
vn 0.0848 0.9962 -0.0193
vn 0.0835 0.9953 -0.0487
vn 0.0662 0.9977 -0.0174
vn 0.6848 0.0946 0.7226
vn 0.7052 0.0738 0.7051
vn 0.6956 0.1144 0.7093
vn 0.3345 -0.9301 0.1516
vn 0.3369 -0.9347 0.1129
vn 0.3701 -0.9197 0.1308
vn 0.4448 0.1691 0.8795
vn 0.4864 0.1703 0.8570
vn 0.4584 0.2057 0.8646
vn 0.4458 0.1981 0.8729
vn 0.4651 0.1549 0.8716
vn 0.4854 0.2004 0.8510
vn -0.2387 0.1613 0.9576
vn -0.2890 0.1221 0.9495
vn -0.2590 0.1197 0.9584
vn -0.0229 -0.0207 0.9995
vn 0.0053 -0.0470 0.9989
vn 0.0010 -0.0167 0.9999
vn 0.3358 0.5388 0.7726
vn 0.3268 0.5172 0.7910
vn 0.3601 0.5190 0.7752
vn 0.3077 0.7684 0.5612
vn 0.2933 0.7552 0.5863
vn 0.3237 0.7544 0.5711
vn 0.2730 0.6708 0.6896
vn 0.2684 0.6921 0.6700
vn 0.2496 0.6796 0.6898
vn -0.0259 0.4873 0.8728
vn -0.0838 0.4705 0.8784
vn -0.0590 0.4533 0.8894
vn 0.9611 -0.2253 -0.1600
vn 0.9736 -0.1785 -0.1422
vn 0.9692 -0.2123 -0.1244
vn 0.2187 -0.5151 0.8287
vn 0.4091 -0.5713 0.7115
vn 0.6352 -0.1521 0.7572
vn 0.1612 0.8446 0.5105
vn -0.0039 0.5530 0.8332
vn 0.5965 0.5261 0.6061
vn 0.0429 0.5793 0.8140
vn 0.4061 0.6346 0.6575
vn 0.1564 0.7003 0.6965
vn 0.1674 -0.6319 0.7568
vn 0.2126 -0.6148 0.7595
vn -0.1564 -0.3341 0.9295
vn 0.0560 -0.1375 0.9889
vn 0.0887 -0.1814 0.9794
vn 0.0935 -0.1157 0.9889
vn 0.0477 0.9751 0.2168
vn 0.0944 0.9706 0.2216
vn 0.1168 0.9758 0.1848
vn 0.1598 -0.7894 0.5927
vn 0.2008 -0.7942 0.5736
vn 0.3337 -0.6624 0.6707
vn 0.3594 -0.3558 0.8627
vn 0.3873 -0.3292 0.8611
vn 0.3599 -0.3116 0.8794
vn 0.1379 0.9057 0.4009
vn 0.1970 0.9114 0.3613
vn 0.1357 0.9220 0.3626
vn 0.1599 -0.0203 0.9869
vn 0.2203 -0.0299 0.9750
vn 0.1863 0.0071 0.9825
vn 0.1824 0.0814 0.9798
vn 0.2855 -0.0362 0.9577
vn 0.2927 0.0245 0.9559
vn 0.2521 -0.2097 0.9447
vn 0.2589 0.3574 0.8973
vn 0.0869 -0.0611 0.9943
vn 0.2713 0.0175 0.9623
vn 0.1268 0.0038 0.9919
vn 0.1017 -0.0246 0.9945
vn 0.3433 0.5780 0.7403
vn 0.7852 0.4475 0.4280
vn 0.4838 0.7229 0.4933
vn 0.3725 0.7768 0.5078
vn -0.0178 0.8673 0.4974
vn 0.3791 0.4210 0.8241
vn -0.3501 0.7557 0.5535
vn -0.3374 0.6562 0.6749
vn 0.0957 0.5753 0.8123
vn -0.2385 -0.1754 0.9552
vn -0.2723 -0.1913 0.9430
vn -0.2450 -0.2056 0.9475
vn -0.1712 -0.3809 0.9086
vn -0.1628 -0.4293 0.8884
vn -0.1229 -0.4137 0.9021
vn 0.0849 -0.1414 0.9863
vn 0.1010 -0.1704 0.9802
vn 0.1560 -0.1454 0.9770
vn 0.0749 0.9203 0.3841
vn 0.1328 0.9239 0.3590
vn 0.0338 0.9332 0.3578
vn -0.0155 0.1849 0.9826
vn -0.0547 0.1496 0.9872
vn 0.0180 0.1865 0.9823
vn -0.0477 0.0497 0.9976
vn -0.0112 -0.0034 0.9999
vn 0.0348 0.0736 0.9967
vn -0.9760 0.1232 0.1794
vn -0.9687 0.1131 0.2211
vn -0.9539 0.2302 0.1927
vn -0.1199 -0.0847 0.9892
vn -0.0888 -0.1358 0.9867
vn -0.0841 -0.0799 0.9932
vn 0.3180 0.3158 0.8940
vn 0.2719 0.3520 0.8956
vn 0.2616 0.2753 0.9251
vn 0.2398 -0.9458 0.2191
vn 0.3026 -0.9268 0.2224
vn 0.2222 -0.9312 0.2889
vn -0.0288 -0.9996 0.0011
vn 0.0442 -0.9984 -0.0338
vn 0.0236 -0.9982 0.0551
vn -0.1643 0.3728 0.9133
vn -0.1088 0.3632 0.9253
vn -0.1383 0.4118 0.9007
vn -0.4073 0.0529 0.9117
vn -0.4417 0.0207 0.8969
vn -0.3930 0.0058 0.9195
vn -0.4676 0.0206 0.8837
vn -0.4452 -0.0117 0.8954
vn -0.4132 0.0641 0.9084
vn -0.7993 0.5051 0.3255
vn -0.8147 0.5138 0.2689
vn -0.8432 0.4672 0.2659
vn -0.7561 -0.3656 0.5429
vn -0.7138 -0.4222 0.5589
vn -0.7087 -0.3456 0.6151
vn 0.8318 -0.5458 0.1006
vn 0.8146 -0.5782 0.0464
vn 0.8338 -0.5521 0.0061
vn -0.1390 0.9388 0.3153
vn -0.0940 0.9619 0.2568
vn -0.1554 0.9516 0.2651
vn 0.0556 0.9975 0.0438
vn -0.0021 1.0000 -0.0000
vn -0.0205 0.9993 0.0325
vn -0.0043 0.0723 0.9974
vn -0.0151 0.0135 0.9998
vn 0.0336 0.0289 0.9990
vn -0.1234 0.0293 0.9919
vn -0.1238 0.0701 0.9898
vn -0.1742 0.0349 0.9841
vn -0.0089 -0.8931 0.4498
vn -0.0140 -0.9080 0.4187
vn 0.0639 -0.8986 0.4341
vn -0.0408 0.0388 0.9984
vn 0.0025 -0.0110 0.9999
vn 0.0062 0.0376 0.9993
vn 0.5050 -0.7509 0.4256
vn 0.4655 -0.7480 0.4732
vn 0.4613 -0.7699 0.4410
vn 0.2957 0.8959 0.3316
vn 0.3292 0.9002 0.2851
vn 0.2802 0.9145 0.2919
vn 0.6691 0.7367 0.0980
vn 0.7107 0.7015 0.0529
vn 0.6597 0.7510 0.0281
vn 0.0511 0.9374 0.3446
vn -0.0211 0.9326 0.3603
vn 0.0599 0.9027 0.4261
vn 0.2157 0.9480 0.2340
vn 0.1366 0.9752 0.1741
vn 0.1528 0.9534 0.2600
vn 0.9599 0.2611 0.1017
vn 0.9584 0.2848 0.0174
vn 0.9478 0.3153 0.0475
vn 0.5369 -0.5909 0.6021
vn 0.5378 -0.6227 0.5684
vn 0.5745 -0.5928 0.5644
vn -0.8415 -0.2573 0.4750
vn -0.8622 -0.2532 0.4387
vn -0.8569 -0.2818 0.4317
vn 0.5580 0.4483 0.6983
vn 0.5464 0.4187 0.7254
vn 0.6010 0.3797 0.7034
vn 0.4663 -0.7351 0.4922
vn 0.4949 -0.7433 0.4501
vn 0.5004 -0.7091 0.4967
vn 0.0781 0.9813 0.1761
vn 0.1228 0.9823 0.1415
vn 0.0799 0.9886 0.1278
vn 0.9544 -0.2485 0.1656
vn 0.9428 -0.2852 0.1727
vn 0.9360 -0.3190 0.1489
vn -0.0331 -0.2463 0.9686
vn -0.0601 -0.3012 0.9517
vn 0.0073 -0.2554 0.9668
vn 0.3227 -0.2396 0.9157
vn 0.2905 -0.2256 0.9299
vn 0.2761 -0.2946 0.9149
vn 0.0749 -0.0228 0.9969
vn 0.0519 -0.0551 0.9971
vn 0.0855 -0.0392 0.9956
vn 0.0624 0.7704 0.6345
vn 0.0589 0.8068 0.5878
vn 0.0188 0.8068 0.5905
vn -0.0120 -0.2345 0.9720
vn -0.0081 -0.2135 0.9769
vn -0.0312 -0.2231 0.9743
vn 0.0330 0.8795 0.4748
vn 0.0662 0.8848 0.4612
vn 0.0048 0.9000 0.4358
vn -0.0175 0.0938 0.9954
vn -0.0586 0.0458 0.9972
vn 0.0081 0.0616 0.9981
vn -0.0020 -0.7633 0.6460
vn 0.0077 -0.7449 0.6671
vn -0.0319 -0.7395 0.6724
vn 0.1577 -0.1346 0.9783
vn 0.1247 -0.1369 0.9827
vn 0.1359 -0.1547 0.9786
vn -0.1935 -0.1312 0.9723
vn -0.1956 -0.1017 0.9754
vn -0.2308 -0.1079 0.9670
vn -0.3978 -0.8060 0.4384
vn -0.3168 -0.8607 0.3985
vn -0.3535 -0.8076 0.4720
vn -0.2290 -0.1033 0.9679
vn -0.2100 -0.1379 0.9679
vn -0.1344 -0.0653 0.9888
vn 0.0370 -0.0146 0.9992
vn 0.0275 -0.0371 0.9989
vn 0.0530 -0.0518 0.9972
vn -0.2529 -0.0998 0.9623
vn -0.2538 -0.1339 0.9580
vn -0.2297 -0.1204 0.9658
vn -0.0438 0.0883 0.9951
vn -0.0256 0.0619 0.9978
vn 0.0013 0.1142 0.9935
vn -0.4321 0.4703 0.7695
vn -0.3989 0.4508 0.7985
vn -0.4001 0.4898 0.7746
vn 0.2281 0.2297 0.9462
vn 0.2366 0.1237 0.9637
vn 0.2734 0.1384 0.9519
vn 0.6983 0.5944 0.3989
vn 0.6957 0.5581 0.4523
vn 0.7253 0.5736 0.3808
vn -0.0426 0.9687 0.2448
vn 0.0156 0.9742 0.2251
vn -0.0048 0.9814 0.1921
vn -0.0103 -0.1351 0.9908
vn 0.0386 -0.1127 0.9929
vn 0.0131 -0.1045 0.9944
vn 0.1311 0.9576 -0.2566
vn 0.1402 0.9488 -0.2829
vn 0.0898 0.9580 -0.2724
vn -0.0593 0.0043 0.9982
vn -0.0033 -0.0050 1.0000
vn -0.0116 0.0236 0.9997
vn -0.3649 0.0604 0.9291
vn -0.4219 0.0845 0.9027
vn -0.4240 0.0378 0.9049
vn 0.0196 0.8856 0.4641
vn 0.0452 0.8790 0.4747
vn 0.0612 0.9031 0.4250
vn 0.1306 -0.0954 0.9868
vn 0.1925 -0.1021 0.9760
vn 0.1415 -0.0598 0.9881
vn -0.2390 -0.5645 0.7901
vn -0.1801 -0.6081 0.7732
vn -0.1812 -0.5485 0.8162
vn 0.5323 0.3866 0.7531
vn 0.5918 0.3964 0.7019
vn 0.5522 0.4386 0.7090
vn -0.8096 0.1782 0.5593
vn -0.8809 0.0802 0.4664
vn -0.8369 0.0914 0.5397
vn 0.3625 0.3117 0.8783
vn 0.3788 0.2503 0.8910
vn 0.4133 0.2851 0.8648
vn 0.9998 -0.0148 0.0161
vn 0.9956 -0.0753 -0.0565
vn 0.9967 -0.0145 -0.0802
vn 0.8091 -0.5294 0.2551
vn 0.8386 -0.5091 0.1937
vn 0.8468 -0.4498 0.2839
vn -0.8870 0.3500 0.3012
vn -0.9097 0.2583 0.3251
vn -0.8529 0.3605 0.3778
vn 0.7119 -0.2307 0.6634
vn 0.6810 -0.2778 0.6776
vn 0.7043 -0.2815 0.6516
vn 0.9041 -0.1471 0.4013
vn 0.8725 -0.1709 0.4578
vn 0.8854 -0.2107 0.4143
vn 0.4089 -0.0725 0.9097
vn 0.4587 -0.1038 0.8825
vn 0.4655 -0.0517 0.8835
vn 0.3355 -0.3086 0.8901
vn 0.3728 -0.2910 0.8811
vn 0.3214 -0.2662 0.9087
vn -0.6676 -0.6689 0.3269
vn -0.7191 -0.6422 0.2654
vn -0.6969 -0.6733 0.2469
vn -0.6396 0.4386 0.6313
vn -0.6606 0.5016 0.5586
vn -0.6837 0.4703 0.5579
vn 0.6373 -0.2008 0.7440
vn 0.6442 -0.2612 0.7189
vn 0.6825 -0.2092 0.7003
vn 0.8185 0.0141 0.5744
vn 0.7596 -0.0151 0.6502
vn 0.8082 -0.0767 0.5839
vn 0.0778 -0.0696 0.9945
vn 0.0946 -0.0309 0.9950
vn 0.0310 -0.0021 0.9995
vn 0.1334 -0.3071 0.9423
vn 0.0825 -0.2874 0.9543
vn 0.1212 -0.3411 0.9322
vn -0.2371 -0.0262 0.9711
vn -0.2615 -0.0537 0.9637
vn -0.2214 -0.0539 0.9737
vn 0.1951 0.8722 0.4486
vn 0.2213 0.8799 0.4204
vn 0.1979 0.9066 0.3728
vn 0.7793 -0.0805 -0.6215
vn 0.7739 0.0129 -0.6331
vn 0.8042 -0.0181 -0.5941
vn -0.1972 0.9728 0.1216
vn -0.1967 0.9771 0.0806
vn -0.2789 0.9594 0.0419
vn -0.8032 -0.2032 -0.5600
vn -0.7813 -0.2128 -0.5868
vn -0.7927 -0.2327 -0.5635
vn -0.9723 -0.2122 0.0976
vn -0.9773 -0.2009 0.0678
vn -0.9697 -0.2305 0.0809
vn -0.9131 0.1211 -0.3894
vn -0.9093 0.1002 -0.4039
vn -0.9254 0.0835 -0.3696
vn -0.8763 -0.0893 -0.4734
vn -0.8702 -0.0636 -0.4885
vn -0.8568 -0.1063 -0.5046
vn -0.1076 0.9931 0.0473
vn -0.1233 0.9911 -0.0493
vn -0.1824 0.9821 0.0481
vn 0.0992 -0.7553 -0.6479
vn 0.0863 -0.7063 -0.7027
vn 0.1268 -0.7524 -0.6464
vn -0.0259 0.6952 -0.7183
vn -0.0060 0.7010 -0.7131
vn 0.0212 0.6938 -0.7198
vn -0.0343 0.1278 -0.9912
vn 0.0102 0.1210 -0.9926
vn -0.0172 0.1004 -0.9948
vn 0.5217 0.2990 -0.7990
vn 0.5389 0.3642 -0.7596
vn 0.5599 0.3404 -0.7554
vn -0.0791 0.3475 -0.9343
vn -0.0899 0.3190 -0.9435
vn -0.1152 0.3263 -0.9382
vn -0.1872 0.9822 0.0176
vn -0.1701 0.9853 -0.0146
vn -0.2776 0.9605 0.0199
vn -0.2426 0.9668 0.0805
vn -0.1608 0.9868 0.0189
vn -0.1965 0.9805 -0.0037
vn -0.1687 0.9853 -0.0279
vn -0.1478 0.9890 0.0105
vn -0.1426 0.9891 -0.0357
vn -0.0665 0.2067 -0.9761
vn -0.0887 0.1824 -0.9792
vn -0.0956 0.2091 -0.9732
vn 0.1368 -0.0355 -0.9900
vn 0.1149 -0.0419 -0.9925
vn 0.1373 -0.0145 -0.9904
vn -0.0338 -0.0821 -0.9961
vn 0.0346 -0.0956 -0.9948
vn -0.0091 -0.1166 -0.9931
vn -0.2141 0.3429 -0.9146
vn -0.1679 0.3646 -0.9159
vn -0.1496 0.2581 -0.9545
vn -0.1122 0.8971 -0.4274
vn 0.0057 0.9067 -0.4217
vn -0.1128 0.8754 -0.4700
vn 0.4115 -0.8089 -0.4199
vn 0.5311 -0.7526 -0.3893
vn 0.4358 -0.8184 -0.3745
vn 0.0151 -0.4999 -0.8659
vn -0.0105 -0.4039 -0.9147
vn 0.1109 -0.4748 -0.8731
vn 0.8756 -0.1968 -0.4412
vn 0.8594 -0.2338 -0.4546
vn 0.8567 -0.1822 -0.4825
vn -0.2269 0.2995 -0.9267
vn -0.1891 0.2356 -0.9533
vn -0.2511 0.2677 -0.9302
vn 0.1577 0.0060 -0.9875
vn -0.0145 -0.0034 -0.9999
vn 0.1042 0.0641 -0.9925
vn -0.3857 -0.4873 -0.7834
vn -0.4329 -0.4643 -0.7727
vn -0.3332 -0.4347 -0.8366
vn -0.0511 0.1236 -0.9910
vn -0.0832 0.0835 -0.9930
vn -0.0848 0.1597 -0.9835
vn -0.8441 -0.1227 -0.5219
vn -0.8277 -0.1406 -0.5433
vn -0.8482 -0.1551 -0.5065
vn -0.1055 0.9865 0.1255
vn -0.0420 0.9893 0.1401
vn -0.0524 0.9931 0.1053
vn -0.3066 0.8791 -0.3649
vn -0.2550 0.8833 -0.3932
vn -0.2842 0.8590 -0.4258
vn -0.9862 -0.1603 0.0414
vn -0.9775 -0.1986 0.0713
vn -0.9852 -0.1580 0.0664
vn -0.6650 -0.5450 -0.5106
vn -0.6264 -0.5714 -0.5302
vn -0.6627 -0.5763 -0.4782
vn -0.3402 -0.9248 -0.1705
vn -0.3414 -0.9161 -0.2102
vn -0.3150 -0.9317 -0.1809
vn -0.3895 -0.9201 -0.0413
vn -0.4279 -0.9025 -0.0487
vn -0.3825 -0.9205 -0.0794
vn -0.9537 -0.0003 -0.3009
vn -0.9532 0.0435 -0.2992
vn -0.9299 0.0339 -0.3662
vn -0.9992 0.0400 0.0097
vn -0.9996 0.0058 0.0282
vn -0.9988 0.0194 0.0445
vn -0.9556 0.0704 -0.2863
vn -0.9396 0.0011 -0.3423
vn -0.9497 -0.0012 -0.3132
vn -0.9834 -0.0830 0.1612
vn -0.9843 -0.0994 0.1458
vn -0.9825 -0.0961 0.1596
vn -0.6036 -0.4322 -0.6699
vn -0.6111 -0.4476 -0.6528
vn -0.6208 -0.4179 -0.6633
vn -0.9961 0.0226 -0.0855
vn -0.9862 -0.0318 -0.1627
vn -0.9891 -0.0520 -0.1380
vn -0.9913 0.0102 -0.1311
vn -0.9897 -0.0106 -0.1427
vn -0.9941 -0.0102 -0.1083
vn -0.1284 -0.3496 -0.9281
vn -0.0712 -0.3392 -0.9380
vn -0.0718 -0.3660 -0.9279
vn 0.0749 -0.0279 -0.9968
vn 0.0384 -0.0436 -0.9983
vn 0.0310 0.0116 -0.9995
vn -0.2367 0.8753 -0.4217
vn -0.2403 0.8649 -0.4406
vn -0.2727 0.8613 -0.4288
vn -0.1292 0.9910 0.0338
vn -0.1198 0.9928 0.0070
vn -0.1426 0.9898 0.0043
vn -0.9364 0.1198 -0.3299
vn -0.9380 0.1028 -0.3310
vn -0.9448 0.1113 -0.3083
vn -0.5964 -0.6892 -0.4114
vn -0.5677 -0.6781 -0.4668
vn -0.5489 -0.7176 -0.4287
vn -0.0629 -0.0003 -0.9980
vn -0.0379 -0.0289 -0.9989
vn -0.0878 -0.0233 -0.9959
vn 0.0429 -0.1360 -0.9898
vn 0.0649 -0.1352 -0.9887
vn 0.0554 -0.1644 -0.9848
vn 0.2130 -0.9660 -0.1463
vn 0.2596 -0.9510 -0.1678
vn 0.2453 -0.9609 -0.1287
vn -0.4695 -0.8587 -0.2052
vn -0.4868 -0.8514 -0.1952
vn -0.4765 -0.8492 -0.2275
vn 0.4522 0.7770 -0.4378
vn 0.4385 0.7601 -0.4795
vn 0.3798 0.8125 -0.4423
vn -0.9951 0.0131 0.0983
vn -0.9898 0.0298 0.1391
vn -0.9871 0.1313 0.0917
vn 0.8547 0.5180 0.0335
vn 0.8688 0.4716 0.1507
vn 0.8761 0.4525 0.1665
vn -0.9854 -0.1636 -0.0477
vn -0.9697 -0.2406 0.0428
vn -0.9598 -0.2740 0.0613
vn 0.2605 -0.9639 0.0556
vn 0.3360 -0.9380 -0.0847
vn 0.3307 -0.9414 -0.0667
vn -0.6152 0.7882 0.0133
vn -0.6385 0.7696 -0.0025
vn -0.6348 0.7721 0.0300
vn -0.9014 0.3101 0.3023
vn -0.9045 0.3450 0.2505
vn -0.9175 0.2977 0.2640
vn -0.0037 0.0591 -0.9982
vn 0.0133 0.0200 -0.9997
vn -0.0451 0.0281 -0.9986
vn -0.7860 0.0452 -0.6166
vn -0.8022 -0.0520 -0.5947
vn -0.8155 -0.0380 -0.5775
vn 0.9556 0.2160 -0.2004
vn 0.9403 0.2623 -0.2167
vn 0.9552 0.2430 -0.1687
vn -0.8093 0.5701 -0.1414
vn -0.8489 0.5042 -0.1588
vn -0.8373 0.5380 -0.0972
vn -0.8763 -0.2946 0.3812
vn -0.8965 -0.3151 0.3115
vn -0.8719 -0.3366 0.3556
vn -0.8216 0.4433 0.3584
vn -0.7887 0.5134 0.3382
vn -0.8311 0.4788 0.2827
vn -0.0495 0.8975 0.4383
vn -0.0028 0.8934 0.4492
vn -0.0154 0.9176 0.3972
vn 0.6836 0.5555 -0.4734
vn 0.6827 0.5726 -0.4539
vn 0.7139 0.5408 -0.4447
vn 0.0134 0.9995 0.0299
vn 0.0392 0.9975 0.0593
vn 0.0215 0.9996 0.0191
vn -0.0610 0.9939 -0.0923
vn -0.1104 0.9901 -0.0864
vn -0.0608 0.9975 -0.0355
vn -0.2974 -0.2358 -0.9252
vn -0.3391 -0.2979 -0.8923
vn -0.3639 -0.2476 -0.8979
vn 0.0154 0.1191 -0.9928
vn 0.0177 0.0605 -0.9980
vn -0.0333 0.1128 -0.9931
vn 0.4078 0.0537 -0.9115
vn 0.4400 0.0193 -0.8978
vn 0.3904 -0.0145 -0.9205
vn 0.0771 0.1223 -0.9895
vn 0.0119 0.1179 -0.9930
vn 0.0220 0.1598 -0.9869
vn 0.4588 0.3014 -0.8358
vn 0.5076 0.1381 -0.8505
vn -0.3566 0.2063 -0.9112
vn 0.2696 0.4881 -0.8301
vn -0.3557 -0.0198 -0.9344
vn 0.1686 0.6143 -0.7709
vn 0.1517 0.5481 -0.8225
vn 0.2838 0.5761 -0.7665
vn -0.2693 -0.0947 -0.9584
vn 0.1080 -0.2366 -0.9656
vn 0.0725 -0.3065 -0.9491
vn 0.2422 -0.6953 -0.6767
vn -0.6518 0.0594 -0.7561
vn -0.6496 0.2511 -0.7176
vn -0.6091 0.2253 -0.7604
vn -0.0541 -0.8189 -0.5713
vn -0.0897 -0.7905 -0.6059
vn -0.0210 -0.8054 -0.5924
vn 0.0213 -0.9619 -0.2727
vn 0.0506 -0.9551 -0.2919
vn 0.0763 -0.9596 -0.2709
vn -0.0862 -0.0132 -0.9962
vn -0.0913 -0.0506 -0.9945
vn -0.2303 -0.0030 -0.9731
vn 0.0418 -0.0341 -0.9985
vn 0.0907 -0.0426 -0.9950
vn 0.0615 -0.0580 -0.9964
vn 0.0770 -0.0428 -0.9961
vn 0.1201 -0.0864 -0.9890
vn 0.0696 -0.0712 -0.9950
vn -0.0184 0.9852 -0.1707
vn -0.1001 0.9742 -0.2025
vn -0.0681 0.9834 -0.1684
vn -0.1259 0.9887 -0.0815
vn -0.0370 0.9973 -0.0632
vn -0.0668 0.9922 -0.1049
vn 0.0028 0.2502 -0.9682
vn 0.0509 0.2161 -0.9750
vn 0.0029 0.1772 -0.9842
vn 0.0393 0.0954 -0.9947
vn 0.0133 0.0665 -0.9977
vn -0.0360 0.0900 -0.9953
vn 0.2073 0.4167 -0.8851
vn 0.2074 0.4679 -0.8591
vn 0.2435 0.4440 -0.8623
vn -0.0319 0.1447 -0.9890
vn 0.0103 0.1655 -0.9861
vn -0.0037 0.1211 -0.9926
vn -0.0601 0.3227 -0.9446
vn -0.0092 0.3523 -0.9358
vn 0.0237 0.3127 -0.9496
vn 0.1069 0.1156 -0.9875
vn 0.1685 0.1216 -0.9782
vn 0.1233 0.0875 -0.9885
vn 0.4801 -0.1764 -0.8593
vn 0.4629 -0.1727 -0.8694
vn 0.4889 -0.1212 -0.8639
vn -0.0296 0.9990 -0.0341
vn -0.0221 0.9984 -0.0525
vn -0.0471 0.9977 -0.0481
vn -0.0959 0.9893 -0.1098
vn -0.0830 0.9914 -0.1010
vn -0.0757 0.9892 -0.1253
vn -0.0062 0.9978 0.0666
vn 0.0140 0.9984 0.0549
vn -0.0083 0.9991 0.0419
vn -0.2584 0.2053 0.9440
vn -0.2304 0.2057 0.9511
vn -0.2463 0.2416 0.9386
vn 0.9886 0.1441 0.0424
vn 0.9898 0.1416 0.0184
vn 0.9857 0.1635 0.0395
vn 0.7385 0.6742 0.0010
vn 0.7428 0.6694 0.0115
vn 0.7422 0.6701 -0.0093
vn 0.9890 0.1449 0.0290
vn 0.9873 0.1588 0.0069
vn 0.9848 0.1716 0.0266
vn 0.9883 0.1521 0.0070
vn 0.9871 0.1551 0.0393
vn 0.9913 0.1308 0.0177
vn 0.9811 0.1930 0.0136
vn 0.9843 0.1767 -0.0016
vn 0.9827 0.1832 -0.0286
vn 0.9719 0.2347 -0.0162
vn 0.9732 0.2298 0.0001
vn 0.9790 0.2020 -0.0293
vn -0.7648 0.6421 -0.0517
vn -0.7253 0.6860 -0.0582
vn -0.7542 0.6464 -0.1154
vn 0.7447 0.1712 -0.6450
vn 0.7076 0.1758 -0.6844
vn 0.7349 0.1927 -0.6502
vn -0.1114 -0.9918 -0.0625
vn -0.1353 -0.9904 -0.0300
vn -0.1498 -0.9866 -0.0642
vn -0.0482 0.0233 -0.9986
vn -0.0082 0.0163 -0.9998
vn -0.0402 -0.0134 -0.9991
vn 0.0275 -0.9937 0.1083
vn 0.0431 -0.9890 0.1417
vn 0.0034 -0.9900 0.1407
vn -0.4536 -0.8543 0.2540
vn -0.4217 -0.8692 0.2581
vn -0.4341 -0.8538 0.2873
vn -0.0407 0.0462 -0.9981
vn -0.0232 0.0234 -0.9995
vn -0.0625 0.0107 -0.9980
vn -0.1372 0.1482 -0.9794
vn -0.1003 0.1669 -0.9809
vn -0.1051 0.1352 -0.9852
vn -0.0238 0.9222 -0.3861
vn 0.0015 0.9129 -0.4082
vn -0.0335 0.9194 -0.3918
vn 0.4656 0.2994 0.8328
vn 0.4491 0.4136 0.7920
vn 0.3364 0.3776 0.8627
vn 0.1880 -0.5387 0.8212
vn 0.1763 -0.4044 0.8974
vn 0.1177 -0.4922 0.8625
vn -0.2012 -0.5473 -0.8124
vn -0.1519 -0.5117 -0.8456
vn -0.1475 -0.5618 -0.8140
vn -0.9396 -0.0501 0.3385
vn -0.9341 -0.0321 0.3557
vn -0.9496 -0.0304 0.3121
vn 0.6143 0.1407 0.7764
vn 0.6007 0.0682 0.7966
vn 0.6508 0.1134 0.7507
vn 0.6509 0.4712 0.5953
vn 0.7002 0.4256 0.5732
vn 0.6657 0.4612 0.5866
vn 0.4707 -0.1602 0.8676
vn 0.4949 -0.2136 0.8423
vn 0.5333 -0.1224 0.8371
vn 0.3308 -0.0386 0.9429
vn 0.2936 -0.0619 0.9539
vn 0.3809 -0.1656 0.9097
vn 0.3730 0.7231 -0.5813
vn 0.4112 0.6407 -0.6484
vn 0.3440 0.6931 -0.6335
vn 0.1897 0.2075 -0.9597
vn 0.2297 0.1687 -0.9585
vn 0.1646 0.2090 -0.9639
vn -0.0193 -0.9850 -0.1712
vn 0.0139 -0.9845 -0.1750
vn -0.0687 -0.9874 -0.1428
vn -0.1112 -0.3054 -0.9457
vn -0.1990 -0.0206 -0.9798
vn -0.2626 -0.0294 -0.9644
vn -0.2714 0.0229 -0.9622
vn -0.0817 0.2840 -0.9553
vn -0.0964 0.2013 -0.9748
vn -0.1722 0.2552 -0.9514
vn -0.0943 0.2207 -0.9708
vn -0.0516 0.1062 -0.9930
vn -0.1756 0.1655 -0.9705
vn -0.0771 -0.7733 0.6293
vn -0.1732 -0.7848 0.5951
vn -0.0762 -0.8129 0.5774
vn 0.0280 0.1465 0.9888
vn -0.0703 0.1845 0.9803
vn -0.0128 0.0797 0.9967
vn -0.4328 -0.3631 -0.8251
vn -0.2958 -0.4243 -0.8559
vn -0.4087 -0.4543 -0.7916
vn 0.1515 0.1641 -0.9748
vn 0.2351 0.1496 -0.9604
vn 0.1718 0.0755 -0.9822
vn 0.0220 -0.0704 -0.9973
vn 0.0956 -0.0887 -0.9915
vn 0.0504 -0.1482 -0.9877
vn 0.3788 -0.9227 0.0717
vn 0.3278 -0.9443 0.0304
vn 0.3445 -0.9387 -0.0094
vn 0.9883 -0.1516 -0.0143
vn 0.9826 -0.1850 -0.0145
vn 0.9851 -0.1659 -0.0456
vn 0.1856 -0.9826 -0.0044
vn 0.1704 -0.9849 -0.0296
vn 0.1964 -0.9794 -0.0471
vn 0.1059 0.9915 -0.0757
vn 0.1357 0.9806 -0.1413
vn 0.0819 0.9926 -0.0896
vn 0.2810 0.9556 0.0888
vn 0.2312 0.9722 0.0364
vn 0.2092 0.9751 0.0735
vn 0.9962 0.0842 0.0227
vn 0.9949 0.1012 0.0007
vn 0.9937 0.1041 0.0426
vn 0.1509 -0.9885 0.0101
vn 0.1712 -0.9849 -0.0271
vn 0.2130 -0.9762 0.0398
vn 0.2171 -0.9608 0.1722
vn 0.1987 -0.9676 0.1557
vn 0.2618 -0.9584 0.1137
vn 0.9650 -0.1616 -0.2065
vn 0.9617 -0.1824 -0.2044
vn 0.9589 -0.1667 -0.2298
vn 0.9943 -0.0631 -0.0857
vn 0.9886 -0.0851 -0.1245
vn 0.9933 -0.0413 -0.1083
vn 0.9887 -0.0432 0.1435
vn 0.9942 -0.0200 0.1054
vn 0.9926 0.0027 0.1218
vn 0.2934 0.9529 0.0769
vn 0.3178 0.9388 0.1331
vn 0.3469 0.9323 0.1028
vn 0.8685 0.1715 -0.4650
vn 0.8369 0.1678 -0.5210
vn 0.8433 0.2228 -0.4891
vn 0.9490 -0.3125 0.0412
vn 0.9273 -0.3700 0.0561
vn 0.9253 -0.3791 0.0061
vn 0.9258 0.3024 -0.2271
vn 0.9127 0.3023 -0.2748
vn 0.9161 0.3259 -0.2337
vn 0.3909 0.9084 -0.1486
vn 0.3982 0.9120 -0.0985
vn 0.4837 0.8709 -0.0873
vn 0.2177 0.9727 0.0808
vn 0.2142 0.9764 -0.0266
vn 0.1671 0.9857 -0.0226
vn 0.9908 -0.1324 0.0294
vn 0.9860 -0.1664 -0.0049
vn 0.9929 -0.1178 -0.0171
vn 0.1581 0.9869 -0.0331
vn 0.1986 0.9790 -0.0460
vn 0.1767 0.9787 -0.1042
vn 0.0859 -0.8564 -0.5091
vn 0.1548 -0.8683 -0.4713
vn 0.1071 -0.8846 -0.4539
vn 0.1265 -0.8545 -0.5038
vn 0.0724 -0.8642 -0.4980
vn 0.0768 -0.8407 -0.5360
vn 0.1564 -0.0286 -0.9873
vn 0.2102 -0.0486 -0.9765
vn 0.1608 -0.0588 -0.9852
vn 0.0213 0.9308 -0.3649
vn 0.0158 0.9061 -0.4227
vn -0.0273 0.9176 -0.3965
vn -0.0265 0.9162 -0.3999
vn 0.0296 0.9135 -0.4057
vn -0.0292 0.8720 -0.4886
vn 0.5625 0.0738 -0.8235
vn 0.6243 0.0233 -0.7808
vn 0.5617 0.0128 -0.8273
vn 0.2484 -0.0652 0.9665
vn 0.2675 -0.1029 0.9580
vn 0.2975 -0.0476 0.9535
vn 0.0004 -0.9479 0.3187
vn 0.0576 -0.9482 0.3124
vn -0.0034 -0.9365 0.3506
vn 0.2612 0.6746 -0.6904
vn 0.4913 0.6776 -0.5473
vn 0.3147 0.6246 -0.7147
vn 0.0878 0.1755 -0.9806
vn 0.2656 -0.7217 -0.6392
vn 0.1231 0.9042 -0.4089
vn 0.6834 0.2349 -0.6912
vn 0.1052 0.7839 -0.6119
vn 0.8321 0.1953 0.5192
vn 0.9066 0.1483 -0.3950
vn 0.6549 0.6834 0.3227
vn 0.2433 0.8515 0.4644
vn 0.9601 0.2592 -0.1045
vn 0.2407 0.7893 -0.5649
vn 0.6641 0.0659 -0.7447
vn -0.1176 -0.0065 -0.9930
vn -0.0958 0.0558 -0.9938
vn -0.9580 0.0059 -0.2868
vn -0.9456 0.0596 -0.3199
vn -0.9296 0.0045 -0.3686
vn -0.9531 0.0490 -0.2988
vn -0.9354 0.0411 -0.3513
vn -0.9466 -0.0280 -0.3213
vn -0.4753 -0.1310 -0.8700
vn -0.4943 -0.1609 -0.8543
vn -0.5117 -0.1149 -0.8515
vn 0.3917 0.2965 -0.8710
vn 0.4728 0.2176 -0.8539
vn -0.0293 -0.1332 -0.9907
vn 0.7569 0.5778 -0.3054
vn 0.7668 0.5221 -0.3734
vn 0.6969 0.5800 -0.4217
vn -0.1007 0.2294 -0.9681
vn 0.4728 -0.0032 -0.8812
vn 0.4558 -0.0790 -0.8866
vn -0.2949 -0.1887 0.9367
vn 0.1493 -0.6425 0.7516
vn -0.2146 -0.2082 0.9542
vn -0.2297 -0.7378 0.6347
vn -0.1434 -0.7417 0.6552
vn -0.1517 -0.7424 0.6526
vn -0.3053 -0.2165 -0.9273
vn -0.3436 -0.2707 -0.8993
vn -0.3700 -0.1822 -0.9110
vn -0.1880 0.2628 -0.9464
vn -0.2281 0.1799 -0.9569
vn -0.2473 0.2119 -0.9455
vn -0.2565 -0.3138 -0.9142
vn 0.1086 -0.7550 -0.6467
vn -0.3194 -0.3451 -0.8825
vn 0.4454 -0.0793 -0.8918
vn 0.4869 -0.0606 -0.8714
vn 0.4570 -0.6432 -0.6143
vn -0.0078 -0.2152 -0.9765
vn 0.0631 -0.1907 -0.9796
vn 0.0332 -0.2339 -0.9717
vn -0.0939 0.9956 -0.0036
vn -0.0513 0.9985 0.0196
vn -0.0358 0.9993 -0.0051
vn 0.0989 -0.0238 -0.9948
vn 0.1337 -0.0560 -0.9894
vn 0.1075 -0.0709 -0.9917
vn 0.1204 -0.0746 -0.9899
vn 0.0781 -0.0532 -0.9955
vn 0.1194 -0.0165 -0.9927
vn 0.8990 0.3234 -0.2952
vn 0.9163 0.2796 -0.2868
vn 0.9037 0.2582 -0.3415
vn 0.0241 0.9891 -0.1450
vn 0.0816 0.9849 -0.1524
vn 0.0626 0.9727 -0.2236
vn 0.0517 0.9836 -0.1729
vn 0.0450 0.9757 -0.2145
vn 0.0157 0.9842 -0.1764
vn 0.9614 -0.2508 -0.1134
vn 0.9428 -0.3114 -0.1192
vn 0.9504 -0.2716 -0.1513
vn 0.2972 -0.1792 -0.9378
vn 0.2298 -0.1821 -0.9560
vn 0.2456 -0.1454 -0.9584
vn 0.4217 0.1380 -0.8962
vn 0.4726 0.1889 -0.8608
vn 0.4727 0.0964 -0.8760
vn 0.2816 -0.1492 -0.9478
vn 0.3147 -0.1510 -0.9371
vn 0.3005 -0.1912 -0.9344
vn 0.3864 -0.1139 -0.9153
vn 0.3950 -0.0799 -0.9152
vn 0.4170 -0.1193 -0.9010
vn 0.2788 -0.1611 -0.9467
vn -0.0262 -0.6156 -0.7876
vn -0.1346 0.0669 -0.9886
vn -0.3760 -0.4540 -0.8078
vn -0.3760 -0.4541 -0.8078
vn 0.1516 -0.2767 -0.9489
vn 0.1523 -0.2068 -0.9665
vn 0.1792 -0.2345 -0.9555
vn 0.2154 -0.2913 -0.9321
vn 0.1513 -0.2975 -0.9426
vn 0.1959 -0.2674 -0.9435
vn -0.2021 0.1946 -0.9598
vn -0.2371 0.2049 -0.9496
vn -0.1786 0.3550 -0.9176
vn 0.3401 0.1746 0.9240
vn 0.2892 0.2560 0.9224
vn 0.1862 0.1094 0.9764
vn 0.2877 -0.3660 -0.8850
vn 0.0916 -0.1410 -0.9858
vn 0.1809 -0.0182 -0.9833
vn 0.3423 0.1102 -0.9331
vn 0.1213 -0.1483 -0.9815
vn -0.0145 -0.7233 -0.6904
vn -0.0350 -0.7497 -0.6609
vn 0.9942 0.1053 -0.0229
vn -0.0577 0.9961 -0.0661
vn -0.0410 0.0123 -0.9991
vn -0.1003 0.5793 0.8089
vn -0.3551 0.7279 -0.5866
vn 0.9944 -0.1051 0.0117
vn -0.0222 -0.1195 0.9926
vn 0.6291 0.4008 0.6661
vn 0.1379 -0.1708 -0.9756
vt 0.415531 0.089623
vt 0.398096 0.095420
vt 0.398961 0.060801
vt 0.418175 0.068074
vt 0.435164 0.943338
vt 0.437453 0.961094
vt 0.425211 0.963269
vt 0.038725 0.870290
vt 0.036930 0.886582
vt 0.026395 0.875862
vt 0.038725 0.917560
vt 0.173521 0.985207
vt 0.182137 0.979310
vt 0.182137 0.994696
vt 0.437370 0.975018
vt 0.437370 0.989781
vt 0.432945 0.981315
vt 0.437453 0.974787
vt 0.951716 0.970312
vt 0.933113 0.970312
vt 0.938841 0.956343
vt 0.450450 0.600958
vt 0.460171 0.585329
vt 0.458932 0.597418
vt 0.950197 0.948323
vt 0.551095 0.968722
vt 0.554023 0.944693
vt 0.569673 0.968722
vt 0.566449 0.944583
vt 0.397249 0.975245
vt 0.397249 0.993876
vt 0.388406 0.983548
vt 0.660578 0.382159
vt 0.661006 0.397001
vt 0.652898 0.395156
vt 0.605687 0.307011
vt 0.605687 0.341380
vt 0.585246 0.337981
vt 0.636016 0.745724
vt 0.654595 0.744523
vt 0.652678 0.764504
vt 0.461445 0.684792
vt 0.460371 0.615437
vt 0.482517 0.667058
vt 0.132386 0.814214
vt 0.129138 0.810431
vt 0.132386 0.805456
vt 0.185519 0.546129
vt 0.187589 0.541757
vt 0.188273 0.545839
vt 0.182383 0.542564
vt 0.525575 0.150836
vt 0.529703 0.144930
vt 0.533737 0.150296
vt 0.537828 0.151667
vt 0.385260 0.775397
vt 0.388225 0.768839
vt 0.388225 0.777309
vt 0.188455 0.492359
vt 0.185078 0.492359
vt 0.186882 0.488268
vt 0.533585 0.168842
vt 0.531631 0.154438
vt 0.513235 0.169587
vt 0.184840 0.559807
vt 0.479037 0.504051
vt 0.463304 0.494029
vt 0.480648 0.485476
vt 0.464883 0.480672
vt 0.610251 0.688332
vt 0.608222 0.672252
vt 0.610251 0.670415
vt 0.764487 0.386496
vt 0.778012 0.392703
vt 0.774635 0.404339
vt 0.793668 0.400913
vt 0.783941 0.388092
vt 0.793771 0.395818
vt 0.317672 0.993656
vt 0.312980 0.982257
vt 0.317672 0.979257
vt 0.617019 0.130671
vt 0.617811 0.128015
vt 0.617811 0.149452
vt 0.550821 0.762659
vt 0.550821 0.777108
vt 0.548566 0.776021
vt 0.485010 0.968385
vt 0.492910 0.986746
vt 0.479535 0.986746
vt 0.180599 0.506748
vt 0.178628 0.513446
vt 0.169893 0.508096
vt 0.187161 0.494476
vt 0.185908 0.492876
vt 0.187161 0.492390
vt 0.994165 0.873097
vt 0.998428 0.876894
vt 0.993445 0.878742
vt 0.994375 0.882838
vt 0.998428 0.886069
vt 0.181539 0.618296
vt 0.184545 0.614383
vt 0.183875 0.620079
vt 0.180854 0.615999
vt 0.246822 0.832377
vt 0.244125 0.828029
vt 0.246822 0.822042
vt 0.333511 0.113294
vt 0.342276 0.114428
vt 0.333374 0.117562
vt 0.337012 0.092945
vt 0.334549 0.103926
vt 0.322044 0.090346
vt 0.333357 0.111212
vt 0.333580 0.106454
vt 0.327566 0.118688
vt 0.321807 0.118132
vt 0.835844 0.562300
vt 0.839289 0.559317
vt 0.839289 0.571255
vt 0.315511 0.212739
vt 0.298549 0.242679
vt 0.296468 0.233181
vt 0.296858 0.214532
vt 0.318934 0.232405
vt 0.932534 0.953021
vt 0.928509 0.945362
vt 0.932534 0.933692
vt 0.303172 0.215240
vt 0.316131 0.197987
vt 0.298293 0.203520
vt 0.291500 0.240502
vt 0.273956 0.233466
vt 0.290851 0.183858
vt 0.038544 0.918018
vt 0.038544 0.956710
vt 0.026394 0.925783
vt 0.028278 0.962339
vt 0.199940 0.670025
vt 0.191002 0.675904
vt 0.195114 0.656191
vt 0.199922 0.662758
vt 0.271392 0.196901
vt 0.278932 0.169605
vt 0.935332 0.000202
vt 0.934036 0.012299
vt 0.914759 0.000441
vt 0.669836 0.939713
vt 0.658216 0.963107
vt 0.658908 0.938599
vt 0.668346 0.960572
vt 0.247121 0.197800
vt 0.273270 0.144278
vt 0.916152 0.039162
vt 0.461071 0.906173
vt 0.461071 0.922316
vt 0.448022 0.923521
vt 0.438031 0.920600
vt 0.437684 0.902703
vt 0.048992 0.625369
vt 0.053553 0.607330
vt 0.063876 0.606185
vt 0.071541 0.644712
vt 0.074757 0.636830
vt 0.203564 0.595372
vt 0.207360 0.611724
vt 0.200768 0.613304
vt 0.076390 0.615390
vt 0.914713 0.050725
vt 0.926095 0.040786
vt 0.926095 0.053867
vt 0.005397 0.681579
vt 0.035290 0.694176
vt 0.000242 0.699443
vt 0.193115 0.836125
vt 0.198192 0.872076
vt 0.176257 0.868990
vt 0.173606 0.886321
vt 0.053021 0.193169
vt 0.047400 0.198368
vt 0.032861 0.194808
vt 0.207807 0.984756
vt 0.205747 0.983292
vt 0.211562 0.979451
vt 0.044901 0.204746
vt 0.066026 0.195616
vt 0.053484 0.240714
vt 0.070089 0.231230
vt 0.272025 0.041426
vt 0.249682 0.007434
vt 0.271856 0.002345
vt 0.273987 0.006104
vt 0.294477 0.033846
vt 0.292760 0.043157
vt 0.294331 0.001207
vt 0.248045 0.145220
vt 0.249144 0.115344
vt 0.270483 0.101842
vt 0.961746 0.361516
vt 0.958049 0.368197
vt 0.947358 0.366014
vt 0.961746 0.404012
vt 0.985358 0.947683
vt 0.971916 0.943473
vt 0.985358 0.929058
vt 0.974246 0.930558
vt 0.224545 0.151348
vt 0.246825 0.126019
vt 0.608162 0.931905
vt 0.608162 0.957072
vt 0.585362 0.938264
vt 0.585966 0.949871
vt 0.223464 0.053633
vt 0.416477 0.830848
vt 0.418554 0.850405
vt 0.413908 0.860632
vt 0.418554 0.876161
vt 0.953516 0.404580
vt 0.229840 0.590043
vt 0.234469 0.574756
vt 0.237557 0.602895
vt 0.240435 0.588984
vt 0.249559 0.612908
vt 0.919317 0.412358
vt 0.926888 0.388788
vt 0.926888 0.436788
vt 0.260195 0.613304
vt 0.662820 0.156752
vt 0.669324 0.111564
vt 0.669055 0.159363
vt 0.660886 0.129774
vt 0.038264 0.853004
vt 0.031735 0.858708
vt 0.036302 0.827788
vt 0.697981 0.982149
vt 0.705317 0.967553
vt 0.705317 0.992512
vt 0.647632 0.164631
vt 0.652447 0.147200
vt 0.663217 0.161578
vt 0.651280 0.135238
vt 0.656877 0.110717
vt 0.107434 0.679800
vt 0.100367 0.616885
vt 0.111639 0.647189
vt 0.134490 0.666378
vt 0.126688 0.644085
vt 0.134009 0.639661
vt 0.011832 0.562662
vt 0.041911 0.533250
vt 0.029545 0.586422
vt 0.044965 0.553437
vt 0.010921 0.589179
vt 0.122560 0.630047
vt 0.019987 0.599490
vt 0.009056 0.603478
vt 0.133696 0.680936
vt 0.026394 0.975131
vt 0.038486 0.984674
vt 0.029949 0.985609
vt 0.038486 0.962675
vt 0.943272 0.970522
vt 0.943272 0.990472
vt 0.933071 0.985524
vt 0.395859 0.780663
vt 0.402313 0.770790
vt 0.406560 0.774076
vt 0.391750 0.797364
vt 0.411787 0.791666
vt 0.189552 0.964226
vt 0.198266 0.957705
vt 0.198266 0.982257
vt 0.095540 0.591860
vt 0.126483 0.590486
vt 0.127474 0.615023
vt 0.106994 0.587657
vt 0.131746 0.608559
vt 0.134490 0.612607
vt 0.080868 0.618455
vt 0.081675 0.590826
vt 0.453590 0.197625
vt 0.454684 0.183493
vt 0.467706 0.197625
vt 0.536014 0.920486
vt 0.523319 0.906635
vt 0.542949 0.908916
vt 0.545531 0.929956
vt 0.545531 0.890824
vt 0.989073 0.995322
vt 0.981444 0.984671
vt 0.989073 0.980993
vt 0.400895 0.822229
vt 0.418681 0.816092
vt 0.388513 0.813782
vt 0.389144 0.830324
vt 0.418681 0.802425
vt 0.727945 0.291031
vt 0.715781 0.306737
vt 0.712151 0.283329
vt 0.706315 0.315062
vt 0.550922 0.688078
vt 0.550922 0.710629
vt 0.548655 0.700951
vt 0.646451 0.135984
vt 0.646307 0.101890
vt 0.650583 0.124019
vt 0.981518 0.409635
vt 0.975292 0.382738
vt 0.981518 0.365546
vt 0.146966 0.183373
vt 0.162618 0.178998
vt 0.156385 0.203804
vt 0.075090 0.348925
vt 0.080201 0.393817
vt 0.074754 0.397061
vt 0.141319 0.204207
vt 0.161487 0.223959
vt 0.647769 0.448792
vt 0.639447 0.453592
vt 0.635917 0.444956
vt 0.732791 0.297730
vt 0.743950 0.297294
vt 0.732527 0.307166
vt 0.720231 0.308267
vt 0.611888 0.440257
vt 0.623556 0.437187
vt 0.931174 0.542286
vt 0.938308 0.530042
vt 0.939173 0.542286
vt 0.999319 0.995016
vt 0.993897 0.985619
vt 0.998500 0.982761
vt 0.615761 0.456941
vt 0.624863 0.463780
vt 0.608154 0.474793
vt 0.611913 0.478784
vt 0.872702 0.555867
vt 0.855227 0.573903
vt 0.868820 0.548494
vt 0.872702 0.568515
vt 0.623929 0.482906
vt 0.129104 0.805457
vt 0.129104 0.814373
vt 0.125599 0.809211
vt 0.591081 0.925940
vt 0.589132 0.931606
vt 0.585372 0.930269
vt 0.957186 0.329575
vt 0.964324 0.355213
vt 0.952775 0.328465
vt 0.964324 0.311152
vt 0.752550 0.843322
vt 0.787648 0.862779
vt 0.752970 0.862190
vt 0.247406 0.929475
vt 0.261871 0.893820
vt 0.271387 0.929475
vt 0.787648 0.824343
vt 0.092439 0.216517
vt 0.081563 0.250175
vt 0.072447 0.228743
vt 0.091997 0.247951
vt 0.071717 0.239500
vt 0.827189 0.790174
vt 0.816416 0.788033
vt 0.827189 0.778448
vt 0.993839 0.397077
vt 0.987031 0.392513
vt 0.994099 0.385765
vt 0.943155 0.848443
vt 0.937368 0.841250
vt 0.943155 0.835079
vt 0.412157 0.284727
vt 0.388829 0.284352
vt 0.393538 0.257635
vt 0.415460 0.262690
vt 0.954331 0.567265
vt 0.963349 0.559170
vt 0.959685 0.586504
vt 0.983673 0.760809
vt 0.992673 0.758736
vt 0.992673 0.782374
vt 0.957891 0.441698
vt 0.957891 0.468628
vt 0.944098 0.469622
vt 0.942835 0.441288
vt 0.950471 0.483083
vt 0.475301 0.560389
vt 0.477760 0.571680
vt 0.465548 0.579861
vt 0.319653 0.636919
vt 0.327905 0.626454
vt 0.333245 0.643191
vt 0.468133 0.564832
vt 0.460521 0.547683
vt 0.472302 0.540420
vt 0.480648 0.547273
vt 0.894462 0.436002
vt 0.915444 0.421706
vt 0.915574 0.436932
vt 0.456801 0.532927
vt 0.467668 0.533311
vt 0.175943 0.495699
vt 0.914878 0.405054
vt 0.915574 0.390612
vt 0.896164 0.391458
vt 0.819936 0.731387
vt 0.826504 0.777995
vt 0.816485 0.772441
vt 0.631446 0.947245
vt 0.619579 0.944650
vt 0.627153 0.936359
vt 0.610524 0.933742
vt 0.712802 0.125673
vt 0.752007 0.160608
vt 0.717789 0.149552
vt 0.753476 0.106889
vt 0.841134 0.773866
vt 0.841134 0.720007
vt 0.572313 0.810709
vt 0.586713 0.825630
vt 0.567888 0.807617
vt 0.586713 0.795259
vt 0.568249 0.784346
vt 0.552366 0.820831
vt 0.551180 0.798609
vt 0.659596 0.357333
vt 0.640368 0.342384
vt 0.634201 0.372104
vt 0.634071 0.349120
vt 0.113112 0.901051
vt 0.132494 0.915677
vt 0.109655 0.915677
vt 0.132458 0.875662
vt 0.116404 0.874275
vt 0.964569 0.312686
vt 0.971339 0.311139
vt 0.964428 0.352598
vt 0.973650 0.352598
vt 0.637892 0.386159
vt 0.630472 0.392205
vt 0.983989 0.735688
vt 0.992440 0.733828
vt 0.992440 0.755953
vt 0.983672 0.758494
vt 0.561030 0.049129
vt 0.548212 0.049385
vt 0.569341 0.043816
vt 0.552567 0.029743
vt 0.550392 0.022195
vt 0.552174 0.202296
vt 0.551698 0.243541
vt 0.529703 0.204966
vt 0.565125 0.002905
vt 0.989865 0.985593
vt 0.989317 0.965942
vt 0.993847 0.966408
vt 0.425770 0.304106
vt 0.426191 0.251682
vt 0.435556 0.292555
vt 0.076644 0.591800
vt 0.072229 0.554424
vt 0.079840 0.554245
vt 0.446457 0.294983
vt 0.457639 0.290169
vt 0.438651 0.255129
vt 0.436236 0.255099
vt 0.416773 0.244390
vt 0.435857 0.243637
vt 0.975195 0.361462
vt 0.975195 0.393622
vt 0.961885 0.384795
vt 0.839534 0.570071
vt 0.840150 0.549621
vt 0.133664 0.728772
vt 0.122738 0.755278
vt 0.128503 0.738324
vt 0.590945 0.219344
vt 0.602741 0.220113
vt 0.585271 0.239405
vt 0.597954 0.262600
vt 0.607455 0.229158
vt 0.607100 0.278116
vt 0.579569 0.232665
vt 0.579740 0.239089
vt 0.577535 0.234728
vt 0.775435 0.872696
vt 0.787849 0.883366
vt 0.775575 0.876052
vt 0.582008 0.259380
vt 0.581007 0.211035
vt 0.580535 0.229321
vt 0.574023 0.215139
vt 0.988674 0.928756
vt 0.982775 0.905585
vt 0.988674 0.886926
vt 0.852018 0.208561
vt 0.874957 0.190609
vt 0.859999 0.215241
vt 0.029552 0.714074
vt 0.032552 0.724235
vt 0.020077 0.713443
vt 0.869290 0.232657
vt 0.569556 0.222964
vt 0.079887 0.505780
vt 0.080542 0.501438
vt 0.080542 0.516045
vt 0.605798 0.334129
vt 0.607463 0.332799
vt 0.607463 0.340777
vt 0.602278 0.214584
vt 0.603611 0.202995
vt 0.803698 0.991439
vt 0.809117 0.994872
vt 0.804234 0.997345
vt 0.780172 0.882698
vt 0.787849 0.863273
vt 0.071102 0.543035
vt 0.461606 0.230098
vt 0.466487 0.248583
vt 0.482223 0.252691
vt 0.073558 0.521182
vt 0.857333 0.802941
vt 0.825017 0.816686
vt 0.826484 0.791130
vt 0.852005 0.840395
vt 0.918004 0.218967
vt 0.899191 0.221253
vt 0.898121 0.209823
vt 0.820167 0.677310
vt 0.832731 0.698418
vt 0.815645 0.698418
vt 0.432885 0.975051
vt 0.432885 0.996529
vt 0.425188 0.991998
vt 0.829883 0.678051
vt 0.147920 0.853991
vt 0.143248 0.861795
vt 0.136558 0.851712
vt 0.230449 0.325777
vt 0.259164 0.321624
vt 0.240335 0.337750
vt 0.248727 0.306688
vt 0.323509 0.982865
vt 0.323509 0.997050
vt 0.317870 0.990676
vt 0.498745 0.183486
vt 0.504384 0.196214
vt 0.492342 0.196214
vt 0.928370 0.862374
vt 0.942391 0.848907
vt 0.926830 0.871290
vt 0.944217 0.865971
vt 0.232906 0.316372
vt 0.232284 0.282748
vt 0.337691 0.297146
vt 0.344627 0.302563
vt 0.327633 0.305848
vt 0.244528 0.975777
vt 0.246869 0.988968
vt 0.235872 0.982579
vt 0.351725 0.311003
vt 0.359570 0.305677
vt 0.358724 0.313428
vt 0.351388 0.295603
vt 0.372275 0.300594
vt 0.340381 0.290909
vt 0.345823 0.313815
vt 0.826565 0.086585
vt 0.846607 0.003139
vt 0.846607 0.086653
vt 0.276472 0.422700
vt 0.284643 0.421984
vt 0.255739 0.486230
vt 0.610044 0.803363
vt 0.610202 0.782879
vt 0.610202 0.849762
vt 0.523009 0.689947
vt 0.483468 0.775063
vt 0.483236 0.691490
vt 0.702419 0.291619
vt 0.680463 0.330494
vt 0.678172 0.292067
vt 0.250224 0.490743
vt 0.256704 0.503509
vt 0.249640 0.510569
vt 0.244787 0.509784
vt 0.550059 0.617580
vt 0.550555 0.668800
vt 0.545840 0.641107
vt 0.550555 0.589238
vt 0.992850 0.270697
vt 0.986211 0.267210
vt 0.984224 0.248703
vt 0.992850 0.248940
vt 0.379141 0.310242
vt 0.365822 0.349422
vt 0.519655 0.981908
vt 0.519655 0.998572
vt 0.514325 0.992802
vt 0.999821 0.970538
vt 0.993899 0.957176
vt 0.999821 0.948324
vt 0.998658 0.083863
vt 0.991464 0.071988
vt 0.998658 0.063153
vt 0.531921 0.998208
vt 0.527788 0.992635
vt 0.531921 0.985169
vt 0.338751 0.330045
vt 0.388023 0.324075
vt 0.356053 0.333751
vt 0.385451 0.341202
vt 0.341058 0.342250
vt 0.352089 0.350850
vt 0.333860 0.400632
vt 0.340095 0.350920
vt 0.359281 0.386895
vt 0.343922 0.400314
vt 0.664484 0.342532
vt 0.662261 0.435322
vt 0.661518 0.406872
vt 0.707568 0.353534
vt 0.707568 0.434834
vt 0.323505 0.743947
vt 0.334623 0.754442
vt 0.332294 0.767195
vt 0.321466 0.773179
vt 0.304813 0.760282
vt 0.658048 0.331529
vt 0.673324 0.330822
vt 0.678110 0.338310
vt 0.766217 0.090658
vt 0.765464 0.069350
vt 0.783725 0.078542
vt 0.345300 0.710932
vt 0.370984 0.311385
vt 0.404330 0.935172
vt 0.396968 0.950172
vt 0.388463 0.927481
vt 0.408691 0.915639
vt 0.610528 0.887390
vt 0.614501 0.864768
vt 0.632165 0.867515
vt 0.539254 0.528513
vt 0.532060 0.522098
vt 0.550543 0.529068
vt 0.610516 0.964145
vt 0.612194 0.949541
vt 0.629797 0.969900
vt 0.629797 0.947533
vt 0.653637 0.941551
vt 0.653637 0.963957
vt 0.638244 0.945191
vt 0.284205 0.294445
vt 0.307562 0.286656
vt 0.307537 0.302361
vt 0.316094 0.274384
vt 0.318926 0.307566
vt 0.631437 0.584905
vt 0.612121 0.552887
vt 0.631860 0.551255
vt 0.610668 0.587806
vt 0.315866 0.342572
vt 0.312897 0.329066
vt 0.314334 0.352920
vt 0.827966 0.318160
vt 0.829491 0.342022
vt 0.808051 0.317641
vt 0.807515 0.364501
vt 0.805934 0.304151
vt 0.829491 0.291253
vt 0.725454 0.948303
vt 0.725454 0.969804
vt 0.705724 0.957868
vt 0.379126 0.863699
vt 0.358590 0.855887
vt 0.369848 0.848165
vt 0.359530 0.837981
vt 0.375719 0.847177
vt 0.345669 0.850102
vt 0.824049 0.439019
vt 0.824026 0.411338
vt 0.843309 0.436616
vt 0.846218 0.401112
vt 0.879144 0.791168
vt 0.880482 0.808545
vt 0.857609 0.817274
vt 0.859201 0.791931
vt 0.469823 0.094091
vt 0.472801 0.087646
vt 0.489405 0.092720
vt 0.974216 0.117081
vt 0.982391 0.112324
vt 0.985842 0.126697
vt 0.974558 0.129595
vt 0.985842 0.103709
vt 0.990163 0.703902
vt 0.980980 0.696716
vt 0.990163 0.675625
vt 0.471915 0.075453
vt 0.465689 0.102828
vt 0.448944 0.048574
vt 0.474255 0.051720
vt 0.441996 0.096982
vt 0.578011 0.778352
vt 0.356041 0.288675
vt 0.841687 0.393214
vt 0.824134 0.390813
vt 0.427652 0.891845
vt 0.418920 0.875293
vt 0.436367 0.882575
vt 0.436367 0.860956
vt 0.333622 0.286595
vt 0.337670 0.266006
vt 0.951752 0.733925
vt 0.962339 0.737021
vt 0.962339 0.777883
vt 0.948802 0.772134
vt 0.000129 0.924422
vt 0.025913 0.926162
vt 0.001923 0.938839
vt 0.023765 0.938839
vt 0.173285 0.850341
vt 0.150337 0.826411
vt 0.173285 0.812050
vt 0.148610 0.812164
vt 0.151876 0.851318
vt 0.005288 0.890392
vt 0.000130 0.907718
vt 0.003504 0.870241
vt 0.026203 0.907718
vt 0.898603 0.444248
vt 0.921466 0.482371
vt 0.898971 0.481784
vt 0.921466 0.441284
vt 0.200681 0.714876
vt 0.201407 0.707872
vt 0.230177 0.723127
vt 0.242639 0.709670
vt 0.814895 0.487516
vt 0.839233 0.484093
vt 0.839233 0.558884
vt 0.199949 0.423272
vt 0.199949 0.468784
vt 0.198879 0.449281
vt 0.812211 0.534656
vt 0.823077 0.555982
vt 0.143743 0.388041
vt 0.131642 0.379866
vt 0.146351 0.366210
vt 0.157212 0.385644
vt 0.132087 0.394733
vt 0.329690 0.312755
vt 0.320279 0.294510
vt 0.136543 0.348895
vt 0.116133 0.370712
vt 0.584601 0.973703
vt 0.584601 0.996649
vt 0.578076 0.994138
vt 0.584986 0.333504
vt 0.553442 0.340976
vt 0.581981 0.307009
vt 0.580402 0.340976
vt 0.121623 0.397250
vt 0.554733 0.314139
vt 0.239943 0.520573
vt 0.236891 0.505985
vt 0.304718 0.950015
vt 0.313679 0.919788
vt 0.311039 0.939645
vt 0.326257 0.950015
vt 0.289320 0.520573
vt 0.908506 0.850211
vt 0.885545 0.889943
vt 0.885821 0.848915
vt 0.890871 0.894407
vt 0.581586 0.602130
vt 0.598224 0.605638
vt 0.584303 0.645530
vt 0.538487 0.572596
vt 0.550543 0.587124
vt 0.527853 0.571625
vt 0.525503 0.767892
vt 0.548401 0.785842
vt 0.523334 0.785931
vt 0.525509 0.588265
vt 0.175839 0.926143
vt 0.173590 0.886769
vt 0.195947 0.926257
vt 0.604190 0.349158
vt 0.601332 0.375990
vt 0.581399 0.343819
vt 0.595505 0.389556
vt 0.580195 0.389638
vt 0.602353 0.393100
vt 0.827230 0.834269
vt 0.752430 0.588888
vt 0.775896 0.588768
vt 0.753247 0.620038
vt 0.978481 0.794535
vt 0.986758 0.791048
vt 0.986758 0.824223
vt 0.754126 0.649226
vt 0.742147 0.648756
vt 0.750159 0.677490
vt 0.775896 0.675160
vt 0.725848 0.090204
vt 0.724261 0.039057
vt 0.765168 0.090019
vt 0.765168 0.004479
vt 0.724887 0.000449
vt 0.908506 0.893808
vt 0.538124 0.543188
vt 0.533472 0.543746
vt 0.121557 0.779969
vt 0.128809 0.770159
vt 0.122417 0.805166
vt 0.658065 0.281340
vt 0.659981 0.255849
vt 0.679859 0.252780
vt 0.243890 0.806412
vt 0.232762 0.837463
vt 0.238283 0.802743
vt 0.134485 0.779750
vt 0.130438 0.802298
vt 0.859558 0.127363
vt 0.859031 0.103832
vt 0.877217 0.104706
vt 0.134485 0.755892
vt 0.678932 0.217143
vt 0.658522 0.220626
vt 0.680542 0.202161
vt 0.883326 0.149019
vt 0.677986 0.228024
vt 0.884551 0.111589
vt 0.884551 0.135745
vt 0.243018 0.822881
vt 0.240768 0.841879
vt 0.248969 0.100444
vt 0.951402 0.970533
vt 0.951402 0.992711
vt 0.943363 0.972332
vt 0.295122 0.096192
vt 0.275187 0.137459
vt 0.270713 0.101033
vt 0.561868 0.993304
vt 0.564883 0.968964
vt 0.569351 0.993304
vt 0.319080 0.085537
vt 0.306839 0.060070
vt 0.319052 0.072044
vt 0.970419 0.444644
vt 0.977576 0.441344
vt 0.977576 0.494372
vt 0.319104 0.066539
vt 0.319303 0.043796
vt 0.294523 0.093018
vt 0.079082 0.135708
vt 0.103377 0.125242
vt 0.100886 0.151651
vt 0.052551 0.138817
vt 0.056679 0.146768
vt 0.074608 0.148025
vt 0.076319 0.163857
vt 0.098647 0.175732
vt 0.075381 0.195500
vt 0.247173 0.748424
vt 0.247173 0.776725
vt 0.242870 0.761225
vt 0.013306 0.111183
vt 0.013224 0.138133
vt 0.008136 0.136090
vt 0.027882 0.111740
vt 0.053134 0.162293
vt 0.032342 0.136069
vt 0.935421 0.733497
vt 0.939066 0.691893
vt 0.950140 0.704168
vt 0.946357 0.692112
vt 0.951720 0.733497
vt 0.632392 0.864744
vt 0.656050 0.906563
vt 0.632700 0.906454
vt 0.656050 0.865523
vt 0.914550 0.003388
vt 0.893243 0.029143
vt 0.895528 0.000230
vt 0.893280 0.043472
vt 0.219067 0.996781
vt 0.225167 0.978580
vt 0.225167 0.999735
vt 0.508222 0.272505
vt 0.529716 0.292733
vt 0.508889 0.295347
vt 0.536932 0.306366
vt 0.509643 0.320910
vt 0.528419 0.268366
vt 0.850940 0.230369
vt 0.844768 0.231803
vt 0.839687 0.217145
vt 0.828307 0.219572
vt 0.461902 0.929632
vt 0.474060 0.931355
vt 0.479041 0.947568
vt 0.830689 0.175842
vt 0.859424 0.150276
vt 0.479041 0.926591
vt 0.462258 0.908011
vt 0.478313 0.907884
vt 0.948038 0.542871
vt 0.953768 0.537276
vt 0.950834 0.561835
vt 0.379337 0.855818
vt 0.388136 0.821363
vt 0.388136 0.860811
vt 0.293792 0.123865
vt 0.319299 0.139323
vt 0.295217 0.146189
vt 0.190680 0.582815
vt 0.196515 0.594759
vt 0.197424 0.612823
vt 0.319060 0.121011
vt 0.319349 0.095855
vt 0.341396 0.982722
vt 0.327383 0.982722
vt 0.330038 0.963499
vt 0.550921 0.710834
vt 0.550921 0.729196
vt 0.548567 0.717117
vt 0.105680 0.083476
vt 0.119917 0.057416
vt 0.130051 0.061358
vt 0.109011 0.054672
vt 0.324809 0.950328
vt 0.327017 0.960124
vt 0.317887 0.963516
vt 0.981444 0.968077
vt 0.989256 0.948375
vt 0.989146 0.970341
vt 0.152177 0.059490
vt 0.150109 0.081455
vt 0.989256 0.980759
vt 0.129361 0.079829
vt 0.949895 0.808002
vt 0.958432 0.809285
vt 0.944301 0.831943
vt 0.959654 0.830240
vt 0.034826 0.093567
vt 0.021077 0.091869
vt 0.021798 0.090882
vt 0.015073 0.097308
vt 0.678820 0.581189
vt 0.681350 0.580117
vt 0.681350 0.587828
vt 0.019501 0.090845
vt 0.301908 0.518691
vt 0.304511 0.505062
vt 0.304511 0.519597
vt 0.610251 0.688481
vt 0.608675 0.696072
vt 0.608242 0.696292
vt 0.021905 0.090449
vt 0.659563 0.198083
vt 0.109645 0.950647
vt 0.130479 0.965653
vt 0.110550 0.961328
vt 0.795799 0.569507
vt 0.792440 0.585363
vt 0.775055 0.570733
vt 0.724800 0.195184
vt 0.725196 0.188957
vt 0.736560 0.197140
vt 0.293605 0.563099
vt 0.293744 0.585232
vt 0.287444 0.567326
vt 0.006460 0.178320
vt 0.011453 0.191883
vt 0.004402 0.180486
vt 0.302053 0.593785
vt 0.291535 0.602189
vt 0.302040 0.580499
vt 0.302053 0.546731
vt 0.282559 0.584221
vt 0.805381 0.574034
vt 0.808597 0.550201
vt 0.808597 0.586062
vt 0.003262 0.214136
vt 0.211562 0.998648
vt 0.007480 0.147520
vt 0.881395 0.901224
vt 0.885185 0.891230
vt 0.885185 0.911777
vt 0.033006 0.138237
vt 0.033360 0.165817
vt 0.007630 0.158329
vt 0.292498 0.610011
vt 0.288410 0.611865
vt 0.300557 0.603404
vt 0.011376 0.168716
vt 0.033246 0.187958
vt 0.017343 0.186349
vt 0.736560 0.182380
vt 0.045225 0.199920
vt 0.085355 0.548586
vt 0.081001 0.527125
vt 0.098386 0.537229
vt 0.101613 0.527849
vt 0.088164 0.495723
vt 0.251175 0.739254
vt 0.247552 0.719196
vt 0.286144 0.723471
vt 0.281529 0.688542
vt 0.252317 0.691800
vt 0.763821 0.777795
vt 0.752542 0.784630
vt 0.763799 0.768024
vt 0.295929 0.739999
vt 0.300673 0.717938
vt 0.289130 0.753838
vt 0.815283 0.589879
vt 0.776260 0.648550
vt 0.777719 0.588624
vt 0.251599 0.753838
vt 0.831730 0.377315
vt 0.829771 0.345992
vt 0.860332 0.353601
vt 0.590568 0.533062
vt 0.600111 0.557468
vt 0.591671 0.546939
vt 0.610126 0.558076
vt 0.584676 0.553882
vt 0.581070 0.538005
vt 0.565736 0.524361
vt 0.281483 0.614131
vt 0.292057 0.632398
vt 0.267312 0.621786
vt 0.303860 0.651299
vt 0.998043 0.084063
vt 0.998043 0.102253
vt 0.991461 0.096535
vt 0.705856 0.699530
vt 0.736982 0.698924
vt 0.712543 0.710036
vt 0.857430 0.374750
vt 0.862213 0.384717
vt 0.570425 0.507040
vt 0.260290 0.641924
vt 0.252629 0.654732
vt 0.248085 0.651460
vt 0.656214 0.302799
vt 0.644923 0.341069
vt 0.644938 0.306725
vt 0.657207 0.341069
vt 0.109375 0.865289
vt 0.093799 0.893404
vt 0.088816 0.864407
vt 0.109375 0.899126
vt 0.080743 0.899957
vt 0.921685 0.478945
vt 0.926718 0.443116
vt 0.942655 0.476672
vt 0.483408 0.804158
vt 0.520271 0.802005
vt 0.486808 0.821666
vt 0.942655 0.441267
vt 0.173287 0.810885
vt 0.163110 0.790851
vt 0.172196 0.770235
vt 0.330022 0.652647
vt 0.308418 0.644002
vt 0.348859 0.647640
vt 0.809530 0.961151
vt 0.814716 0.924952
vt 0.824271 0.959979
vt 0.205682 0.979441
vt 0.205682 0.996667
vt 0.198653 0.990110
vt 0.356415 0.917927
vt 0.367342 0.941147
vt 0.345611 0.941506
vt 0.367342 0.904679
vt 0.355124 0.906542
vt 0.779239 0.806125
vt 0.779076 0.786391
vt 0.786130 0.802564
vt 0.778707 0.823872
vt 0.521689 0.816086
vt 0.385048 0.710940
vt 0.385048 0.777319
vt 0.348703 0.762794
vt 0.815364 0.648550
vt 0.345699 0.777972
vt 0.938292 0.414937
vt 0.927041 0.437083
vt 0.931324 0.405510
vt 0.897391 0.926723
vt 0.885356 0.896414
vt 0.908505 0.894819
vt 0.908505 0.931670
vt 0.783596 0.924258
vt 0.790249 0.960312
vt 0.775447 0.960312
vt 0.941373 0.399624
vt 0.961924 0.884565
vt 0.946882 0.862552
vt 0.961924 0.848866
vt 0.944455 0.884155
vt 0.365473 0.710274
vt 0.304913 0.710274
vt 0.348505 0.705720
vt 0.946442 0.437083
vt 0.437185 0.762375
vt 0.434363 0.751607
vt 0.437185 0.734134
vt 0.991392 0.000138
vt 0.991392 0.027664
vt 0.983247 0.001279
vt 0.971062 0.599805
vt 0.974260 0.588010
vt 0.974260 0.623944
vt 0.314769 0.654684
vt 0.333000 0.675012
vt 0.313763 0.670664
vt 0.824271 0.924112
vt 0.913855 0.988891
vt 0.908650 0.997393
vt 0.911569 0.982545
vt 0.172655 0.876354
vt 0.171931 0.885515
vt 0.166042 0.889768
vt 0.962451 0.756996
vt 0.971321 0.748952
vt 0.971321 0.785065
vt 0.962684 0.733960
vt 0.545398 0.623454
vt 0.537336 0.622641
vt 0.545744 0.589308
vt 0.935427 0.834793
vt 0.926410 0.815364
vt 0.944136 0.826836
vt 0.976492 0.361541
vt 0.997829 0.221176
vt 0.991786 0.214412
vt 0.997829 0.204166
vt 0.655809 0.964179
vt 0.655809 0.984403
vt 0.647089 0.968005
vt 0.038345 0.790531
vt 0.036714 0.764486
vt 0.050256 0.790864
vt 0.908540 0.988235
vt 0.899092 0.969272
vt 0.908540 0.961882
vt 0.898516 0.961383
vt 0.643769 0.986100
vt 0.082269 0.921055
vt 0.106588 0.932102
vt 0.080729 0.932102
vt 0.217635 0.522209
vt 0.219931 0.534848
vt 0.206373 0.521534
vt 0.224864 0.543266
vt 0.225412 0.546474
vt 0.076390 0.688705
vt 0.051123 0.698912
vt 0.304340 0.521300
vt 0.304340 0.566260
vt 0.302270 0.546205
vt 0.222801 0.563755
vt 0.085618 0.903790
vt 0.103537 0.901188
vt 0.105874 0.921033
vt 0.106582 0.900293
vt 0.702717 0.967280
vt 0.684838 0.955865
vt 0.694765 0.949556
vt 0.224626 0.545427
vt 0.730484 0.969790
vt 0.725577 0.955467
vt 0.730484 0.948303
vt 0.702112 0.950808
vt 0.686489 0.939141
vt 0.334483 0.597143
vt 0.360659 0.643191
vt 0.608223 0.652623
vt 0.610384 0.650892
vt 0.608496 0.663480
vt 0.548566 0.760135
vt 0.550662 0.746736
vt 0.550662 0.762508
vt 0.781499 0.390060
vt 0.780714 0.366705
vt 0.901971 0.166164
vt 0.909094 0.151143
vt 0.911238 0.173097
vt 0.920673 0.148775
vt 0.920673 0.170346
vt 0.644872 0.474840
vt 0.312111 0.838616
vt 0.332500 0.837712
vt 0.311824 0.860504
vt 0.324099 0.860930
vt 0.312152 0.878169
vt 0.304759 0.865201
vt 0.323565 0.877181
vt 0.198682 0.978546
vt 0.211623 0.949797
vt 0.211623 0.979207
vt 0.883073 0.230322
vt 0.876855 0.276907
vt 0.877405 0.231060
vt 0.883073 0.282193
vt 0.125561 0.805456
vt 0.125561 0.814192
vt 0.121512 0.810437
vt 0.928484 0.694520
vt 0.920810 0.697849
vt 0.920422 0.689904
vt 0.991482 0.345940
vt 0.994916 0.361143
vt 0.986450 0.344307
vt 0.999373 0.650727
vt 0.999373 0.667616
vt 0.994434 0.652625
vt 0.017290 0.990043
vt 0.024933 0.975339
vt 0.023157 0.991866
vt 0.024933 0.996379
vt 0.994916 0.340131
vt 0.491975 0.918804
vt 0.494932 0.936043
vt 0.479600 0.937470
vt 0.483028 0.589133
vt 0.481975 0.578277
vt 0.483028 0.569117
vt 0.609813 0.387679
vt 0.613610 0.348387
vt 0.622092 0.385070
vt 0.600909 0.165245
vt 0.589054 0.138525
vt 0.607258 0.159120
vt 0.608389 0.650677
vt 0.608223 0.643108
vt 0.610346 0.645418
vt 0.606295 0.161029
vt 0.608550 0.163134
vt 0.616781 0.165605
vt 0.605628 0.144318
vt 0.607195 0.186562
vt 0.212803 0.582162
vt 0.076545 0.654801
vt 0.080270 0.606044
vt 0.080270 0.670583
vt 0.600260 0.128498
vt 0.594870 0.134298
vt 0.751428 0.182378
vt 0.751428 0.196711
vt 0.749052 0.185326
vt 0.610346 0.626962
vt 0.198881 0.472844
vt 0.200422 0.469112
vt 0.200422 0.489300
vt 0.319102 0.274459
vt 0.319630 0.244146
vt 0.319630 0.296169
vt 0.076543 0.675113
vt 0.079917 0.671224
vt 0.079917 0.734821
vt 0.077781 0.705126
vt 0.480810 0.549673
vt 0.483022 0.535813
vt 0.483022 0.568852
vt 0.616781 0.186246
vt 0.609133 0.167283
vt 0.612318 0.193217
vt 0.790768 0.923733
vt 0.813888 0.908693
vt 0.813982 0.923733
vt 0.791039 0.903536
vt 0.803335 0.895450
vt 0.793598 0.884985
vt 0.935136 0.308652
vt 0.935136 0.325197
vt 0.922299 0.312404
vt 0.518510 0.968540
vt 0.520589 0.981700
vt 0.506320 0.981700
vt 0.879358 0.546751
vt 0.872300 0.546751
vt 0.876398 0.536251
vt 0.986417 0.883788
vt 0.993271 0.873618
vt 0.993271 0.885113
vt 0.026013 0.939173
vt 0.024552 0.950416
vt 0.018888 0.948109
vt 0.978378 0.694082
vt 0.972854 0.711609
vt 0.970616 0.699545
vt 0.980883 0.703913
vt 0.591006 0.122898
vt 0.602695 0.125064
vt 0.222884 0.549575
vt 0.880627 0.848063
vt 0.881761 0.838174
vt 0.886757 0.848063
vt 0.243979 0.815728
vt 0.246821 0.810029
vt 0.246821 0.821931
vt 0.596796 0.114571
vt 0.017296 0.953251
vt 0.023818 0.965998
vt 0.647380 0.839082
vt 0.643872 0.834542
vt 0.647380 0.822891
vt 0.037219 0.858796
vt 0.606387 0.113814
vt 0.080281 0.795951
vt 0.080281 0.820986
vt 0.076545 0.807270
vt 0.669002 0.167771
vt 0.669324 0.179524
vt 0.790632 0.788929
vt 0.789483 0.790687
vt 0.786672 0.791397
vt 0.787558 0.767893
vt 0.319845 0.272754
vt 0.319634 0.268828
vt 0.319845 0.244030
vt 0.385696 0.745370
vt 0.387885 0.743172
vt 0.385258 0.749529
vt 0.619619 0.392585
vt 0.036659 0.795455
vt 0.039232 0.791081
vt 0.039232 0.807970
vt 0.802394 0.091064
vt 0.802394 0.129014
vt 0.797955 0.112926
vt 0.798712 0.102331
vt 0.194273 0.491104
vt 0.195952 0.488272
vt 0.195952 0.493257
vt 0.154985 0.960025
vt 0.154985 0.992224
vt 0.149557 0.965344
vt 0.304309 0.798069
vt 0.292010 0.761083
vt 0.304309 0.754406
vt 0.552540 0.869005
vt 0.573272 0.868390
vt 0.551113 0.912507
vt 0.573325 0.912507
vt 0.044586 0.739915
vt 0.050449 0.748141
vt 0.045486 0.764036
vt 0.162365 0.581918
vt 0.179069 0.566446
vt 0.178066 0.578069
vt 0.861809 0.534562
vt 0.870248 0.517780
vt 0.886127 0.535938
vt 0.930592 0.917700
vt 0.908742 0.933421
vt 0.912762 0.916745
vt 0.927988 0.898646
vt 0.196026 0.761796
vt 0.200284 0.745723
vt 0.200284 0.779536
vt 0.873398 0.510757
vt 0.886127 0.483979
vt 0.558585 0.192729
vt 0.556420 0.171971
vt 0.161784 0.560664
vt 0.932899 0.933421
vt 0.862967 0.586585
vt 0.853634 0.585693
vt 0.817525 0.699668
vt 0.840352 0.698968
vt 0.334619 0.878839
vt 0.932859 0.988213
vt 0.923145 0.976245
vt 0.932859 0.961003
vt 0.392254 0.168123
vt 0.415762 0.189037
vt 0.391667 0.185792
vt 0.414529 0.146036
vt 0.437303 0.142102
vt 0.671308 0.977192
vt 0.682720 0.963351
vt 0.682720 0.987481
vt 0.869548 0.382884
vt 0.862499 0.349956
vt 0.885979 0.364127
vt 0.874725 0.337734
vt 0.716890 0.525923
vt 0.726932 0.504367
vt 0.732650 0.516898
vt 0.722641 0.528760
vt 0.887373 0.387864
vt 0.887373 0.338067
vt 0.746008 0.484198
vt 0.965927 0.451396
vt 0.958028 0.450998
vt 0.970322 0.441281
vt 0.439059 0.192717
vt 0.393272 0.147002
vt 0.812995 0.203811
vt 0.824043 0.175904
vt 0.822722 0.206569
vt 0.970322 0.481756
vt 0.398690 0.861128
vt 0.388488 0.865669
vt 0.413758 0.830880
vt 0.425081 0.845738
vt 0.418906 0.776493
vt 0.433644 0.818504
vt 0.433644 0.770939
vt 0.678635 0.963107
vt 0.871309 0.390658
vt 0.871309 0.438224
vt 0.862068 0.433511
vt 0.851070 0.393691
vt 0.846453 0.446074
vt 0.343216 0.095395
vt 0.341174 0.095984
vt 0.339685 0.093049
vt 0.337064 0.088871
vt 0.998914 0.886793
vt 0.994729 0.896529
vt 0.996156 0.890002
vt 0.188343 0.587644
vt 0.188555 0.608574
vt 0.176038 0.596634
vt 0.173402 0.589776
vt 0.159592 0.598235
vt 0.994727 0.901287
vt 0.990911 0.103513
vt 0.983768 0.090813
vt 0.990911 0.090361
vt 0.350112 0.087259
vt 0.344711 0.102422
vt 0.940786 0.947967
vt 0.934008 0.936698
vt 0.947406 0.942395
vt 0.352552 0.099412
vt 0.571152 0.993345
vt 0.578003 0.973690
vt 0.578003 0.994071
vt 0.569807 0.977809
vt 0.940994 0.929383
vt 0.349250 0.125624
vt 0.372715 0.101428
vt 0.371337 0.131122
vt 0.656493 0.342227
vt 0.370806 0.018784
vt 0.377245 0.017812
vt 0.378258 0.025817
vt 0.961842 0.888272
vt 0.961842 0.898311
vt 0.954142 0.892437
vt 0.954589 0.884811
vt 0.505389 0.661541
vt 0.500683 0.686735
vt 0.486140 0.643108
vt 0.483276 0.689014
vt 0.971203 0.891627
vt 0.976049 0.845862
vt 0.977955 0.865773
vt 0.505672 0.644019
vt 0.977955 0.895449
vt 0.413758 0.882530
vt 0.401829 0.880405
vt 0.469129 0.600958
vt 0.453092 0.580459
vt 0.066883 0.958901
vt 0.077875 0.955501
vt 0.077875 0.979235
vt 0.062740 0.974922
vt 0.415457 0.103079
vt 0.439059 0.112650
vt 0.994727 0.911028
vt 0.998913 0.902267
vt 0.998913 0.916077
vt 0.378347 0.007351
vt 0.400387 0.009964
vt 0.185291 0.631479
vt 0.188454 0.629675
vt 0.188555 0.636019
vt 0.797503 0.997864
vt 0.790686 0.991947
vt 0.797503 0.980938
vt 0.200703 0.691566
vt 0.207265 0.686445
vt 0.210581 0.707063
vt 0.428594 0.399516
vt 0.405934 0.405264
vt 0.433197 0.378362
vt 0.420608 0.380710
vt 0.393652 0.405335
vt 0.389202 0.389400
vt 0.232487 0.699482
vt 0.229657 0.683303
vt 0.365896 0.698488
vt 0.371405 0.677467
vt 0.387904 0.708084
vt 0.387904 0.679299
vt 0.054139 0.734332
vt 0.074997 0.764467
vt 0.051308 0.762970
vt 0.075216 0.739906
vt 0.376169 0.645868
vt 0.076401 0.702372
vt 0.696133 0.524104
vt 0.706433 0.511980
vt 0.706175 0.536502
vt 0.056262 0.791410
vt 0.076401 0.792596
vt 0.871351 0.780699
vt 0.893351 0.789629
vt 0.865642 0.789629
vt 0.437747 0.423184
vt 0.658029 0.510403
vt 0.648042 0.517928
vt 0.632036 0.496824
vt 0.660333 0.489153
vt 0.657539 0.525861
vt 0.896974 0.667497
vt 0.891949 0.649239
vt 0.907056 0.656036
vt 0.897914 0.639538
vt 0.909521 0.635879
vt 0.884955 0.405209
vt 0.890789 0.393132
vt 0.890253 0.415025
vt 0.894243 0.390632
vt 0.877961 0.395071
vt 0.994542 0.624285
vt 0.992320 0.621415
vt 0.997348 0.624577
vt 0.997348 0.612289
vt 0.706263 0.684867
vt 0.719789 0.682427
vt 0.725989 0.698027
vt 0.872426 0.396161
vt 0.871547 0.411437
vt 0.880106 0.418381
vt 0.923143 0.297438
vt 0.926025 0.271997
vt 0.940886 0.271352
vt 0.943604 0.308384
vt 0.271550 0.932499
vt 0.277870 0.925725
vt 0.280133 0.950011
vt 0.196024 0.827652
vt 0.199985 0.811883
vt 0.199985 0.835263
vt 0.225440 0.947248
vt 0.244371 0.951120
vt 0.226202 0.960196
vt 0.113279 0.873175
vt 0.111817 0.849036
vt 0.132505 0.873777
vt 0.244371 0.970168
vt 0.132505 0.848649
vt 0.231163 0.968571
vt 0.318926 0.249281
vt 0.308659 0.272203
vt 0.304813 0.244429
vt 0.656709 0.565256
vt 0.660333 0.587444
vt 0.654234 0.575940
vt 0.671185 0.963648
vt 0.671185 0.985340
vt 0.665704 0.985240
vt 0.658179 0.963340
vt 0.131823 0.988895
vt 0.120408 0.970062
vt 0.131823 0.965880
vt 0.403643 0.950468
vt 0.403643 0.975029
vt 0.396358 0.973284
vt 0.258520 0.966912
vt 0.263441 0.978179
vt 0.247367 0.975290
vt 0.859232 0.171569
vt 0.858984 0.155435
vt 0.874964 0.175190
vt 0.874964 0.154637
vt 0.652730 0.545577
vt 0.633684 0.576497
vt 0.939062 0.613354
vt 0.930421 0.618330
vt 0.945174 0.588066
vt 0.635568 0.484237
vt 0.999342 0.753901
vt 0.992518 0.744851
vt 0.999342 0.733805
vt 0.190279 0.582427
vt 0.190279 0.597976
vt 0.189029 0.585020
vt 0.634715 0.513994
vt 0.889245 0.431000
vt 0.879871 0.440828
vt 0.894243 0.438655
vt 0.332431 0.982897
vt 0.332431 0.998519
vt 0.327339 0.992155
vt 0.539389 0.992058
vt 0.539579 0.983613
vt 0.549813 0.992058
vt 0.540857 0.972882
vt 0.949117 0.021589
vt 0.945395 0.008154
vt 0.950349 0.000234
vt 0.936117 0.651498
vt 0.936144 0.649176
vt 0.941931 0.647998
vt 0.297775 0.361494
vt 0.299552 0.353502
vt 0.305308 0.361494
vt 0.935509 0.006910
vt 0.942843 0.635857
vt 0.942775 0.649951
vt 0.932177 0.642823
vt 0.889247 0.698818
vt 0.884689 0.717095
vt 0.866560 0.700106
vt 0.664731 0.863145
vt 0.688364 0.847015
vt 0.687404 0.868492
vt 0.688364 0.828873
vt 0.801523 0.696558
vt 0.777361 0.692794
vt 0.814807 0.689230
vt 0.238088 0.928278
vt 0.225452 0.918572
vt 0.229468 0.912338
vt 0.776257 0.671325
vt 0.776533 0.653147
vt 0.798595 0.662821
vt 0.790984 0.651705
vt 0.666497 0.828066
vt 0.083934 0.941616
vt 0.097690 0.963856
vt 0.080685 0.958359
vt 0.240694 0.656766
vt 0.247054 0.678582
vt 0.234193 0.673952
vt 0.246664 0.912720
vt 0.246664 0.935218
vt 0.301836 0.519694
vt 0.289925 0.519694
vt 0.300737 0.505063
vt 0.160352 0.961387
vt 0.172948 0.938631
vt 0.172948 0.969257
vt 0.983535 0.053865
vt 0.990847 0.041376
vt 0.990847 0.060490
vt 0.988744 0.030383
vt 0.241633 0.946960
vt 0.226030 0.657648
vt 0.213836 0.654743
vt 0.210973 0.636882
vt 0.393725 0.459859
vt 0.388831 0.442442
vt 0.400306 0.458422
vt 0.114218 0.990437
vt 0.109594 0.971849
vt 0.120298 0.975854
vt 0.120298 0.965888
vt 0.992606 0.719862
vt 0.998703 0.709017
vt 0.998703 0.731349
vt 0.229970 0.615017
vt 0.241530 0.633487
vt 0.227640 0.633972
vt 0.202172 0.618081
vt 0.424166 0.472719
vt 0.396194 0.479491
vt 0.247054 0.643816
vt 0.204504 0.662680
vt 0.211779 0.673290
vt 0.393701 0.434325
vt 0.390028 0.410619
vt 0.242518 0.614227
vt 0.871981 0.722956
vt 0.156570 0.939144
vt 0.097690 0.932418
vt 0.697734 0.561905
vt 0.706433 0.574022
vt 0.877449 0.748711
vt 0.868157 0.748398
vt 0.345629 0.896533
vt 0.371082 0.864112
vt 0.371082 0.904294
vt 0.816234 0.789681
vt 0.790779 0.790425
vt 0.813358 0.768950
vt 0.106228 0.493797
vt 0.086213 0.493438
vt 0.085091 0.479549
vt 0.708017 0.372401
vt 0.709483 0.357995
vt 0.729700 0.374601
vt 0.751621 0.348608
vt 0.047146 0.581900
vt 0.649244 0.090425
vt 0.622124 0.090425
vt 0.650484 0.075157
vt 0.653228 0.041318
vt 0.667670 0.081910
vt 0.675975 0.045442
vt 0.627543 0.036906
vt 0.793743 0.751038
vt 0.102982 0.425698
vt 0.106124 0.476948
vt 0.094748 0.451034
vt 0.788573 0.698915
vt 0.776324 0.721523
vt 0.761630 0.708079
vt 0.752564 0.738154
vt 0.346244 0.869034
vt 0.619116 0.044845
vt 0.629156 0.023773
vt 0.496542 0.993410
vt 0.497537 0.975851
vt 0.504908 0.981235
vt 0.505860 0.993410
vt 0.126221 0.401443
vt 0.939732 0.755033
vt 0.948668 0.743456
vt 0.938240 0.760061
vt 0.937405 0.756856
vt 0.939582 0.768286
vt 0.947943 0.766908
vt 0.940020 0.781841
vt 0.948668 0.788304
vt 0.935405 0.777371
vt 0.935493 0.773281
vt 0.970905 0.834600
vt 0.959787 0.826212
vt 0.967272 0.823726
vt 0.450050 0.485128
vt 0.427368 0.520940
vt 0.433594 0.480778
vt 0.414617 0.517846
vt 0.025474 0.327024
vt 0.030809 0.308358
vt 0.033149 0.339739
vt 0.243979 0.799323
vt 0.246741 0.797483
vt 0.246741 0.809907
vt 0.763266 0.979347
vt 0.767362 0.973435
vt 0.767362 0.989705
vt 0.551119 0.927586
vt 0.564986 0.912885
vt 0.574347 0.944305
vt 0.972646 0.284005
vt 0.984896 0.272229
vt 0.985136 0.281951
vt 0.574347 0.923092
vt 0.935251 0.741578
vt 0.917634 0.753116
vt 0.923814 0.741483
vt 0.976554 0.271294
vt 0.307636 0.448121
vt 0.313869 0.454433
vt 0.306474 0.454105
vt 0.996984 0.472144
vt 0.996984 0.493903
vt 0.989399 0.486337
vt 0.997860 0.790897
vt 0.997860 0.815737
vt 0.992328 0.794569
vt 0.935251 0.773682
vt 0.927078 0.788342
vt 0.926611 0.772259
vt 0.929408 0.762664
vt 0.352458 0.962655
vt 0.362487 0.961766
vt 0.358278 0.969415
vt 0.344739 0.450021
vt 0.360870 0.448165
vt 0.363308 0.465978
vt 0.325657 0.450279
vt 0.343911 0.477671
vt 0.368507 0.441924
vt 0.367286 0.486558
vt 0.387947 0.444361
vt 0.384167 0.485837
vt 0.249181 0.988122
vt 0.256362 0.980186
vt 0.256362 0.994993
vt 0.247331 0.978373
vt 0.985136 0.296727
vt 0.350945 0.949076
vt 0.362487 0.942271
vt 0.345587 0.941828
vt 0.414366 0.569540
vt 0.450050 0.601156
vt 0.388669 0.555240
vt 0.411967 0.542492
vt 0.356235 0.493813
vt 0.067494 0.913044
vt 0.078469 0.921575
vt 0.065599 0.953588
vt 0.062743 0.930836
vt 0.368590 0.915961
vt 0.388259 0.915633
vt 0.367592 0.949141
vt 0.078469 0.955172
vt 0.388259 0.943140
vt 0.466400 0.814657
vt 0.478066 0.785405
vt 0.479293 0.817051
vt 0.467316 0.793825
vt 0.000352 0.531555
vt 0.004505 0.507861
vt 0.003763 0.535949
vt 0.023177 0.522398
vt 0.195132 0.987652
vt 0.942984 0.491344
vt 0.956850 0.483953
vt 0.955652 0.494566
vt 0.696447 0.579602
vt 0.692127 0.572194
vt 0.483673 0.457338
vt 0.485200 0.409421
vt 0.507970 0.422438
vt 0.507744 0.408374
vt 0.800907 0.174690
vt 0.779322 0.158006
vt 0.800907 0.150932
vt 0.498088 0.353573
vt 0.515381 0.355058
vt 0.516023 0.363947
vt 0.516236 0.379273
vt 0.493974 0.360159
vt 0.491729 0.374404
vt 0.808792 0.283486
vt 0.263441 0.955893
vt 0.715614 0.039179
vt 0.710180 0.007252
vt 0.723820 0.004702
vt 0.571650 0.018045
vt 0.593632 0.015234
vt 0.592696 0.031006
vt 0.594165 0.056357
vt 0.615058 0.014281
vt 0.614756 0.052728
vt 0.723820 0.054820
vt 0.504750 0.455694
vt 0.528025 0.439671
vt 0.550666 0.428649
vt 0.527470 0.467747
vt 0.548552 0.472001
vt 0.724681 0.196697
vt 0.712533 0.182775
vt 0.724681 0.182378
vt 0.676496 0.015477
vt 0.683610 0.001449
vt 0.711554 0.000424
vt 0.505182 0.469423
vt 0.510005 0.457573
vt 0.507814 0.429130
vt 0.520762 0.423327
vt 0.980839 0.733929
vt 0.983597 0.778739
vt 0.977392 0.778739
vt 0.506133 0.906957
vt 0.483152 0.907840
vt 0.484329 0.862679
vt 0.506133 0.862353
vt 0.521517 0.374797
vt 0.531959 0.369122
vt 0.864281 0.767122
vt 0.864281 0.786120
vt 0.853578 0.790667
vt 0.841424 0.785259
vt 0.260534 0.808976
vt 0.286969 0.762156
vt 0.279325 0.794234
vt 0.258692 0.789395
vt 0.908711 0.886592
vt 0.913346 0.852124
vt 0.925195 0.884485
vt 0.926619 0.848934
vt 0.551208 0.730651
vt 0.570434 0.701514
vt 0.562182 0.726434
vt 0.258510 0.754437
vt 0.037783 0.819608
vt 0.036659 0.816342
vt 0.038057 0.816235
vt 0.821003 0.983810
vt 0.817120 0.992602
vt 0.815772 0.991984
vt 0.598198 0.101406
vt 0.616116 0.055989
vt 0.618588 0.097923
vt 0.872500 0.643678
vt 0.891745 0.644290
vt 0.868447 0.651522
vt 0.870248 0.674831
vt 0.638330 0.235872
vt 0.637114 0.198744
vt 0.657578 0.198139
vt 0.982413 0.136309
vt 0.982413 0.173517
vt 0.974828 0.146037
vt 0.079990 0.605437
vt 0.071103 0.600807
vt 0.075272 0.592315
vt 0.751471 0.930569
vt 0.751471 0.958619
vt 0.743242 0.943109
vt 0.437872 0.961624
vt 0.449845 0.965504
vt 0.437628 0.972911
vt 0.345554 0.990911
vt 0.355850 0.969667
vt 0.355850 0.992561
vt 0.036464 0.795157
vt 0.035335 0.806290
vt 0.018904 0.803780
vt 0.017351 0.778552
vt 0.730744 0.953976
vt 0.966780 0.532421
vt 0.970892 0.532358
vt 0.963433 0.547904
vt 0.968816 0.549920
vt 0.304311 0.734966
vt 0.304311 0.752634
vt 0.300956 0.749764
vt 0.970892 0.560239
vt 0.965898 0.562420
vt 0.995589 0.136268
vt 0.990145 0.165288
vt 0.989918 0.152674
vt 0.995589 0.151981
vt 0.190280 0.610612
vt 0.189234 0.602917
vt 0.190280 0.598116
vt 0.481827 0.594930
vt 0.483027 0.589285
vt 0.483027 0.599691
vt 0.214774 0.949793
vt 0.224955 0.978331
vt 0.211753 0.978331
vt 0.506330 0.926633
vt 0.522629 0.915781
vt 0.522629 0.956408
vt 0.481861 0.817492
vt 0.479627 0.844565
vt 0.474625 0.849844
vt 0.947242 0.242436
vt 0.929434 0.250656
vt 0.947834 0.229367
vt 0.947834 0.267509
vt 0.935683 0.263476
vt 0.481861 0.857321
vt 0.617023 0.124845
vt 0.618506 0.113489
vt 0.618506 0.127836
vt 0.079990 0.592465
vt 0.846218 0.463439
vt 0.594043 0.297031
vt 0.586644 0.306299
vt 0.580869 0.280101
vt 0.606923 0.287011
vt 0.607125 0.296030
vt 0.319213 0.296474
vt 0.319213 0.305370
vt 0.319100 0.304146
vt 0.558477 0.306299
vt 0.304676 0.976085
vt 0.317776 0.950310
vt 0.317776 0.979041
vt 0.307575 0.951860
vt 0.005518 0.908059
vt 0.021872 0.910417
vt 0.867735 0.270404
vt 0.876696 0.282207
vt 0.863355 0.274045
vt 0.248965 0.955652
vt 0.255346 0.929783
vt 0.270319 0.939185
vt 0.951857 0.977924
vt 0.961395 0.971576
vt 0.961395 0.992573
vt 0.247401 0.930016
vt 0.268297 0.955652
vt 0.907752 0.270337
vt 0.925038 0.229382
vt 0.929234 0.270337
vt 0.876696 0.233186
vt 0.863425 0.255707
vt 0.851181 0.261979
vt 0.908401 0.231717
vt 0.160416 0.938242
vt 0.172577 0.891037
vt 0.172577 0.933923
vt 0.156568 0.896793
vt 0.249520 0.418703
vt 0.234741 0.408913
vt 0.260917 0.397384
vt 0.267698 0.413660
vt 0.248828 0.393460
vt 0.248167 0.370198
vt 0.962415 0.592502
vt 0.962415 0.606908
vt 0.945333 0.588013
vt 0.880710 0.815672
vt 0.894233 0.799423
vt 0.884883 0.824466
vt 0.903310 0.826550
vt 0.903310 0.791116
vt 0.845281 0.283319
vt 0.858169 0.289888
vt 0.839740 0.294110
vt 0.407203 0.882950
vt 0.416728 0.915304
vt 0.401109 0.897191
vt 0.404357 0.913953
vt 0.775707 0.697231
vt 0.761304 0.697231
vt 0.761993 0.678029
vt 0.946846 0.607885
vt 0.230036 0.374778
vt 0.252678 0.342237
vt 0.283618 0.388477
vt 0.266059 0.339225
vt 0.880482 0.836504
vt 0.263379 0.978390
vt 0.263379 0.998275
vt 0.256441 0.980424
vt 0.999931 0.625899
vt 0.999931 0.647531
vt 0.994303 0.628455
vt 0.887000 0.547030
vt 0.891653 0.553333
vt 0.872999 0.565816
vt 0.039388 0.967127
vt 0.039404 0.955074
vt 0.059144 0.965585
vt 0.059144 0.944623
vt 0.525204 0.786715
vt 0.528456 0.812072
vt 0.524698 0.821623
vt 0.302741 0.468794
vt 0.294527 0.471012
vt 0.296600 0.458582
vt 0.304244 0.504675
vt 0.990908 0.037918
vt 0.995780 0.030395
vt 0.995780 0.062817
vt 0.899358 0.586577
vt 0.885054 0.583064
vt 0.853077 0.159421
vt 0.853077 0.173515
vt 0.841752 0.163530
vt 0.986341 0.879028
vt 0.978031 0.863639
vt 0.983840 0.859382
vt 0.246869 0.970375
vt 0.236556 0.972038
vt 0.433214 0.900095
vt 0.436172 0.900286
vt 0.980168 0.846036
vt 0.986341 0.845781
vt 0.327629 0.293471
vt 0.991016 0.503333
vt 0.997368 0.494761
vt 0.997368 0.519558
vt 0.985937 0.127576
vt 0.993258 0.103714
vt 0.993258 0.130607
vt 0.714084 0.782435
vt 0.705792 0.776947
vt 0.725132 0.769727
vt 0.203181 0.924485
vt 0.222874 0.923331
vt 0.198738 0.939299
vt 0.242639 0.749091
vt 0.235186 0.753552
vt 0.242033 0.776731
vt 0.236891 0.763683
vt 0.578481 0.467158
vt 0.601822 0.483017
vt 0.576392 0.480458
vt 0.222874 0.949519
vt 0.709956 0.806579
vt 0.804192 0.279077
vt 0.802698 0.264197
vt 0.824883 0.259870
vt 0.536106 0.962387
vt 0.536106 0.984987
vt 0.523273 0.961578
vt 0.604190 0.457384
vt 0.824883 0.282497
vt 0.463439 0.817495
vt 0.461695 0.823849
vt 0.441668 0.821633
vt 0.777559 0.242529
vt 0.780277 0.281761
vt 0.753575 0.257052
vt 0.751684 0.231132
vt 0.757265 0.282561
vt 0.599516 0.436695
vt 0.384677 0.778519
vt 0.380910 0.803111
vt 0.357335 0.785688
vt 0.991390 0.063184
vt 0.991390 0.090160
vt 0.983770 0.084323
vt 0.408691 0.950050
vt 0.665188 0.761717
vt 0.695884 0.763107
vt 0.658622 0.776054
vt 0.507978 0.505086
vt 0.507463 0.544295
vt 0.483373 0.561750
vt 0.505336 0.565997
vt 0.142017 0.996740
vt 0.144132 0.981783
vt 0.148357 0.996740
vt 0.695884 0.820439
vt 0.658302 0.805474
vt 0.669352 0.822795
vt 0.474292 0.831480
vt 0.460664 0.841737
vt 0.718265 0.969998
vt 0.718265 0.987247
vt 0.705688 0.985885
vt 0.893031 0.053542
vt 0.871824 0.044556
vt 0.884800 0.038295
vt 0.377381 0.990821
vt 0.367538 0.975618
vt 0.377381 0.973497
vt 0.527076 0.984026
vt 0.524195 0.729829
vt 0.703049 0.776527
vt 0.704648 0.819323
vt 0.696115 0.777782
vt 0.054755 0.328442
vt 0.057589 0.343884
vt 0.946553 0.733977
vt 0.943913 0.735963
vt 0.943927 0.741359
vt 0.941806 0.750187
vt 0.027815 0.271004
vt 0.033631 0.289483
vt 0.012758 0.286423
vt 0.009950 0.309555
vt 0.007662 0.330810
vt 0.198880 0.492391
vt 0.200123 0.489429
vt 0.200123 0.495156
vt 0.134256 0.943266
vt 0.134256 0.960506
vt 0.130601 0.946794
vt 0.007252 0.263435
vt 0.021259 0.264602
vt 0.007895 0.276362
vt 0.018826 0.249293
vt 0.028876 0.255714
vt 0.005674 0.259992
vt 0.036654 0.268544
vt 0.919935 0.982550
vt 0.919935 0.998283
vt 0.914555 0.990287
vt 0.054900 0.298723
vt 0.056777 0.274350
vt 0.983550 0.713458
vt 0.992531 0.709027
vt 0.992531 0.733473
vt 0.097823 0.992077
vt 0.103538 0.969834
vt 0.107585 0.992077
vt 0.004028 0.250909
vt 0.001165 0.246409
vt 0.046619 0.249847
vt 0.032176 0.250513
vt 0.046581 0.234065
vt 0.575907 0.400233
vt 0.598742 0.397841
vt 0.000992 0.255372
vt 0.001391 0.250169
vt 0.841347 0.952621
vt 0.825454 0.969793
vt 0.824937 0.949699
vt 0.841347 0.972908
vt 0.699185 0.438239
vt 0.706338 0.436020
vt 0.702030 0.465137
vt 0.707716 0.482441
vt 0.691236 0.482441
vt 0.780277 0.215019
vt 0.753151 0.188246
vt 0.363637 0.531307
vt 0.360643 0.543744
vt 0.342652 0.540518
vt 0.581485 0.435095
vt 0.986458 0.472710
vt 0.977655 0.472212
vt 0.986458 0.441236
vt 0.332681 0.993514
vt 0.332484 0.984806
vt 0.338051 0.982887
vt 0.743799 0.997371
vt 0.737372 0.991756
vt 0.743799 0.981287
vt 0.330863 0.334230
vt 0.335472 0.328387
vt 0.321609 0.343453
vt 0.331583 0.350106
vt 0.885305 0.972933
vt 0.891199 0.965756
vt 0.898400 0.984649
vt 0.898400 0.961365
vt 0.145153 0.404625
vt 0.122964 0.430819
vt 0.855808 0.958064
vt 0.849230 0.929057
vt 0.855380 0.929737
vt 0.548565 0.737884
vt 0.550561 0.729374
vt 0.550561 0.746572
vt 0.919448 0.848009
vt 0.903503 0.844605
vt 0.919448 0.830820
vt 0.843423 0.855043
vt 0.832789 0.869356
vt 0.825217 0.857875
vt 0.853755 0.874916
vt 0.983684 0.094452
vt 0.974026 0.066822
vt 0.983684 0.063205
vt 0.824999 0.881645
vt 0.846854 0.067293
vt 0.851039 0.055460
vt 0.863040 0.058285
vt 0.087992 0.700558
vt 0.084400 0.683066
vt 0.104808 0.683987
vt 0.853755 0.841111
vt 0.852705 0.857173
vt 0.089604 0.723614
vt 0.080864 0.717029
vt 0.844035 0.633286
vt 0.861689 0.634879
vt 0.838307 0.638741
vt 0.865930 0.643160
vt 0.587007 0.797345
vt 0.592271 0.803334
vt 0.590016 0.778472
vt 0.901695 0.304482
vt 0.904907 0.284250
vt 0.921787 0.294424
vt 0.922132 0.271396
vt 0.918209 0.317305
vt 0.922132 0.307490
vt 0.952565 0.508248
vt 0.956850 0.530732
vt 0.121910 0.430326
vt 0.858402 0.890128
vt 0.885292 0.849623
vt 0.885292 0.890917
vt 0.150758 0.454057
vt 0.367573 0.973291
vt 0.370673 0.949843
vt 0.384503 0.973291
vt 0.382079 0.949428
vt 0.855808 0.882227
vt 0.129127 0.477356
vt 0.157212 0.483481
vt 0.129517 0.494540
vt 0.153485 0.494447
vt 0.342518 0.414447
vt 0.526049 0.851587
vt 0.550850 0.848089
vt 0.523346 0.865417
vt 0.865930 0.588597
vt 0.268146 0.432989
vt 0.903537 0.826658
vt 0.926208 0.791079
vt 0.926208 0.830536
vt 0.244682 0.473092
vt 0.906656 0.793060
vt 0.815589 0.734279
vt 0.796663 0.699030
vt 0.816234 0.699283
vt 0.790463 0.732787
vt 0.790463 0.767403
vt 0.774260 0.731813
vt 0.081784 0.440355
vt 0.080981 0.425758
vt 0.905123 0.525855
vt 0.904886 0.484446
vt 0.925474 0.527316
vt 0.200913 0.506496
vt 0.205094 0.483238
vt 0.632515 0.000450
vt 0.652925 0.001201
vt 0.419928 0.971814
vt 0.419928 0.989857
vt 0.408848 0.978752
vt 0.465475 0.907440
vt 0.461979 0.888998
vt 0.482227 0.904886
vt 0.168344 0.251950
vt 0.152095 0.297208
vt 0.146992 0.251757
vt 0.386621 0.864164
vt 0.377365 0.908096
vt 0.377644 0.880705
vt 0.371286 0.910622
vt 0.176108 0.295090
vt 0.157494 0.249690
vt 0.175984 0.267703
vt 0.708080 0.412328
vt 0.734647 0.401661
vt 0.709972 0.426825
vt 0.857633 0.848898
vt 0.751621 0.427431
vt 0.386621 0.914805
vt 0.134531 0.893677
vt 0.156378 0.890999
vt 0.156378 0.930655
vt 0.134629 0.929805
vt 0.434897 0.462830
vt 0.443973 0.443521
vt 0.443299 0.468173
vt 0.420826 0.452602
vt 0.456975 0.439409
vt 0.398885 0.443324
vt 0.970992 0.576543
vt 0.983603 0.569863
vt 0.983603 0.587414
vt 0.470719 0.461635
vt 0.460245 0.463891
vt 0.982541 0.532239
vt 0.982541 0.562774
vt 0.970987 0.540652
vt 0.933657 0.717084
vt 0.911550 0.707757
vt 0.933657 0.698761
vt 0.857034 0.159074
vt 0.839292 0.149922
vt 0.858766 0.137962
vt 0.810725 0.663440
vt 0.814807 0.649087
vt 0.688270 0.894367
vt 0.682812 0.881644
vt 0.688270 0.868845
vt 0.831136 0.117705
vt 0.833733 0.103912
vt 0.844891 0.116201
vt 0.832905 0.143852
vt 0.857341 0.106098
vt 0.858766 0.103856
vt 0.379115 0.643423
vt 0.387504 0.645018
vt 0.993320 0.115608
vt 0.998429 0.103711
vt 0.998429 0.118401
vt 0.367427 0.965106
vt 0.362595 0.949147
vt 0.367427 0.941806
vt 0.995413 0.129957
vt 0.875928 0.928176
vt 0.882576 0.953144
vt 0.867511 0.929940
vt 0.889247 0.740711
vt 0.870989 0.747947
vt 0.276703 0.883352
vt 0.280286 0.869825
vt 0.280286 0.890539
vt 0.865621 0.726998
vt 0.922341 0.308384
vt 0.658264 0.823326
vt 0.768016 0.981365
vt 0.774837 0.945176
vt 0.774837 0.984307
vt 0.705805 0.679027
vt 0.723738 0.668686
vt 0.709287 0.655897
vt 0.725593 0.654076
vt 0.873839 0.959533
vt 0.884746 0.969815
vt 0.875089 0.980775
vt 0.729822 0.688043
vt 0.731116 0.667134
vt 0.741044 0.684823
vt 0.741283 0.665671
vt 0.732860 0.653917
vt 0.884746 0.953405
vt 0.741799 0.695325
vt 0.981368 0.510590
vt 0.990935 0.494769
vt 0.990935 0.521116
vt 0.300836 0.844646
vt 0.304261 0.869996
vt 0.289589 0.858484
vt 0.749777 0.798283
vt 0.739334 0.805593
vt 0.750084 0.769721
vt 0.838057 0.633941
vt 0.823023 0.651122
vt 0.823289 0.627795
vt 0.658236 0.905977
vt 0.675462 0.869729
vt 0.681134 0.892944
vt 0.684674 0.961993
vt 0.678766 0.951204
vt 0.684674 0.938593
vt 0.682662 0.908988
vt 0.225397 0.982757
vt 0.235765 0.970382
vt 0.235765 0.990259
vt 0.815672 0.636715
vt 0.820284 0.676764
vt 0.682662 0.868918
vt 0.099041 0.960703
vt 0.100954 0.955965
vt 0.103573 0.968073
vt 0.109104 0.966323
vt 0.109104 0.932446
vt 0.319927 0.360444
vt 0.319474 0.354640
vt 0.319927 0.351171
vt 0.099383 0.946876
vt 0.279531 0.959422
vt 0.279423 0.966616
vt 0.272213 0.959259
vt 0.263602 0.962363
vt 0.269255 0.955893
vt 0.586837 0.841899
vt 0.583294 0.834208
vt 0.586837 0.825946
vt 0.121289 0.760034
vt 0.121289 0.793576
vt 0.102379 0.772276
vt 0.107213 0.755941
vt 0.304261 0.818753
vt 0.293345 0.824738
vt 0.286879 0.809551
vt 0.388438 0.957324
vt 0.097831 0.963881
vt 0.290300 0.846833
vt 0.284206 0.827837
vt 0.750084 0.824487
vt 0.846041 0.102203
vt 0.836089 0.102203
vt 0.842083 0.088691
vt 0.684843 0.920369
vt 0.703744 0.895066
vt 0.695680 0.927952
vt 0.280598 0.911621
vt 0.281824 0.870504
vt 0.304243 0.911621
vt 0.302013 0.870896
vt 0.663114 0.486020
vt 0.704259 0.484197
vt 0.327216 0.910131
vt 0.328296 0.919436
vt 0.304728 0.918218
vt 0.328296 0.879246
vt 0.660810 0.522035
vt 0.926212 0.728387
vt 0.914132 0.723894
vt 0.931390 0.736362
vt 0.271643 0.996607
vt 0.263562 0.983833
vt 0.271643 0.978471
vt 0.913610 0.730655
vt 0.309962 0.882796
vt 0.703218 0.916561
vt 0.105715 0.797651
vt 0.080802 0.771107
vt 0.279531 0.978268
vt 0.264519 0.971481
vt 0.703744 0.937344
vt 0.916968 0.747130
vt 0.911467 0.737406
vt 0.916968 0.736603
vt 0.992120 0.248053
vt 0.995765 0.221812
vt 0.997667 0.248053
vt 0.998879 0.758728
vt 0.998879 0.780771
vt 0.992749 0.760701
vt 0.572524 0.067535
vt 0.804627 0.481907
vt 0.804189 0.390841
vt 0.823793 0.435136
vt 0.526886 0.421116
vt 0.911152 0.085709
vt 0.899695 0.100062
vt 0.897501 0.079888
vt 0.961161 0.900064
vt 0.952546 0.942751
vt 0.947546 0.898695
vt 0.961161 0.943305
vt 0.918069 0.056875
vt 0.918069 0.101446
vt 0.550666 0.383466
vt 0.822070 0.392817
vt 0.900144 0.055451
vt 0.436442 0.695591
vt 0.390007 0.686243
vt 0.437324 0.651948
vt 0.411753 0.695853
vt 0.512733 0.412245
vt 0.532313 0.382966
vt 0.243873 0.863631
vt 0.243873 0.877673
vt 0.237576 0.871601
vt 0.930685 0.530276
vt 0.931086 0.542287
vt 0.921547 0.542287
vt 0.618588 0.000561
vt 0.873823 0.985267
vt 0.881504 0.980984
vt 0.881504 0.995530
vt 0.235161 0.911923
vt 0.228872 0.900981
vt 0.239512 0.893888
vt 0.239494 0.907334
vt 0.522841 0.385025
vt 0.225438 0.871878
vt 0.512653 0.392224
vt 0.247468 0.832830
vt 0.277299 0.833103
vt 0.283572 0.835301
vt 0.277082 0.810207
vt 0.248632 0.809469
vt 0.850844 0.247383
vt 0.838265 0.267651
vt 0.828307 0.251930
vt 0.249421 0.853582
vt 0.850844 0.281955
vt 0.283923 0.853582
vt 0.611353 0.909469
vt 0.632165 0.911488
vt 0.391643 0.693025
vt 0.408914 0.942191
vt 0.433259 0.915603
vt 0.433259 0.943043
vt 0.418391 0.921591
vt 0.767905 0.973213
vt 0.752451 0.959265
vt 0.767905 0.945121
vt 0.805752 0.389938
vt 0.798910 0.386512
vt 0.805752 0.341995
vt 0.945174 0.635199
vt 0.989303 0.493907
vt 0.977669 0.485165
vt 0.989303 0.472972
vt 0.950936 0.099222
vt 0.936729 0.055613
vt 0.950936 0.050420
vt 0.533828 0.473224
vt 0.510619 0.474676
vt 0.486496 0.474713
vt 0.977331 0.790489
vt 0.971395 0.785949
vt 0.977331 0.733987
vt 0.781492 0.181253
vt 0.802477 0.176020
vt 0.801234 0.206680
vt 0.483374 0.401523
vt 0.523021 0.342403
vt 0.551056 0.979666
vt 0.561777 0.968956
vt 0.561777 0.991590
vt 0.437675 0.961383
vt 0.438081 0.938931
vt 0.459277 0.961383
vt 0.988868 0.845192
vt 0.978491 0.825611
vt 0.988868 0.824492
vt 0.444915 0.937771
vt 0.054194 0.699840
vt 0.632330 0.987575
vt 0.633293 0.965087
vt 0.643652 0.986529
vt 0.643652 0.964186
vt 0.909936 0.602375
vt 0.914321 0.588037
vt 0.930246 0.589507
vt 0.930246 0.614917
vt 0.495164 0.174821
vt 0.509851 0.159537
vt 0.512646 0.182290
vt 0.486809 0.182514
vt 0.774522 0.565169
vt 0.765226 0.559554
vt 0.774746 0.529398
vt 0.774474 0.587325
vt 0.970862 0.036960
vt 0.966405 0.060692
vt 0.964002 0.033027
vt 0.647469 0.792615
vt 0.652729 0.765360
vt 0.657112 0.788852
vt 0.186669 0.959111
vt 0.173558 0.979126
vt 0.181782 0.957663
vt 0.409807 0.943322
vt 0.424855 0.956513
vt 0.412176 0.957036
vt 0.848179 0.763028
vt 0.841372 0.769542
vt 0.501930 0.154957
vt 0.510062 0.129729
vt 0.970862 0.000302
vt 0.486304 0.162039
vt 0.486797 0.146324
vt 0.408873 0.971582
vt 0.425069 0.971582
vt 0.847747 0.757370
vt 0.983338 0.222400
vt 0.983338 0.250307
vt 0.971647 0.230658
vt 0.753294 0.523349
vt 0.189429 0.979126
vt 0.657112 0.819007
vt 0.650794 0.825749
vt 0.926619 0.898225
vt 0.951855 0.719759
vt 0.955291 0.713458
vt 0.962675 0.733459
vt 0.454379 0.371269
vt 0.470674 0.371260
vt 0.457453 0.390900
vt 0.443322 0.374505
vt 0.438176 0.353693
vt 0.449459 0.350832
vt 0.469778 0.342441
vt 0.817813 0.149347
vt 0.802681 0.160929
vt 0.814847 0.135378
vt 0.830323 0.147721
vt 0.478200 0.350803
vt 0.291727 0.808976
vt 0.482569 0.359838
vt 0.742094 0.697675
vt 0.742074 0.687768
vt 0.761132 0.682578
vt 0.761136 0.697675
vt 0.746658 0.678032
vt 0.819953 0.174323
vt 0.830857 0.172920
vt 0.782705 0.257935
vt 0.802477 0.268323
vt 0.787965 0.282517
vt 0.855893 0.531804
vt 0.861576 0.532537
vt 0.854130 0.547984
vt 0.705567 0.189047
vt 0.710225 0.187773
vt 0.710225 0.197157
vt 0.039264 0.808111
vt 0.039264 0.819536
vt 0.182756 0.493378
vt 0.179868 0.490082
vt 0.182756 0.488273
vt 0.675853 0.580115
vt 0.675853 0.587330
vt 0.672490 0.583597
vt 0.319216 0.325883
vt 0.319631 0.296674
vt 0.319631 0.345636
vt 0.909723 0.588064
vt 0.887350 0.603318
vt 0.889548 0.588628
vt 0.883749 0.243843
vt 0.907525 0.270032
vt 0.888496 0.270959
vt 0.388023 0.207798
vt 0.340825 0.238330
vt 0.346297 0.200185
vt 0.842925 0.511298
vt 0.848255 0.484039
vt 0.861576 0.485951
vt 0.843733 0.476273
vt 0.824703 0.477193
vt 0.381572 0.256259
vt 0.890133 0.229878
vt 0.907525 0.229385
vt 0.780529 0.215605
vt 0.800105 0.251144
vt 0.549827 0.930363
vt 0.549827 0.972575
vt 0.542199 0.935908
vt 0.577428 0.112856
vt 0.569865 0.097890
vt 0.030592 0.779645
vt 0.635698 0.255343
vt 0.615878 0.242339
vt 0.655985 0.243986
vt 0.640758 0.271807
vt 0.887743 0.690780
vt 0.891745 0.689038
vt 0.685973 0.437804
vt 0.690689 0.439940
vt 0.673013 0.437180
vt 0.437324 0.602973
vt 0.391920 0.630289
vt 0.392056 0.602226
vt 0.975887 0.648806
vt 0.980200 0.626020
vt 0.980200 0.671871
vt 0.973287 0.631080
vt 0.975435 0.250547
vt 0.984118 0.252772
vt 0.971650 0.260776
vt 0.984118 0.270706
vt 0.870552 0.692736
vt 0.000181 0.811310
vt 0.374236 0.293048
vt 0.007961 0.822685
vt 0.019153 0.818945
vt 0.990576 0.137200
vt 0.194075 0.929715
vt 0.197228 0.934827
vt 0.198542 0.954888
vt 0.388605 0.604955
vt 0.345300 0.776241
vt 0.669608 0.481396
vt 0.648197 0.471136
vt 0.690446 0.457838
vt 0.690689 0.481307
vt 0.292257 0.966672
vt 0.292257 0.988686
vt 0.283221 0.983422
vt 0.359249 0.297986
vt 0.280538 0.968520
vt 0.986827 0.798455
vt 0.992273 0.790939
vt 0.992273 0.824222
vt 0.480288 0.183494
vt 0.480288 0.197909
vt 0.467839 0.190021
vt 0.751922 0.421577
vt 0.752964 0.406777
vt 0.757019 0.404735
vt 0.768373 0.421577
vt 0.312915 0.995461
vt 0.304651 0.983563
vt 0.312915 0.979266
vt 0.606892 0.301750
vt 0.333445 0.792130
vt 0.327163 0.793179
vt 0.318660 0.779842
vt 0.333801 0.776869
vt 0.569180 0.147009
vt 0.569180 0.197224
vt 0.564384 0.159713
vt 0.558863 0.189631
vt 0.141900 0.820900
vt 0.560890 0.144952
vt 0.917282 0.191077
vt 0.897572 0.189776
vt 0.949348 0.618963
vt 0.388503 0.915304
vt 0.958985 0.624431
vt 0.440500 0.880786
vt 0.437687 0.860344
vt 0.448685 0.858304
vt 0.824686 0.838798
vt 0.805280 0.821528
vt 0.821459 0.825821
vt 0.806967 0.834871
vt 0.790821 0.838798
vt 0.775259 0.904805
vt 0.757336 0.866749
vt 0.775259 0.863198
vt 0.752488 0.908639
vt 0.754661 0.092139
vt 0.797715 0.091171
vt 0.755069 0.107715
vt 0.974463 0.440443
vt 0.963585 0.422202
vt 0.974463 0.404972
vt 0.523336 0.833452
vt 0.527993 0.834302
vt 0.526134 0.847573
vt 0.792351 0.839263
vt 0.816740 0.860136
vt 0.790782 0.869120
vt 0.813811 0.839382
vt 0.899358 0.550399
vt 0.835709 0.559400
vt 0.835709 0.587030
vt 0.826950 0.582389
vt 0.844793 0.756913
vt 0.843795 0.727563
vt 0.865383 0.753796
vt 0.864213 0.731989
vt 0.797715 0.139859
vt 0.779596 0.137812
vt 0.461696 0.858773
vt 0.461696 0.886321
vt 0.816740 0.881304
vt 0.793188 0.884565
vt 0.921775 0.130278
vt 0.915207 0.133709
vt 0.922148 0.103803
vt 0.913556 0.109720
vt 0.901978 0.105613
vt 0.841377 0.712119
vt 0.865383 0.698863
vt 0.926796 0.892715
vt 0.944014 0.875115
vt 0.657942 0.732799
vt 0.657942 0.760146
vt 0.654830 0.747154
vt 0.289937 0.445698
vt 0.304244 0.441718
vt 0.810524 0.124469
vt 0.188503 0.626841
vt 0.177966 0.644176
vt 0.197679 0.488269
vt 0.197679 0.492658
vt 0.195969 0.490257
vt 0.185050 0.489131
vt 0.182782 0.491123
vt 0.183414 0.488279
vt 0.184395 0.624062
vt 0.188483 0.492060
vt 0.190710 0.488277
vt 0.190710 0.494351
vt 0.177316 0.488270
vt 0.177382 0.492830
vt 0.173932 0.492830
vt 0.178681 0.621811
vt 0.954847 0.188362
vt 0.964423 0.175698
vt 0.961400 0.198966
vt 0.950474 0.181814
vt 0.781262 0.983912
vt 0.781262 0.996137
vt 0.779084 0.985480
vt 0.964545 0.221634
vt 0.969890 0.207831
vt 0.975040 0.221634
vt 0.321053 0.147243
vt 0.320533 0.142359
vt 0.334394 0.139714
vt 0.320670 0.132444
vt 0.964423 0.217936
vt 0.953650 0.194975
vt 0.344377 0.121027
vt 0.337178 0.113532
vt 0.322520 0.150750
vt 0.199859 0.889312
vt 0.224752 0.889908
vt 0.201233 0.904810
vt 0.198748 0.890714
vt 0.786326 0.821015
vt 0.790631 0.797854
vt 0.790631 0.822686
vt 0.787004 0.822885
vt 0.321770 0.154336
vt 0.344985 0.161527
vt 0.347835 0.144704
vt 0.368490 0.147667
vt 0.368931 0.185328
vt 0.778031 0.040669
vt 0.771510 0.024209
vt 0.802356 0.068900
vt 0.795013 0.053869
vt 0.765557 0.018853
vt 0.224752 0.923032
vt 0.203772 0.917630
vt 0.318441 0.242650
vt 0.982844 0.344262
vt 0.973742 0.316075
vt 0.982844 0.311098
vt 0.602011 0.986133
vt 0.609191 0.957357
vt 0.609191 0.989127
vt 0.199940 0.636118
vt 0.190333 0.641510
vt 0.363646 0.198000
vt 0.346173 0.193171
vt 0.370518 0.167978
vt 0.371498 0.193123
vt 0.390454 0.197513
vt 0.457177 0.324867
vt 0.457653 0.341049
vt 0.434304 0.339732
vt 0.437783 0.326670
vt 0.445822 0.314600
vt 0.815335 0.257648
vt 0.823674 0.248009
vt 0.828067 0.259340
vt 0.435061 0.298673
vt 0.434102 0.320925
vt 0.954700 0.635510
vt 0.945295 0.635510
vt 0.951223 0.624667
vt 0.197379 0.623574
vt 0.802714 0.253346
vt 0.825148 0.235201
vt 0.412592 0.302381
vt 0.148777 0.658478
vt 0.154941 0.672816
vt 0.149423 0.672494
vt 0.150899 0.678426
vt 0.978932 0.962196
vt 0.969685 0.966856
vt 0.981347 0.948374
vt 0.979823 0.968454
vt 0.981347 0.980535
vt 0.866873 0.623343
vt 0.877668 0.621755
vt 0.869256 0.643157
vt 0.002499 0.719252
vt 0.377242 0.048621
vt 0.399261 0.027560
vt 0.156463 0.629813
vt 0.157429 0.640263
vt 0.138642 0.653902
vt 0.135026 0.631745
vt 0.158258 0.651551
vt 0.479389 0.996121
vt 0.472379 0.974245
vt 0.479389 0.973267
vt 0.859428 0.974892
vt 0.857575 0.953380
vt 0.873704 0.957703
vt 0.141948 0.995039
vt 0.134459 0.985071
vt 0.141948 0.981775
vt 0.418215 0.026151
vt 0.420192 0.008416
vt 0.857534 0.996114
vt 0.862227 0.975973
vt 0.865413 0.996114
vt 0.951064 0.086759
vt 0.959356 0.081231
vt 0.962550 0.098613
vt 0.512874 0.197412
vt 0.504486 0.197412
vt 0.507126 0.183492
vt 0.619639 0.970098
vt 0.622502 0.987376
vt 0.610480 0.987376
vt 0.279406 0.997379
vt 0.271721 0.991050
vt 0.279406 0.978475
vt 0.550971 0.890794
vt 0.550971 0.924041
vt 0.545668 0.899229
vt 0.943431 0.167925
vt 0.924663 0.144028
vt 0.943431 0.142999
vt 0.922354 0.174894
vt 0.530318 0.668404
vt 0.507294 0.635771
vt 0.529303 0.620300
vt 0.962550 0.050417
vt 0.508069 0.685412
vt 0.976119 0.980788
vt 0.976119 0.999120
vt 0.969659 0.988814
vt 0.530974 0.679968
vt 0.768536 0.421852
vt 0.778195 0.404736
vt 0.784702 0.421716
vt 0.784702 0.407789
vt 0.855772 0.982354
vt 0.847624 0.960823
vt 0.855772 0.958562
vt 0.842026 0.973572
vt 0.885546 0.546393
vt 0.879424 0.546393
vt 0.883742 0.536249
vt 0.310303 0.353501
vt 0.310303 0.361237
vt 0.305370 0.357100
vt 0.801396 0.986332
vt 0.797568 0.986097
vt 0.803641 0.980948
vt 0.080369 0.795689
vt 0.076546 0.777172
vt 0.080369 0.768349
vt 0.961856 0.404293
vt 0.969386 0.393837
vt 0.969386 0.404740
vt 0.985959 0.425775
vt 0.992968 0.412436
vt 0.992968 0.440480
vt 0.168665 0.633674
vt 0.167347 0.626666
vt 0.173025 0.635107
vt 0.933091 0.898718
vt 0.947406 0.898740
vt 0.924085 0.585710
vt 0.921589 0.542567
vt 0.939704 0.543122
vt 0.873704 0.975761
vt 0.939704 0.586555
vt 0.809117 0.980935
vt 0.364674 0.021311
vt 0.367927 0.000985
vt 0.887134 0.634934
vt 0.993485 0.570717
vt 0.996079 0.569443
vt 0.999148 0.586314
vt 0.999148 0.563043
vt 0.989035 0.412464
vt 0.803641 0.999905
vt 0.512865 0.910906
vt 0.506327 0.867538
vt 0.522057 0.862390
vt 0.952648 0.315220
vt 0.938878 0.318578
vt 0.942649 0.311181
vt 0.396121 0.113543
vt 0.411895 0.112432
vt 0.393742 0.104428
vt 0.440871 0.694349
vt 0.455730 0.697399
vt 0.522057 0.915313
vt 0.004682 0.743992
vt 0.000251 0.726796
vt 0.439755 0.676373
vt 0.828067 0.216208
vt 0.292077 0.382102
vt 0.319791 0.385713
vt 0.294540 0.412020
vt 0.942997 0.650629
vt 0.959496 0.635785
vt 0.956232 0.653464
vt 0.319791 0.441011
vt 0.753670 0.181853
vt 0.733572 0.181853
vt 0.290014 0.394382
vt 0.914161 0.947008
vt 0.908719 0.957878
vt 0.909988 0.935021
vt 0.953885 0.540640
vt 0.961314 0.532357
vt 0.963349 0.538986
vt 0.510660 0.219424
vt 0.522816 0.198699
vt 0.869555 0.505514
vt 0.187771 0.529603
vt 0.194688 0.542786
vt 0.607657 0.332631
vt 0.605799 0.326479
vt 0.607657 0.306968
vt 0.452560 0.512334
vt 0.912716 0.900704
vt 0.477711 0.530814
vt 0.518669 0.838360
vt 0.523004 0.822036
vt 0.523004 0.851812
vt 0.463308 0.521731
vt 0.942954 0.680344
vt 0.950872 0.674139
vt 0.950872 0.691554
vt 0.450507 0.527921
vt 0.199798 0.510861
vt 0.983441 0.719280
vt 0.970708 0.724925
vt 0.982043 0.711897
vt 0.983441 0.733487
vt 0.251514 0.872679
vt 0.275740 0.871363
vt 0.262224 0.893353
vt 0.626864 0.709538
vt 0.610639 0.716322
vt 0.620340 0.704903
vt 0.247432 0.861118
vt 0.297481 0.433357
vt 0.632092 0.724365
vt 0.334619 0.858892
vt 0.712677 0.179771
vt 0.228629 0.839048
vt 0.228629 0.860909
vt 0.224901 0.849458
vt 0.970629 0.732483
vt 0.748978 0.196439
vt 0.736681 0.182786
vt 0.748978 0.182376
vt 0.252520 0.854000
vt 0.276539 0.858032
vt 0.687330 0.158434
vt 0.699859 0.147059
vt 0.712260 0.187246
vt 0.782531 0.378434
vt 0.793771 0.355905
vt 0.782369 0.370924
vt 0.683935 0.092120
vt 0.705745 0.873495
vt 0.723620 0.913535
vt 0.706428 0.913535
vt 0.729730 0.880587
vt 0.610409 0.601762
vt 0.610409 0.626718
vt 0.608223 0.605046
vt 0.276539 0.887785
vt 0.752048 0.383393
vt 0.928391 0.933730
vt 0.693181 0.187227
vt 0.194256 0.488279
vt 0.194256 0.494699
vt 0.192634 0.491168
vt 0.358301 0.578545
vt 0.481714 0.601627
vt 0.469284 0.595813
vt 0.481714 0.580463
vt 0.441705 0.702562
vt 0.474463 0.716798
vt 0.437791 0.722001
vt 0.869028 0.536254
vt 0.872212 0.547487
vt 0.865790 0.543891
vt 0.584638 0.944606
vt 0.584638 0.973444
vt 0.571129 0.956568
vt 0.894218 0.185430
vt 0.885397 0.188272
vt 0.883903 0.177691
vt 0.896946 0.175747
vt 0.691978 0.940907
vt 0.493573 0.908213
vt 0.499757 0.916677
vt 0.915735 0.398231
vt 0.991459 0.008775
vt 0.993874 0.000772
vt 0.996382 0.000145
vt 0.384888 0.804475
vt 0.388105 0.796092
vt 0.388105 0.811067
vt 0.809380 0.971820
vt 0.805520 0.966377
vt 0.807738 0.967669
vt 0.224586 0.557220
vt 0.229134 0.556024
vt 0.226170 0.536312
vt 0.231754 0.551743
vt 0.177980 0.494478
vt 0.177412 0.491467
vt 0.179842 0.493439
vt 0.618810 0.127955
vt 0.618810 0.137322
vt 0.617819 0.136167
vt 0.179842 0.488278
vt 0.809285 0.970075
vt 0.790632 0.797580
vt 0.891756 0.847699
vt 0.890058 0.839636
vt 0.891756 0.838177
vt 0.889756 0.844678
vt 0.219000 0.981188
vt 0.219000 0.997547
vt 0.211724 0.987062
vt 0.837604 0.697432
vt 0.832841 0.682122
vt 0.837604 0.677305
vt 0.737307 0.981286
vt 0.732887 0.995567
vt 0.730673 0.987449
vt 0.737307 0.997176
vt 0.916977 0.379509
vt 0.506116 0.937470
vt 0.924466 0.361676
vt 0.523231 0.989840
vt 0.527745 0.985167
vt 0.527745 0.997718
vt 0.705518 0.196726
vt 0.700405 0.196726
vt 0.704462 0.187770
vt 0.138255 0.976237
vt 0.143770 0.976337
vt 0.149455 0.981600
vt 0.654313 0.184137
vt 0.970703 0.835404
vt 0.970703 0.848580
vt 0.962727 0.845659
vt 0.569840 0.969384
vt 0.861739 0.547487
vt 0.134497 0.981600
vt 0.496411 0.968142
vt 0.479552 0.968142
vt 0.484196 0.946318
vt 0.496086 0.950370
vt 0.539048 0.682815
vt 0.540651 0.675773
vt 0.545744 0.675484
vt 0.403742 0.990848
vt 0.408486 0.985011
vt 0.408486 0.997753
vt 0.518668 0.859214
vt 0.519945 0.854451
vt 0.522886 0.861914
vt 0.617949 0.188972
vt 0.617949 0.196635
vt 0.617020 0.193599
vt 0.489000 0.937768
vt 0.522886 0.852010
vt 0.491610 0.938141
vt 0.783905 0.090663
vt 0.799609 0.069350
vt 0.801699 0.090663
vt 0.790974 0.069505
vt 0.884268 0.174226
vt 0.879707 0.156683
vt 0.884268 0.154632
vt 0.981222 0.998022
vt 0.976176 0.984729
vt 0.981222 0.980782
vt 0.080391 0.821184
vt 0.080391 0.835819
vt 0.076546 0.825958
vt 0.875090 0.169462
vt 0.638123 0.135442
vt 0.635985 0.150759
vt 0.619083 0.156054
vt 0.630155 0.112974
vt 0.712260 0.159911
vt 0.474881 0.739169
vt 0.482549 0.703617
vt 0.482549 0.768036
vt 0.992325 0.598014
vt 0.998333 0.587951
vt 0.998333 0.612107
vt 0.811483 0.550113
vt 0.811483 0.568481
vt 0.808778 0.561660
vt 0.532644 0.673047
vt 0.535793 0.667802
vt 0.200463 0.422674
vt 0.198881 0.375360
vt 0.200463 0.348537
vt 0.592493 0.777625
vt 0.596729 0.771362
vt 0.601176 0.777625
vt 0.827835 0.271595
vt 0.825008 0.261874
vt 0.827835 0.259816
vt 0.996589 0.029106
vt 0.996589 0.008159
vt 0.595898 0.767734
vt 0.136075 0.959972
vt 0.479514 0.796457
vt 0.482051 0.788077
vt 0.482051 0.808154
vt 0.816906 0.892069
vt 0.824127 0.839436
vt 0.824127 0.919349
vt 0.969538 0.971356
vt 0.951898 0.970421
vt 0.969538 0.948328
vt 0.631902 0.970122
vt 0.631902 0.992193
vt 0.622608 0.984866
vt 0.758266 0.361257
vt 0.505205 0.198332
vt 0.482644 0.686430
vt 0.988361 0.288712
vt 0.992132 0.271312
vt 0.992132 0.300303
vt 0.999319 0.970770
vt 0.928391 0.960732
vt 0.710356 0.115525
vt 0.610384 0.670229
vt 0.116360 0.710038
vt 0.130000 0.723135
vt 0.114418 0.729686
vt 0.133664 0.690218
vt 0.121578 0.681770
vt 0.763174 0.342067
vt 0.783433 0.343737
vt 0.943625 0.155311
vt 0.961396 0.167251
vt 0.951096 0.173550
vt 0.885138 0.925542
vt 0.881395 0.914173
vt 0.885138 0.911948
vt 0.959276 0.120282
vt 0.942481 0.103762
vt 0.959952 0.104935
vt 0.060474 0.795482
vt 0.075750 0.793278
vt 0.076342 0.806407
vt 0.274912 0.687846
vt 0.253126 0.669234
vt 0.945035 0.138647
vt 0.959952 0.140201
vt 0.257433 0.687588
vt 0.610352 0.482906
vt 0.606817 0.478260
vt 0.247568 0.654060
vt 0.838014 0.341307
vt 0.862213 0.337719
vt 0.734384 0.889732
vt 0.729872 0.887444
vt 0.734384 0.873377
vt 0.596102 0.509475
vt 0.610126 0.513674
vt 0.596190 0.515905
vt 0.918198 0.193823
vt 0.936145 0.210209
vt 0.926783 0.221351
vt 0.936145 0.186784
vt 0.039474 0.817988
vt 0.040744 0.797954
vt 0.302366 0.687847
vt 0.289809 0.401963
vt 0.289809 0.418679
vt 0.284060 0.404595
vt 0.580884 0.506796
vt 0.591518 0.513791
vt 0.559408 0.484303
vt 0.925700 0.175715
vt 0.127986 0.709703
vt 0.012270 0.827789
vt 0.031545 0.832161
vt 0.031545 0.867872
vt 0.811892 0.549693
vt 0.775072 0.484557
vt 0.811892 0.484048
vt 0.560478 0.601054
vt 0.776220 0.547875
vt 0.954056 0.884809
vt 0.954056 0.897961
vt 0.944416 0.892555
vt 0.018706 0.418822
vt 0.034302 0.417074
vt 0.033251 0.433075
vt 0.752143 0.726808
vt 0.713814 0.725835
vt 0.962550 0.635451
vt 0.967289 0.624180
vt 0.972350 0.635451
vt 0.567770 0.537889
vt 0.551297 0.522368
vt 0.200592 0.866037
vt 0.214414 0.856418
vt 0.202948 0.888716
vt 0.224761 0.888895
vt 0.224761 0.839188
vt 0.926192 0.054865
vt 0.932674 0.040791
vt 0.934183 0.054865
vt 0.202111 0.842798
vt 0.885148 0.079843
vt 0.897286 0.102932
vt 0.874842 0.102932
vt 0.896101 0.078100
vt 0.553816 0.590999
vt 0.566924 0.580309
vt 0.875699 0.072346
vt 0.746196 0.769097
vt 0.710420 0.767442
vt 0.971545 0.222488
vt 0.971545 0.267965
vt 0.962962 0.264278
vt 0.889475 0.698808
vt 0.911330 0.699363
vt 0.892745 0.743551
vt 0.911330 0.745802
vt 0.075996 0.414396
vt 0.050798 0.436138
vt 0.460608 0.987509
vt 0.449959 0.979205
vt 0.460608 0.961631
vt 0.050256 0.764932
vt 0.136618 0.243018
vt 0.114313 0.240885
vt 0.105334 0.218562
vt 0.118075 0.199868
vt 0.115267 0.240190
vt 0.424907 0.971838
vt 0.424907 0.994651
vt 0.420008 0.992937
vt 0.089717 0.200238
vt 0.641071 0.091374
vt 0.652789 0.094052
vt 0.705404 0.091354
vt 0.645891 0.111750
vt 0.577418 0.895480
vt 0.574733 0.876752
vt 0.583234 0.868500
vt 0.786918 0.352435
vt 0.062703 0.995399
vt 0.070330 0.979439
vt 0.070330 0.996394
vt 0.566583 0.826075
vt 0.556991 0.847983
vt 0.551162 0.835259
vt 0.153314 0.930997
vt 0.147686 0.944052
vt 0.137728 0.933371
vt 0.134516 0.952154
vt 0.601892 0.976197
vt 0.585330 0.978708
vt 0.593184 0.958872
vt 0.000399 0.449711
vt 0.019232 0.444821
vt 0.010551 0.466249
vt 0.076471 0.439552
vt 0.005927 0.423923
vt 0.985867 0.440495
vt 0.974574 0.440495
vt 0.980197 0.415515
vt 0.078242 0.863688
vt 0.078242 0.909515
vt 0.069750 0.867379
vt 0.000157 0.869843
vt 0.003977 0.833434
vt 0.120427 0.195546
vt 0.071566 0.196829
vt 0.068931 0.207716
vt 0.986271 0.656709
vt 0.994369 0.660108
vt 0.988512 0.674913
vt 0.099132 0.189823
vt 0.841984 0.990236
vt 0.847385 0.982550
vt 0.847385 0.998007
vt 0.969094 0.971584
vt 0.969094 0.994268
vt 0.961481 0.975777
vt 0.775105 0.579988
vt 0.970748 0.803132
vt 0.962510 0.791100
vt 0.970905 0.792068
vt 0.051151 0.163218
vt 0.051234 0.190051
vt 0.971124 0.864681
vt 0.971124 0.895464
vt 0.964323 0.865771
vt 0.962057 0.892513
vt 0.994369 0.650763
vt 0.993450 0.860637
vt 0.999521 0.845723
vt 0.999521 0.867519
vt 0.087231 0.101534
vt 0.103118 0.101353
vt 0.937284 0.848349
vt 0.926376 0.848349
vt 0.935656 0.836558
vt 0.927645 0.835078
vt 0.669297 0.913206
vt 0.683952 0.909333
vt 0.683407 0.915803
vt 0.983436 0.030377
vt 0.983437 0.059238
vt 0.972528 0.045442
vt 0.970959 0.053921
vt 0.658242 0.931438
vt 0.683952 0.938331
vt 0.471995 0.947893
vt 0.478722 0.973028
vt 0.461900 0.973028
vt 0.148073 0.103612
vt 0.129742 0.097520
vt 0.989853 0.169906
vt 0.982488 0.151690
vt 0.989853 0.136291
vt 0.130035 0.055317
vt 0.730714 0.966517
vt 0.745484 0.958871
vt 0.745484 0.981095
vt 0.179057 0.040710
vt 0.197879 0.022150
vt 0.197755 0.037468
vt 0.679132 0.588810
vt 0.670150 0.616708
vt 0.671985 0.601540
vt 0.080403 0.106108
vt 0.084618 0.055376
vt 0.823103 0.961447
vt 0.809524 0.976878
vt 0.810494 0.963776
vt 0.823103 0.983630
vt 0.837759 0.789751
vt 0.830897 0.781635
vt 0.837759 0.778446
vt 0.678016 0.197228
vt 0.673922 0.188550
vt 0.675625 0.187773
vt 0.699936 0.252725
vt 0.694915 0.260934
vt 0.270397 0.051311
vt 0.848260 0.246855
vt 0.814785 0.053085
vt 0.815982 0.037224
vt 0.824547 0.098329
vt 0.247823 0.054807
vt 0.062553 0.011932
vt 0.084922 0.010544
vt 0.061824 0.040359
vt 0.730464 0.913876
vt 0.730464 0.941978
vt 0.726359 0.925298
vt 0.690581 0.277008
vt 0.700350 0.282145
vt 0.663390 0.283273
vt 0.434362 0.714181
vt 0.437006 0.696507
vt 0.437006 0.733807
vt 0.705297 0.274226
vt 0.680492 0.283796
vt 0.986968 0.361538
vt 0.986968 0.409013
vt 0.981576 0.362907
vt 0.827295 0.786575
vt 0.705804 0.262794
vt 0.999614 0.384101
vt 0.994354 0.364425
vt 0.999614 0.361414
vt 0.761298 0.332837
vt 0.800397 0.327895
vt 0.763890 0.338157
vt 0.300536 0.949787
vt 0.304399 0.943742
vt 0.304399 0.962310
vt 0.245147 0.008462
vt 0.226425 0.008845
vt 0.202343 0.008322
vt 0.201062 0.049953
vt 0.805595 0.337050
vt 0.504759 0.253645
vt 0.489542 0.340314
vt 0.483040 0.301328
vt 0.289722 0.353702
vt 0.289722 0.401640
vt 0.284060 0.357975
vt 0.688591 0.828690
vt 0.703763 0.823455
vt 0.700678 0.845917
vt 0.925663 0.502223
vt 0.942829 0.506912
vt 0.940466 0.523937
vt 0.933038 0.529104
vt 0.997126 0.311064
vt 0.997126 0.337609
vt 0.991383 0.332187
vt 0.510091 0.244525
vt 0.529911 0.243387
vt 0.485935 0.252886
vt 0.550537 0.289883
vt 0.552935 0.300993
vt 0.700900 0.869059
vt 0.789280 0.961922
vt 0.776671 0.981936
vt 0.775443 0.960608
vt 0.789280 0.983735
vt 0.703763 0.894499
vt 0.942829 0.483945
vt 0.811884 0.568645
vt 0.811884 0.583141
vt 0.808780 0.581568
vt 0.878719 0.154282
vt 0.996523 0.844262
vt 0.988958 0.844262
vt 0.992501 0.824487
vt 0.986201 0.638855
vt 0.980264 0.652077
vt 0.981703 0.626014
vt 0.986201 0.655465
vt 0.657900 0.682118
vt 0.657900 0.732410
vt 0.655396 0.717227
vt 0.089852 0.005332
vt 0.108698 0.004331
vt 0.654830 0.700631
vt 0.805595 0.283324
vt 0.083697 0.036584
vt 0.178719 0.008046
vt 0.177508 0.015253
vt 0.155299 0.010855
vt 0.552935 0.327973
vt 0.532761 0.335554
vt 0.705413 0.596987
vt 0.984237 0.670710
vt 0.133026 0.001724
vt 0.327017 0.982632
vt 0.199478 0.008721
vt 0.062836 0.056924
vt 0.134901 0.011309
vt 0.482643 0.808296
vt 0.482643 0.816605
vt 0.479517 0.809875
vt 0.669617 0.197228
vt 0.242220 0.777503
vt 0.665396 0.585507
vt 0.668855 0.580118
vt 0.668855 0.588005
vt 0.618564 0.158599
vt 0.617023 0.152483
vt 0.618564 0.149604
vt 0.165894 0.493670
vt 0.161352 0.492916
vt 0.165894 0.488274
vt 0.509993 0.341042
vt 0.057714 0.112010
vt 0.810064 0.069386
vt 0.529672 0.689992
vt 0.195947 0.890060
vt 0.482227 0.858374
vt 0.794038 0.347425
vt 0.080822 0.810425
vt 0.345697 0.790436
vt 0.098796 0.815051
vt 0.346006 0.820953
vt 0.081803 0.748054
vt 0.069599 0.907957
vt 0.228432 0.420076
vt 0.211557 0.471246
vt 0.591006 0.688738
vt 0.548401 0.690874
vt 0.991782 0.196058
vt 0.996976 0.175629
vt 0.996976 0.203939
vt 0.876635 0.446519
vt 0.897000 0.441284
vt 0.898355 0.482433
vt 0.461918 0.858330
vt 0.904861 0.527625
vt 0.920442 0.527618
vt 0.920442 0.544655
vt 0.598224 0.700641
vt 0.925474 0.483936
vt 0.838057 0.671322
vt 0.799340 0.446111
vt 0.381775 0.820953
vt 0.588734 0.107832
vt 0.823793 0.482826
vt 0.825045 0.112191
vt 0.304755 0.793346
vt 0.871567 0.482433
vt 0.944280 0.892715
vt 0.316264 0.360624
vt 0.317160 0.360496
vt 0.317160 0.361582
vt 0.830857 0.103931
vt 0.379126 0.821377
vt 0.632380 0.957920
vt 0.482945 0.480451
vt 0.482945 0.535374
vt 0.480809 0.501918
vt 0.310400 0.782948
vt 0.079840 0.501815
vt 0.441001 0.202710
vt 0.485583 0.198822
vt 0.504421 0.243233
vt 0.486273 0.220682
vt 0.552311 0.000716
vt 0.583234 0.934689
vt 0.946283 0.142992
vt 0.961396 0.146407
vt 0.072676 0.843235
vt 0.388305 0.710766
vt 0.388305 0.742884
vt 0.385260 0.720081
vt 0.101380 0.180727
vt 0.121092 0.175696
vt 0.078201 0.837530
vt 0.802649 0.083233
vt 0.344677 0.898110
vt 0.331204 0.910376
vt 0.328495 0.894889
vt 0.335169 0.927138
vt 0.486951 0.240048
vt 0.987032 0.385520
vt 0.987616 0.361421
vt 0.994291 0.385520
vt 0.464223 0.199691
vt 0.609960 0.767355
vt 0.592537 0.764611
vt 0.605962 0.750891
vt 0.593679 0.741052
vt 0.095424 0.585224
vt 0.111780 0.542152
vt 0.120383 0.586735
vt 0.745590 0.968904
vt 0.752044 0.958916
vt 0.752044 0.990251
vt 0.599507 0.631573
vt 0.601263 0.648592
vt 0.598507 0.658854
vt 0.605850 0.734009
vt 0.604616 0.701720
vt 0.141763 0.569045
vt 0.161193 0.584539
vt 0.127177 0.531001
vt 0.161193 0.543420
vt 0.609714 0.701463
vt 0.151888 0.508970
vt 0.168979 0.354230
vt 0.173136 0.348860
vt 0.188282 0.386670
vt 0.170851 0.394556
vt 0.936567 0.055441
vt 0.926862 0.068976
vt 0.918741 0.057135
vt 0.157797 0.445052
vt 0.184185 0.452849
vt 0.188691 0.483101
vt 0.167952 0.487554
vt 0.936567 0.099247
vt 0.930938 0.092520
vt 0.653720 0.918045
vt 0.655321 0.941268
vt 0.635907 0.928991
vt 0.632388 0.940486
vt 0.918263 0.095003
vt 0.199120 0.886321
vt 0.182443 0.440934
vt 0.018651 0.606187
vt 0.039175 0.610864
vt 0.019066 0.659687
vt 0.387880 0.547212
vt 0.361072 0.554915
vt 0.364541 0.547408
vt 0.364594 0.596624
vt 0.387880 0.600663
vt 0.387632 0.623559
vt 0.367173 0.631240
vt 0.609960 0.722371
vt 0.044998 0.651304
vt 0.048613 0.699443
vt 0.705413 0.685968
vt 0.670013 0.680554
vt 0.701592 0.673633
vt 0.681539 0.672286
vt 0.076662 0.467844
vt 0.068503 0.465067
vt 0.080201 0.459139
vt 0.074643 0.451235
vt 0.150065 0.122299
vt 0.171215 0.114159
vt 0.149998 0.107501
vt 0.136592 0.150818
vt 0.127476 0.113303
vt 0.170854 0.105405
vt 0.145292 0.156125
vt 0.984843 0.296922
vt 0.984843 0.310502
vt 0.980160 0.300320
vt 0.123693 0.139990
vt 0.123489 0.153090
vt 0.794003 0.401205
vt 0.798767 0.390246
vt 0.798767 0.403848
vt 0.120979 0.169487
vt 0.021234 0.208565
vt 0.020290 0.227720
vt 0.001946 0.242985
vt 0.016107 0.225710
vt 0.295545 0.543995
vt 0.292017 0.521527
vt 0.976498 0.207602
vt 0.964552 0.186240
vt 0.976498 0.175647
vt 0.804602 0.096578
vt 0.813153 0.103067
vt 0.295585 0.193505
vt 0.247193 0.777176
vt 0.247193 0.797320
vt 0.243981 0.786806
vt 0.160351 0.503505
vt 0.198620 0.424367
vt 0.346971 0.715274
vt 0.978402 0.791120
vt 0.978402 0.838665
vt 0.970998 0.831379
vt 0.198620 0.465655
vt 0.889784 0.998462
vt 0.885263 0.990881
vt 0.889784 0.984834
vt 0.164285 0.867236
vt 0.172655 0.851708
vt 0.303468 0.989699
vt 0.292371 0.976958
vt 0.303468 0.966677
vt 0.133110 0.513801
vt 0.136873 0.781932
vt 0.135845 0.801282
vt 0.134950 0.810885
vt 0.696713 0.638058
vt 0.668924 0.667815
vt 0.663048 0.641959
vt 0.663780 0.658358
vt 0.142886 0.200124
vt 0.976589 0.191928
vt 0.982917 0.175715
vt 0.982917 0.215016
vt 0.815715 0.995735
vt 0.809487 0.987238
vt 0.815715 0.983800
vt 0.531285 0.661424
vt 0.541667 0.637866
vt 0.608135 0.603735
vt 0.601015 0.602124
vt 0.979035 0.221262
vt 0.607017 0.634355
vt 0.644975 0.153817
vt 0.637982 0.150856
vt 0.994967 0.463981
vt 0.986544 0.446881
vt 0.994967 0.441192
vt 0.039432 0.884546
vt 0.059191 0.880499
vt 0.040684 0.897558
vt 0.067929 0.901900
vt 0.067940 0.879527
vt 0.058649 0.837379
vt 0.069406 0.850841
vt 0.063930 0.856269
vt 0.104155 0.251609
vt 0.115008 0.250336
vt 0.225807 0.281451
vt 0.236559 0.259493
vt 0.205763 0.259415
vt 0.227042 0.244756
vt 0.647757 0.641713
vt 0.659639 0.631135
vt 0.659538 0.663279
vt 0.256290 0.283749
vt 0.620349 0.681403
vt 0.610679 0.662902
vt 0.662577 0.680339
vt 0.583116 0.842291
vt 0.577438 0.844014
vt 0.551712 0.863716
vt 0.601892 0.957305
vt 0.153314 0.959720
vt 0.550907 0.669291
vt 0.550907 0.687873
vt 0.545842 0.672896
vt 0.963450 0.404967
vt 0.963450 0.439461
vt 0.947366 0.422970
vt 0.724542 0.330383
vt 0.760804 0.339157
vt 0.722720 0.339157
vt 0.644678 0.322176
vt 0.607908 0.317430
vt 0.644678 0.302792
vt 0.643233 0.339565
vt 0.608766 0.337401
vt 0.704401 0.760816
vt 0.681401 0.761041
vt 0.686520 0.748918
vt 0.705390 0.717592
vt 0.685548 0.711042
vt 0.705218 0.703590
vt 0.705390 0.735162
vt 0.504906 0.937805
vt 0.504906 0.975574
vt 0.498041 0.960307
vt 0.496537 0.938094
vt 0.206287 0.832995
vt 0.206882 0.810878
vt 0.228590 0.838633
vt 0.226505 0.809868
vt 0.200611 0.795491
vt 0.207340 0.777382
vt 0.228590 0.777480
vt 0.973921 0.098677
vt 0.962664 0.095398
vt 0.969435 0.063299
vt 0.973921 0.063226
vt 0.604670 0.453149
vt 0.610170 0.930465
vt 0.610170 0.897592
vt 0.590260 0.897056
vt 0.587776 0.915583
vt 0.792253 0.957977
vt 0.790745 0.924096
vt 0.807971 0.957977
vt 0.798849 0.924143
vt 0.957264 0.351304
vt 0.809363 0.925685
vt 0.725679 0.319573
vt 0.433737 0.857759
vt 0.437481 0.848606
vt 0.437481 0.860506
vt 0.711244 0.335472
vt 0.654148 0.431861
vt 0.635677 0.420717
vt 0.631287 0.398463
vt 0.605812 0.395924
vt 0.632371 0.432577
vt 0.604736 0.436488
vt 0.365873 0.969666
vt 0.361096 0.986718
vt 0.355951 0.979386
vt 0.870804 0.448771
vt 0.846451 0.457529
vt 0.850403 0.446534
vt 0.989356 0.547436
vt 0.995560 0.527151
vt 0.995560 0.553973
vt 0.870804 0.483157
vt 0.621703 0.922330
vt 0.631446 0.911898
vt 0.712729 0.101939
vt 0.724988 0.094601
vt 0.740062 0.091327
vt 0.314210 0.362675
vt 0.365873 0.992223
vt 0.867267 0.848401
vt 0.754093 0.133950
vt 0.755812 0.150091
vt 0.777676 0.149398
vt 0.786966 0.150516
vt 0.439068 0.602255
vt 0.459109 0.606314
vt 0.438956 0.622208
vt 0.437792 0.651967
vt 0.004276 0.764036
vt 0.295271 0.802702
vt 0.482644 0.621054
vt 0.405729 0.728402
vt 0.389397 0.704676
vt 0.434121 0.696688
vt 0.388590 0.750762
vt 0.399069 0.237896
vt 0.993847 0.948399
vt 0.661006 0.432329
vt 0.311511 0.643122
vt 0.304889 0.638654
vt 0.441143 0.701737
vt 0.874957 0.176275
vt 0.853836 0.187975
vt 0.851172 0.175772
vt 0.134615 0.811409
vt 0.007377 0.700229
vt 0.763191 0.973436
vt 0.763191 0.989918
vt 0.752428 0.989637
vt 0.323127 0.808764
vt 0.316673 0.816362
vt 0.870479 0.588106
vt 0.879415 0.589283
vt 0.866173 0.600506
vt 0.887134 0.598043
vt 0.982632 0.540476
vt 0.989292 0.542491
vt 0.986272 0.562748
vt 0.327499 0.837205
vt 0.333801 0.812855
vt 0.334483 0.882828
vt 0.989292 0.527195
vt 0.313490 0.829107
vt 0.730746 0.891027
vt 0.751967 0.893156
vt 0.732601 0.926697
vt 0.751967 0.930233
vt 0.620117 0.591741
vt 0.658346 0.588787
vt 0.624740 0.611969
vt 0.662577 0.604536
vt 0.272570 0.302951
vt 0.147519 0.883140
vt 0.134569 0.890606
vt 0.164095 0.890606
vt 0.266946 0.327722
vt 0.283618 0.314942
vt 0.217473 0.324291
vt 0.798113 0.419586
vt 0.788320 0.409779
vt 0.798113 0.404735
vt 0.156552 0.976167
vt 0.169403 0.969504
vt 0.169403 0.988213
vt 0.883357 0.837891
vt 0.943791 0.277467
vt 0.959984 0.271361
vt 0.945548 0.295361
vt 0.959984 0.298621
vt 0.962998 0.122785
vt 0.974088 0.103749
vt 0.974088 0.137695
vt 0.200923 0.342986
vt 0.213168 0.327112
vt 0.212116 0.352438
vt 0.959200 0.310120
vt 0.960109 0.133636
vt 0.903713 0.142809
vt 0.922148 0.148430
vt 0.209590 0.375514
vt 0.657578 0.283400
vt 0.636000 0.299703
vt 0.607973 0.262387
vt 0.622996 0.302088
vt 0.998531 0.436821
vt 0.993030 0.422150
vt 0.998531 0.412417
vt 0.779181 0.090658
vt 0.389865 0.657178
vt 0.476157 0.396035
vt 0.456065 0.420060
vt 0.482569 0.411081
vt 0.464131 0.389106
vt 0.962675 0.684277
vt 0.841643 0.174980
vt 0.831051 0.174980
vt 0.834855 0.159428
vt 0.969353 0.586768
vt 0.198542 0.926596
vt 0.721665 0.085174
vt 0.052731 0.986194
vt 0.062611 0.967359
vt 0.062611 0.991403
vt 0.449809 0.441537
vt 0.466105 0.434646
vt 0.995669 0.940772
vt 0.988738 0.929806
vt 0.995669 0.916535
vt 0.190730 0.490695
vt 0.192617 0.488277
vt 0.192617 0.494293
vt 0.930209 0.628981
vt 0.924508 0.629234
vt 0.909927 0.336789
vt 0.901635 0.327854
vt 0.909927 0.317630
vt 0.490432 0.099472
vt 0.464969 0.140490
vt 0.646430 0.767296
vt 0.647237 0.822523
vt 0.610603 0.822523
vt 0.610626 0.765202
vt 0.305683 0.518012
vt 0.317882 0.516971
vt 0.305434 0.533024
vt 0.437372 0.797522
vt 0.433736 0.789363
vt 0.437372 0.770627
vt 0.316628 0.490236
vt 0.314964 0.509237
vt 0.305914 0.498311
vt 0.306003 0.506906
vt 0.335771 0.542065
vt 0.901792 0.169150
vt 0.884764 0.108167
vt 0.901792 0.103906
vt 0.360748 0.511390
vt 0.196027 0.792276
vt 0.200424 0.786918
vt 0.200424 0.811607
vt 0.317867 0.532168
vt 0.320214 0.545812
vt 0.305025 0.546213
vt 0.973350 0.563048
vt 0.909763 0.778668
vt 0.917427 0.788376
vt 0.893609 0.788376
vt 0.351736 0.422714
vt 0.375900 0.425101
vt 0.353782 0.440203
vt 0.333328 0.430546
vt 0.110831 0.863987
vt 0.090731 0.863987
vt 0.088213 0.843506
vt 0.081888 0.821299
vt 0.094577 0.819499
vt 0.893787 0.295863
vt 0.883719 0.287612
vt 0.901290 0.291438
vt 0.556486 0.700354
vt 0.551237 0.689618
vt 0.550850 0.890200
vt 0.531924 0.890416
vt 0.908832 0.754342
vt 0.895949 0.748741
vt 0.905319 0.748392
vt 0.043302 0.874256
vt 0.039439 0.861746
vt 0.062232 0.870504
vt 0.069406 0.879153
vt 0.686827 0.986454
vt 0.684814 0.971161
vt 0.695832 0.986454
vt 0.739113 0.775181
vt 0.697879 0.967523
vt 0.938695 0.326128
vt 0.926240 0.336565
vt 0.920378 0.331407
vt 0.938695 0.361126
vt 0.926059 0.353203
vt 0.915794 0.328340
vt 0.917747 0.359053
vt 0.756539 0.435876
vt 0.791215 0.424311
vt 0.791371 0.436498
vt 0.762562 0.422903
vt 0.195815 0.063331
vt 0.175496 0.072908
vt 0.194920 0.079494
vt 0.962768 0.708346
vt 0.970526 0.675772
vt 0.970526 0.733417
vt 0.061456 0.076001
vt 0.082961 0.070954
vt 0.081455 0.097364
vt 0.899182 0.940341
vt 0.886673 0.938089
vt 0.886465 0.932000
vt 0.950334 0.175734
vt 0.949920 0.193789
vt 0.936305 0.186476
vt 0.994235 0.650520
vt 0.986270 0.647759
vt 0.994235 0.625914
vt 0.057671 0.098414
vt 0.036619 0.112676
vt 0.970817 0.848920
vt 0.188607 0.999169
vt 0.182212 0.980673
vt 0.188607 0.979333
vt 0.996571 0.675613
vt 0.996571 0.701441
vt 0.990241 0.698901
vt 0.243890 0.862962
vt 0.228806 0.859694
vt 0.972621 0.301078
vt 0.980099 0.296921
vt 0.980099 0.310326
vt 0.285497 0.911984
vt 0.290949 0.928206
vt 0.280597 0.937888
vt 0.260699 0.569294
vt 0.302245 0.924447
vt 0.304050 0.943491
vt 0.280629 0.943491
vt 0.850940 0.177393
vt 0.850769 0.214468
vt 0.824547 0.000513
vt 0.908693 0.960974
vt 0.923024 0.981139
vt 0.912792 0.982364
vt 0.923024 0.961221
vt 0.705710 0.280921
vt 0.705804 0.285926
vt 0.319149 0.349338
vt 0.319925 0.345965
vt 0.319925 0.351098
vt 0.773339 0.996389
vt 0.768009 0.993374
vt 0.768815 0.988885
vt 0.678792 0.587309
vt 0.675884 0.585045
vt 0.678792 0.580115
vt 0.769612 0.984562
vt 0.773339 0.986369
vt 0.319349 0.027018
vt 0.295653 0.002891
vt 0.961550 0.167939
vt 0.974724 0.139530
vt 0.974724 0.173533
vt 0.317468 0.007940
vt 0.319634 0.277706
vt 0.319778 0.272994
vt 0.319778 0.292263
vt 0.316469 0.001292
vt 0.159121 0.488282
vt 0.161311 0.495233
vt 0.157612 0.495233
vt 0.914550 0.046188
vt 0.986345 0.344511
vt 0.986345 0.361165
vt 0.973759 0.353474
vt 0.953768 0.586529
vt 0.939865 0.586051
vt 0.993385 0.845753
vt 0.993385 0.873423
vt 0.986418 0.851834
vt 0.950334 0.225161
vt 0.453904 0.937479
vt 0.659923 0.290921
vt 0.069288 0.497497
vt 0.046654 0.478917
vt 0.077883 0.500607
vt 0.300418 0.966449
vt 0.281519 0.962274
vt 0.300418 0.943762
vt 0.991522 0.221799
vt 0.982991 0.220683
vt 0.991522 0.202017
vt 0.841577 0.995255
vt 0.833781 0.977122
vt 0.841577 0.973135
vt 0.280579 0.949166
vt 0.120142 0.946435
vt 0.130479 0.943291
vt 0.644415 0.908676
vt 0.655321 0.906944
vt 0.641966 0.921339
vt 0.633532 0.915015
vt 0.702657 0.309975
vt 0.705905 0.291596
vt 0.705905 0.333603
vt 0.408720 0.971231
vt 0.403744 0.976992
vt 0.407986 0.950516
vt 0.433735 0.810571
vt 0.437249 0.797789
vt 0.437249 0.824277
vt 0.008688 0.123351
vt 0.408720 0.984776
vt 0.903874 0.961103
vt 0.885333 0.961103
vt 0.058570 0.096274
vt 0.955652 0.794848
vt 0.959654 0.791086
vt 0.610251 0.700386
vt 0.314701 0.355690
vt 0.310353 0.354772
vt 0.315483 0.353499
vt 0.315483 0.360834
vt 0.953113 0.794539
vt 0.683784 0.587319
vt 0.681375 0.580249
vt 0.683784 0.580115
vt 0.955432 0.792470
vt 0.188465 0.494833
vt 0.187173 0.493458
vt 0.188465 0.492392
vt 0.738907 0.877982
vt 0.751986 0.890509
vt 0.734617 0.884639
vt 0.738323 0.836402
vt 0.745751 0.826102
vt 0.751944 0.831067
vt 0.751986 0.852678
vt 0.687417 0.695519
vt 0.994676 0.916267
vt 0.988734 0.908744
vt 0.994676 0.886863
vt 0.658349 0.705901
vt 0.659561 0.686825
vt 0.868181 0.689392
vt 0.838318 0.689392
vt 0.849812 0.684099
vt 0.751316 0.282627
vt 0.721553 0.278629
vt 0.728815 0.267970
vt 0.706268 0.257834
vt 0.601336 0.978917
vt 0.601336 0.999370
vt 0.595032 0.981324
vt 0.944136 0.798859
vt 0.284555 0.696625
vt 0.482867 0.768460
vt 0.482867 0.787879
vt 0.479518 0.782334
vt 0.439720 0.191225
vt 0.453451 0.183496
vt 0.453451 0.198159
vt 0.971515 0.639519
vt 0.973184 0.671920
vt 0.959646 0.671920
vt 0.960674 0.635776
vt 0.947185 0.399248
vt 0.927044 0.390369
vt 0.947185 0.361490
vt 0.344672 0.927556
vt 0.344672 0.961257
vt 0.327400 0.963224
vt 0.331183 0.929521
vt 0.583116 0.867960
vt 0.985331 0.201788
vt 0.991712 0.175618
vt 0.991712 0.199749
vt 0.982992 0.179996
vt 0.136628 0.679713
vt 0.135778 0.745224
vt 0.135057 0.697093
vt 0.176454 0.688258
vt 0.174302 0.733208
vt 0.194807 0.685718
vt 0.192953 0.739121
vt 0.565351 0.518076
vt 0.752143 0.702265
vt 0.984866 0.603353
vt 0.984866 0.615140
vt 0.974371 0.605388
vt 0.386416 0.992315
vt 0.378257 0.981845
vt 0.386416 0.976205
vt 0.979736 0.587967
vt 0.992787 0.103439
vt 0.377475 0.973504
vt 0.931269 0.791101
vt 0.962559 0.613024
vt 0.914499 0.997393
vt 0.483751 0.858618
vt 0.483214 0.822086
vt 0.501135 0.843852
vt 0.518471 0.861926
vt 0.502665 0.825040
vt 0.323138 0.704955
vt 0.329185 0.701690
vt 0.874076 0.891315
vt 0.857612 0.927869
vt 0.858861 0.891310
vt 0.518471 0.830682
vt 0.314421 0.685274
vt 0.313464 0.694173
vt 0.872892 0.922064
vt 0.881258 0.927868
vt 0.610585 0.823016
vt 0.643689 0.827937
vt 0.623997 0.863993
vt 0.643689 0.864328
vt 0.909726 0.384259
vt 0.887608 0.366433
vt 0.909726 0.337716
vt 0.786130 0.768167
vt 0.521689 0.779721
vt 0.483230 0.777523
vt 0.726236 0.948025
vt 0.705727 0.948025
vt 0.719305 0.925357
vt 0.719637 0.913906
vt 0.960127 0.304330
vt 0.972522 0.271350
vt 0.972522 0.308044
vt 0.719441 0.230426
vt 0.732510 0.221188
vt 0.721777 0.198042
vt 0.890601 0.541225
vt 0.886341 0.494574
vt 0.904691 0.484015
vt 0.904691 0.543063
vt 0.751316 0.210193
vt 0.963900 0.042796
vt 0.950491 0.008337
vt 0.963900 0.000213
vt 0.016809 0.993253
vt 0.010318 0.969991
vt 0.016809 0.967544
vt 0.313201 0.700981
vt 0.344780 0.878790
vt 0.335085 0.875196
vt 0.344780 0.853116
vt 0.136534 0.747764
vt 0.165722 0.745879
vt 0.160266 0.753745
vt 0.608135 0.683202
vt 0.602254 0.699423
vt 0.242867 0.726397
vt 0.246678 0.707729
vt 0.246678 0.748081
vt 0.849623 0.662618
vt 0.862904 0.661521
vt 0.838429 0.644074
vt 0.858738 0.643661
vt 0.375400 0.642622
vt 0.894835 0.055665
vt 0.172641 0.745224
vt 0.876536 0.055459
vt 0.756086 0.477832
vt 0.731104 0.478274
vt 0.731100 0.467164
vt 0.756086 0.428132
vt 0.709425 0.429495
vt 0.708039 0.483011
vt 0.172435 0.679210
vt 0.251138 0.893728
vt 0.075930 0.819435
vt 0.040348 0.832358
vt 0.076342 0.836952
vt 0.571490 0.491157
vt 0.978012 0.880843
vt 0.982628 0.879272
vt 0.982628 0.894869
vt 0.962845 0.267999
vt 0.948000 0.261223
vt 0.962845 0.229370
vt 0.173590 0.787745
vt 0.195893 0.835427
vt 0.173888 0.833903
vt 0.303842 0.734646
vt 0.300953 0.708177
vt 0.303842 0.688446
vt 0.195772 0.793413
vt 0.547491 0.074382
vt 0.565432 0.090937
vt 0.536595 0.106919
vt 0.538927 0.121828
vt 0.537690 0.083626
vt 0.513289 0.097490
vt 0.520332 0.085077
vt 0.509628 0.956736
vt 0.389107 0.770125
vt 0.434121 0.753150
vt 0.199798 0.567277
vt 0.617021 0.186022
vt 0.618211 0.179713
vt 0.618211 0.188887
vt 0.334144 0.570322
vt 0.348848 0.561152
vt 0.529507 0.192729
vt 0.513380 0.189546
vt 0.959496 0.670720
vt 0.943431 0.673862
vt 0.635092 0.763960
vt 0.654595 0.692707
vt 0.622343 0.682277
vt 0.403587 0.975264
vt 0.403587 0.997830
vt 0.397324 0.994933
vt 0.985233 0.295520
vt 0.982445 0.016953
vt 0.983145 0.030083
vt 0.970958 0.004093
vt 0.983145 0.000150
vt 0.669787 0.158453
vt 0.337337 0.551844
vt 0.339461 0.547214
vt 0.472292 0.989046
vt 0.461868 0.990694
vt 0.470943 0.978458
vt 0.462215 0.975922
vt 0.472292 0.973240
vt 0.617965 0.179608
vt 0.617020 0.173281
vt 0.617965 0.167806
vt 0.639375 0.161334
vt 0.644457 0.162082
vt 0.437485 0.939860
vt 0.433401 0.930382
vt 0.437485 0.915587
vt 0.919559 0.847310
vt 0.925724 0.830820
vt 0.925724 0.848053
vt 0.980883 0.675663
vt 0.849077 0.909227
vt 0.844169 0.921071
vt 0.839500 0.894081
vt 0.824976 0.921071
vt 0.826618 0.893687
vt 0.752480 0.926973
vt 0.773622 0.909045
vt 0.773622 0.944802
vt 0.992258 0.587968
vt 0.986109 0.612347
vt 0.984955 0.592438
vt 0.853162 0.172182
vt 0.858712 0.159427
vt 0.858712 0.174817
vt 0.920328 0.696791
vt 0.909663 0.684578
vt 0.920328 0.682709
vt 0.992258 0.615441
vt 0.175420 0.746234
vt 0.195893 0.746001
vt 0.569341 0.138181
vt 0.530386 0.143974
vt 0.833698 0.973130
vt 0.833698 0.994285
vt 0.824899 0.978026
vt 0.524790 0.125642
vt 0.454746 0.759825
vt 0.847299 0.882043
vt 0.660605 0.582833
vt 0.665355 0.580118
vt 0.665355 0.587993
vt 0.889832 0.991954
vt 0.894836 0.984827
vt 0.894836 0.997109
vt 0.228166 0.551235
vt 0.875185 0.205220
vt 0.896946 0.223095
vt 0.595375 0.185306
vt 0.569856 0.178930
vt 0.571580 0.140845
vt 0.581486 0.133199
vt 0.018995 0.939918
vt 0.858642 0.334892
vt 0.883505 0.325396
vt 0.881835 0.334892
vt 0.858437 0.320345
vt 0.297697 0.361742
vt 0.289789 0.356279
vt 0.297697 0.353504
vt 0.875267 0.227645
vt 0.861598 0.283308
vt 0.882780 0.287411
vt 0.882352 0.313536
vt 0.653764 0.947226
vt 0.657897 0.941530
vt 0.657897 0.959722
vt 0.953488 0.845567
vt 0.962641 0.836502
vt 0.962641 0.848585
vt 0.038264 0.869597
vt 0.658141 0.172412
vt 0.928484 0.682714
vt 0.998980 0.270970
vt 0.993011 0.262755
vt 0.992923 0.251596
vt 0.998980 0.248704
vt 0.514259 0.981884
vt 0.514259 0.993691
vt 0.506288 0.984767
vt 0.887495 0.839626
vt 0.886813 0.848579
vt 0.303948 0.602595
vt 0.303948 0.613393
vt 0.302268 0.611370
vt 0.809380 0.958214
vt 0.213153 0.978569
vt 0.026013 0.975055
vt 0.641660 0.191225
vt 0.702717 0.937703
vt 0.387885 0.768669
vt 0.080357 0.768049
vt 0.076546 0.760566
vt 0.080357 0.735303
vt 0.343992 0.995527
vt 0.338108 0.990234
vt 0.343992 0.982882
vt 0.760477 0.582760
vt 0.280133 0.893830
vt 0.128413 0.815637
vt 0.857619 0.953144
vt 0.858939 0.928494
vt 0.077704 0.979440
vt 0.077704 0.996576
vt 0.070405 0.985205
vt 0.929844 0.688232
vt 0.933899 0.678342
vt 0.942843 0.680033
vt 0.928612 0.658558
vt 0.822249 0.609032
vt 0.832403 0.590057
vt 0.953397 0.848564
vt 0.944270 0.842735
vt 0.953397 0.832228
vt 0.070571 0.996372
vt 0.819185 0.588764
vt 0.908610 0.671416
vt 0.900336 0.687545
vt 0.832410 0.619915
vt 0.712924 0.618529
vt 0.735969 0.624313
vt 0.711449 0.633350
vt 0.720083 0.605492
vt 0.737574 0.613266
vt 0.716832 0.588870
vt 0.727860 0.589528
vt 0.200313 0.745303
vt 0.199031 0.741461
vt 0.200313 0.733841
vt 0.195571 0.737730
vt 0.097846 0.969538
vt 0.741799 0.593722
vt 0.836248 0.087159
vt 0.950349 0.047018
vt 0.942051 0.020541
vt 0.731356 0.635442
vt 0.710112 0.643440
vt 0.710192 0.637483
vt 0.717397 0.637018
vt 0.741525 0.649507
vt 0.738179 0.639298
vt 0.985843 0.570833
vt 0.983715 0.563997
vt 0.993409 0.563028
vt 0.993408 0.583370
vt 0.909521 0.692697
vt 0.981203 0.496494
vt 0.585517 0.993063
vt 0.585296 0.986156
vt 0.594952 0.991544
vt 0.594952 0.978886
vt 0.067940 0.912668
vt 0.036093 0.501882
vt 0.048181 0.504897
vt 0.705768 0.826015
vt 0.734387 0.831075
vt 0.718233 0.832904
vt 0.049017 0.521111
vt 0.070707 0.519358
vt 0.982932 0.338792
vt 0.989502 0.311070
vt 0.991312 0.338792
vt 0.117915 0.403732
vt 0.440910 0.791021
vt 0.437775 0.768605
vt 0.479293 0.773360
vt 0.099784 0.401763
vt 0.734387 0.873060
vt 0.710224 0.870366
vt 0.199478 0.290735
vt 0.191942 0.262791
vt 0.919441 0.573844
vt 0.899599 0.578022
vt 0.921390 0.545057
vt 0.942294 0.142645
vt 0.922410 0.138746
vt 0.942294 0.103811
vt 0.069708 0.596408
vt 0.050565 0.605204
vt 0.741995 0.342182
vt 0.070707 0.604719
vt 0.921390 0.586568
vt 0.195811 0.251940
vt 0.178097 0.252043
vt 0.922348 0.103774
vt 0.864945 0.075069
vt 0.874592 0.060981
vt 0.857333 0.840661
vt 0.874592 0.103130
vt 0.855275 0.099896
vt 0.365398 0.497839
vt 0.369453 0.508165
vt 0.363346 0.507386
vt 0.359675 0.499572
vt 0.387947 0.530675
vt 0.437511 0.824529
vt 0.437511 0.848427
vt 0.433737 0.835251
vt 0.341486 0.964314
vt 0.345416 0.963461
vt 0.345416 0.975056
vt 0.825009 0.274225
vt 0.827969 0.279554
vt 0.825997 0.282603
vt 0.196973 0.779863
vt 0.601256 0.777602
vt 0.605471 0.767734
vt 0.608425 0.777602
vt 0.316140 0.474057
vt 0.302270 0.582809
vt 0.304203 0.566663
vt 0.304203 0.602362
vt 0.983439 0.223186
vt 0.992049 0.222389
vt 0.992049 0.248056
vt 0.440419 0.850206
vt 0.799005 0.427653
vt 0.799005 0.482985
vt 0.474405 0.857882
vt 0.437751 0.857882
vt 0.828035 0.370745
vt 0.818981 0.368925
vt 0.790726 0.980741
vt 0.792082 0.971378
vt 0.799031 0.958258
vt 0.877578 0.016119
vt 0.893031 0.001115
vt 0.928447 0.665750
vt 0.909703 0.666676
vt 0.913517 0.637730
vt 0.911696 0.682406
vt 0.719416 0.807669
vt 0.928447 0.635828
vt 0.739113 0.821391
vt 0.730019 0.825501
vt 0.901504 0.271484
vt 0.225423 0.750890
vt 0.230205 0.744700
vt 0.217501 0.760189
vt 0.805427 0.980741
vt 0.710487 0.823323
vt 0.492223 0.183492
vt 0.492223 0.197471
vt 0.480409 0.185415
vt 0.080754 0.815589
vt 0.878252 0.000266
vt 0.388157 0.778395
vt 0.388157 0.795929
vt 0.384888 0.794234
vt 0.556390 0.942748
vt 0.059112 0.311690
vt 0.077363 0.295409
vt 0.557815 0.350495
vt 0.195570 0.688088
vt 0.199966 0.676654
vt 0.199966 0.733499
vt 0.555654 0.386790
vt 0.915652 0.354432
vt 0.915652 0.390023
vt 0.910201 0.355220
vt 0.077370 0.330750
vt 0.992191 0.288057
vt 0.997082 0.271315
vt 0.997082 0.301032
vt 0.551267 0.421748
vt 0.704648 0.761700
vt 0.555230 0.436961
vt 0.071194 0.344729
vt 0.078530 0.346443
vt 0.778318 0.184739
vt 0.847441 0.989144
vt 0.853327 0.982541
vt 0.853327 0.996220
vt 0.888197 0.334833
vt 0.901504 0.329909
vt 0.058827 0.294585
vt 0.064908 0.273531
vt 0.910330 0.318540
vt 0.080878 0.259283
vt 0.061925 0.250811
vt 0.059771 0.260452
vt 0.847757 0.921406
vt 0.825793 0.932837
vt 0.832810 0.924713
vt 0.754001 0.183879
vt 0.767024 0.171105
vt 0.779089 0.183879
vt 0.757121 0.169155
vt 0.840332 0.949410
vt 0.728033 0.991857
vt 0.718376 0.972812
vt 0.728033 0.970021
vt 0.766970 0.150978
vt 0.847757 0.949442
vt 0.824969 0.944322
vt 0.994099 0.410502
vt 0.562110 0.342458
vt 0.111559 0.824934
vt 0.802494 0.149922
vt 0.797955 0.133997
vt 0.802494 0.129307
vt 0.338051 0.996524
vt 0.559997 0.758152
vt 0.561475 0.744758
vt 0.577891 0.751133
vt 0.039405 0.926825
vt 0.049551 0.912990
vt 0.062075 0.931905
vt 0.040141 0.942042
vt 0.062549 0.944354
vt 0.062549 0.915721
vt 0.592245 0.777734
vt 0.650974 0.854399
vt 0.512645 0.093802
vt 0.592245 0.716201
vt 0.539126 0.961305
vt 0.523302 0.930307
vt 0.542067 0.935364
vt 0.525046 0.961305
vt 0.774746 0.484235
vt 0.754554 0.484833
vt 0.754631 0.506331
vt 0.039356 0.986118
vt 0.052179 0.967333
vt 0.052615 0.986118
vt 0.829405 0.371351
vt 0.829405 0.390096
vt 0.820926 0.381237
vt 0.746346 0.495407
vt 0.000051 0.985671
vt 0.010234 0.967537
vt 0.010234 0.991915
vt 0.493625 0.082893
vt 0.453047 0.117482
vt 0.465917 0.126949
vt 0.858782 0.053292
vt 0.871594 0.042526
vt 0.871473 0.054948
vt 0.975471 0.928814
vt 0.971903 0.908119
vt 0.982691 0.898623
vt 0.982691 0.918753
vt 0.809783 0.385264
vt 0.820809 0.371914
vt 0.820809 0.390084
vt 0.805885 0.371351
vt 0.852102 0.515730
vt 0.839479 0.525961
vt 0.193950 0.937779
vt 0.173580 0.939601
vt 0.182726 0.936986
vt 0.176560 0.956816
vt 0.189206 0.926608
vt 0.193951 0.957401
vt 0.828238 0.101895
vt 0.835983 0.087762
vt 0.835983 0.103364
vt 0.846839 0.037884
vt 0.851797 0.000850
vt 0.871594 0.000273
vt 0.000085 0.959625
vt 0.001449 0.939997
vt 0.017167 0.939134
vt 0.017167 0.967274
vt 0.961281 0.901332
vt 0.971796 0.898701
vt 0.961568 0.928453
vt 0.971796 0.944616
vt 0.824713 0.087165
vt 0.909723 0.634080
vt 0.891258 0.634753
vt 0.247507 0.794790
vt 0.891804 0.847925
vt 0.896496 0.838175
vt 0.896496 0.848253
vt 0.678353 0.187773
vt 0.685907 0.197257
vt 0.678097 0.197257
vt 0.821003 0.997753
vt 0.173899 0.488279
vt 0.173899 0.494751
vt 0.170755 0.493547
vt 0.672456 0.580115
vt 0.672456 0.587294
vt 0.668890 0.582296
vt 0.092224 0.982239
vt 0.097550 0.964159
vt 0.097550 0.993335
vt 0.029245 0.764668
vt 0.440014 0.117737
vt 0.036464 0.824277
vt 0.014592 0.827266
vt 0.449845 0.986120
vt 0.688106 0.342221
vt 0.345450 0.776945
vt 0.345262 0.797631
vt 0.335088 0.780784
vt 0.495257 0.062381
vt 0.568803 0.234543
vt 0.583900 0.198458
vt 0.600534 0.198160
vt 0.581466 0.202863
vt 0.786397 0.903299
vt 0.780642 0.923775
vt 0.553554 0.237659
vt 0.345450 0.852609
vt 0.339149 0.849459
vt 0.499574 0.007785
vt 0.490572 0.035444
vt 0.484669 0.000908
vt 0.476894 0.040576
vt 0.918004 0.175914
vt 0.897159 0.175715
vt 0.829751 0.313011
vt 0.833305 0.327657
vt 0.858169 0.337214
vt 0.793113 0.791121
vt 0.546185 0.847491
vt 0.548927 0.835406
vt 0.548927 0.819448
vt 0.536699 0.811355
vt 0.200885 0.361395
vt 0.453343 0.902309
vt 0.813356 0.563682
vt 0.113224 0.943038
vt 0.109664 0.921151
vt 0.134293 0.943044
vt 0.812193 0.586078
vt 0.824507 0.587936
vt 0.113645 0.916020
vt 0.134293 0.922028
vt 0.425110 0.915108
vt 0.431115 0.895179
vt 0.784849 0.421596
vt 0.900925 0.848578
vt 0.896541 0.844602
vt 0.900925 0.838177
vt 0.781322 0.989652
vt 0.787541 0.983906
vt 0.787541 0.994936
vt 0.954768 0.632168
vt 0.955389 0.631274
vt 0.958975 0.635229
vt 0.958975 0.624666
vt 0.775403 0.994708
vt 0.332987 0.110595
vt 0.480918 0.576017
vt 0.481965 0.569070
vt 0.481965 0.579608
vt 0.337086 0.117806
vt 0.343073 0.107655
vt 0.198113 0.492502
vt 0.198820 0.488273
vt 0.198820 0.493365
vt 0.165940 0.493261
vt 0.167108 0.488272
vt 0.170715 0.493261
vt 0.802356 0.000845
vt 0.935332 0.040519
vt 0.786947 0.000343
vt 0.957094 0.525679
vt 0.956980 0.507302
vt 0.969068 0.524338
vt 0.959218 0.483928
vt 0.480036 0.322206
vt 0.433076 0.841960
vt 0.430727 0.860239
vt 0.482223 0.337281
vt 0.969068 0.484807
vt 0.426797 0.331914
vt 0.410567 0.332117
vt 0.729003 0.574391
vt 0.706857 0.552546
vt 0.713875 0.551979
vt 0.737641 0.567481
vt 0.746008 0.579811
vt 0.970437 0.525093
vt 0.974997 0.513036
vt 0.981101 0.529962
vt 0.981101 0.494813
vt 0.588717 0.309719
vt 0.958721 0.789388
vt 0.948784 0.779914
vt 0.958721 0.778159
vt 0.080657 0.976267
vt 0.092140 0.964131
vt 0.092140 0.987574
vt 0.344677 0.879284
vt 0.577023 0.203984
vt 0.578032 0.224975
vt 0.903988 0.936006
vt 0.908195 0.931959
vt 0.908195 0.952919
vt 0.959600 0.218200
vt 0.959600 0.228814
vt 0.950450 0.218661
vt 0.685982 0.196937
vt 0.687257 0.187771
vt 0.693102 0.196937
vt 0.700343 0.187770
vt 0.700343 0.196660
vt 0.693174 0.194376
vt 0.158098 0.659342
vt 0.526823 0.689014
vt 0.164897 0.653720
vt 0.315529 0.357502
vt 0.319453 0.353497
vt 0.319453 0.360456
vt 0.999971 0.385751
vt 0.999971 0.407864
vt 0.994163 0.392282
vt 0.618389 0.158689
vt 0.618389 0.167702
vt 0.617022 0.162977
vt 0.188387 0.650307
vt 0.181524 0.653187
vt 0.588661 0.893591
vt 0.587007 0.850350
vt 0.610178 0.851169
vt 0.945220 0.336580
vt 0.952648 0.356885
vt 0.943616 0.361051
vt 0.610178 0.892864
vt 0.600140 0.896652
vt 0.283494 0.869642
vt 0.276719 0.862041
vt 0.283494 0.853882
vt 0.865493 0.983931
vt 0.873634 0.975966
vt 0.873634 0.994649
vt 0.504962 0.605059
vt 0.528342 0.603457
vt 0.530452 0.589962
vt 0.506329 0.589339
vt 0.998914 0.902121
vt 0.998428 0.867720
vt 0.824766 0.000431
vt 0.523009 0.776868
vt 0.702419 0.331194
vt 0.185050 0.494594
vt 0.827969 0.271708
s 1
usemtl Stack_of_Bricks
f 1/1/1 3/2/2 926/3/3
f 926/3/4 2/4/5 1/1/6
f 2/5/7 1712/6/8 1/7/9
f 10/8/10 4/9/11 1711/10/12
f 1711/10/13 4/9/14 1713/11/15
f 5/12/16 6/13/17 942/14/18
f 5/15/19 947/16/20 6/17/21
f 1/7/22 1712/6/23 7/18/24
f 3/19/25 1/20/26 7/21/27
f 3/22/28 416/23/29 417/24/30
f 3/19/31 7/21/32 8/25/33
f 7/26/34 10/27/35 9/28/36
f 9/28/37 10/27/38 402/29/39
f 402/30/40 10/31/41 399/32/42
f 400/33/43 401/34/44 1244/35/45
f 1690/36/46 958/37/47 397/38/48
f 962/39/49 11/40/50 1488/41/51
f 970/42/52 385/43/53 971/44/54
f 13/45/55 15/46/56 14/47/57
f 1485/48/58 15/49/59 17/50/60
f 15/49/61 1485/48/62 14/51/63
f 976/52/64 13/53/65 16/54/66
f 14/55/67 16/54/68 13/53/69
f 15/56/70 976/57/71 16/58/72
f 15/59/73 16/60/74 17/61/75
f 1484/62/76 17/63/77 14/55/78
f 17/63/79 1484/62/80 11/64/81
f 1484/65/82 14/51/83 1485/48/84
f 16/54/85 14/55/86 17/63/87
f 980/66/88 20/67/89 18/68/90
f 18/68/91 20/67/92 21/69/93
f 18/70/94 21/71/95 977/72/96
f 986/73/97 977/74/98 20/75/99
f 18/76/100 977/74/101 978/77/102
f 18/76/103 978/77/104 19/78/105
f 19/79/106 978/80/107 21/81/108
f 348/82/109 384/83/110 22/84/111
f 19/85/112 21/86/113 348/87/114
f 22/88/115 19/89/116 348/90/117
f 114/91/118 983/92/119 116/93/120
f 25/94/121 1671/95/122 1672/96/123
f 420/97/124 874/98/125 26/99/126
f 876/100/127 874/98/128 875/101/129
f 872/102/130 420/103/131 26/104/132
f 872/102/133 27/105/134 420/103/135
f 887/106/136 888/107/137 1676/108/138
f 1674/109/139 887/110/140 1676/111/141
f 29/112/142 880/113/143 408/114/144
f 887/110/145 1673/115/146 879/116/147
f 1673/115/148 887/110/149 1674/109/150
f 408/114/151 1678/117/152 1677/118/153
f 1684/119/154 887/120/155 879/121/156
f 905/122/157 32/123/158 33/124/159
f 905/122/160 33/124/161 35/125/162
f 903/126/163 32/123/164 905/122/165
f 35/127/166 34/128/167 905/129/168
f 34/130/169 907/131/170 905/122/171
f 907/131/172 34/130/173 1195/132/174
f 35/125/175 1195/132/176 34/130/177
f 904/133/178 36/134/179 1196/135/180
f 1196/135/181 35/125/182 904/133/183
f 900/136/184 37/137/185 36/138/186
f 36/138/187 37/137/188 43/139/189
f 38/140/190 903/141/191 905/142/192
f 38/140/193 905/142/194 39/143/195
f 904/133/196 35/125/197 33/124/198
f 35/125/199 1196/135/200 1195/132/201
f 1196/135/202 36/134/203 43/144/204
f 1196/135/205 43/144/206 40/145/207
f 37/146/208 41/147/209 42/148/210
f 37/149/211 44/150/212 43/151/213
f 37/149/214 42/152/215 44/150/216
f 43/144/217 44/153/218 915/154/219
f 909/155/220 42/148/221 41/147/222
f 258/156/223 1397/157/224 47/158/225
f 258/156/226 47/158/227 46/159/228
f 258/156/229 46/159/230 261/160/231
f 341/161/232 46/162/233 47/163/234
f 131/164/235 47/163/236 968/165/237
f 341/161/238 47/163/239 131/164/240
f 341/166/241 1072/167/242 46/168/243
f 968/165/244 47/163/245 1124/169/246
f 47/170/247 1396/171/248 1124/172/249
f 1163/173/250 48/174/251 1167/175/252
f 1167/176/253 48/177/254 49/178/255
f 49/178/256 48/177/257 1157/179/258
f 1079/180/259 50/181/260 285/182/261
f 292/183/262 50/184/263 1182/185/264
f 1182/186/265 1079/180/266 1081/187/267
f 1081/187/268 51/188/269 1182/186/270
f 1081/187/271 1188/189/272 51/188/273
f 1358/190/274 1109/191/275 1114/192/276
f 1358/190/277 52/193/278 1390/194/279
f 1389/195/280 1358/190/281 1390/194/282
f 1390/194/283 52/193/284 1400/196/285
f 44/153/286 55/197/287 915/154/288
f 915/154/289 56/198/290 53/199/291
f 915/154/292 55/197/293 56/198/294
f 915/200/295 58/201/296 1095/202/297
f 915/200/298 53/203/299 58/201/300
f 269/204/301 272/205/302 58/206/303
f 272/205/304 1095/207/305 58/206/306
f 45/208/307 54/209/308 55/197/309
f 55/210/310 914/211/311 45/212/312
f 914/211/313 1282/213/314 45/212/315
f 54/209/316 45/208/317 1375/214/318
f 55/215/319 54/216/320 56/217/321
f 54/216/322 244/218/323 56/217/324
f 53/203/325 57/219/326 58/201/327
f 90/220/328 363/221/329 61/222/330
f 60/223/331 59/224/332 61/222/333
f 60/225/334 1005/226/335 1416/227/336
f 1416/228/337 59/224/338 60/223/339
f 62/229/340 1420/230/341 356/231/342
f 1420/230/343 62/229/344 64/232/345
f 62/233/346 357/234/347 64/235/348
f 381/236/349 999/237/350 357/238/351
f 358/239/352 1498/240/353 357/241/354
f 1498/240/355 64/232/356 357/241/357
f 1498/240/358 65/242/359 64/232/360
f 1211/243/361 64/232/362 65/242/363
f 64/232/364 1211/243/365 1420/230/366
f 1431/244/367 68/245/368 67/246/369
f 66/247/370 69/248/371 80/249/372
f 80/250/373 528/251/374 71/252/375
f 528/251/376 70/253/377 71/252/378
f 80/250/379 71/252/380 66/254/381
f 67/246/382 69/248/383 66/247/384
f 79/255/385 69/248/386 67/246/387
f 71/252/388 495/256/389 66/254/390
f 66/254/391 495/256/392 1213/257/393
f 67/246/394 1213/258/395 1431/244/396
f 1213/258/397 67/246/398 66/247/399
f 74/259/400 525/260/401 75/261/402
f 669/262/403 525/260/404 74/259/405
f 73/263/406 74/264/407 75/265/408
f 75/266/409 525/267/410 76/268/411
f 73/269/412 75/266/413 86/270/414
f 76/268/415 86/270/416 75/266/417
f 77/271/418 78/272/419 76/273/420
f 72/274/421 76/275/422 78/276/423
f 86/277/424 76/275/425 72/274/426
f 78/276/427 68/245/428 72/274/429
f 78/276/430 77/278/431 527/279/432
f 79/255/433 78/276/434 527/279/435
f 78/276/436 79/255/437 68/245/438
f 79/255/439 67/246/440 68/245/441
f 527/279/442 80/249/443 79/255/444
f 79/255/445 80/249/446 69/248/447
f 72/274/448 85/280/449 81/281/450
f 1030/282/451 87/283/452 83/284/453
f 82/285/454 81/286/455 84/287/456
f 82/285/457 84/287/458 83/288/459
f 84/287/460 81/286/461 85/289/462
f 84/290/463 85/291/464 313/292/465
f 72/274/466 68/245/467 85/280/468
f 73/269/469 86/270/470 82/293/471
f 86/270/472 81/294/473 82/293/474
f 73/269/475 82/293/476 87/295/477
f 87/295/478 82/293/479 83/296/480
f 86/270/481 72/297/482 81/294/483
f 987/298/484 88/299/485 984/300/486
f 88/299/487 989/301/488 984/300/489
f 341/166/490 90/220/491 61/222/492
f 341/166/493 61/222/494 59/224/495
f 59/224/495 1072/167/496 341/166/493
f 1212/302/497 332/303/498 1061/304/499
f 1017/305/500 332/306/501 1212/307/502
f 1174/308/503 1203/309/504 92/310/505
f 1203/311/506 1173/312/507 91/313/508
f 1431/314/509 1173/315/510 1204/316/511
f 1203/311/512 91/313/513 333/317/514
f 91/313/515 1173/312/516 1431/318/517
f 349/319/518 352/320/519 94/321/520
f 990/322/521 349/323/522 94/324/523
f 1021/325/524 990/322/525 94/324/526
f 94/321/527 95/326/528 96/327/529
f 94/328/530 96/329/531 1022/330/532
f 94/331/533 1022/332/534 1021/333/535
f 94/321/536 1237/334/537 95/326/538
f 93/335/539 1237/334/540 94/321/541
f 93/335/542 97/336/543 1237/334/544
f 1029/337/545 97/336/546 93/335/547
f 1029/338/548 98/339/549 100/340/550
f 99/341/551 98/339/552 1029/338/553
f 93/335/554 99/342/555 1029/337/556
f 1029/343/557 100/344/558 312/345/559
f 100/346/560 97/347/561 312/348/562
f 1228/349/563 1243/350/564 1227/351/565
f 1228/349/566 1239/352/567 1243/350/568
f 101/353/569 1239/354/570 1032/355/571
f 1036/356/572 1243/357/573 101/358/574
f 1243/359/575 1239/354/576 101/353/577
f 88/299/578 987/298/579 990/322/580
f 990/322/581 1021/325/582 88/299/583
f 1056/360/584 103/361/585 102/362/586
f 1056/360/587 1216/363/588 103/361/589
f 103/361/590 1611/364/591 102/362/592
f 1611/365/593 103/366/594 1610/367/595
f 1216/368/596 104/369/597 103/370/598
f 103/371/599 104/372/600 1601/373/601
f 106/374/602 1505/375/603 107/376/604
f 106/374/605 107/376/606 134/377/607
f 1476/378/608 107/379/609 1505/380/610
f 105/381/611 1505/382/612 106/383/613
f 127/384/614 108/385/615 1694/386/616
f 127/384/617 1694/386/618 124/387/619
f 106/388/620 1694/386/621 108/385/622
f 110/389/623 954/390/624 970/391/625
f 954/392/626 110/393/627 109/394/628
f 112/395/629 113/396/630 110/389/631
f 110/389/632 115/397/633 111/398/634
f 993/399/635 112/400/636 970/401/637
f 113/396/638 115/397/639 110/389/640
f 113/396/641 114/402/642 115/397/643
f 981/403/644 115/397/645 114/402/646
f 981/404/647 114/91/648 116/93/649
f 113/405/650 112/400/651 993/399/652
f 114/406/653 113/405/654 973/407/655
f 391/408/656 117/409/657 1223/410/658
f 1223/411/659 117/412/660 118/413/661
f 117/412/662 119/414/663 118/413/664
f 1255/415/665 392/416/666 120/417/667
f 392/416/668 1255/415/669 119/418/670
f 119/419/671 391/408/672 392/420/673
f 1252/421/674 1251/422/675 121/423/676
f 122/424/677 1252/421/678 121/423/679
f 122/424/680 121/423/681 1142/425/682
f 1142/425/683 121/423/684 961/426/685
f 1142/425/686 961/426/687 1489/427/688
f 124/428/689 400/33/690 126/429/691
f 126/429/692 123/430/693 125/431/694
f 126/429/695 400/33/696 123/430/697
f 400/33/698 1244/35/699 123/430/700
f 108/432/701 105/433/702 106/434/703
f 126/435/704 105/433/705 108/432/706
f 108/432/707 127/436/708 126/435/709
f 126/437/710 125/438/711 105/439/712
f 125/438/713 1505/440/714 105/439/715
f 123/430/716 1246/441/717 1249/442/718
f 1244/35/719 1246/441/720 123/430/721
f 128/443/722 1479/444/723 1480/445/724
f 128/443/725 1480/445/726 129/446/727
f 1480/447/728 130/448/729 129/449/730
f 131/450/731 968/451/732 129/449/733
f 129/452/734 1125/453/735 128/454/736
f 129/449/737 968/451/738 1125/455/739
f 144/456/740 1267/457/741 12/458/742
f 1693/459/743 132/460/744 1697/461/745
f 1697/462/746 133/463/747 145/464/748
f 1696/465/749 1697/461/750 146/466/751
f 1697/461/752 145/467/753 146/466/754
f 1697/461/755 132/460/756 133/468/757
f 134/377/758 1267/469/759 132/460/760
f 132/460/761 1267/469/762 144/470/763
f 355/471/764 391/472/765 98/473/766
f 98/339/767 391/474/768 1222/475/769
f 98/339/770 1222/475/771 100/340/772
f 100/476/773 1222/477/774 1034/478/775
f 143/479/776 135/480/777 1655/481/778
f 138/482/779 1655/481/780 135/480/781
f 136/483/782 137/484/783 138/482/784
f 136/483/785 138/482/786 135/480/787
f 1653/485/788 1654/486/788 1651/487/788
f 141/488/789 1655/489/789 1653/490/789
f 138/482/790 1656/491/791 1655/481/792
f 1700/492/793 143/479/793 141/493/793
f 1702/494/794 1700/492/794 141/493/794
f 1270/495/795 205/496/796 1263/497/797
f 1269/498/798 1270/499/799 139/500/800
f 1269/501/801 139/502/802 1272/503/803
f 1263/504/804 139/500/805 1270/499/806
f 1650/505/807 1702/494/808 141/493/809
f 140/506/810 141/507/811 1702/508/812
f 1704/509/813 6/510/813 947/511/813
f 142/512/814 143/479/814 943/513/814
f 143/479/815 142/512/816 135/480/817
f 142/514/818 918/515/819 135/516/820
f 1655/489/821 1654/517/821 1653/490/821
f 141/488/822 143/518/822 1655/489/822
f 144/519/823 145/464/824 133/463/825
f 144/470/826 133/468/827 132/460/828
f 1099/520/829 146/466/830 145/467/831
f 146/466/832 1099/520/833 1282/521/834
f 1192/522/835 146/466/836 1282/521/837
f 145/464/838 144/519/839 917/523/840
f 148/524/841 866/525/842 867/526/843
f 866/525/844 148/524/845 1574/527/846
f 849/528/847 585/529/848 851/530/849
f 849/531/850 149/532/851 586/533/852
f 149/534/853 1626/535/854 1629/536/855
f 149/532/856 849/531/857 1626/537/858
f 1142/538/859 150/539/860 1287/540/861
f 1298/541/862 151/542/863 1299/543/864
f 1285/544/865 151/542/866 1298/541/867
f 153/545/868 1299/546/869 152/547/870
f 153/548/871 1258/549/872 1299/550/873
f 153/551/874 151/552/875 154/553/876
f 150/554/877 154/553/878 151/552/879
f 1285/544/880 1298/541/881 147/555/882
f 147/555/883 1574/556/884 1285/544/885
f 156/557/886 160/558/887 155/559/888
f 593/560/889 155/561/890 162/562/891
f 157/563/892 158/564/893 186/565/894
f 158/564/895 840/566/896 159/567/897
f 595/568/898 840/566/899 160/558/900
f 160/558/901 840/566/902 157/563/903
f 840/566/904 158/564/905 157/563/906
f 160/558/907 157/563/908 161/569/909
f 160/558/910 161/569/911 155/559/912
f 169/570/913 165/571/914 170/572/915
f 672/573/916 167/574/917 168/575/918
f 685/576/919 672/577/920 168/578/921
f 792/579/922 170/580/923 165/581/924
f 792/582/925 167/583/926 166/584/927
f 687/585/928 169/586/929 224/587/930
f 169/586/931 687/585/932 168/575/933
f 687/585/934 224/587/935 225/588/936
f 171/589/937 836/590/938 559/591/939
f 171/589/940 172/592/941 836/590/942
f 172/593/943 768/594/944 174/595/945
f 173/596/946 172/593/947 174/595/948
f 186/565/949 566/597/950 175/598/951
f 159/599/952 566/600/953 176/601/954
f 566/602/955 159/603/956 1644/604/957
f 186/605/958 176/606/959 566/607/960
f 161/608/961 157/609/962 186/610/963
f 161/569/964 186/565/965 661/611/966
f 566/597/967 1143/612/968 175/598/969
f 186/565/970 175/598/971 177/613/972
f 1143/612/973 178/614/974 175/598/975
f 661/611/976 186/565/977 177/613/978
f 177/613/979 662/615/980 661/611/981
f 179/616/982 662/615/983 177/613/984
f 177/613/985 175/598/986 179/616/987
f 179/616/988 180/617/989 664/618/990
f 179/616/991 181/619/992 180/617/993
f 180/617/994 181/619/995 679/620/996
f 182/621/997 546/622/998 166/623/999
f 836/624/1000 546/622/1001 182/621/1002
f 172/625/1003 546/622/1004 836/624/1005
f 185/626/1006 183/627/1007 841/628/1008
f 838/629/1009 182/630/1010 841/628/1011
f 182/630/1012 185/626/1013 841/628/1014
f 183/631/1015 185/632/1016 672/633/1017
f 183/634/1018 673/635/1019 1143/636/1020
f 185/632/1021 167/583/1022 672/633/1023
f 182/630/1024 166/637/1025 185/626/1026
f 176/638/1027 158/564/1028 159/567/1029
f 186/565/1030 158/564/1031 176/638/1032
f 185/632/1033 166/584/1034 167/583/1035
f 187/639/1036 610/640/1037 188/641/1038
f 187/639/1039 188/641/1040 790/642/1041
f 790/643/1042 188/644/1043 189/645/1044
f 611/646/1045 190/647/1046 610/648/1047
f 190/649/1048 189/650/1049 610/651/1050
f 610/651/1051 189/650/1052 188/652/1053
f 191/653/1054 608/654/1055 187/655/1056
f 194/656/1057 195/657/1058 193/658/1059
f 195/657/1060 450/659/1061 193/658/1062
f 450/659/1063 1526/660/1064 193/658/1065
f 785/661/1066 1526/662/1067 453/663/1068
f 1526/662/1069 785/661/1070 791/664/1071
f 791/665/1072 196/666/1073 1526/660/1074
f 193/658/1075 1526/660/1076 196/666/1077
f 196/666/1078 791/665/1079 197/667/1080
f 196/668/1081 197/669/1082 198/670/1083
f 198/670/1084 197/669/1085 1345/671/1086
f 198/670/1087 200/672/1088 193/673/1089
f 193/674/1090 534/675/1091 194/676/1092
f 534/677/1093 200/678/1094 192/679/1095
f 192/679/1096 199/680/1097 191/681/1098
f 200/678/1099 199/680/1100 192/679/1101
f 200/678/1102 198/682/1103 199/680/1104
f 203/683/1105 204/684/1106 202/685/1107
f 204/684/1108 201/686/1109 202/685/1110
f 206/687/1111 858/688/1112 205/689/1113
f 1270/690/1114 206/687/1115 205/689/1116
f 1317/691/1117 1648/692/1118 1647/693/1119
f 1648/694/1120 1317/695/1121 207/696/1122
f 1648/694/1123 207/696/1124 1649/697/1125
f 207/696/1126 1317/695/1127 1625/698/1128
f 1649/699/1129 207/700/1130 1625/701/1131
f 1649/702/1132 1625/703/1133 850/704/1134
f 574/705/1135 1649/702/1136 850/704/1137
f 1625/703/1138 1626/706/1139 850/704/1140
f 1287/707/1141 122/424/1142 1142/425/1143
f 595/568/1144 823/708/1145 840/566/1146
f 204/684/1147 208/709/1148 201/686/1149
f 208/709/1150 204/684/1151 209/710/1152
f 208/711/1153 209/712/1154 595/713/1155
f 595/713/1156 209/712/1157 823/714/1158
f 823/708/1159 209/715/1160 204/716/1161
f 1280/717/1162 1274/718/1163 1661/719/1164
f 1280/717/1165 1661/719/1166 210/720/1167
f 1661/721/1168 572/722/1169 210/723/1170
f 210/723/1171 572/722/1172 212/724/1173
f 210/725/1174 211/726/1175 1280/727/1176
f 1280/727/1177 211/726/1178 1273/728/1179
f 210/725/1180 212/729/1181 211/726/1182
f 522/730/1183 215/731/1184 784/732/1185
f 214/733/1186 215/731/1187 522/730/1188
f 215/734/1189 213/735/1190 784/736/1191
f 215/734/1192 605/737/1193 213/735/1194
f 197/738/1195 213/739/1196 1339/740/1197
f 1339/740/1198 213/739/1199 605/741/1200
f 216/742/1201 217/743/1202 452/744/1203
f 452/745/1204 522/746/1205 784/747/1206
f 786/748/1207 216/742/1208 218/749/1209
f 218/749/1210 216/742/1211 452/744/1212
f 659/750/1213 219/751/1214 163/752/1215
f 163/752/1216 1613/753/1217 659/750/1218
f 659/750/1219 496/754/1220 219/751/1221
f 155/559/1222 163/755/1223 162/756/1224
f 162/757/1225 163/752/1226 220/758/1227
f 163/752/1228 219/751/1229 220/758/1230
f 162/759/1231 220/760/1232 656/761/1233
f 656/762/1234 221/763/1235 1573/764/1236
f 656/762/1237 220/765/1238 221/763/1239
f 496/754/1240 221/766/1241 219/751/1242
f 1573/764/1236 221/763/1235 222/767/1243
f 687/585/1244 223/768/1245 688/769/1246
f 223/770/1247 687/771/1248 225/772/1249
f 226/773/1250 223/770/1251 225/772/1252
f 169/586/1253 616/774/1254 224/587/1255
f 620/775/1256 224/776/1257 616/777/1258
f 620/775/1259 225/778/1260 224/776/1261
f 620/779/1262 607/780/1263 226/781/1264
f 619/782/1265 603/783/1266 620/784/1267
f 602/785/1268 607/786/1269 603/787/1270
f 603/783/1271 607/788/1272 620/784/1273
f 170/789/1274 686/790/1275 169/791/1276
f 227/792/1277 653/793/1278 1217/794/1279
f 653/793/1280 649/795/1281 228/796/1282
f 653/793/1283 651/797/1284 649/795/1285
f 147/798/1286 866/525/1287 1574/527/1288
f 155/559/1289 161/569/1290 163/755/1291
f 229/799/1292 232/800/1293 230/801/1294
f 230/802/1295 678/803/1296 229/804/1297
f 230/801/1298 231/805/1299 494/806/1300
f 487/807/1301 231/805/1302 488/808/1303
f 230/801/1304 232/800/1305 231/805/1306
f 231/805/1307 232/800/1308 488/808/1309
f 233/809/1310 234/810/1311 232/811/1312
f 488/812/1313 232/811/1314 234/810/1315
f 490/813/1316 488/812/1317 234/810/1318
f 117/409/1319 391/408/1320 119/419/1321
f 653/793/1322 228/796/1323 1217/794/1324
f 226/814/1325 225/778/1326 620/775/1327
f 619/782/1328 620/784/1329 235/815/1330
f 615/816/1331 235/815/1332 620/784/1333
f 237/817/1334 236/818/1335 1112/819/1336
f 1114/820/1337 238/821/1338 1112/822/1339
f 1374/823/1340 1370/824/1341 238/825/1342
f 1112/819/1343 236/818/1344 240/826/1345
f 1112/819/1346 240/826/1347 239/827/1348
f 240/828/1349 1413/829/1350 243/830/1351
f 240/826/1352 236/818/1353 1413/831/1354
f 236/832/1355 1370/833/1356 1413/834/1357
f 1131/835/1358 240/828/1359 243/830/1360
f 1112/822/1361 238/821/1362 1370/833/1363
f 1112/822/1364 1370/833/1365 237/836/1366
f 237/836/1367 1370/833/1368 236/832/1369
f 243/830/1370 242/837/1371 241/838/1372
f 1136/839/1373 1356/840/1374 1370/824/1375
f 1136/839/1376 1370/824/1377 1374/823/1378
f 53/199/1379 56/198/1380 244/841/1381
f 53/842/1382 244/843/1383 57/844/1384
f 273/845/1385 58/846/1386 57/847/1387
f 247/848/1388 246/849/1389 273/850/1390
f 246/851/1391 250/852/1392 248/853/1393
f 247/854/1394 273/855/1395 1389/856/1396
f 249/857/1397 248/853/1398 250/852/1399
f 249/857/1400 250/852/1401 1388/858/1402
f 250/852/1403 247/859/1404 1389/195/1405
f 246/851/1406 247/859/1407 250/852/1408
f 251/860/1409 1409/861/1410 1367/862/1411
f 1359/863/1412 251/860/1413 1369/864/1414
f 251/860/1415 252/865/1416 1369/864/1417
f 252/865/1418 253/866/1419 1369/864/1420
f 253/866/1421 251/860/1422 1367/862/1423
f 1367/862/1424 1181/867/1425 1082/868/1426
f 253/866/1427 1367/862/1428 1082/868/1429
f 251/869/1430 253/870/1431 252/871/1432
f 1410/872/1433 254/873/1434 255/874/1435
f 1365/875/1436 254/873/1437 1410/872/1438
f 1361/876/1439 253/866/1440 1079/180/1441
f 1365/875/1442 1364/877/1443 254/873/1444
f 258/878/1445 257/879/1446 259/880/1447
f 257/879/1448 260/881/1449 259/880/1450
f 258/878/1451 259/880/1452 1397/882/1453
f 258/883/1454 1161/884/1455 257/885/1456
f 261/886/1457 1161/884/1458 258/883/1459
f 1395/887/1460 1397/888/1461 259/889/1462
f 1124/890/1463 1397/888/1464 1395/887/1465
f 1395/891/1466 259/892/1467 263/893/1468
f 1127/894/1469 263/895/1470 262/896/1471
f 263/895/1472 1128/897/1473 262/896/1474
f 262/896/1475 1128/897/1476 1119/898/1477
f 1127/894/1478 1399/899/1479 263/895/1480
f 1106/900/1481 1107/901/1482 264/902/1483
f 1107/901/1484 268/903/1485 264/902/1486
f 265/904/1487 268/905/1488 1107/906/1489
f 268/903/1490 1118/907/1491 264/902/1492
f 1131/835/1493 239/908/1494 240/828/1495
f 1131/835/1496 243/830/1497 241/838/1498
f 267/909/1499 266/910/1500 1126/911/1501
f 268/905/1502 265/904/1503 266/910/1504
f 268/905/1505 266/910/1506 267/909/1507
f 1395/912/1508 263/913/1509 1399/914/1510
f 52/915/1511 1358/916/1512 1114/917/1513
f 269/918/1514 275/919/1515 1097/920/1516
f 275/921/1517 270/922/1518 1096/923/1519
f 275/919/1520 269/918/1521 271/924/1522
f 271/924/1523 269/918/1524 245/925/1525
f 58/846/1526 273/845/1527 269/918/1528
f 1097/926/1529 272/927/1530 269/928/1531
f 245/925/1532 269/918/1533 246/851/1534
f 273/845/1535 246/851/1536 269/918/1537
f 275/929/1538 271/930/1539 274/931/1540
f 277/932/1541 278/933/1542 276/934/1543
f 278/933/1544 277/932/1545 1138/935/1546
f 278/936/1547 1094/937/1548 279/938/1549
f 279/939/1550 1348/940/1551 276/941/1552
f 276/934/1553 1348/942/1554 1093/943/1555
f 278/944/1556 279/939/1557 276/941/1558
f 276/934/1559 1093/943/1560 280/945/1561
f 1366/946/1562 1413/947/1563 1371/948/1564
f 1371/948/1565 1413/947/1566 1372/949/1567
f 1366/950/1568 283/951/1569 282/952/1570
f 283/951/1571 1366/950/1572 1085/953/1573
f 281/954/1574 282/955/1575 1085/956/1576
f 1366/950/1577 1365/875/1578 1085/953/1579
f 282/952/1580 283/951/1581 1415/957/1582
f 281/958/1583 1366/959/1584 282/960/1585
f 1085/961/1586 282/962/1586 1414/963/1586
f 283/951/1587 1085/953/1588 1414/964/1589
f 1370/833/1590 1372/965/1591 1413/834/1592
f 49/966/1593 284/967/1594 1168/968/1595
f 285/969/1596 291/970/1597 1079/971/1598
f 286/972/1599 285/973/1600 287/974/1601
f 1373/975/1602 290/976/1603 288/977/1604
f 298/978/1605 1185/979/1606 299/980/1607
f 290/976/1608 298/981/1609 297/982/1610
f 290/976/1611 1185/983/1612 298/981/1613
f 1185/983/1614 290/976/1615 1187/984/1616
f 288/977/1617 290/976/1618 289/985/1619
f 289/986/1620 285/969/1621 1073/987/1622
f 289/986/1623 290/988/1624 291/970/1625
f 285/969/1626 289/986/1627 291/970/1628
f 299/980/1629 1185/979/1630 1186/989/1631
f 1369/864/1632 253/866/1633 1361/876/1634
f 50/181/1635 1079/180/1636 1182/186/1637
f 287/990/1638 292/183/1639 1182/185/1640
f 255/874/1641 254/873/1642 293/991/1643
f 293/992/1644 254/993/1645 294/994/1646
f 1368/995/1647 1363/996/1648 294/997/1649
f 254/873/1650 1368/995/1651 294/997/1652
f 297/982/1653 295/998/1654 294/999/1655
f 295/998/1656 297/982/1657 296/1000/1658
f 294/997/1659 1363/996/1660 297/1001/1661
f 1363/996/1662 291/1002/1663 290/1003/1664
f 297/1001/1665 1363/996/1666 290/1003/1667
f 296/1000/1668 297/982/1669 298/981/1670
f 292/1004/1671 287/974/1672 285/973/1673
f 285/182/1674 50/181/1675 292/1005/1676
f 1373/975/1677 1187/984/1678 290/976/1679
f 1209/1006/1680 300/1007/1681 1205/1008/1682
f 300/1007/1683 301/1009/1684 1205/1008/1685
f 300/1007/1686 1422/1010/1687 301/1009/1688
f 304/1011/1689 303/1012/1690 1422/1013/1691
f 1422/1013/1692 303/1012/1693 301/1014/1694
f 301/1014/1695 303/1012/1696 302/1015/1697
f 315/1016/1698 303/1017/1699 304/1018/1700
f 305/1019/1701 1422/1013/1702 1421/1020/1703
f 305/1019/1704 304/1011/1705 1422/1013/1706
f 306/1021/1707 304/1011/1708 305/1019/1709
f 306/1022/1710 329/1023/1711 307/1024/1712
f 306/1021/1713 307/1025/1714 304/1011/1715
f 1225/1026/1716 1429/1027/1717 310/1028/1718
f 1039/1029/1719 1044/1030/1720 336/1031/1721
f 1042/1032/1722 1044/1030/1723 1039/1029/1724
f 336/1031/1725 1435/1033/1726 1433/1034/1727
f 1039/1029/1728 336/1031/1729 1433/1034/1730
f 1039/1029/1731 1433/1034/1732 1432/1035/1733
f 83/1036/1734 84/1037/1735 1030/1038/1736
f 1030/1038/1737 84/1037/1738 313/1039/1739
f 308/1040/1740 1436/1041/1741 1438/1042/1742
f 309/1043/1743 310/1044/1744 1048/1045/1745
f 1041/1046/1746 310/1028/1747 309/1047/1748
f 1040/1048/1749 1039/1029/1750 1432/1035/1751
f 1030/1038/1752 313/1039/1753 311/1049/1754
f 311/1049/1755 313/1039/1756 312/1050/1757
f 311/1049/1758 312/1050/1759 1028/1051/1760
f 1423/1052/1761 315/1053/1762 314/1054/1763
f 315/1053/1764 1423/1052/1765 303/1055/1766
f 314/1056/1767 316/1057/1768 1424/1058/1769
f 314/1056/1770 315/1059/1771 316/1057/1772
f 315/1059/1773 320/1060/1774 316/1057/1775
f 316/1057/1776 320/1060/1777 1424/1058/1778
f 1424/1061/1779 320/1062/1780 1439/1063/1781
f 1440/1064/1782 1450/1065/1783 317/1066/1784
f 1439/1063/1785 320/1062/1786 317/1067/1787
f 1452/1068/1788 1202/1069/1789 1440/1070/1790
f 317/1071/1791 1452/1072/1792 1440/1073/1793
f 317/1074/1794 318/1075/1795 328/1076/1796
f 1451/1077/1797 327/1078/1798 318/1079/1799
f 319/1080/1800 317/1081/1801 1448/1082/1802
f 317/1081/1803 319/1080/1804 318/1083/1805
f 318/1083/1806 319/1080/1807 1451/1084/1808
f 320/1085/1809 315/1016/1810 325/1086/1811
f 325/1086/1812 1448/1087/1813 320/1085/1814
f 320/1085/1815 1448/1087/1816 317/1088/1817
f 1439/1089/1818 317/1066/1819 1450/1065/1820
f 1452/1090/1821 329/1091/1822 1200/1092/1823
f 306/1022/1824 1456/1093/1825 329/1023/1826
f 1200/1092/1827 329/1091/1828 1456/1094/1829
f 323/1095/1830 325/1096/1831 321/1097/1832
f 321/1098/1833 325/1099/1834 304/1100/1835
f 321/1098/1836 304/1100/1837 322/1101/1838
f 322/1102/1839 304/1103/1840 307/1104/1841
f 322/1105/1842 323/1095/1843 321/1097/1844
f 307/1106/1845 323/1107/1846 322/1108/1847
f 323/1107/1848 307/1106/1849 324/1109/1850
f 307/1110/1851 329/1111/1852 324/1112/1853
f 323/1095/1854 324/1113/1855 325/1096/1856
f 303/1114/1857 326/1115/1858 1460/1116/1859
f 302/1117/1860 303/1118/1861 1460/1119/1862
f 326/1120/1863 303/1121/1864 1440/1122/1865
f 328/1123/1866 1448/1124/1867 1446/1125/1868
f 327/1126/1869 328/1076/1870 318/1075/1871
f 317/1071/1872 328/1123/1873 1452/1072/1874
f 1441/1127/1875 1200/1128/1876 1456/1129/1877
f 304/1018/1878 325/1086/1879 315/1016/1880
f 1455/1130/1881 1441/1131/1882 1456/1132/1883
f 331/1133/1884 330/1134/1885 1205/1135/1886
f 331/1133/1887 1463/1136/1888 330/1134/1889
f 1210/1137/1890 1205/1138/1891 330/1139/1892
f 314/1140/1893 1424/1141/1894 1423/1142/1895
f 1203/309/1896 333/1143/1897 92/310/1898
f 334/1144/1899 337/1145/1900 1044/1146/1901
f 334/1147/1902 335/1148/1903 337/1149/1904
f 335/1150/1905 336/1151/1906 1043/1152/1907
f 335/1153/1908 334/1154/1909 336/1155/1910
f 336/1155/1911 334/1154/1912 1435/1156/1913
f 335/1148/1914 1043/1157/1915 337/1149/1916
f 1481/1158/1917 338/1159/1918 1478/1160/1919
f 339/1161/1920 344/1162/1921 338/1163/1922
f 344/1162/1923 1001/1164/1924 338/1163/1925
f 338/1163/1926 1001/1164/1927 1002/1165/1928
f 338/1163/1929 1002/1165/1930 341/166/1931
f 1478/1166/1932 338/1167/1933 131/164/1934
f 1478/1168/1935 131/1169/1936 130/1170/1937
f 338/1167/1938 341/161/1939 131/164/1940
f 341/166/1941 1002/1165/1942 340/1171/1943
f 1483/1172/1944 342/1173/1945 1481/1158/1946
f 1481/1158/1947 339/1174/1948 338/1159/1949
f 339/1174/1950 1481/1158/1951 342/1173/1952
f 339/1174/1953 342/1173/1954 343/1175/1955
f 339/1176/1956 343/1177/1957 345/1178/1958
f 339/1161/1959 376/1179/1960 344/1162/1961
f 339/1180/1962 998/1181/1963 1001/1182/1964
f 345/1178/1965 998/1183/1966 339/1176/1967
f 345/1178/1968 343/1177/1969 378/1184/1970
f 110/393/1971 979/1185/1972 346/1186/1973
f 109/394/1974 110/393/1975 346/1186/1976
f 384/1187/1977 348/1188/1978 991/1189/1979
f 21/1190/1980 20/1191/1981 348/1192/1982
f 348/1193/1983 20/75/1984 1487/1194/1985
f 355/1195/1986 350/1196/1987 349/1197/1988
f 349/1197/1989 350/1196/1990 351/1198/1991
f 352/1199/1992 349/1197/1993 351/1198/1994
f 351/1200/1995 93/335/1996 352/320/1997
f 352/320/1998 93/335/1999 94/321/2000
f 351/1200/2001 99/342/2002 93/335/2003
f 24/1201/2004 988/1202/2005 964/1203/2006
f 988/1202/2007 353/1204/2008 964/1203/2009
f 353/1204/2010 354/1205/2011 355/1206/2012
f 353/1204/2013 1493/1207/2014 354/1205/2015
f 354/1208/2016 391/1209/2017 355/1210/2018
f 113/405/2019 993/399/2020 973/407/2021
f 1416/1211/2022 356/1212/2023 1420/1213/2024
f 356/1212/2025 1416/1211/2026 357/1214/2027
f 356/1215/2028 357/1216/2029 63/1217/2030
f 1519/1218/2031 356/1219/2032 63/1220/2033
f 360/1221/2034 1498/1222/2035 358/1223/2036
f 361/1224/2037 1498/1225/2038 360/1226/2039
f 1007/1227/2040 1498/1228/2041 361/1229/2042
f 361/1229/2043 359/1230/2044 1007/1227/2045
f 360/1221/2046 358/1223/2047 359/1231/2048
f 362/1232/2049 363/1233/2050 90/1234/2051
f 90/1235/2052 1207/1236/2053 362/1237/2054
f 123/430/2055 364/1238/2056 366/1239/2057
f 123/430/2058 1249/442/2059 365/1240/2060
f 364/1238/2061 123/430/2062 365/1240/2063
f 125/431/2064 123/430/2065 366/1239/2066
f 368/1241/2067 375/1242/2068 367/1243/2069
f 368/1244/2070 367/1245/2071 383/1246/2072
f 368/1241/2073 383/1247/2074 369/1248/2075
f 372/1249/2076 369/1248/2077 367/1243/2078
f 367/1243/2079 375/1242/2080 342/1250/2081
f 375/1242/2082 368/1241/2083 1512/1251/2084
f 129/449/2085 130/448/2086 131/450/2087
f 340/1171/2088 1014/1252/2089 341/166/2090
f 343/1253/2091 1524/1254/2092 378/1255/2093
f 379/1256/2094 342/1250/2095 380/1257/2096
f 342/1258/2097 379/1259/2098 343/1260/2099
f 367/1245/2100 343/1261/2101 383/1246/2102
f 367/1262/2103 369/1263/2104 343/1264/2105
f 369/1265/2106 1524/1266/2107 343/1267/2108
f 379/1268/2109 378/1269/2110 1524/1270/2111
f 383/1271/2112 379/1268/2113 1524/1270/2114
f 343/1272/2115 379/1273/2116 383/1274/2117
f 371/1275/2118 1514/1276/2119 372/1249/2120
f 1524/1277/2121 1514/1276/2122 371/1275/2123
f 371/1278/2124 1482/1279/2125 1513/1280/2126
f 371/1278/2127 372/1281/2128 1482/1279/2129
f 370/1282/2130 1482/1279/2131 372/1281/2132
f 368/1241/2133 372/1249/2134 1514/1276/2135
f 368/1241/2136 369/1248/2137 372/1249/2138
f 372/1281/2139 342/1283/2140 370/1282/2141
f 372/1249/2142 367/1243/2143 342/1250/2144
f 370/1284/2145 342/1285/2146 1483/1286/2147
f 370/1287/2148 1483/1288/2149 373/1289/2150
f 380/1290/2151 382/1291/2152 374/1292/2153
f 380/1293/2154 378/1294/2155 382/1295/2156
f 1523/1296/2157 382/1297/2158 375/1298/2159
f 1499/1299/2160 382/1300/2161 1523/1301/2162
f 374/1302/2163 382/1300/2164 1499/1299/2165
f 379/1256/2166 374/1303/2167 378/1304/2168
f 380/1257/2169 374/1303/2170 379/1256/2171
f 380/1257/2172 342/1250/2173 375/1242/2174
f 344/1162/2175 376/1179/2176 1509/1305/2177
f 374/1306/2178 1499/1307/2179 1495/1308/2180
f 1495/1309/2181 377/1310/2182 374/1311/2183
f 374/1303/2184 377/1312/2185 378/1304/2186
f 380/1313/2187 375/1298/2188 1522/1314/2189
f 1522/1315/2190 378/1316/2191 380/1317/2192
f 1522/1314/2193 375/1298/2194 382/1297/2195
f 63/1318/2196 357/234/2197 62/233/2198
f 378/1304/2199 377/1312/2200 381/1319/2201
f 381/1320/2202 382/1321/2203 378/1322/2204
f 62/229/2205 356/231/2206 1519/1323/2207
f 1519/1323/2208 1518/1324/2209 62/229/2210
f 1001/1325/2211 1003/1326/2212 376/1327/2213
f 339/1328/2214 1001/1325/2215 376/1327/2216
f 369/1329/2217 1514/1330/2218 1524/1331/2219
f 369/1332/2220 383/1333/2221 1514/1334/2222
f 1249/442/2223 994/1335/2224 365/1240/2225
f 977/1336/2226 384/1337/2227 20/1338/2228
f 1487/1339/2229 20/1340/2230 384/1341/2231
f 1487/1339/2232 384/1341/2233 991/1342/2234
f 21/1343/2235 384/1344/2236 977/1345/2237
f 984/1346/2238 989/1347/2239 89/1348/2240
f 385/1349/2241 387/1350/2242 386/1351/2243
f 386/1352/2244 1265/1353/2245 385/1354/2246
f 1265/1353/2247 1264/1355/2248 385/1354/2249
f 1263/1356/2250 1250/1357/2251 387/1358/2252
f 1250/1359/2253 386/1360/2254 387/1361/2255
f 983/1362/2256 972/1363/2257 389/1364/2258
f 974/1365/2259 389/1366/2260 388/1367/2261
f 974/1365/2262 388/1367/2263 20/1368/2264
f 388/1369/2265 389/1370/2266 975/1371/2267
f 972/1363/2268 13/1372/2269 389/1364/2270
f 13/1372/2271 11/1373/2272 389/1364/2273
f 1491/1374/2274 1484/62/2275 390/1375/2276
f 390/1376/2277 1484/65/2278 386/1360/2279
f 390/1376/2280 386/1360/2281 1250/1359/2282
f 389/1366/2283 974/1365/2284 983/1377/2285
f 351/1378/2286 98/339/2287 99/341/2288
f 350/1379/2289 98/339/2290 351/1378/2291
f 354/1380/2292 392/420/673 391/408/672
f 354/1380/2293 1494/1381/2294 392/420/2295
f 1493/1207/2296 1494/1382/2297 354/1205/2298
f 964/1203/2299 353/1204/2300 355/1206/2301
f 98/1383/2302 350/1384/2303 355/1385/2304
f 393/1386/2305 1688/1387/2306 1687/1388/2307
f 395/1389/2308 394/1390/2309 1688/1387/2310
f 395/1389/2311 1688/1387/2312 393/1386/2313
f 396/1391/2314 397/1392/2315 958/1393/2316
f 396/1394/2317 402/1395/2318 398/1396/2319
f 402/1395/2320 399/1397/2321 398/1396/2322
f 397/1398/2323 398/1399/2324 401/1400/2325
f 401/1400/2326 400/1401/2327 397/1398/2328
f 396/1394/2329 398/1396/2330 397/1402/2331
f 399/1397/2332 1710/1403/2333 398/1396/2334
f 398/1399/2335 1710/1404/2336 401/1400/2337
f 952/1405/2338 396/1406/2339 958/1407/2340
f 394/1390/2341 955/1408/2342 1688/1387/2343
f 393/1386/2344 890/1409/2345 395/1389/2346
f 394/1410/2347 402/1411/2348 952/1412/2349
f 952/1405/2350 402/1413/2351 396/1406/2352
f 415/1414/2353 9/1415/2354 395/1416/2355
f 1689/1417/2356 1192/1418/2357 1685/1419/2358
f 1685/1419/2359 1192/1418/2360 914/1420/2361
f 44/150/2362 42/152/2363 1685/1421/2364
f 1685/1422/2365 914/1423/2366 403/1424/2367
f 44/1425/2368 1685/1422/2369 403/1424/2370
f 44/1425/2371 403/1424/2372 55/1426/2373
f 403/1424/2372 914/1423/2374 55/1426/2373
f 30/1427/2375 404/1428/2376 405/1429/2377
f 405/1429/2378 29/112/2379 406/1430/2380
f 408/1431/2381 28/1432/2382 407/1433/2383
f 408/1434/2384 419/1435/2385 409/1436/2386
f 408/1434/2387 409/1436/2388 406/1437/2389
f 409/1436/2390 878/1438/2391 406/1437/2392
f 28/1432/2393 408/1431/2394 406/1439/2395
f 406/1440/2396 878/1441/2397 410/1442/2398
f 405/1429/2399 406/1430/2400 410/1443/2401
f 30/1427/2402 405/1429/2403 410/1443/2404
f 30/1427/2405 410/1443/2406 881/1444/2407
f 31/1445/2408 410/1446/2409 411/1447/2410
f 31/1448/2411 881/1444/2412 410/1443/2413
f 411/1449/2414 413/1450/2415 31/1451/2416
f 411/1449/2417 412/1452/2418 413/1450/2419
f 410/1446/2420 878/1453/2421 411/1447/2422
f 885/1454/2423 413/1455/2424 892/1456/2425
f 885/1454/2426 31/1448/2427 413/1455/2428
f 127/1457/2429 124/428/2430 126/429/2431
f 414/1458/2432 418/1459/2433 925/1460/2434
f 928/1461/2435 920/1462/2436 414/1463/2437
f 414/1463/2438 925/1464/2439 928/1461/2440
f 937/1465/2441 923/1466/2442 940/1467/2443
f 940/1467/2444 923/1466/2445 1260/1468/2446
f 940/1469/2447 1260/1470/2448 1262/1471/2449
f 938/1472/2450 937/1465/2451 940/1467/2452
f 940/1469/2453 1262/1471/2454 939/1473/2455
f 8/1474/2456 7/1475/2457 415/1414/2458
f 9/1415/2459 415/1414/2460 7/1475/2461
f 889/1476/2462 417/24/2463 416/23/2464
f 3/22/2465 8/1477/2466 416/23/2467
f 416/1478/2468 8/1479/2469 415/1480/2470
f 416/1478/2471 415/1480/2472 889/1481/2473
f 9/1482/2474 402/1483/2475 394/1390/2476
f 9/1482/2477 394/1390/2478 395/1389/2479
f 414/1484/2480 920/1485/2481 418/1486/2482
f 1276/1487/2483 922/1488/2484 418/1459/2485
f 868/1489/2486 869/1490/2487 870/1491/2488
f 420/103/2489 409/1436/2490 419/1435/2491
f 27/105/2492 409/1436/2493 420/103/2494
f 1693/459/2495 134/377/2496 132/460/2497
f 478/1492/2498 421/1493/2499 422/1494/2500
f 421/1495/2501 478/1496/2502 424/1497/2503
f 1301/1498/2504 422/1499/2505 423/1500/2506
f 423/1500/2507 422/1499/2508 750/1501/2509
f 422/1499/2510 421/1502/2511 424/1503/2512
f 750/1501/2513 422/1499/2514 424/1503/2515
f 426/1504/2516 478/1496/2517 483/1505/2518
f 478/1496/2519 426/1504/2520 424/1497/2521
f 465/1506/2522 705/1507/2523 426/1508/2524
f 705/1507/2525 427/1509/2526 426/1508/2527
f 427/1510/2528 425/1511/2529 426/1512/2530
f 427/1510/2531 428/1513/2532 425/1511/2533
f 705/1507/2534 712/1514/2535 427/1509/2536
f 427/1510/2537 485/1515/2538 428/1513/2539
f 753/1516/2540 425/1517/2541 428/1518/2542
f 425/1511/2543 429/1519/2544 426/1512/2545
f 429/1519/2546 425/1511/2547 752/1520/2548
f 424/1521/2549 426/1522/2550 429/1523/2551
f 1309/1524/2552 422/1499/2553 1301/1498/2554
f 433/1525/2555 434/1526/2556 435/1527/2557
f 433/1525/2558 435/1527/2559 1527/1528/2560
f 433/1525/2561 431/1529/2562 434/1526/2563
f 1531/1530/2564 730/1531/2565 431/1532/2566
f 431/1532/2567 730/1531/2568 432/1533/2569
f 432/1533/2570 430/1534/2571 431/1532/2572
f 437/1535/2573 726/1536/2574 441/1537/2575
f 439/1538/2576 437/1535/2577 438/1539/2578
f 440/1540/2579 726/1541/2580 439/1542/2581
f 437/1543/2582 439/1542/2583 726/1541/2584
f 726/1544/2585 727/1545/2586 441/1546/2587
f 438/1539/2588 437/1535/2589 442/1547/2590
f 437/1535/2591 443/1548/2592 442/1547/2593
f 441/1537/2594 436/1549/2595 437/1535/2596
f 436/1549/2597 443/1548/2598 437/1535/2599
f 718/1550/2600 442/1551/2601 443/1552/2602
f 715/1553/2603 718/1550/2604 443/1552/2605
f 1525/1554/2606 444/1555/2607 435/1556/2608
f 446/1557/2609 435/1558/2610 445/1559/2611
f 445/1560/2612 435/1561/2613 762/1562/2614
f 435/1563/2615 444/1564/2616 447/1565/2617
f 762/1562/2618 435/1561/2619 447/1566/2620
f 444/1564/2621 450/1567/2622 447/1565/2623
f 762/1562/2624 447/1566/2625 448/1568/2626
f 447/1569/2627 450/659/2628 449/1570/2629
f 447/1569/2630 449/1570/2631 448/1571/2632
f 449/1570/2633 450/659/2634 195/657/2635
f 733/1572/2636 737/1573/2637 451/1574/2638
f 749/1575/2639 787/1576/2640 786/1577/2641
f 736/1578/2642 749/1575/2643 786/1577/2644
f 736/1579/2645 786/1580/2646 737/1581/2647
f 736/1582/2648 737/1583/2649 747/1584/2650
f 737/1585/2651 218/1586/2652 451/1587/2653
f 218/1588/2654 452/1589/2655 451/1590/2656
f 451/1590/2657 452/1589/2658 454/1591/2659
f 451/1574/2660 453/663/2661 733/1572/2662
f 430/1592/2663 733/1572/2664 453/663/2665
f 451/1574/2666 454/1593/2667 453/663/2668
f 454/1594/2669 785/1595/2670 453/1596/2671
f 1527/1528/2672 435/1527/2673 713/1597/2674
f 712/1598/2675 713/1599/2676 435/1600/2677
f 712/1601/2678 435/1602/2679 446/1603/2680
f 435/1527/2681 434/1526/2682 1525/1604/2683
f 441/1537/2684 729/1605/2685 436/1549/2686
f 436/1549/2687 729/1605/2688 455/1606/2689
f 729/1605/2690 709/1607/2691 455/1606/2692
f 456/1608/2693 1532/1609/2694 1529/1610/2695
f 1529/1611/2696 1552/1612/2697 456/1613/2698
f 1547/1614/2699 456/1613/2700 1552/1612/2701
f 1547/1615/2702 1545/1616/2703 456/1617/2704
f 1529/1618/2705 457/1619/2706 1545/1620/2707
f 457/1621/2708 1532/1622/2709 1545/1623/2710
f 1545/1616/2711 1532/1624/2712 456/1617/2713
f 457/1619/2714 1544/1625/2715 1532/1626/2716
f 457/1619/2717 1552/1627/2718 1544/1625/2719
f 458/1628/2720 466/1629/2721 461/1630/2722
f 459/1631/2723 460/1632/2724 461/1633/2725
f 459/1631/2726 455/1634/2727 460/1632/2728
f 458/1635/2729 461/1636/2730 462/1637/2731
f 458/1638/2732 462/1639/2733 704/1640/2734
f 460/1641/2735 455/1642/2736 708/1643/2737
f 708/1643/2738 455/1642/2739 709/1644/2740
f 462/1637/2741 461/1636/2742 460/1641/2743
f 459/1631/2744 436/1645/2745 455/1634/2746
f 704/1646/2747 483/1647/2748 463/1648/2749
f 479/1649/2750 463/1650/2751 480/1651/2752
f 458/1638/2753 463/1652/2754 479/1653/2755
f 458/1638/2756 704/1640/2757 463/1652/2758
f 464/1654/2759 704/1655/2760 465/1656/2761
f 465/1657/2762 483/1658/2763 464/1659/2764
f 468/1660/2765 467/1661/2766 482/1662/2767
f 467/1661/2768 468/1660/2769 466/1663/2770
f 479/1653/2771 466/1664/2772 458/1638/2773
f 477/1665/2774 469/1666/2775 474/1667/2776
f 474/1668/2777 469/1669/2778 473/1670/2779
f 473/1671/2780 469/1672/2781 470/1673/2782
f 470/1673/2783 469/1672/2784 481/1674/2785
f 469/1675/2786 477/1676/2787 481/1677/2788
f 471/1678/2789 467/1679/2790 475/1680/2791
f 471/1678/2792 475/1680/2793 472/1681/2794
f 697/1682/2795 472/1683/2796 473/1670/2797
f 472/1683/2798 474/1668/2799 473/1670/2800
f 472/1681/2801 475/1680/2802 474/1667/2803
f 477/1665/2804 467/1679/2805 466/1684/2806
f 467/1679/2805 477/1665/2804 475/1680/2807
f 474/1667/2808 475/1680/2809 477/1665/2810
f 466/1684/2811 479/1649/2812 477/1665/2813
f 481/1685/2814 477/1665/2815 476/1686/2816
f 481/1685/2817 476/1686/2818 478/1496/2819
f 480/1651/2820 483/1505/2821 476/1686/2822
f 477/1665/2823 479/1649/2824 480/1651/2825
f 476/1686/2826 477/1665/2827 480/1651/2828
f 480/1651/2829 463/1650/2830 483/1505/2831
f 481/1687/2832 478/1688/2833 422/1499/2834
f 1309/1524/2835 481/1687/2836 422/1499/2837
f 476/1686/2838 483/1505/2839 478/1496/2840
f 467/1679/2841 471/1678/2842 482/1689/2843
f 466/1629/2844 459/1690/2845 461/1630/2846
f 483/1658/2847 465/1657/2848 426/1691/2849
f 464/1692/2850 483/1647/2851 704/1646/2852
f 753/1516/2853 428/1518/2854 484/1693/2855
f 428/1518/2856 485/1694/2857 484/1693/2858
f 750/1695/2859 424/1521/2860 486/1696/2861
f 486/1696/2862 424/1521/2863 429/1523/2864
f 489/1697/2865 488/1698/2866 490/1699/2867
f 489/1700/2868 490/1701/2869 491/1702/2870
f 1562/1703/2871 1564/1704/2872 491/1705/2873
f 491/1706/2874 1564/1707/2875 489/1708/2876
f 1569/1709/2877 489/1708/2878 1564/1707/2879
f 70/253/2880 1568/1710/2881 71/252/2882
f 696/1711/2883 493/1712/2884 492/1713/2885
f 492/1713/2886 682/1714/2887 175/1715/2888
f 175/1715/2889 682/1714/2890 181/1716/2891
f 493/1712/2892 678/1717/2893 492/1713/2894
f 492/1713/2895 678/1717/2896 682/1714/2897
f 491/1702/2898 490/1701/2899 234/1718/2900
f 1558/1719/2901 677/1720/2902 494/1721/2903
f 491/1722/2904 1565/1723/2905 494/1724/2906
f 494/1724/2907 1565/1723/2908 230/1725/2909
f 487/1726/2910 488/1698/2911 489/1697/2912
f 678/1717/2913 230/1727/2914 1566/1728/2915
f 167/574/2916 169/586/2917 168/575/2918
f 657/1729/2919 658/1730/2920 496/1731/2921
f 657/1729/2922 496/1731/2923 659/1732/2924
f 658/1733/2925 221/766/2926 496/754/2927
f 221/766/2928 220/758/2929 219/751/2930
f 630/1734/2931 627/1735/2932 499/1736/2933
f 499/1736/2934 498/1737/2935 630/1734/2936
f 500/1738/2937 499/1736/2938 497/1739/2939
f 503/1740/2940 497/1739/2941 501/1741/2942
f 497/1739/2943 502/1742/2944 500/1738/2945
f 502/1742/2946 497/1739/2947 503/1740/2948
f 500/1738/2949 502/1742/2950 504/1743/2951
f 1611/1744/2952 1188/1745/2953 102/1746/2954
f 1586/1747/2955 508/1748/2956 507/1749/2957
f 507/1749/2958 508/1748/2959 1580/1750/2960
f 506/1751/2961 632/1752/2962 513/1753/2963
f 1598/1754/2964 506/1755/2965 513/1756/2966
f 513/1757/2967 514/1758/2968 1598/1759/2969
f 1598/1760/2970 514/1761/2971 505/1762/2972
f 505/1763/2973 511/1764/2974 519/1765/2975
f 505/1762/2976 514/1761/2977 509/1766/2978
f 505/1767/2979 515/1768/2980 510/1769/2981
f 510/1770/2982 511/1764/2983 505/1763/2984
f 511/1771/2985 510/1772/2986 1585/1773/2987
f 514/1774/2988 512/1775/2989 517/1776/2990
f 513/1777/2991 512/1778/2992 514/1779/2993
f 514/1780/2994 517/1781/2995 516/1782/2996
f 505/1767/2997 509/1783/2998 515/1768/2999
f 515/1768/3000 509/1783/3001 516/1782/3002
f 512/1784/3003 521/1785/3004 517/1786/3005
f 516/1787/3006 517/1788/3007 518/1789/3008
f 515/1790/3009 516/1787/3010 1583/1791/3011
f 516/1787/3012 518/1789/3013 1583/1791/3014
f 517/1788/3015 521/1792/3016 518/1789/3017
f 521/1792/3018 1581/1793/3019 518/1789/3020
f 507/1794/3021 1581/1793/3022 521/1792/3023
f 507/1794/3024 1580/1795/3025 1581/1793/3026
f 516/1782/3027 509/1783/3028 514/1780/3029
f 520/1796/3030 501/1797/3031 519/1798/3032
f 501/1797/3033 520/1796/3034 503/1799/3035
f 505/1763/3036 519/1765/3037 501/1800/3038
f 512/1784/3039 1587/1801/3040 521/1785/3041
f 1587/1801/3042 507/1802/3043 521/1785/3044
f 1587/1801/3045 1586/1803/3046 507/1802/3047
f 522/1804/3048 452/1805/3049 217/1806/3050
f 522/1804/3051 217/1806/3052 214/1807/3053
f 1581/1793/3054 1582/1808/3055 518/1789/3056
f 524/1809/3057 665/1810/3058 525/1811/3059
f 525/1811/3060 669/1812/3061 524/1809/3062
f 665/1813/3063 1573/1814/3064 526/1815/3065
f 665/1810/3066 526/1816/3067 525/1811/3068
f 1573/1814/3069 222/1817/3070 526/1815/3071
f 526/1818/3072 1555/1819/3073 525/1820/3074
f 526/1818/3075 222/1821/3076 1555/1819/3077
f 77/1822/3078 525/1823/3079 527/1824/3080
f 1557/1825/3081 527/1824/3082 525/1823/3083
f 1557/1825/3084 80/250/3085 527/1824/3086
f 77/271/3087 76/273/3088 525/1826/3089
f 696/1827/3090 492/1828/3091 529/1829/3092
f 179/616/3093 175/598/3094 181/619/3095
f 484/1693/3096 485/1694/3097 448/1830/3098
f 530/1831/3099 484/1693/3100 448/1830/3101
f 484/1693/3102 530/1831/3103 753/1516/3104
f 753/1832/3105 530/1833/3106 532/1834/3107
f 531/1835/3108 532/1834/3109 530/1833/3110
f 194/1836/3111 533/1837/3112 195/1838/3113
f 194/1839/3114 534/1840/3115 533/1841/3116
f 775/1842/3117 195/1843/3118 533/1841/3119
f 449/1844/3120 195/1843/3118 775/1842/3117
f 193/673/3121 200/672/3122 534/1845/3123
f 737/1585/3124 786/1846/3125 218/1586/3126
f 536/1847/3127 545/1848/3128 537/1849/3129
f 537/1850/3130 540/1851/3131 538/1852/3132
f 765/1853/3133 537/1850/3134 538/1852/3135
f 538/1852/3136 539/1854/3137 764/1855/3138
f 538/1852/3139 540/1851/3140 539/1854/3141
f 536/1847/3142 537/1849/3143 1307/1856/3144
f 753/1832/3145 532/1834/3146 545/1857/3147
f 544/1858/3148 173/1859/3149 540/1860/3150
f 540/1860/3150 173/1859/3149 539/1861/3151
f 532/1862/3152 541/1863/3153 542/1864/3154
f 545/1848/3155 532/1865/3156 542/1866/3157
f 545/1848/3158 542/1866/3159 543/1867/3160
f 543/1867/3161 537/1849/3162 545/1848/3163
f 537/1868/3164 543/1869/3165 540/1860/3166
f 543/1869/3167 542/1870/3168 544/1858/3169
f 543/1869/3170 544/1858/3171 540/1860/3172
f 542/1870/3173 541/1871/3174 544/1858/3175
f 173/1872/3176 779/1873/3177 780/1874/3178
f 780/1875/3179 546/1876/3180 172/1877/3181
f 780/1875/3182 172/1877/3183 173/1878/3184
f 533/1841/3185 535/1879/3186 775/1842/3187
f 535/1879/3188 534/1840/3189 783/1880/3190
f 533/1841/3191 534/1840/3192 535/1879/3193
f 196/668/3194 198/670/3195 193/673/3196
f 1302/1881/3197 1303/1882/3198 547/1883/3199
f 1302/1881/3200 547/1883/3201 803/1884/3202
f 811/1885/3203 550/1886/3204 548/1887/3205
f 811/1885/3206 1635/1888/3207 550/1886/3208
f 548/1889/3209 550/1890/3210 1303/1891/3211
f 1303/1891/3212 550/1890/3213 549/1892/3214
f 1303/1893/3215 549/1894/3216 547/1895/3217
f 1620/1896/3218 550/1886/3219 1635/1888/3220
f 1641/1897/3221 819/1898/3222 820/1899/3223
f 551/1900/3224 1641/1901/3225 824/1902/3226
f 551/1903/3227 765/1853/3228 763/1904/3229
f 552/1905/3230 551/1903/3231 763/1904/3232
f 825/1906/3233 826/1907/3234 552/1908/3235
f 826/1907/3236 553/1909/3237 552/1908/3238
f 554/1910/3239 551/1911/3240 552/1912/3241
f 551/1913/3242 554/1914/3243 1639/1915/3244
f 551/1916/3245 1639/1917/3246 1640/1918/3247
f 1639/1919/3248 554/1920/3249 557/1921/3250
f 555/1922/3251 556/1923/3252 1642/1924/3253
f 555/1925/3254 554/1926/3255 556/1927/3256
f 555/1928/3257 1642/1929/3258 827/1930/3259
f 555/1928/3260 827/1930/3261 828/1931/3262
f 557/1921/3263 554/1920/3264 555/1932/3265
f 560/1933/3266 831/1934/3267 558/1935/3268
f 558/1935/3269 831/1934/3270 561/1936/3271
f 561/1937/3272 831/1938/3273 836/1939/3274
f 561/1936/3275 835/1940/3276 558/1935/3277
f 835/1940/3278 559/1941/3279 558/1935/3280
f 560/1942/3281 559/1943/3282 561/1944/3283
f 558/1945/3284 559/1943/3285 560/1942/3286
f 559/1946/3287 837/1947/3288 561/1948/3289
f 837/1949/3290 835/1950/3291 561/1951/3292
f 563/1952/3293 564/1953/3294 1300/1954/3295
f 563/1955/3296 562/1956/3297 564/1957/3298
f 1300/1958/3299 565/1959/3300 563/1960/3301
f 565/1961/3302 566/1962/3303 1644/1963/3304
f 1300/1964/3305 1143/1965/3306 566/1962/3307
f 1300/1964/3308 566/1962/3309 565/1961/3310
f 565/1959/3311 1644/1966/3312 563/1960/3313
f 1641/1967/3314 551/1968/3315 819/1969/3316
f 819/1970/3317 551/1916/3318 1640/1918/3319
f 203/683/3320 202/685/3321 843/1971/3322
f 568/1972/3323 846/1973/3324 567/1974/3325
f 568/1972/3326 570/1975/3327 847/1976/3328
f 1656/491/3329 138/482/3330 570/1975/3331
f 137/484/3332 570/1975/3333 138/482/3334
f 570/1977/3335 137/1978/3336 569/1979/3337
f 568/1972/3338 567/1974/3339 570/1975/3340
f 846/1973/3341 1658/1980/3342 567/1974/3343
f 1623/1981/3344 1658/1982/3345 846/1983/3346
f 1623/1981/3347 1645/1984/3348 1658/1982/3349
f 570/1975/3350 567/1974/3351 1656/491/3352
f 575/1985/3353 573/1986/3354 1661/721/3355
f 1661/721/3356 573/1986/3357 572/722/3358
f 572/1987/3359 573/1988/3360 578/1989/3361
f 574/1990/3362 578/1991/3363 573/1992/3364
f 1661/1993/3365 574/1994/3366 575/1995/3367
f 850/1996/3368 578/1991/3369 574/1990/3370
f 574/1990/3371 573/1992/3372 575/1997/3373
f 211/1998/3374 579/1999/3375 577/2000/3376
f 211/2001/3377 212/2002/3378 576/2003/3379
f 576/2004/3380 579/1999/3381 211/1998/3382
f 212/2002/3383 578/1989/3384 576/2003/3385
f 212/2002/3386 572/1987/3387 578/1989/3388
f 577/2005/3389 580/2006/3390 1270/2007/3391
f 580/2006/3392 577/2005/3393 579/2008/3394
f 576/2009/3395 578/2010/3396 580/2011/3397
f 576/2009/3398 580/2011/3399 579/2012/3400
f 580/2011/3401 578/2010/3402 1662/2013/3403
f 1662/2013/3404 588/2014/3405 580/2011/3406
f 582/2015/3407 583/2016/3408 581/2017/3409
f 581/2018/3410 584/2019/3411 857/2020/3412
f 857/2020/3413 584/2019/3414 1292/2021/3415
f 853/2022/3416 1292/2021/3417 584/2019/3418
f 585/2023/3419 586/2024/3420 851/2025/3421
f 582/2026/3422 586/2027/3423 583/2028/3424
f 586/2027/3425 587/2029/3426 583/2028/3427
f 586/2030/3428 585/2031/3429 849/2032/3430
f 581/2017/3431 583/2016/3432 584/2033/3433
f 1662/2013/3404 1664/2034/3434 588/2014/3405
f 580/2011/3435 588/2014/3436 1299/543/3437
f 580/2011/3438 1258/2035/3439 855/2036/3440
f 1299/543/3441 1258/2035/3442 580/2011/3443
f 1258/2035/3444 1259/2037/3445 855/2036/3446
f 858/688/3447 865/2038/3448 205/689/3449
f 857/2039/3450 582/2040/3451 581/2041/3452
f 1667/2042/3453 590/2043/3454 1665/2044/3455
f 1667/2045/3456 589/2046/3457 590/2047/3458
f 859/2048/3459 1665/2049/3460 864/2050/3461
f 1665/2049/3462 590/2051/3463 864/2050/3464
f 201/2052/3465 589/2053/3466 1665/2054/3467
f 202/2055/3468 1665/2056/3469 859/2057/3470
f 202/2055/3471 201/2058/3472 1665/2056/3473
f 201/2059/3474 208/2060/3475 589/2061/3476
f 208/2062/3477 591/2063/3478 589/2046/3479
f 590/2047/3480 589/2046/3481 591/2063/3482
f 1258/2064/3483 153/2065/3484 1259/2066/3485
f 1669/2067/3486 592/2068/3487 593/2069/3488
f 594/2070/3489 593/560/3490 208/2071/3491
f 594/2072/3492 595/713/3493 592/2073/3494
f 595/713/3495 594/2072/3496 208/711/3497
f 592/2068/3498 595/2074/3499 593/2069/3500
f 595/2074/3501 156/2075/3502 593/2069/3503
f 160/558/3504 156/557/3505 595/568/3506
f 156/557/3507 155/559/3508 593/2076/3509
f 153/2077/3510 152/2078/3511 151/2079/3512
f 1299/2080/3513 151/2081/3514 152/2082/3515
f 598/2083/3516 596/2084/3517 1344/2085/3518
f 1342/2086/3519 1594/2087/3520 1343/2088/3521
f 1339/740/3522 599/2089/3523 600/2090/3524
f 599/2089/3525 1339/740/3526 605/741/3527
f 597/2091/3528 1594/2092/3529 599/2089/3530
f 597/2093/3531 598/2094/3532 1594/2095/3533
f 1343/2088/3534 1594/2087/3535 598/2096/3536
f 600/2090/3537 599/2089/3538 1594/2092/3539
f 1597/2097/3540 596/2084/3541 598/2083/3542
f 596/2098/3543 604/2099/3544 617/2100/3545
f 1344/2101/3546 617/2102/3547 1346/2103/3548
f 601/2104/3549 598/2094/3550 597/2093/3551
f 1344/2105/3552 596/2098/3553 617/2100/3554
f 603/2106/3555 618/2107/3556 1346/2108/3557
f 599/2109/3558 605/2110/3559 214/2111/3560
f 508/2112/3561 599/2109/3562 214/2111/3563
f 214/2111/3564 605/2110/3565 215/2113/3566
f 1333/2114/3567 601/2104/3568 597/2093/3569
f 608/2115/3570 199/2116/3571 610/2117/3572
f 608/2118/3573 610/2119/3574 609/2120/3575
f 609/2121/3576 610/640/3577 187/639/3578
f 190/647/3579 611/646/3580 615/816/3581
f 611/646/3582 235/815/3583 615/816/3584
f 611/2122/3585 613/2123/3586 235/2124/3587
f 612/2125/3588 614/2126/3589 686/2127/3590
f 616/2128/3591 686/2127/3592 614/2126/3593
f 603/2129/3594 619/2130/3595 618/2131/3596
f 235/2124/3597 613/2123/3598 1590/2132/3599
f 1590/2132/3600 619/2133/3601 235/2124/3602
f 619/2133/3603 1590/2132/3604 622/2134/3605
f 618/2107/3606 622/2135/3607 621/2136/3608
f 619/2137/3609 622/2138/3610 618/2139/3611
f 190/647/3612 620/784/3613 616/2128/3614
f 190/647/3615 616/2128/3616 614/2126/3617
f 615/816/3618 620/784/3619 190/647/3620
f 617/2140/3621 604/2141/3622 602/2142/3623
f 602/2143/3624 603/2144/3625 617/2145/3626
f 617/2102/3627 603/2146/3628 1346/2103/3629
f 607/786/3630 602/785/3631 606/2147/3632
f 623/2148/3633 508/2149/3634 1586/2150/3635
f 513/1753/3636 1588/2151/3637 512/2152/3638
f 638/2153/3639 627/1735/3640 626/2154/3641
f 627/1735/3642 628/2155/3643 626/2154/3644
f 628/2155/3645 627/1735/3646 629/2156/3647
f 627/1735/3648 497/1739/3649 499/1736/3650
f 627/1735/3651 630/1734/3652 629/2156/3653
f 640/2157/3654 631/2158/3655 627/2159/3656
f 627/2159/3657 631/2158/3658 497/2160/3659
f 497/2160/3660 631/2158/3661 632/1752/3662
f 632/1752/3662 501/2161/3663 497/2160/3660
f 635/2162/3664 634/2163/3665 637/2164/3666
f 634/2165/3667 636/2166/3668 637/2167/3669
f 637/2168/3670 636/2169/3671 638/2170/3672
f 1190/2171/3673 648/2172/3674 636/2169/3675
f 1190/2171/3676 636/2169/3677 634/2173/3678
f 636/2169/3679 648/2172/3680 639/2174/3681
f 636/2169/3682 640/2157/3683 638/2170/3684
f 638/2170/3685 640/2157/3686 627/2159/3687
f 636/2175/3688 639/2176/3689 640/2177/3690
f 642/2178/3691 513/1753/3692 632/1752/3693
f 631/2158/3694 642/2178/3695 632/1752/3696
f 643/2179/3697 642/2178/3698 639/2174/3699
f 639/2174/3700 642/2178/3701 631/2158/3702
f 641/2180/3703 642/2181/3704 643/2182/3705
f 631/2158/3706 640/2157/3707 639/2174/3708
f 641/2183/3709 1602/2184/3710 642/2185/3711
f 645/2186/3712 646/2187/3713 1190/2171/3714
f 1608/2188/3715 643/2179/3716 1191/2189/3717
f 643/2179/3718 639/2174/3719 1191/2189/3720
f 1183/2190/3721 1608/2188/3722 1191/2189/3723
f 228/796/3724 649/795/3725 1604/2191/3726
f 649/795/3727 650/2192/3728 1604/2191/3729
f 1190/2171/3730 634/2173/3731 633/2193/3732
f 645/2186/3733 633/2193/3734 644/2194/3735
f 645/2186/3736 1190/2171/3737 633/2193/3738
f 1191/2189/3739 648/2172/3740 1190/2171/3741
f 639/2174/3742 648/2172/3743 1191/2189/3744
f 654/2195/3745 652/2196/3746 651/2197/3747
f 654/2195/3748 655/2198/3749 652/2196/3750
f 227/2199/3751 695/2200/3752 653/2201/3753
f 695/2200/3754 654/2202/3755 653/2201/3756
f 653/2201/3757 654/2202/3758 651/2203/3759
f 506/1751/3760 501/2161/3761 632/1752/3762
f 642/2178/3763 1588/2151/3764 513/1753/3765
f 597/2204/3766 599/2109/3767 623/2205/3768
f 216/2206/3769 788/2207/3770 624/2208/3771
f 599/2109/3772 508/2112/3773 623/2205/3774
f 1605/2209/3775 1333/2114/3776 597/2093/3777
f 625/2210/3778 1605/2211/3779 597/2212/3780
f 164/2213/3781 660/2214/3782 659/2215/3783
f 660/2216/3784 661/2217/3785 662/2218/3786
f 659/2219/3787 660/2220/3788 662/615/3789
f 657/2221/3790 659/2219/3791 663/2222/3792
f 662/615/3793 663/2222/3794 659/2219/3795
f 663/2222/3796 662/615/3797 664/618/3798
f 664/618/3799 662/615/3800 179/616/3801
f 657/2223/3802 663/2224/3803 658/2225/3804
f 664/2226/3805 658/2225/3806 663/2224/3807
f 664/2227/3808 680/2228/3809 658/1733/3810
f 658/2229/3811 680/2230/3812 1559/2231/3813
f 161/569/3814 661/611/3815 163/755/3816
f 660/2232/3817 164/2233/3818 661/2234/3819
f 164/2235/3820 163/2236/3821 661/2237/3822
f 669/2238/3823 666/2239/3824 524/2240/3825
f 669/2238/3826 670/2241/3827 666/2239/3828
f 1219/2242/3829 670/2243/3830 667/2244/3831
f 1219/2245/3832 666/2239/3833 670/2241/3834
f 665/2246/3835 524/2247/3836 666/2248/3837
f 668/2249/3838 74/2250/3839 73/2251/3840
f 669/2238/3841 74/2252/3842 668/2253/3843
f 669/2238/3844 668/2253/3845 670/2241/3846
f 668/2249/3847 667/2254/3848 670/2255/3849
f 674/2256/3850 685/2257/3851 673/2258/3852
f 685/2257/3853 675/2259/3854 673/2258/3855
f 673/2260/3856 672/577/3857 674/2261/3858
f 674/2261/3859 672/577/3860 685/576/3861
f 183/2262/3862 672/577/3863 673/2260/3864
f 175/2263/3865 178/2264/3866 676/2265/3867
f 178/2264/3868 673/2266/3869 676/2265/3870
f 676/2265/3871 492/2267/3872 175/2263/3873
f 492/2267/3874 676/2265/3875 529/2268/3876
f 696/1827/3877 529/1829/3878 676/2269/3879
f 673/2270/3880 696/1827/3881 676/2269/3882
f 1559/2271/3883 677/1720/3884 1558/1719/3885
f 696/2272/3886 675/2273/3887 493/2274/3888
f 180/2275/3889 680/2228/3890 664/2227/3891
f 181/2276/3892 682/2277/3893 679/2278/3894
f 679/2278/3895 682/2277/3896 681/2279/3897
f 1559/2231/3898 680/2230/3899 683/2280/3900
f 1559/2271/3901 683/2281/3902 677/1720/3903
f 180/2275/3904 652/2282/3905 683/2281/3906
f 652/2282/3907 684/2283/3908 683/2281/3909
f 693/2284/3910 684/2283/3911 652/2282/3912
f 180/617/3913 679/620/3914 1328/2285/3915
f 679/2286/3916 681/2287/3917 1328/2288/3918
f 180/2275/3919 683/2281/3920 680/2228/3921
f 685/2257/3922 168/2289/3923 675/2259/3924
f 675/2290/3925 168/575/3926 687/585/3927
f 229/2291/3928 233/2292/3929 232/2293/3930
f 687/585/3931 688/769/3932 229/2294/3933
f 229/2291/3934 688/2295/3935 233/2292/3936
f 1567/2296/3937 233/2297/3938 688/2298/3939
f 1567/2299/3940 688/2300/3941 1566/2301/3942
f 1558/1719/3943 231/2302/3944 690/2303/3945
f 494/1721/3946 231/2302/3947 1558/1719/3948
f 689/2304/3949 223/2305/3950 691/2306/3951
f 223/768/3952 689/2307/3953 1566/2308/3954
f 1566/2308/3955 688/769/3956 223/768/3957
f 682/1714/3958 689/2309/3959 691/2310/3960
f 229/2294/3961 675/2290/3962 687/585/3963
f 71/2311/3964 1572/2312/3965 495/2313/3966
f 692/2314/3967 694/2315/3968 695/2316/3969
f 495/2317/3970 693/2318/3971 692/2319/3972
f 692/2320/3973 693/2321/3974 694/2322/3975
f 693/2321/3976 655/2323/3977 694/2322/3978
f 495/2317/3979 684/2324/3980 693/2318/3981
f 1213/2325/3982 495/2317/3983 692/2319/3984
f 1572/2326/3985 684/2324/3986 495/2317/3987
f 677/1720/3988 491/1705/3989 494/1721/3990
f 231/2327/3991 487/2328/3992 690/2329/3993
f 678/1717/3994 1566/1728/3995 682/1714/3996
f 682/1714/3997 1566/1728/3998 689/2309/3999
f 696/2272/4000 673/2330/4001 675/2273/4002
f 671/2331/4003 489/1708/4004 1569/1709/4005
f 671/2331/4006 487/2328/4007 489/1708/4008
f 652/2332/4009 655/2323/4010 693/2321/4011
f 1558/2333/4012 690/2334/4013 671/2335/4014
f 1556/2336/4015 1558/2333/4016 671/2335/4017
f 698/2337/4018 700/2338/4019 1553/2339/4020
f 473/1670/4021 699/2340/4022 698/2337/4023
f 701/2341/4024 1553/2339/4025 700/2338/4026
f 700/2338/4027 698/2337/4028 699/2340/4029
f 700/2338/4030 699/2340/4031 1309/1524/4032
f 699/2340/4033 470/2342/4034 1309/1524/4035
f 697/1682/4036 473/1670/4037 698/2337/4038
f 699/2340/4039 473/1670/4040 470/2342/4041
f 701/2343/4042 1308/2344/4043 702/2345/4044
f 701/2341/4045 1312/2346/4046 703/2347/4047
f 702/2348/4048 1312/2349/4049 701/2350/4050
f 754/2351/4051 759/2352/4052 1306/2353/4053
f 465/2354/4054 704/2355/4055 705/2356/4056
f 708/1643/4057 709/1644/4058 707/2357/4059
f 707/2357/4060 709/1644/4061 706/2358/4062
f 709/2359/4063 710/2360/4064 706/2361/4065
f 707/2362/4066 706/2363/4067 711/2364/4068
f 460/1641/4069 708/1643/4070 707/2357/4071
f 707/2362/4072 704/2355/4073 462/2365/4074
f 707/2362/4075 711/2364/4076 704/2355/4077
f 707/2357/4078 462/1637/4079 460/1641/4080
f 711/2364/4081 705/2356/4082 704/2355/4083
f 711/2364/4084 712/2366/4085 705/2356/4086
f 706/2363/4087 445/2367/4088 711/2364/4089
f 446/2368/4090 713/2369/4091 427/1509/4092
f 445/2370/4093 762/2371/4094 712/2372/4095
f 712/2373/4096 762/2374/4097 448/2375/4098
f 711/2376/4099 445/2370/4100 712/2372/4101
f 445/2377/4102 706/2378/4103 446/2379/4104
f 712/1514/4105 446/2368/4106 427/1509/4107
f 1309/1524/4108 470/2342/4109 481/1687/4110
f 468/2380/4111 714/2381/4112 459/1690/4113
f 482/2382/4114 714/2383/4115 468/2384/4116
f 466/1629/4117 468/2380/4118 459/1690/4119
f 714/2381/4120 715/2385/4121 459/1690/4122
f 714/2386/4123 718/1550/4124 715/1553/4125
f 436/1645/4126 459/1631/4127 443/2387/4128
f 715/2388/4129 443/2389/4130 459/2390/4131
f 721/2391/4132 723/2392/4133 726/1544/4134
f 721/2391/4135 722/2393/4136 723/2392/4137
f 726/1544/4138 723/2392/4139 727/1545/4140
f 722/2393/4141 724/2394/4142 723/2392/4143
f 728/2395/4144 727/2396/4145 723/2397/4146
f 728/2398/4147 723/2392/4148 725/2399/4149
f 725/2399/4150 719/2400/4151 728/2398/4152
f 725/2399/4153 720/2401/4154 719/2400/4155
f 724/2394/4156 725/2399/4157 723/2392/4158
f 1550/2402/4159 725/2399/4160 724/2394/4161
f 1550/2402/4162 720/2401/4163 725/2399/4164
f 727/2396/4165 728/2395/4166 441/2403/4167
f 441/1546/4168 728/2398/4169 729/2404/4170
f 728/2398/4171 719/2400/4172 729/2404/4173
f 710/2405/4174 1527/2406/4175 761/2407/4176
f 735/2408/4177 1547/2409/4178 1537/2410/4179
f 735/2411/4180 731/2412/4181 1544/2413/4182
f 1544/2414/4183 734/2415/4184 730/2416/4185
f 432/2417/4186 747/2418/4187 733/2419/4188
f 732/2420/4189 430/2421/4190 432/2422/4191
f 732/2423/4192 432/2417/4193 733/2419/4194
f 732/2424/4195 733/2425/4196 430/2426/4197
f 730/2416/4198 734/2415/4199 432/2427/4200
f 734/2415/4201 747/2428/4202 432/2427/4203
f 747/2418/4204 737/2429/4205 733/2419/4206
f 739/2430/4207 738/2431/4208 1536/2432/4209
f 748/2433/4210 738/2431/4211 760/2434/4212
f 738/2435/4213 740/2436/4214 741/2437/4215
f 738/2431/4216 741/2438/4217 760/2434/4218
f 742/2439/4219 744/2440/4220 743/2441/4221
f 745/2442/4222 741/2443/4223 743/2441/4224
f 741/2444/4225 745/2445/4226 760/2446/4227
f 748/2447/4228 760/2448/4229 749/2449/4230
f 748/2447/4231 749/2449/4232 746/2450/4233
f 736/2451/4234 746/2452/4235 749/2453/4236
f 731/2454/4237 736/1582/4238 747/1584/4239
f 1536/2432/4240 738/2431/4241 748/2433/4242
f 1536/2432/4243 1542/2455/4244 739/2430/4245
f 735/2408/4246 1537/2410/4247 1538/2456/4248
f 1538/2456/4249 1543/2457/4250 735/2408/4251
f 731/2412/4252 735/2411/4253 736/2458/4254
f 746/2459/4255 1543/2460/4256 748/2461/4257
f 1543/2457/4258 746/2452/4259 735/2408/4260
f 735/2408/4261 746/2452/4262 736/2451/4263
f 750/2462/4264 757/2463/4265 423/2464/4266
f 486/2465/4267 429/2466/4268 751/2467/4269
f 752/2468/4270 751/2467/4271 429/2466/4272
f 751/2469/4273 752/2470/4274 425/1517/4275
f 751/2469/4276 425/1517/4277 753/1516/4278
f 750/2471/4279 486/2472/4280 751/2473/4281
f 750/2471/4282 751/2473/4283 757/2474/4284
f 758/2475/4285 751/2469/4286 753/1516/4287
f 754/2351/4288 756/2476/4289 755/2477/4290
f 754/2351/4291 757/2478/4292 756/2476/4293
f 758/2479/4294 756/2480/4295 757/2481/4296
f 756/2476/4297 758/2482/4298 755/2477/4299
f 754/2351/4300 755/2477/4301 759/2352/4302
f 751/2473/4303 758/2483/4304 757/2474/4305
f 423/2464/4306 757/2463/4307 754/2484/4308
f 749/2449/4309 1326/2485/4310 787/2486/4311
f 1327/2487/4312 760/2488/4313 745/2442/4314
f 754/2484/4315 1306/2489/4316 423/2464/4317
f 710/2490/4318 761/2491/4319 706/2492/4320
f 761/2493/4321 1527/2494/4322 706/2495/4323
f 744/2440/4324 745/2442/4325 743/2441/4326
f 744/2440/4327 1327/2487/4328 745/2442/4329
f 1326/2485/4330 749/2449/4331 760/2448/4332
f 538/1852/4333 764/1855/4334 765/1853/4335
f 763/2496/4336 765/2497/4337 764/2498/4338
f 537/1850/4339 765/1853/4340 1307/2499/4341
f 825/2500/4342 766/2501/4343 770/2502/4344
f 773/2503/4345 544/1858/4346 541/1871/4347
f 769/2504/4348 768/2505/4349 767/2506/4350
f 539/2507/4351 174/2508/4352 766/2509/4353
f 539/2507/4354 173/2510/4355 174/2508/4356
f 766/2511/4357 174/2512/4358 769/2504/4359
f 769/2504/4360 767/2506/4361 766/2511/4362
f 174/2512/4363 768/2505/4364 769/2504/4365
f 544/1858/4366 779/2513/4367 173/1859/4368
f 770/2502/4369 766/2501/4370 771/2514/4371
f 766/2511/4372 767/2506/4373 771/2515/4374
f 771/2516/4375 172/2517/4376 770/2518/4377
f 767/2519/4378 172/2517/4379 771/2516/4380
f 772/2520/4381 773/2503/4382 541/1871/4383
f 772/2520/4384 777/2521/4385 773/2503/4386
f 532/2522/4387 531/2523/4388 774/2524/4389
f 774/2525/4390 772/2526/4391 541/2527/4392
f 764/1855/4393 539/1854/4394 766/2528/4395
f 532/2529/4396 774/2530/4397 541/2531/4398
f 535/2532/4399 776/2533/4400 778/2534/4401
f 775/2535/4402 535/2532/4403 778/2534/4404
f 772/2520/4405 776/2536/4406 777/2521/4407
f 778/2534/4408 776/2533/4409 772/2537/4410
f 449/1844/4411 778/2538/4412 531/1835/4413
f 781/2539/4414 780/2540/4415 779/2541/4416
f 780/2540/4417 781/2539/4418 546/2542/4419
f 166/2543/4420 546/2542/4421 781/2539/4422
f 783/1880/4423 776/2536/4424 535/1879/4425
f 782/2544/4426 783/2545/4427 790/2546/4428
f 779/2541/4429 782/2547/4430 781/2539/4431
f 782/2544/4432 777/2548/4433 783/2545/4434
f 776/2536/4435 783/1880/4436 777/2521/4437
f 782/2547/4438 779/2541/4439 777/2549/4440
f 782/2550/4441 790/643/4442 781/2551/4443
f 530/1833/4444 449/1844/4445 531/1835/4446
f 768/2552/4447 172/2517/4448 767/2519/4449
f 774/2524/4450 778/2534/4451 772/2537/4452
f 531/2523/4453 778/2534/4454 774/2524/4455
f 773/2503/4456 777/2521/4457 544/1858/4458
f 544/1858/4459 777/2521/4460 779/2513/4461
f 789/2553/4462 452/2554/4463 784/2555/4464
f 454/2556/4465 452/2554/4466 789/2553/4467
f 791/2557/4468 785/2558/4469 789/2559/4470
f 786/2560/4471 787/2561/4472 216/2562/4473
f 789/2563/4474 785/1595/4475 454/1594/4476
f 191/2564/4477 187/2565/4478 790/2566/4479
f 781/2567/4480 189/2568/4481 190/2569/4482
f 781/2570/4483 190/647/4484 612/2125/4485
f 781/2570/4486 612/2125/4487 166/2571/4488
f 612/2125/4489 792/2572/4490 166/2571/4491
f 775/1842/4492 778/2538/4493 449/1844/4494
f 763/2573/4495 764/2574/4496 766/2575/4497
f 753/2576/4498 545/2577/4499 536/2578/4500
f 448/2579/4501 449/1844/4502 530/1833/4503
f 191/2580/4504 783/1880/4505 534/1840/4506
f 534/677/4507 192/679/4508 191/681/4509
f 790/2581/4510 783/2582/4511 191/2583/4512
f 790/643/4513 189/645/4514 781/2551/4515
f 784/2584/4516 213/2585/4517 789/2586/4518
f 789/2587/4519 197/2588/4520 791/2589/4521
f 789/2586/4522 213/2585/4523 197/2590/4524
f 713/2591/4525 485/1515/4526 427/1510/4527
f 712/2592/4528 448/2593/4529 713/2594/4530
f 448/2593/4531 485/2595/4532 713/2594/4533
f 702/2596/4534 793/2597/4535 799/2598/4536
f 795/2599/4537 702/2596/4538 799/2598/4539
f 794/2600/4540 804/2601/4541 795/2602/4542
f 795/2602/4543 799/2603/4544 794/2600/4545
f 1149/2604/4546 796/2605/4547 1670/2606/4548
f 1313/2607/4549 796/2605/4550 1149/2604/4551
f 796/2608/4552 795/2609/4553 798/2610/4554
f 798/2611/4555 795/2612/4556 804/2613/4557
f 800/2614/4558 793/2615/4559 802/2616/4560
f 803/2617/4561 1615/2618/4562 801/2619/4563
f 802/2620/4564 803/1884/4565 801/2621/4566
f 804/2601/4567 806/2622/4568 805/2623/4569
f 806/2622/4570 804/2601/4571 794/2600/4572
f 798/2610/4573 807/2624/4574 796/2608/4575
f 806/2622/4576 800/2625/4577 1614/2626/4578
f 800/2627/4579 801/2619/4580 1614/2628/4581
f 1614/2628/4582 801/2619/4583 1615/2618/4584
f 806/2622/4585 799/2603/4586 800/2625/4587
f 794/2600/4588 799/2603/4589 806/2622/4590
f 802/2620/4591 801/2621/4592 800/2629/4593
f 1310/2630/4594 802/2631/4595 793/2632/4596
f 1670/2606/4597 796/2605/4598 807/2633/4599
f 799/2634/4600 793/2615/4601 800/2614/4602
f 805/2635/4603 807/2636/4604 804/2613/4605
f 807/2636/4606 798/2611/4607 804/2613/4608
f 1304/2637/4609 548/1889/4610 1303/1891/4611
f 1304/2638/4612 1305/2639/4613 548/2640/4614
f 813/2641/4615 548/2642/4616 1305/2643/4617
f 1305/2643/4618 1306/2644/4619 813/2641/4620
f 759/2645/4621 809/2646/4622 813/2641/4623
f 809/2646/4624 1150/2647/4625 813/2641/4626
f 808/2648/4627 1150/2649/4628 809/2650/4629
f 809/2650/4630 814/2651/4631 808/2648/4632
f 810/2652/4633 813/2641/4634 1150/2647/4635
f 813/2653/4636 811/1885/4637 548/1887/4638
f 813/2641/4639 810/2652/4640 811/2654/4641
f 811/2655/4642 810/2656/4643 812/2657/4644
f 811/2655/4645 812/2657/4646 1635/2658/4647
f 810/2656/4648 1150/2659/4649 812/2657/4650
f 812/2660/4651 1150/2649/4652 814/2651/4653
f 1632/2661/4654 812/2660/4655 814/2651/4656
f 814/2662/4657 815/2663/4658 1632/2664/4659
f 1150/2649/4660 808/2648/4661 814/2651/4662
f 816/2665/4663 815/2666/4664 817/2667/4665
f 819/2668/4666 818/2669/4667 816/2670/4668
f 816/2671/4669 820/1899/4670 819/1898/4671
f 816/2671/4672 824/2672/4673 820/1899/4674
f 818/2673/4675 820/2674/4676 824/2675/4677
f 1640/2676/4678 818/2677/4679 819/2678/4680
f 1634/2679/4681 828/2680/4682 1631/2681/4683
f 586/2682/4684 843/2683/4685 842/2684/4686
f 1630/2685/4687 822/2686/4688 821/2687/4689
f 1631/2688/4690 203/2689/4691 822/2690/4692
f 1630/2691/4693 821/2692/4694 843/2693/4695
f 821/2694/4696 822/2695/4697 843/1971/4698
f 203/2689/4699 823/708/4700 204/716/4701
f 203/2689/4702 828/2696/4703 823/708/4704
f 1630/2685/4705 1638/2697/4706 822/2686/4707
f 822/2686/4708 1638/2697/4709 1631/2698/4710
f 1631/2688/4711 828/2696/4712 203/2689/4713
f 814/2662/4714 758/2699/4715 817/2700/4716
f 552/2701/4717 763/2702/4718 825/2703/4719
f 816/2704/4720 817/2705/4721 765/1853/4722
f 555/1928/4723 828/1931/4724 557/2706/4725
f 554/1910/4726 1643/2707/4727 556/2708/4728
f 554/1910/4729 832/2709/4730 1643/2707/4731
f 1643/2707/4732 832/2709/4733 829/2710/4734
f 553/1909/4735 826/1907/4736 560/2711/4737
f 826/1907/4738 831/2712/4739 560/2711/4740
f 560/2713/4741 836/2714/4742 830/2715/4743
f 826/2716/4744 835/2717/4745 831/2718/4746
f 553/2719/4747 832/2720/4748 552/2721/4749
f 553/2719/4750 833/2722/4751 832/2720/4752
f 832/2723/4753 833/2724/4754 830/2725/4755
f 833/2724/4756 560/2726/4757 830/2725/4758
f 553/1909/4759 560/2711/4760 833/2727/4761
f 827/1930/4762 834/2728/4763 828/1931/4764
f 554/1910/4765 552/1912/4766 832/2709/4767
f 828/2696/4768 834/2729/4769 823/708/4770
f 816/2704/4771 765/1853/4772 551/1903/4773
f 834/2728/4774 827/1930/4775 159/2730/4776
f 827/1930/4777 1644/2731/4778 159/2730/4779
f 561/1944/4780 836/2732/4781 560/1942/4782
f 835/2733/4783 837/2734/4784 836/2735/4785
f 836/2736/4786 831/2718/4787 835/2717/4788
f 829/2737/4789 838/629/4790 841/628/4791
f 830/2715/4792 838/2738/4793 829/2739/4794
f 830/2715/4795 184/2740/4796 838/2738/4797
f 838/2738/4797 184/2740/4796 182/2741/4798
f 159/2742/4799 840/2743/4800 839/2744/4801
f 839/2745/4802 823/708/4770 834/2729/4769
f 839/2744/4803 834/2746/4804 159/2742/4805
f 823/708/4806 839/2745/4807 840/566/4808
f 814/2662/4809 817/2700/4810 815/2663/4811
f 832/2747/4812 830/2748/4813 829/2749/4814
f 568/2750/4815 845/2751/4816 844/2752/4817
f 844/2753/4818 845/2754/4819 1621/2755/4820
f 1621/2755/4821 846/2756/4822 844/2753/4823
f 844/2757/4824 846/2758/4825 568/2759/4826
f 847/1976/4827 845/2760/4828 568/1972/4829
f 1657/2761/4830 1660/2762/4831 848/2763/4832
f 1652/2764/4833 1657/2761/4834 848/2763/4835
f 850/2765/4836 1626/2766/4837 1663/2767/4838
f 1626/2766/4839 849/2768/4840 1663/2767/4841
f 211/726/4842 1271/2769/4843 1273/728/4844
f 850/2765/4845 1663/2767/4846 578/2770/4847
f 1663/2771/4848 851/530/4849 852/2772/4850
f 583/2016/4851 853/2773/4852 584/2033/4853
f 587/2029/4854 854/2774/4855 583/2028/4856
f 583/2016/4857 854/2775/4858 853/2773/4859
f 1293/2776/4860 853/2777/4861 854/2778/4862
f 856/2779/4863 582/2780/4864 857/2781/4865
f 1664/2782/4866 582/2780/4867 856/2779/4868
f 1664/2782/4869 856/2779/4870 588/2783/4871
f 580/2784/4872 206/2785/4873 1270/2786/4874
f 855/2787/4875 206/2785/4876 580/2784/4877
f 206/2788/4878 855/2789/4879 858/2790/4880
f 853/2791/4881 1293/2792/4882 1292/2793/4883
f 859/2794/4884 1668/2795/4885 842/2796/4886
f 860/2797/4887 590/2798/4888 863/2799/4889
f 860/2797/4890 864/2800/4891 590/2798/4892
f 589/2046/4893 1667/2045/4894 862/2801/4895
f 861/2802/4896 862/2803/4897 1667/2804/4898
f 860/2805/4899 863/2806/4900 1666/2807/4901
f 1666/2807/4902 863/2806/4903 861/2808/4904
f 1259/2809/4905 1257/2810/4906 855/2789/4907
f 858/2790/4908 855/2789/4909 1257/2810/4910
f 1293/2776/4911 854/2778/4912 862/2811/4913
f 1293/2776/4914 862/2811/4915 861/2812/4916
f 593/560/4917 162/562/4918 208/2071/4919
f 590/2798/4920 591/2813/4921 1297/2814/4922
f 866/2815/4923 1297/2816/4924 867/2817/4925
f 591/2818/4926 867/2817/4927 1297/2816/4928
f 591/2818/4929 208/2819/4930 867/2817/4931
f 861/2808/4932 1297/2820/4933 1295/2821/4934
f 863/2806/4935 1297/2820/4936 861/2808/4937
f 1256/2822/4938 154/553/4939 1142/2823/4940
f 154/553/4941 150/554/4942 1142/2823/4943
f 1295/2824/4944 1297/2825/4945 1289/2826/4946
f 842/2827/4947 843/2828/4948 859/2057/4949
f 843/2828/4950 202/2055/4951 859/2057/4952
f 849/528/4953 851/530/4954 1663/2771/4955
f 863/2799/4956 590/2798/4957 1297/2814/4958
f 809/2650/4959 759/2829/4960 814/2651/4961
f 843/1971/4962 822/2695/4963 203/683/4964
f 869/1490/4965 868/1489/4966 875/2830/4967
f 870/1491/4968 871/2831/4969 868/1489/4970
f 27/2832/4971 873/2833/4972 872/2834/4973
f 873/2835/4974 26/2836/4975 872/2837/4976
f 876/2838/4977 875/2830/4978 868/1489/4979
f 873/2839/4980 27/2840/4981 877/2841/4982
f 876/2842/4983 873/2843/4984 877/2844/4985
f 27/105/4986 877/2845/4987 409/1436/4988
f 878/1438/4989 409/1436/4990 877/2845/4991
f 877/2845/4992 876/2838/4993 868/1489/4994
f 29/112/4995 404/1428/4996 880/113/4997
f 887/2846/4998 881/2847/4999 885/2848/5000
f 887/2846/5001 1679/2849/5002 881/2847/5003
f 880/2850/5004 1679/2851/5005 879/2852/5006
f 881/2853/5007 1679/2854/5008 880/2855/5009
f 881/1444/5010 31/1448/5011 885/1454/5012
f 882/2856/5013 883/2857/5014 884/2858/5015
f 1681/2859/5016 884/2858/5017 883/2857/5018
f 886/2860/5019 1683/2861/5020 885/2848/5021
f 887/110/5022 1683/2862/5023 888/2863/5024
f 885/2848/5025 1683/2861/5026 887/2846/5027
f 898/2864/5028 882/2856/5029 884/2858/5030
f 893/2865/5031 895/2866/5032 902/2867/5033
f 894/2868/5034 893/2865/5035 902/2867/5036
f 896/2869/5037 895/2870/5038 893/2871/5039
f 897/2872/5040 896/2869/5041 893/2871/5042
f 896/2873/5043 884/2858/5044 895/2874/5045
f 884/2858/5046 886/2875/5047 895/2874/5048
f 895/2874/5049 891/2876/5050 900/2877/5051
f 895/2874/5052 886/2875/5053 891/2876/5054
f 899/2878/5055 900/2879/5056 892/2880/5057
f 900/2879/5058 891/2881/5059 892/2880/5060
f 884/2858/5061 896/2873/5062 898/2864/5063
f 899/2878/5064 908/2882/5065 900/2879/5066
f 32/2883/5067 901/2884/5068 902/2867/5069
f 901/2885/5070 32/123/5071 903/126/5072
f 895/2886/5073 33/2887/5074 32/2888/5075
f 33/2889/5076 895/2890/5077 904/2891/5078
f 39/143/5079 905/142/5080 906/2892/5081
f 905/142/5082 907/2893/5083 906/2892/5084
f 900/2877/5085 36/2894/5086 904/2895/5087
f 899/2896/5088 393/1386/5089 1687/1388/5090
f 908/2897/5091 1687/1388/5092 909/2898/5093
f 899/2896/5094 1687/1388/5095 908/2897/5096
f 910/2899/5097 1688/2900/5098 955/2901/5099
f 40/145/5100 43/144/5101 915/154/5102
f 912/2902/5103 911/2903/5104 910/2899/5105
f 912/2904/5106 1691/2905/5107 911/2906/5108
f 1693/459/5109 913/2907/5110 1691/2908/5111
f 910/2899/5112 911/2903/5113 146/466/5114
f 1696/465/5115 146/466/5116 911/2903/5117
f 913/2909/5118 1693/2910/5119 1697/2911/5120
f 911/2903/5121 913/2907/5122 1696/465/5123
f 907/2893/5124 916/2912/5125 906/2892/5126
f 916/2912/5127 907/2893/5128 1096/923/5129
f 1691/2908/5130 913/2907/5131 911/2903/5132
f 955/2901/5133 912/2902/5134 910/2899/5135
f 955/2913/5136 1691/2905/5137 912/2904/5138
f 955/2913/5139 956/2914/5140 1691/2905/5141
f 1692/2915/5142 106/374/5143 1693/459/5144
f 106/374/5145 134/377/5146 1693/459/5147
f 902/2867/5148 895/2866/5149 32/2883/5150
f 904/2895/5151 895/2874/5152 900/2877/5153
f 920/2916/5154 1701/2917/5155 921/2918/5156
f 1701/2917/5157 1650/2919/5158 921/2918/5159
f 921/2920/5160 848/2921/5161 920/2922/5162
f 848/2921/5163 1650/2923/5164 1652/2924/5165
f 922/2925/5166 1275/2926/5167 932/2927/5168
f 1272/503/5169 1263/1356/5170 1703/2928/5171
f 927/2929/5172 925/1460/5173 931/2930/5174
f 418/1459/5175 922/1488/5176 925/1460/5177
f 946/2931/5178 924/2932/5179 920/2916/5180
f 920/2916/5181 928/2933/5182 946/2931/5183
f 928/2933/5184 927/2934/5185 946/2931/5186
f 924/2932/5187 947/2935/5188 920/2916/5189
f 927/2936/5190 928/2937/5191 925/2938/5192
f 946/2939/5193 927/2940/5194 950/2941/5195
f 930/2942/5196 1713/2943/5197 938/2944/5198
f 927/2929/5199 931/2930/5200 926/3/5201
f 933/2945/5202 931/2930/5203 932/2946/5204
f 929/2947/5205 931/2948/5206 933/2949/5207
f 935/2950/5208 936/2951/5209 2/2952/5210
f 926/2953/5211 934/2954/5212 935/2955/5213
f 926/2956/5214 935/2957/5215 2/2958/5216
f 936/2959/5217 935/2960/5218 934/2961/5219
f 926/2962/5220 931/2963/5221 934/2964/5222
f 931/2965/5223 936/2966/5224 934/2967/5225
f 936/2966/5226 931/2965/5227 929/2968/5228
f 929/2969/5229 1713/2970/5230 2/2971/5231
f 2/2952/5232 936/2951/5233 929/2972/5234
f 1713/2970/5235 929/2969/5236 938/1472/5237
f 929/2969/5238 937/1465/5239 938/1472/5240
f 929/2969/5241 1703/2973/5242 937/1465/5243
f 933/2974/5244 932/2975/5245 929/2976/5246
f 932/2977/5247 1703/2973/5248 929/2969/5249
f 937/1465/5250 1703/2973/5251 923/1466/5252
f 938/2978/5253 940/2979/5254 930/2980/5255
f 940/2979/5256 939/2981/5257 930/2980/5258
f 1713/2982/5259 939/2983/5260 1709/2984/5261
f 1713/2982/5262 930/2985/5263 939/2983/5264
f 927/2929/5265 926/3/5266 413/1455/5267
f 925/1460/5268 922/1488/5269 931/2930/5270
f 1707/2986/5271 941/2987/5272 871/2988/5273
f 942/2989/5274 944/2990/5275 941/2991/5276
f 943/2992/5277 944/2993/5278 942/2994/5279
f 918/2995/5280 942/2996/5281 871/2997/5282
f 944/2998/5283 871/2999/5284 941/3000/5285
f 944/3001/5286 918/3002/5287 871/3003/5288
f 945/3004/5289 949/3005/5290 1706/3006/5291
f 949/3005/5292 877/2845/5293 1706/3006/5294
f 949/3005/5295 946/2931/5296 878/1438/5297
f 878/1453/5298 946/3007/5299 948/3008/5300
f 411/3009/5301 948/3010/5302 950/3011/5303
f 946/2939/5304 950/2941/5305 948/3012/5306
f 950/3011/5307 412/3013/5308 411/3009/5309
f 918/515/5310 142/514/5311 943/3014/5312
f 920/3015/5313 848/3016/5314 1276/1487/5315
f 1275/2926/5316 1279/3017/5317 932/2927/5318
f 6/3018/5319 1704/3019/5320 942/3020/5321
f 942/3020/5322 1704/3019/5323 947/3021/5324
f 920/3015/5325 1276/1487/5326 418/1459/5327
f 922/1488/5328 932/2946/5329 931/2930/5330
f 944/3001/5331 919/3022/5332 918/3002/5333
f 918/3023/5334 943/2992/5335 942/2994/5336
f 412/3024/5337 950/3025/5338 927/3026/5339
f 1708/3027/5340 951/3028/5341 1710/3029/5342
f 889/3030/5343 415/3031/5344 890/1409/5345
f 413/1455/5346 417/3032/5347 889/3030/5348
f 413/1455/5349 3/2/5350 417/3032/5351
f 413/1455/5352 926/3/5353 3/2/5354
f 951/3033/5355 970/42/5356 954/3034/5357
f 1263/1356/5358 1272/503/5359 139/502/5360
f 413/3035/5361 412/3024/5362 927/3026/5363
f 1263/1356/5364 1260/3036/5365 1703/2928/5366
f 1703/2928/5367 1260/3036/5368 923/3037/5369
f 953/3038/5370 970/42/5371 951/3033/5372
f 394/1410/5373 956/2914/5374 955/2913/5375
f 878/1438/5376 877/2845/5377 949/3005/5378
f 877/2845/5379 868/1489/5380 1706/3006/5381
f 878/1453/5382 948/3008/5383 411/1447/5384
f 892/1456/5385 413/1455/5386 889/3030/5387
f 415/3031/5388 395/1389/5389 890/1409/5390
f 952/1412/5391 958/3039/5392 956/2914/5393
f 394/1410/5394 952/1412/5395 956/2914/5396
f 121/3040/5397 1255/3041/5398 962/3042/5399
f 1489/3043/5400 961/3044/5401 960/3045/5402
f 962/3042/5403 1255/3041/5404 988/3046/5405
f 1494/3047/5406 120/417/5407 392/416/5408
f 120/417/5409 1494/3047/5410 963/3048/5411
f 962/3042/5412 960/3049/5413 121/3040/5414
f 1022/3050/5415 96/3051/5416 990/3052/5417
f 1479/3053/5418 128/3054/5419 1268/3055/5420
f 128/454/5421 966/3056/5422 1268/3057/5423
f 15/3058/5424 13/1372/5425 972/1363/5426
f 972/3059/5427 976/3060/5428 15/49/5429
f 13/3061/5430 976/3062/5431 11/3063/5432
f 974/3064/5433 20/67/5434 980/66/5435
f 20/1368/5436 388/1367/5437 975/3065/5438
f 111/398/5439 115/397/5440 979/3066/5441
f 111/3067/5442 979/3068/5443 110/3069/5444
f 970/391/5445 112/395/5446 110/389/5447
f 980/66/5448 982/3070/5449 974/3064/5450
f 115/397/5451 981/403/5452 979/3066/5453
f 979/3066/5454 981/403/5455 982/3070/5456
f 979/3066/5457 982/3070/5458 980/66/5459
f 116/3071/5460 983/3072/5461 981/3073/5462
f 981/403/5463 983/3074/5464 982/3070/5465
f 114/91/5466 976/3060/5467 972/3059/5468
f 973/3075/5469 976/3060/5470 114/91/5471
f 983/92/5472 114/91/5473 972/3059/5474
f 982/3070/5475 983/3074/5476 974/3064/5477
f 89/3076/5478 987/3077/5479 984/3078/5480
f 23/3079/5481 987/3077/5482 89/3076/5483
f 985/3080/5484 986/3081/5485 975/3082/5486
f 1490/3083/5487 964/3084/5488 985/3085/5489
f 986/3081/5490 985/3080/5491 964/3086/5492
f 24/3087/5493 962/3042/5494 988/3046/5495
f 24/3088/5496 964/3084/5497 1490/3083/5498
f 988/1202/2007 963/3089/5499 353/1204/2008
f 988/3090/5500 120/417/5501 963/3048/5502
f 990/3091/5503 355/3092/5504 349/3093/5505
f 990/3094/5506 987/3077/5507 23/3079/5508
f 89/3095/5509 990/3096/5510 23/3097/5511
f 986/3081/5512 355/3098/5513 990/3099/5514
f 22/3100/5515 1059/3101/5516 1500/3102/5517
f 991/3103/5518 1062/3104/5519 978/77/5520
f 991/3103/5521 992/3105/5522 1062/3104/5523
f 978/77/5524 986/73/5525 991/3103/5526
f 22/3100/5527 1067/3106/5528 1059/3101/5529
f 22/3107/5530 1062/3108/5531 1023/3109/5532
f 978/3110/5533 1062/3108/5534 22/3107/5535
f 978/3111/5536 22/3112/5537 384/3113/5538
f 976/52/5539 17/63/5540 11/64/5541
f 977/74/5542 986/73/5543 978/77/5544
f 20/3114/5545 975/3082/5546 986/3081/5547
f 990/3115/5548 1487/1194/5549 986/73/5550
f 89/3116/5551 1022/3050/5552 990/3052/5553
f 22/3100/5554 1500/3102/5555 1492/3117/5556
f 21/3118/5557 978/3119/5558 384/3120/5559
f 991/3103/5560 986/73/5561 1487/1194/5562
f 979/1185/5563 347/3121/5564 346/1186/5565
f 994/3122/5566 996/3123/5567 995/3124/5568
f 996/3125/5569 1516/3126/5570 995/3127/5571
f 1496/3128/5572 1018/3129/5573 361/3130/5574
f 1020/3131/5575 1506/3132/5576 997/3133/5577
f 1511/3134/5578 997/3135/5579 1507/3136/5580
f 1507/3136/5581 1510/3137/5582 1511/3134/5583
f 378/1184/5584 1522/3138/5585 345/1178/5586
f 362/1232/5587 1000/3139/5588 1006/3140/5589
f 60/225/5590 363/3141/5591 1005/226/5592
f 363/1233/5593 362/1232/5594 1006/3140/5595
f 1006/3142/5596 1000/3143/5597 1012/3144/5598
f 1001/3145/5599 344/3146/5600 1509/3147/5601
f 1001/3148/5602 1509/3149/5603 1146/3150/5604
f 1508/3151/5605 1509/1305/5606 376/1179/5607
f 376/1179/5608 1521/3152/5609 1508/3151/5610
f 998/3153/5611 1520/3154/5612 1001/1164/5613
f 1001/1164/5614 1520/3154/5615 1002/1165/5616
f 1003/3155/5617 1146/3156/5618 1002/3157/5619
f 1520/3158/5620 1003/3159/5621 1002/3160/5622
f 1002/3157/5623 1146/3156/5624 1147/3161/5625
f 1001/3148/5626 1146/3150/5627 1003/3162/5628
f 1520/3163/5629 376/1327/5630 1003/1326/5631
f 1520/3164/5632 1146/3165/5633 376/3166/5634
f 1520/3164/5635 1147/3167/5636 1146/3165/5637
f 1520/3168/5638 998/3169/5639 1518/3170/5640
f 363/3171/5641 340/3172/5642 1508/3173/5643
f 1004/3174/5644 1521/3175/5645 1518/3176/5646
f 1508/3177/5647 1521/3175/5648 1004/3174/5649
f 363/3141/5650 1508/3178/5651 1005/226/5652
f 340/3179/5653 363/1233/5654 1006/3140/5655
f 1005/226/5656 1508/3178/5657 1004/3180/5658
f 377/3181/5659 1495/3182/5660 359/3183/5661
f 358/3184/5662 1007/3185/5663 359/3186/5664
f 1007/3187/5665 358/3188/5666 377/3189/5667
f 358/239/5668 357/241/5669 999/3190/5670
f 1018/3191/5671 377/3192/5672 359/3193/5673
f 1506/3132/5674 1507/3194/5675 997/3133/5676
f 359/3195/5677 361/3130/5678 1018/3129/5679
f 1018/3196/5680 1007/3187/5681 377/3189/5682
f 363/221/5683 60/223/5684 61/222/5685
f 90/3197/5686 1014/3198/5687 1008/3199/5688
f 1008/3199/5689 1009/3200/5690 90/3197/5691
f 1013/3201/5692 1010/3202/5693 1008/3203/5694
f 1010/3204/5695 1009/3205/5696 1000/3206/5697
f 1010/3207/5698 1011/3208/5699 1008/3209/5700
f 1010/3210/5701 1000/3211/5702 1011/3212/5703
f 1008/3199/5704 1012/3213/5705 1009/3200/5706
f 1008/3209/5707 1011/3208/5708 1012/3214/5709
f 1009/3200/5710 1012/3213/5711 1000/3215/5712
f 340/3216/5713 1008/3217/5714 1014/3218/5715
f 1013/3219/5716 1008/3217/5714 340/3216/5713
f 1014/1252/5717 90/220/5718 341/166/5719
f 1015/3220/5720 1503/3221/5721 1501/3222/5722
f 1501/3223/5723 1016/3224/5724 1015/3225/5725
f 1503/3226/5726 1502/3227/5727 1504/3228/5728
f 1502/3229/5729 1503/3221/5730 1015/3220/5731
f 1019/3230/5732 1017/305/5733 1016/3231/5734
f 1016/3231/5735 1501/3232/5736 965/3233/5737
f 1059/3101/5738 1501/3234/5739 1500/3102/5740
f 1020/3235/5741 346/3236/5742 347/3237/5743
f 1502/3238/5744 1015/3239/5745 1499/3240/5746
f 90/3241/5747 1009/3242/5748 1207/3243/5749
f 1010/3202/5750 362/3244/5751 1009/3245/5752
f 1416/3246/5753 1005/3247/5754 1004/3248/5755
f 1013/3249/5756 1011/3250/5757 362/3251/5758
f 362/3252/5759 1011/3253/5760 1000/3254/5761
f 340/3255/5762 1006/3142/5763 1013/3256/5764
f 1013/3201/5765 362/3244/5766 1010/3202/5767
f 1012/3257/5768 1011/3250/5769 1013/3249/5770
f 1013/3256/5771 1006/3142/5772 1012/3144/5773
f 1007/3187/5774 1018/3196/5775 1498/3258/5776
f 1496/3259/5777 1498/3260/5778 1018/3261/5779
f 357/3262/5780 1416/3263/5781 1004/3264/5782
f 959/3265/5783 1142/3266/5784 1489/3267/5785
f 961/3268/5786 121/3269/5787 960/3270/5788
f 986/3081/5789 964/3086/5790 355/3098/5791
f 1487/1194/5792 990/3115/5793 96/3271/5794
f 1268/3057/5795 966/3056/5796 12/3272/5797
f 970/42/5798 971/44/5799 993/3273/5800
f 1256/3274/5801 959/3275/5802 1491/3276/5803
f 989/3277/5804 1021/333/5805 1022/332/5806
f 89/3116/5807 989/3278/5808 1022/3050/5809
f 1059/3101/5810 965/3279/5811 1501/3234/5812
f 348/1188/5813 992/3280/5814 991/1189/5815
f 992/3105/5816 348/1193/5817 1487/1194/5818
f 1025/3281/5819 1029/3282/5820 1024/3283/5821
f 1030/3284/5822 73/2251/5823 87/3285/5824
f 73/2251/5825 1030/3284/5826 1025/3281/5827
f 1027/3286/5828 1226/3287/5829 96/3271/5830
f 96/3288/5831 1026/3289/5832 1027/3290/5833
f 311/3291/5834 1028/3292/5835 1029/3293/5836
f 1034/478/5837 1024/3283/5838 1029/3282/5839
f 1033/3294/5840 1239/3295/5841 1031/3296/5842
f 1033/3297/5843 1031/3298/5844 1474/3299/5845
f 1031/3300/5846 1034/3301/5847 312/1050/5848
f 313/1039/5849 1031/3300/5850 312/1050/5851
f 1032/3302/5852 1033/3294/5853 1038/3303/5854
f 1239/3295/5855 1033/3294/5856 1032/3302/5857
f 1034/3301/5858 1031/3300/5859 1239/3304/5860
f 1028/3305/5861 97/336/5862 1029/337/5863
f 1028/3305/5864 312/3306/5865 97/336/5866
f 312/1050/5867 1034/3301/5868 1029/3307/5869
f 310/1028/5870 1427/3308/5871 1040/3309/5872
f 1474/3310/5873 1148/3311/5874 1475/3312/5875
f 1474/3313/5876 1031/3314/5877 1148/3315/5878
f 101/3316/5879 1037/3317/5880 1036/3318/5881
f 101/3316/5882 1038/3319/5883 1037/3317/5884
f 1474/3299/5885 1037/3320/5886 1038/3321/5887
f 313/1039/5888 1039/3322/5889 1031/3300/5890
f 1474/3323/5891 1475/3324/5892 1035/3325/5893
f 1473/3326/5894 1474/3313/5895 1035/3327/5896
f 1473/3326/5897 1040/1048/5898 1427/3328/5899
f 1473/3326/5900 1035/3327/5901 1040/1048/5902
f 1031/3314/5903 1039/1029/5904 1148/3315/5905
f 1035/3327/5906 1148/3315/5907 1040/1048/5908
f 1148/3315/5909 1039/1029/5910 1040/1048/5911
f 101/3316/5912 1032/3329/5913 1038/3319/5914
f 1033/3297/5915 1474/3299/5916 1038/3321/5917
f 311/3330/5918 1029/3282/5919 1025/3281/5920
f 311/3330/5921 1025/3281/5922 1030/3284/5923
f 1225/1026/5924 310/1028/5925 1041/1046/5926
f 85/3331/5927 68/3332/5928 1042/3333/5929
f 1042/3334/5930 1431/3335/5931 1045/3336/5932
f 1042/1032/5933 1045/3337/5934 1044/1030/5935
f 1044/1030/5936 1045/3337/5937 1435/1033/5938
f 68/3338/5939 1431/3335/5931 1042/3334/5930
f 1048/3339/5940 1041/3340/5941 309/3341/5942
f 1048/3342/5943 1049/3343/5944 1069/3344/5945
f 1050/3345/5946 1049/3346/5947 1048/1045/5948
f 1432/3347/5949 1050/3348/5950 1437/3349/5951
f 1434/3350/5952 1050/3351/5953 1432/1035/5954
f 1434/3352/5955 1051/3353/5956 1050/3354/5957
f 1050/3354/5958 1051/3353/5959 1047/3355/5960
f 1047/3355/5961 1051/3353/5962 1469/3356/5963
f 334/3357/5964 1044/3358/5965 1435/3359/5966
f 1051/3353/5967 1435/3360/5968 1469/3356/5969
f 1467/3361/5970 1469/3362/5971 1435/3363/5972
f 1467/3361/5973 1468/3364/5974 1469/3362/5975
f 1466/3365/5976 1465/3366/5977 1045/3337/5978
f 1465/3367/5979 1467/3361/5980 1435/3363/5981
f 1465/3366/5982 1435/1033/5983 1045/3337/5984
f 1049/3346/5985 1046/3368/5986 1052/3369/5987
f 1050/3370/5988 1053/3371/5989 1046/3372/5990
f 1050/3373/5991 1047/3374/5992 1053/3375/5993
f 1047/3374/5994 1471/3376/5995 1053/3375/5996
f 1049/3343/5997 1052/3377/5998 1229/3378/5999
f 1049/3346/6000 1050/3345/6001 1046/3368/6002
f 1044/3379/6003 337/3380/6004 1043/3381/6005
f 1043/1152/6006 336/1151/6007 1044/3382/6008
f 333/317/6009 1215/3383/6010 1214/3384/6011
f 1054/3385/6012 1057/3386/6013 1055/3387/6014
f 1058/3388/6015 92/3389/6016 333/3390/6017
f 1057/3386/6018 1054/3385/6019 1076/3391/6020
f 1076/3391/6021 1054/3385/6022 1056/360/6023
f 1211/243/6024 1060/3392/6025 1421/3393/6026
f 1067/3106/6027 1060/3394/6028 1059/3101/6029
f 1061/3395/6030 1060/3392/6031 1211/243/6032
f 965/3233/6033 1060/3392/6034 1061/3395/6035
f 1023/3396/6036 1065/3397/6037 1067/3398/6038
f 1063/3399/6039 1062/3104/6040 1487/1194/6041
f 1063/3400/6042 1023/3401/6043 1062/3402/6044
f 1224/3403/6045 1064/3404/6046 1063/3405/6047
f 1063/3406/6048 1064/3407/6049 1023/3408/6050
f 1023/3408/6051 1064/3407/6052 1065/3409/6053
f 1225/3410/6054 1066/3411/6055 1067/3412/6056
f 1225/3413/6057 1068/3414/6058 1066/3415/6059
f 1229/3378/6060 1052/3377/6061 1070/3416/6062
f 1487/1194/6063 1226/3287/6064 1063/3399/6065
f 1225/3413/6066 1041/3417/6067 1068/3414/6068
f 1427/3308/6069 310/1028/6070 1429/1027/6071
f 1071/3418/6072 1458/3419/6073 1457/3420/6074
f 1058/3421/6075 1214/3422/6076 1057/3423/6077
f 85/3331/6078 1039/3424/6079 313/3425/6080
f 85/3331/5927 1042/3333/5929 1039/3424/6081
f 1068/3414/6082 1041/3417/6083 1048/3342/6084
f 1068/3414/6085 1048/3342/6086 1069/3344/6087
f 1049/3343/6088 1229/3378/6089 1069/3344/6090
f 310/1044/6091 1050/3345/6092 1048/1045/6093
f 1058/3426/6094 333/317/6095 1214/3384/6096
f 1076/3391/6097 102/362/6098 1075/3427/6099
f 102/362/6100 1078/3428/6101 1075/3427/6102
f 1075/3429/6103 1082/3430/6104 1076/3431/6105
f 1074/3432/6106 1076/3391/6107 1082/868/6108
f 1074/3432/6109 1057/3386/6110 1076/3391/6111
f 1077/3433/6112 1074/3434/6113 1181/3435/6114
f 1181/3436/6115 1179/3437/6116 1077/3438/6117
f 1079/971/6118 291/970/6119 1080/3439/6120
f 1078/3440/6121 1081/3441/6122 1075/3442/6123
f 1079/180/6124 1082/868/6125 1081/187/6126
f 1362/3443/6127 291/1002/6128 1363/996/6129
f 291/1002/6128 1362/3443/6127 1080/3444/6130
f 1361/3445/6131 1079/3446/6132 1362/3447/6133
f 1079/3446/6134 1080/3448/6135 1362/3447/6136
f 253/866/6137 1082/868/6138 1079/180/6139
f 1081/3449/6140 1082/3430/6141 1075/3429/6142
f 286/3450/6143 1073/3451/6144 285/3452/6145
f 1074/3432/6146 1082/868/6147 1181/867/6148
f 1088/3453/6149 1357/3454/6150 251/860/6151
f 1357/3454/6152 1409/861/6153 251/860/6154
f 1085/3455/6155 1084/3456/6156 243/3457/6157
f 242/3458/6158 243/3457/6159 1084/3456/6160
f 1086/3459/6161 1088/3460/6162 1087/3461/6163
f 1083/3462/6164 1090/3463/6165 1371/3464/6166
f 1090/3463/6167 1089/3465/6168 1371/3464/6169
f 1083/3466/6170 1087/3461/6171 1090/3467/6172
f 1083/3466/6173 1086/3459/6174 1087/3461/6175
f 1093/3468/6176 1172/3469/6177 1092/3470/6178
f 1092/3471/6179 1091/3472/6180 1093/943/6181
f 280/3473/6182 1091/3474/6183 1178/3475/6184
f 280/945/6185 1093/943/6186 1091/3472/6187
f 278/933/6188 1138/935/6189 1094/3476/6190
f 1092/3477/6191 1172/3478/6192 1091/3479/6193
f 1351/3480/6194 1139/3481/6195 1140/3482/6196
f 1135/3483/6197 1140/3484/6198 1139/3485/6199
f 1087/3486/6200 1088/3453/6201 251/860/6202
f 1138/935/1546 277/932/1545 1129/3487/6203
f 1097/3488/6204 1095/3489/6205 272/3490/6206
f 907/2893/6207 275/921/6208 1096/923/6209
f 907/131/6210 1097/920/6211 275/919/6212
f 1097/920/6213 40/145/6214 915/154/6215
f 1097/3488/6216 915/3491/6217 1095/3489/6218
f 1115/3492/6219 1101/3493/6220 1110/3494/6221
f 1115/3495/6222 1104/3496/6223 1103/3497/6224
f 1112/822/6225 1102/3498/6226 1115/3499/6227
f 273/845/6228 1105/3500/6229 1389/195/6230
f 273/845/6231 57/847/6232 1105/3500/6233
f 57/847/6234 244/841/6235 1105/3500/6236
f 1107/901/6237 1106/900/6238 1098/3501/6239
f 1106/3502/6240 1376/3503/6241 45/3504/6242
f 1109/191/6243 1358/190/6244 1108/3505/6245
f 1114/3506/6246 1109/3507/6247 1374/3508/6248
f 1401/3509/6249 1113/3510/6250 1400/3511/6251
f 1401/3512/6252 1379/3513/6253 1113/3514/6254
f 1400/3515/6255 1113/3516/6256 1379/3517/6257
f 1401/3512/6258 1115/3499/6259 1111/3518/6260
f 1401/3512/6261 1400/3519/6262 1115/3499/6263
f 1400/3519/6264 1112/822/6265 1115/3499/6266
f 1109/3520/6267 1108/3521/6268 1116/3522/6269
f 1115/3492/6270 1103/3523/6271 1101/3493/6272
f 244/841/6273 1108/3505/6274 1105/3500/6275
f 1105/3500/6276 1108/3505/6277 1358/190/6278
f 1110/3524/6279 1111/3518/6280 1115/3499/6281
f 1375/3525/6282 1118/3526/6283 1117/3527/6284
f 1118/3528/6285 1123/3529/6286 1117/3530/6287
f 1109/3531/6288 1116/3532/6289 1120/3533/6290
f 1116/3534/6291 1375/214/6292 1121/3535/6293
f 1375/214/6294 1122/3536/6295 1121/3535/6296
f 1117/3537/6297 1122/3536/6298 1375/214/6299
f 1117/3530/6300 1123/3529/6301 1122/3538/6302
f 1126/3539/6303 1119/898/6304 1123/3540/6305
f 1118/3541/6306 1126/3539/6307 1123/3540/6308
f 267/3542/6309 1118/3543/6310 268/3544/6311
f 1126/3545/6312 266/3546/6313 1127/3547/6314
f 265/3548/6315 1145/3549/6316 967/3550/6317
f 967/3550/6318 1398/3551/6319 265/3548/6320
f 265/3552/6321 1398/3553/6322 266/3554/6323
f 966/3056/6324 1399/899/6325 1398/3555/6326
f 966/3056/6327 969/3556/6328 1399/899/6329
f 267/3557/6330 1126/3539/6331 1118/3541/6332
f 1398/3555/6333 1399/899/6334 1127/894/6335
f 263/895/6336 259/3558/6337 1128/897/6338
f 1128/897/6339 259/3558/6340 260/3559/6341
f 1127/3547/6342 262/3560/6343 1126/3545/6344
f 969/3561/6345 1124/3562/6346 1394/3563/6347
f 1125/3564/6348 1124/3562/6349 969/3561/6350
f 262/3560/6351 1119/3565/6352 1126/3545/6353
f 1145/3549/6354 265/3548/6355 1107/3566/6356
f 241/3567/6357 1100/3568/6358 1131/3569/6359
f 1102/3570/6360 239/908/6361 1131/835/6362
f 1112/3571/6363 239/3572/6364 1102/3573/6365
f 1120/3574/6366 1133/3575/6367 1109/3576/6368
f 1137/3577/6369 1133/3575/6370 1120/3574/6371
f 1116/3578/6372 1129/3579/6373 1137/3580/6374
f 1116/3581/6375 1138/935/6376 1129/3487/6377
f 1116/3581/6378 1121/3582/6379 1138/935/6380
f 1116/3578/6381 1137/3580/6382 1120/3583/6383
f 1122/3538/6384 1123/3529/6385 1094/3584/6386
f 1133/3585/6387 1129/3487/6388 1374/3508/6389
f 1134/3586/6390 1349/3587/6391 1350/3588/6392
f 1128/897/6393 1135/3589/6394 1134/3590/6395
f 260/3591/6396 1140/3484/6397 1135/3483/6398
f 1137/3577/6399 1129/3592/6400 1133/3575/6401
f 1122/3593/6402 1094/3476/6403 1121/3582/6404
f 1094/937/6405 1348/3594/6406 279/938/6407
f 1134/3586/6408 1139/3481/6409 1349/3587/6410
f 1134/3586/6411 1135/3595/6412 1139/3481/6413
f 1136/3596/6414 1374/3508/6415 1129/3487/6416
f 1123/3597/6417 1348/942/6418 1094/3476/6419
f 1350/3588/6420 1348/942/6421 1123/3597/6422
f 1141/3598/6423 1102/3599/6424 1132/3600/6425
f 1115/3495/6426 1102/3601/6427 1104/3496/6428
f 1114/3602/6429 1374/823/6430 238/825/6431
f 260/3559/6432 1135/3589/6433 1128/897/6434
f 1130/3603/6435 1102/3604/6436 1141/3605/6437
f 1102/3606/6438 1130/3607/6439 1104/3608/6440
f 1131/3609/6441 1132/3610/6442 1102/3611/6443
f 1119/898/6444 1350/3612/6445 1123/3540/6446
f 1109/3507/6447 1133/3585/6448 1374/3508/6449
f 1119/898/6450 1128/897/6451 1350/3612/6452
f 1128/897/6453 1134/3590/6454 1350/3612/6455
f 1081/3441/6456 1078/3440/6457 1188/1745/6458
f 1087/3486/6459 251/860/6460 1090/3613/6461
f 1375/214/6462 244/841/6463 54/209/6464
f 1098/3614/6465 1106/3502/6466 45/3504/6467
f 1349/3587/6468 1139/3481/6469 1351/3480/6470
f 1121/3582/6471 1094/3476/6472 1138/935/6473
f 1334/3615/6474 607/786/6475 606/2147/6476
f 190/647/6477 614/2126/3589 612/2125/3588
f 612/2125/6478 686/2127/6479 792/2572/6480
f 169/791/6481 686/790/6482 616/3616/6483
f 694/2315/6484 654/3617/6485 695/2316/6486
f 787/2561/6487 788/3618/6488 216/2562/6489
f 1326/2485/6490 788/3619/6491 787/2486/6492
f 199/2116/6493 611/3620/6494 610/2117/6495
f 624/3621/6496 788/3619/6497 1326/2485/6498
f 613/3622/6499 611/3620/6500 199/2116/6501
f 667/2254/6502 1024/3283/6503 1221/3623/6504
f 1024/3283/6505 1222/477/6506 1221/3623/6507
f 1025/3281/6508 667/2254/6509 668/2249/6510
f 1025/3281/6511 1024/3283/6512 667/2254/6513
f 73/2251/6514 1025/3281/6515 668/2249/6516
f 1055/3624/6517 1057/3423/6518 1214/3422/6519
f 493/3625/6520 675/2290/6521 678/3626/6522
f 675/2290/6523 229/2294/6524 678/3626/6525
f 691/3627/6526 226/781/6527 607/780/6528
f 1335/3628/6529 607/786/6530 1334/3615/6531
f 162/3629/6532 656/3630/6533 208/3631/6534
f 656/3632/6535 148/3633/6536 867/3634/6537
f 671/2331/6538 690/2329/6539 487/2328/6540
f 655/3635/6541 654/3617/6542 694/2315/6543
f 673/3636/6544 178/3637/6545 1143/3638/6546
f 691/3627/6547 607/780/6548 1335/3639/6549
f 691/2306/6550 223/2305/6551 226/3640/6552
f 1544/2414/6553 747/2428/6554 734/2415/6555
f 1544/2414/6556 731/3641/6557 747/2428/6558
f 758/2699/6559 753/2576/6560 536/2578/6561
f 817/2700/6562 758/2699/6563 536/2578/6564
f 763/3642/6565 766/2501/6566 825/2500/6567
f 199/2116/6568 198/3643/6569 613/3622/6570
f 813/2641/6571 1306/2644/6572 759/2645/6573
f 816/2704/6574 551/1903/6575 824/3644/6576
f 825/2500/6577 770/2502/6578 826/3645/6579
f 814/2651/6580 759/2829/6581 755/3646/6582
f 1660/2762/6583 1277/3647/6584 848/2763/6585
f 208/3648/6586 656/3632/6587 867/3634/6588
f 1256/2822/6589 1142/2823/6590 959/3649/6591
f 1314/3650/6592 1315/3651/6592 1144/3652/6592
f 755/3646/6593 758/3653/6594 814/2651/6595
f 1307/2499/6596 765/1853/6597 817/2705/6598
f 191/681/6599 199/680/6600 608/3654/6601
f 608/654/6602 609/3655/6603 187/655/6604
f 892/1456/6605 889/3030/6606 899/2896/6607
f 886/2875/6608 885/1454/6609 892/1456/6610
f 886/2875/6611 892/1456/6612 891/2876/6613
f 393/3656/6614 889/3657/6615 890/3658/6616
f 393/1386/6617 899/2896/6618 889/3030/6619
f 957/3659/6620 848/2763/6621 1277/3647/6622
f 917/523/6623 1145/3660/6624 145/464/6625
f 1099/520/6626 145/467/6627 1145/3661/6628
f 144/3662/6629 967/3663/6630 917/3664/6631
f 144/3662/6632 12/3272/6633 967/3663/6634
f 1034/478/6635 1222/477/6636 1024/3283/6637
f 1059/3101/6638 1060/3394/6639 965/3279/6640
f 1019/3230/6641 965/3233/6642 1061/3395/6643
f 1019/3230/6644 1016/3231/6645 965/3233/6646
f 1125/455/6647 968/451/6648 1124/3665/6649
f 969/3556/6650 966/3056/6651 128/454/6652
f 128/454/6653 1125/453/6654 969/3556/6655
f 22/3666/6656 1023/3396/6657 1067/3398/6658
f 12/3272/6659 966/3056/6660 967/3663/6661
f 992/3105/6662 1487/1194/6663 1062/3104/6664
f 1061/3395/6665 1017/305/6666 1019/3230/6667
f 1021/3667/6668 989/3668/6669 96/3288/6670
f 989/3668/6671 1026/3289/6672 96/3288/6673
f 1487/1194/6674 96/3271/6675 1226/3287/6676
f 1058/3421/6677 1057/3423/6678 1179/3669/6679
f 332/3670/6680 1017/3671/6681 1061/3672/6682
f 1077/3673/6683 1057/3386/6684 1074/3432/6685
f 1077/3673/6686 1179/3674/6687 1057/3386/6688
f 1180/3675/6689 1058/3421/6690 1179/3669/6691
f 45/3504/6692 1193/3676/6693 1098/3614/6694
f 1099/3677/6695 1098/3678/6696 1193/3679/6697
f 1107/3680/6698 1098/3678/6699 1099/3677/6700
f 1145/3681/6701 917/3664/6702 967/3663/6703
f 967/3682/6704 966/3683/6705 1398/3684/6706
f 1056/360/6707 102/362/6708 1076/3391/6709
f 1107/3685/6710 1099/520/6711 1145/3661/6712
f 46/3686/6713 1417/3687/6714 1151/3688/6715
f 1151/3688/6716 1417/3687/6717 1153/3689/6718
f 1417/3690/6719 1462/3691/6720 1153/3692/6721
f 1152/3693/6722 1161/3694/6723 1151/3695/6724
f 1417/3690/6725 1209/1006/6726 1462/3691/6727
f 1209/3696/6728 1210/3697/6729 1462/3698/6730
f 1153/3689/6731 1152/3699/6732 1151/3688/6733
f 1152/3699/6734 1153/3689/6735 1156/3700/6736
f 1154/3701/6737 1156/3702/6738 1153/3692/6739
f 1462/3691/6740 1154/3701/6741 1153/3692/6742
f 1154/3701/6743 1462/3691/6744 331/3703/6745
f 1155/3704/6746 1156/3702/6747 1154/3701/6748
f 1152/3699/6749 1156/3700/6750 1164/3705/6751
f 1154/3701/6752 331/3703/6753 1155/3704/6754
f 1201/3706/6755 1155/3704/6756 331/3703/6757
f 1164/3707/6758 1156/3708/6759 1155/3709/6760
f 1155/3709/6761 1159/3710/6762 1164/3707/6763
f 1157/3711/6764 1158/3712/6765 49/3713/6766
f 1157/3714/6767 1198/3715/6768 1453/3716/6769
f 1236/3717/6770 1157/3714/6771 1453/3716/6772
f 1158/3712/6773 1157/3711/6774 1236/3718/6775
f 1158/3712/6776 1236/3718/6777 1235/3719/6778
f 1158/3720/6779 1235/3721/6780 1408/3722/6781
f 1235/3721/6782 1070/3723/6783 1408/3722/6784
f 1235/3719/6785 1236/3718/6786 1231/3724/6787
f 48/177/6788 1165/3725/6789 1157/179/6790
f 1157/3714/6791 1165/3726/6792 1198/3715/6793
f 1161/3727/6794 1164/3728/6795 1160/3729/6796
f 1161/3730/6797 260/3731/6798 257/3732/6799
f 1161/3730/6800 1162/3733/6801 260/3731/6802
f 1160/3734/6803 1162/3733/6801 1161/3730/6800
f 1163/3735/6804 1162/3733/6805 1160/3734/6806
f 1162/3733/6807 1163/3735/6808 1166/3736/6809
f 1152/3699/6810 1164/3705/6811 1161/3737/6812
f 1159/3738/6813 1165/3739/6814 48/174/6815
f 1160/3729/6816 48/174/6817 1163/173/6818
f 1167/3740/6819 49/3741/6820 1166/3742/6821
f 1166/3742/6822 49/3741/6823 1168/3743/6824
f 1159/3738/6825 48/174/6826 1160/3729/6827
f 1402/3744/6828 1406/3745/6829 1169/3746/6830
f 1406/3745/6831 1408/3747/6832 1169/3746/6833
f 1169/3746/6834 1070/3416/6835 1052/3377/6836
f 1408/3747/6837 1070/3416/6838 1169/3746/6839
f 1170/3748/6840 1169/3749/6841 1173/312/6842
f 1172/3750/6843 1171/3751/6844 1178/3752/6845
f 1172/3750/6846 1170/3748/6847 1171/3751/6848
f 1402/3753/6849 1169/3749/6850 1172/3750/6851
f 1169/3746/6852 1052/3377/6853 1173/315/6854
f 1174/3754/6855 1171/3751/6856 1170/3748/6857
f 1176/3755/6858 1177/3756/6859 1175/3757/6860
f 1409/861/6861 1177/3758/6862 1176/3759/6863
f 1409/861/6864 1176/3759/6865 1367/862/6866
f 1177/3758/6867 1409/861/6868 277/932/6869
f 1172/3750/6870 1178/3752/6871 1091/3472/6872
f 1177/3758/6873 1178/3752/6874 1171/3751/6875
f 1170/3748/6876 1173/312/6877 1174/3754/6878
f 1174/3754/6879 1173/312/6880 1203/311/6881
f 1175/3760/6882 1171/3761/6883 1176/3762/6884
f 1180/3763/6885 1367/862/6886 1176/3759/6887
f 1171/3751/6888 1180/3763/6889 1176/3759/6890
f 1180/3763/6891 1179/3674/6892 1181/867/6893
f 1183/2190/6894 1373/3764/6895 1182/186/6896
f 1373/3764/6897 1183/2190/6898 1184/3765/6899
f 1189/3766/6900 1186/989/6901 1187/3767/6902
f 1373/975/6903 1184/3768/6904 1187/984/6905
f 1078/3440/6906 102/1746/6907 1188/1745/6908
f 1187/984/6909 1184/3768/6910 1190/3769/6911
f 1190/2171/6912 1189/3766/6913 1187/3767/6914
f 1189/3766/6915 1190/2171/6916 646/2187/6917
f 1190/2171/6918 1184/3765/6919 1191/2189/6920
f 1609/3770/6921 1608/3771/6922 1183/3772/6923
f 1184/3765/6924 1183/2190/6925 1191/2189/6926
f 1185/979/6927 1187/3767/6928 1186/989/6929
f 1182/186/6930 51/188/6931 1183/2190/6932
f 1281/3773/6933 1193/3676/6934 45/3504/6935
f 1282/3774/6936 1281/3773/6937 45/3504/6938
f 1194/3775/6939 907/131/6940 1195/132/6941
f 1195/3776/6942 1196/3777/6943 1194/3778/6944
f 1196/135/6945 1097/920/6946 907/131/6947
f 40/145/6948 1097/920/6949 1196/135/6950
f 1165/3726/6951 1159/3710/6952 1155/3709/6953
f 1155/3704/6954 1201/3706/6955 1197/3779/6956
f 1155/3709/6957 1197/3780/6958 1165/3726/6959
f 1197/3781/6960 1452/1090/6961 1200/1092/6962
f 1197/3782/6963 1200/3783/6964 1199/3784/6965
f 1199/3785/6966 1165/3726/6967 1197/3780/6968
f 1199/3785/6969 1198/3715/6970 1165/3726/6971
f 1199/3786/6972 1200/3787/6973 1455/3788/6974
f 1454/3789/6975 1455/1130/6976 1456/1132/6977
f 1454/3789/6978 1198/3790/6979 1455/1130/6980
f 1198/3791/6981 1199/3792/6982 1455/3793/6983
f 301/1009/6984 1461/3794/6985 1205/1008/6986
f 1461/3794/6987 331/3703/6988 1205/1008/6989
f 331/3703/6990 1461/3794/6991 1201/3706/6992
f 1461/3795/6993 1202/1069/6994 1201/3796/6995
f 1202/1069/6996 1197/3797/6997 1201/3796/6998
f 1166/3742/6999 1168/3743/7000 1162/3798/7001
f 1162/3798/7002 1168/3743/7003 1404/3799/7004
f 260/3591/7005 1162/3798/7006 1140/3484/7007
f 1162/3798/7008 1404/3799/7009 1352/3800/7010
f 1352/3800/7011 1404/3799/7012 1354/3801/7013
f 1140/3484/7014 1162/3798/7015 1352/3800/7016
f 1058/3426/7017 1180/3763/7018 1174/3754/7019
f 1174/3754/7020 92/3802/7021 1058/3426/7022
f 1180/3763/7023 1171/3751/7024 1174/3754/7025
f 1367/862/7026 1180/3763/7027 1181/867/7028
f 1204/316/7029 1173/315/7030 1052/3377/7031
f 1209/3803/7032 1205/3804/7033 1206/3805/7034
f 362/3806/7035 1207/3807/7036 1206/3808/7037
f 362/3244/7038 1206/3809/7039 1009/3245/7040
f 1206/3809/7041 1208/3810/7042 1009/3245/7043
f 1009/3811/7044 1209/3696/7045 1207/3812/7046
f 1207/3813/7047 1209/3803/7048 1206/3805/7049
f 1208/3814/7050 1209/3696/7051 1009/3811/7052
f 1208/3814/7053 1210/3697/7054 1209/3696/7055
f 1205/1138/7056 1210/1137/7057 1208/3810/7058
f 1208/3810/7059 1206/3809/7060 1205/1138/7061
f 1496/3815/7062 1017/305/7063 1212/307/7064
f 1496/3815/7065 1015/3816/7066 1017/305/7067
f 1212/307/7068 65/242/7069 1496/3815/7070
f 65/242/7071 1212/307/7072 1211/243/7073
f 1061/3395/7074 1211/243/7075 1212/307/7076
f 333/317/7077 91/313/7078 692/2319/7079
f 333/317/7080 692/2319/7081 1215/3383/7082
f 91/313/7083 1213/2325/7084 692/2319/7085
f 1338/3817/7086 1218/3818/7087 1055/3819/7088
f 1338/3820/7089 1055/3821/7090 1337/3822/7091
f 1337/3822/7092 1055/3821/7093 1215/3823/7094
f 1214/3824/7095 1215/3823/7096 1055/3821/7097
f 692/3825/7098 695/3826/7099 227/3827/7100
f 1055/3387/7101 1056/360/7102 1054/3385/7103
f 1217/3828/7104 1216/363/7105 1056/360/7106
f 1217/3828/7107 1055/3387/7108 1218/3829/7109
f 1219/3830/7110 1220/3831/7111 1574/556/7112
f 1219/3830/7113 667/3832/7114 1221/3833/7115
f 1219/3830/7116 1221/3833/7117 1220/3831/7118
f 1223/3834/7119 1286/3835/7120 1220/3836/7121
f 1574/556/7122 1220/3831/7123 1286/3837/7124
f 1222/3838/7125 391/3839/7126 1223/3834/7127
f 1220/3836/7128 1221/3840/7129 1222/3838/7130
f 1224/3403/7131 1425/3841/7132 1428/3842/7133
f 1224/3403/7134 1428/3842/7135 1064/3404/7136
f 1064/3404/7137 1428/3842/7138 1225/3843/7139
f 1225/3410/7140 1067/3412/7141 1065/3844/7142
f 1225/3845/7143 1065/3409/7144 1064/3407/7145
f 1226/3846/7146 1224/3847/7147 1063/3848/7148
f 1226/3849/7149 1425/3850/7150 1224/3851/7151
f 95/3852/7152 1227/3853/7153 1027/3854/7154
f 1242/3855/7155 1027/3856/7156 1227/3857/7157
f 1027/3856/7158 1425/3858/7159 1226/3859/7160
f 1027/3856/7161 1242/3855/7162 1425/3858/7163
f 1070/3860/7164 1235/3861/7165 1231/3862/7166
f 1069/3863/7167 1230/3864/7168 1068/3865/7169
f 1069/3863/7170 1229/3866/7171 1230/3864/7172
f 1229/3866/7173 1070/3860/7174 1231/3862/7175
f 1231/3862/7176 1230/3864/7177 1229/3866/7178
f 1230/3867/7179 1231/3868/7180 1234/3869/7181
f 1230/3867/7182 1234/3869/7183 1232/3870/7184
f 1232/3871/7185 1234/3872/7186 1419/3873/7187
f 1234/3872/7188 1233/3874/7189 1419/3873/7190
f 1231/3875/7191 1236/3876/7192 1234/3872/7193
f 1236/3876/7194 1453/3877/7195 1234/3872/7196
f 1233/3874/7197 1234/3872/7198 1453/3877/7199
f 1237/3878/7200 1238/3879/7201 1228/3880/7202
f 1227/3881/7203 1237/3878/7204 1228/3880/7205
f 1237/334/7206 97/336/7207 1238/3882/7208
f 1238/3883/7209 100/346/7210 1228/3884/7211
f 97/347/7212 100/346/7213 1238/3883/7214
f 100/346/7215 1239/3885/7216 1228/3884/7217
f 1034/3886/7218 1239/3885/7219 100/346/7220
f 1240/3887/7221 1242/3888/7222 1241/3889/7223
f 1242/3888/7224 1243/3890/7225 1241/3889/7226
f 1243/350/7227 1242/3891/7228 1227/351/7229
f 1243/3890/7230 1472/3892/7231 1241/3889/7232
f 95/3852/7233 88/299/7234 96/3893/7235
f 1021/3894/7236 96/3895/7237 88/3896/7238
f 88/299/7239 1026/3897/7240 989/301/7241
f 88/299/7242 95/3852/7243 1026/3897/7244
f 95/3852/7245 1027/3854/7246 1026/3897/7247
f 401/34/7248 1245/3898/7249 1244/35/7250
f 1244/35/7251 1247/3899/7252 1246/441/7253
f 1246/441/7254 1247/3899/7255 1248/3900/7256
f 1248/3900/7257 994/1335/7258 1249/442/7259
f 1248/3900/7260 996/3901/7261 994/1335/7262
f 1248/3900/7263 1247/3899/7264 109/3902/7265
f 1248/3900/7266 109/3902/7267 346/3903/7268
f 1248/3900/7269 346/3903/7270 996/3901/7271
f 346/3236/7272 1516/3126/7273 996/3125/7274
f 1516/3126/7275 346/3236/7276 1020/3235/7277
f 205/3904/7278 1250/3905/7279 1263/3906/7280
f 1223/3834/7281 1220/3836/7282 1222/3838/7283
f 1252/3907/7284 1253/3908/7285 1251/3909/7286
f 118/3910/7287 1253/3911/7288 1223/3912/7289
f 1253/3908/7290 1252/3907/7291 1223/3913/7292
f 118/413/7293 1254/3914/7294 1253/3915/7295
f 1251/3916/7296 1253/3917/7297 1255/415/7298
f 1255/415/7299 1253/3917/7300 1254/3918/7301
f 1255/415/7302 1254/3918/7303 119/418/7304
f 118/413/7305 119/414/7306 1254/3914/7307
f 988/3090/7308 1255/415/7309 120/417/7310
f 121/3040/7311 1251/3919/7312 1255/3041/7313
f 205/3904/7314 1256/3920/7315 1250/3905/7316
f 205/689/7317 865/2038/7318 1256/3921/7319
f 865/3922/7320 1257/2810/7321 1256/3923/7322
f 1257/2810/7323 154/3924/7324 1256/3923/7325
f 154/3924/7326 1257/2810/7327 153/3925/7328
f 1257/2810/7329 1259/2809/7330 153/3925/7331
f 1260/3926/7332 1261/3927/7333 1262/3928/7334
f 1262/3928/7335 1261/3927/7336 385/43/7337
f 1262/3928/7338 385/43/7339 939/3929/7340
f 939/3929/7341 385/43/7342 970/42/7343
f 953/3038/7344 939/3929/7345 970/42/7346
f 1261/3930/7347 1260/3036/7348 387/1358/7349
f 1261/3931/7350 387/1350/7351 385/1349/7352
f 1260/3036/7353 1263/1356/7354 387/1358/7355
f 385/43/7356 1264/3932/7357 971/44/7358
f 1266/3933/7359 1264/3934/7360 1265/3935/7361
f 971/3936/7362 1264/3934/7363 1266/3933/7364
f 134/377/7365 107/376/7366 1267/469/7367
f 1267/469/7368 107/376/7369 1268/3937/7370
f 1267/457/7371 1268/3938/7372 12/458/7373
f 1245/3898/7374 401/34/7375 1710/3939/7376
f 1245/3898/7377 1247/3899/7378 1244/35/7379
f 1245/3940/7380 954/392/7381 109/394/7382
f 1247/3899/7383 1245/3898/7384 109/3902/7385
f 954/392/7386 1245/3940/7387 1710/3941/7388
f 1710/3942/7389 951/3033/7390 954/3034/7391
f 577/3943/7392 1270/499/7393 1271/3944/7394
f 1271/3944/7395 211/3945/7396 577/3943/7397
f 1273/728/7398 1271/2769/7399 1272/3946/7400
f 1703/2928/7401 1273/3947/7402 1272/503/7403
f 1279/3948/7404 1273/3949/7405 932/3950/7406
f 1270/499/7407 1269/498/7408 1271/3944/7409
f 1660/2762/7410 1274/3951/7411 1277/3647/7412
f 1274/3951/7413 1278/3952/7414 1277/3647/7415
f 848/3953/7416 957/3954/7417 1276/3955/7418
f 957/3954/7419 1277/3956/7420 1276/3955/7421
f 1278/3957/7422 1275/3958/7423 1277/3959/7424
f 1273/3960/7425 1278/3952/7426 1280/3961/7427
f 1280/3961/7428 1278/3952/7429 1274/3951/7430
f 1281/3962/7431 1099/3677/7432 1193/3679/7433
f 1278/3957/7434 1279/3963/7435 1275/3958/7436
f 1273/3960/7437 1279/3964/7438 1278/3952/7439
f 1283/3965/7440 1288/3966/7441 1287/3967/7442
f 1288/3966/7443 122/3968/7444 1287/3967/7445
f 122/3969/7446 1288/3970/7447 1252/3971/7448
f 1288/3970/7449 1284/3972/7450 1252/3971/7451
f 1285/544/7452 1286/3837/7453 1284/3973/7454
f 1285/544/7455 1574/556/7456 1286/3837/7457
f 1286/3835/7458 1252/3971/7459 1284/3972/7460
f 1252/3971/7461 1286/3835/7462 1223/3834/7463
f 150/539/7464 151/3974/7465 1287/540/7466
f 1287/540/7467 151/3974/7468 1283/3975/7469
f 151/3974/7470 1285/3976/7471 1283/3975/7472
f 1283/3977/7473 1284/3973/7474 1288/3978/7475
f 1289/3979/7476 147/555/7477 1298/541/7478
f 1290/3980/7479 1289/3981/7480 1298/3982/7481
f 856/3983/7482 1292/3984/7483 1291/3985/7484
f 856/3986/7485 857/2020/7486 1292/2021/7487
f 1292/3987/7488 1293/3988/7489 1296/3989/7490
f 1293/3988/7491 1294/3990/7492 1296/3989/7493
f 1294/3991/7494 861/3992/7495 1295/3993/7496
f 1296/3994/7497 1290/3995/7498 1291/3996/7499
f 1294/3990/7500 1290/3997/7501 1296/3989/7502
f 1295/3993/7503 1290/3998/7504 1294/3991/7505
f 1289/3999/7506 1297/2816/7507 147/4000/7508
f 147/4000/7509 1297/2816/7510 866/2815/7511
f 856/4001/7512 1291/3996/7513 588/2014/7514
f 1291/3996/7515 1299/543/7516 588/2014/7517
f 1291/3996/7518 1290/3995/7519 1299/543/7520
f 1298/541/7521 1299/543/7522 1290/3995/7523
f 829/2710/7524 841/4002/7525 1300/4003/7526
f 1300/4003/7527 1643/2707/7528 829/2710/7529
f 562/4004/7530 1643/2707/7531 564/4005/7532
f 1643/2707/7533 1300/4003/7534 564/4005/7535
f 841/4006/7536 1143/4007/7537 1300/4008/7538
f 841/4009/7539 183/634/7540 1143/636/7541
f 835/2717/7542 770/2518/4377 172/2517/4376
f 172/2517/7543 171/4010/7544 835/2717/7545
f 826/2716/7546 770/2518/7547 835/2717/7548
f 1302/4011/7549 1310/4012/7550 1301/1498/7551
f 802/4013/7552 1310/4012/7553 1302/4011/7554
f 1302/4011/7555 1301/1498/7556 1304/4014/7557
f 1304/2638/7558 1301/4015/7559 1305/2639/7560
f 1302/4016/7561 1304/4017/7562 1303/4018/7563
f 802/2620/7564 1302/1881/7565 803/1884/7566
f 1301/1498/7567 1306/2644/7568 1305/2643/7569
f 1306/2644/7570 1301/1498/7571 423/1500/7572
f 559/1941/7573 835/1940/7574 171/4019/7575
f 559/4020/7576 836/2735/7577 837/2734/7578
f 536/1847/7579 1307/1856/7580 817/4021/7581
f 700/4022/7582 1309/4023/7583 1308/4024/7584
f 1308/4025/7585 1310/4012/7586 702/4026/7587
f 1308/4025/7588 1309/1524/7589 1310/4012/7590
f 1309/1524/7591 1301/1498/7592 1310/4012/7593
f 1310/4027/7594 793/4028/7595 702/4029/7596
f 1311/4030/7597 1312/4031/7598 1313/4032/7599
f 1313/4033/7600 1312/4034/7601 795/2599/7602
f 795/2599/7603 1312/4034/7604 702/2596/7605
f 1269/4035/7606 1272/4036/7607 1271/4037/7608
f 1316/4038/7609 1317/691/7610 1647/693/7611
f 1316/4038/7612 1614/2626/7613 1317/691/7614
f 1614/2626/7615 1616/4039/7616 1317/691/7617
f 1616/4039/7618 1625/703/7619 1317/691/7620
f 198/4040/7621 1591/4041/7622 1590/4042/7623
f 1590/4042/7623 613/4043/7624 198/4040/7621
f 1320/4044/7625 1325/4045/7626 1318/4046/7627
f 1325/4047/7628 1324/4048/7629 1323/4049/7630
f 1323/4050/7631 1324/4051/7632 1322/4052/7633
f 1322/4052/7634 1324/4051/7635 1321/4053/7636
f 1321/4053/7637 1324/4051/7638 1320/4044/7639
f 1324/4051/7640 1325/4045/7641 1320/4044/7642
f 1323/4050/7643 1326/4054/7644 1325/4045/7645
f 1583/1791/7646 1326/4054/7647 1323/4050/7648
f 1583/4055/7649 624/4056/7650 1326/4057/7651
f 1583/1791/7652 1577/4058/7653 624/2208/7654
f 1577/4058/7655 216/2206/7656 624/2208/7657
f 1577/4059/7658 1576/4060/7659 216/4061/7660
f 1319/4062/7661 1326/4054/7662 760/4063/7663
f 1327/4064/7664 1319/4062/7665 760/4063/7666
f 1325/4045/7667 1326/4054/7668 1319/4062/7669
f 1325/4045/7670 1319/4062/7671 1318/4046/7672
f 701/2343/7673 700/4065/7674 1308/2344/7675
f 1329/4066/7676 1328/4067/7677 1334/4068/7678
f 1329/4069/7679 1336/4070/7680 1330/4071/7681
f 1328/2285/7682 1330/4071/7683 652/4072/7684
f 180/617/7685 1328/2285/7686 652/4072/7687
f 1329/4069/7688 1330/4071/7689 1328/2285/7690
f 651/4073/7691 652/4074/7692 1330/4075/7693
f 1330/4075/7694 1336/4076/7695 1331/4077/7696
f 1332/4078/7697 1593/4079/7698 1333/4080/7699
f 681/4081/7700 682/4082/7701 1335/3639/7702
f 1328/2288/7703 681/2287/7704 1335/4083/7705
f 1328/2288/7706 1335/4083/7707 1334/4084/7708
f 1336/4085/7709 606/4086/7710 1596/4087/7711
f 1334/4068/7712 606/4086/7713 1329/4066/7714
f 1329/4066/7715 606/4086/7716 1336/4085/7717
f 1056/360/7718 1055/3387/7719 1217/3828/7720
f 1338/4088/7721 1337/4089/7722 227/3827/7723
f 1338/4088/7724 227/3827/7725 1218/4090/7726
f 1218/4090/7727 227/3827/7728 1217/4091/7729
f 1342/4092/7730 1343/4093/7731 1341/4094/7732
f 598/2083/7733 1344/2085/7734 1343/4095/7735
f 1343/4093/7736 1344/4096/7737 1341/4094/7738
f 1344/4097/7739 1340/4098/7740 1341/4099/7741
f 1340/4098/7742 1345/4100/7743 1347/4101/7744
f 1347/4101/7745 600/4102/7746 1340/4098/7747
f 600/4102/7748 1347/4101/7749 1339/4103/7750
f 1344/4097/7751 1345/4100/7752 1340/4098/7753
f 1344/4104/7754 1589/4105/7755 1345/4106/7756
f 1589/4105/7757 1344/4104/7758 1346/4107/7759
f 1350/3588/7760 1349/3587/7761 1348/942/7762
f 1352/4108/7763 1353/4109/7764 1351/3480/7765
f 1140/3482/7766 1352/4108/7767 1351/3480/7768
f 1354/4110/7769 1353/4109/7770 1352/4108/7771
f 1351/4111/7772 1353/4112/7773 1349/4113/7774
f 1356/4114/7775 1129/3487/7776 1355/4115/7777
f 1129/3487/7778 1356/4114/7779 1136/3596/7780
f 1129/3487/7781 277/932/7782 1355/4115/7783
f 1088/3453/7784 277/932/7785 1357/3454/7786
f 277/932/7787 1088/3453/7788 1355/4115/7789
f 1355/4115/7790 1088/3453/7791 1412/4116/7792
f 1086/4117/7793 1412/4118/7794 1088/4119/7795
f 46/4120/7796 1151/4121/7797 261/4122/7798
f 1389/195/7799 1105/3500/7800 1358/190/7801
f 1164/3728/7802 1159/3738/7803 1160/3729/7804
f 1371/4123/7805 1089/4124/7806 1366/4125/7807
f 1366/950/7808 1089/4126/7809 1360/4127/7810
f 1369/4128/7811 1361/3445/7812 1362/3447/7813
f 1369/864/7814 1362/3443/7815 1359/863/7816
f 1359/863/7817 1362/3443/7818 1368/995/7819
f 254/4129/7820 1364/4130/7821 1368/4131/7822
f 1360/4132/7823 1368/4133/7824 1364/4134/7825
f 1366/950/7826 1360/4127/7827 1365/875/7828
f 1365/875/7829 1360/4127/7830 1364/877/7831
f 1360/4127/7832 1090/3613/7833 1368/995/7834
f 1368/995/7835 1090/3613/7836 1359/863/7837
f 251/860/7838 1359/863/7839 1090/3613/7840
f 1370/824/7841 1356/840/7842 1371/4135/7843
f 1371/4135/7844 1372/4136/7845 1370/824/7846
f 1175/4137/7847 1177/4138/7848 1171/4139/7849
f 1073/4140/7850 286/4141/7851 288/4142/7852
f 1073/4143/7853 288/977/7854 289/985/7855
f 286/4141/7856 287/4144/7857 1182/4145/7858
f 286/4141/7859 1182/4145/7860 1373/4146/7861
f 1375/214/7862 1108/3505/7863 244/841/7864
f 264/902/7865 1375/4147/7866 1376/4148/7867
f 264/902/7868 1118/907/7869 1375/4147/7870
f 1106/900/7871 264/902/7872 1376/4148/7873
f 45/3504/7874 1376/3503/7875 1375/4149/7876
f 1377/4150/7877 1379/4151/7878 1378/4152/7879
f 1377/4150/7880 1400/4153/7881 1379/4151/7882
f 1380/4154/7883 1381/4155/7884 1379/3513/7885
f 1383/4156/7886 1384/4157/7887 1382/4158/7888
f 1379/4159/7889 1382/4160/7890 1384/4161/7891
f 1381/4162/7892 1382/4163/7893 1379/4164/7894
f 1385/4165/7895 1378/4166/7896 1379/4159/7897
f 1379/4159/7898 1384/4161/7899 1385/4165/7900
f 250/852/7901 1389/195/7902 1390/194/7903
f 1390/194/7904 1387/4167/7905 250/852/7906
f 250/852/7907 1387/4167/7908 1388/858/7909
f 1387/4167/7910 1390/194/7911 1377/4168/7912
f 1377/4169/7913 1390/4170/7914 1400/4171/7915
f 1387/4167/7916 1377/4168/7917 1392/4172/7918
f 1391/4173/7919 1387/4174/7920 1392/4175/7921
f 1392/4172/7922 1377/4168/7923 1378/4176/7924
f 1392/4177/7925 1378/4178/7926 1393/4179/7927
f 1394/4180/7928 1124/890/7929 1395/887/7930
f 1396/4181/7931 1397/4182/7932 1124/4183/7933
f 969/4184/7934 1394/4185/7935 1399/914/7936
f 1399/914/7937 1394/4185/7938 1395/912/7939
f 1398/4186/7940 1127/4187/7941 266/4188/7942
f 261/4122/7943 1151/4121/7944 1161/4189/7945
f 1396/4190/7946 47/158/7947 1397/157/7948
f 1400/3519/7949 52/4191/7950 1114/820/7951
f 1114/820/7952 1112/822/7953 1400/3519/7954
f 1380/4154/7955 1379/3513/7956 1111/3518/7957
f 1379/3513/7958 1401/3512/7959 1111/3518/7960
f 1403/4192/7961 284/4193/7962 1402/3744/7963
f 284/4193/7964 1406/3745/7965 1402/3744/7966
f 1403/4192/7967 1402/3744/7968 1353/4194/7969
f 1353/4109/7970 1093/943/7971 1348/942/7972
f 1353/4109/7973 1402/3753/7974 1093/943/7975
f 1093/943/7976 1402/3753/7977 1172/3750/7978
f 1403/4195/7979 1404/4196/7980 284/4197/7981
f 1403/4198/7982 1353/4199/7983 1354/4200/7984
f 1403/4201/7985 1354/4202/7986 1404/4203/7987
f 1404/4196/7988 1168/4204/7989 284/4197/7990
f 1405/4205/7991 284/967/7992 49/966/7993
f 1405/4205/7994 1406/4206/7995 284/967/7996
f 1158/3720/7997 1405/4207/7998 49/4208/7999
f 1405/4207/8000 1158/3720/8001 1407/4209/8002
f 1406/4210/8003 1405/4207/8004 1407/4209/8005
f 1407/4209/8006 1408/3722/8007 1406/4210/8008
f 1407/4209/8009 1158/3720/8010 1408/3722/8011
f 1170/3748/8012 1172/3750/8013 1169/3749/8014
f 1357/4211/8015 277/4212/8016 1409/4213/8017
f 280/945/8018 1178/3752/8019 277/932/8020
f 1178/3752/8021 1177/3758/8022 277/932/8023
f 1360/4127/8024 1089/4126/8025 1090/3613/8026
f 1411/4214/8027 1085/4215/8028 256/4216/8029
f 1085/953/8030 1365/875/8031 1410/872/8032
f 1410/4217/8033 256/4218/8034 1085/4219/8035
f 256/4220/8036 1410/872/8037 255/874/8038
f 1411/4214/8039 1084/4221/8040 1085/4215/8041
f 1349/3587/8042 1353/4109/8043 1348/942/8044
f 277/932/8045 276/934/8046 280/945/8047
f 1412/4118/8048 1083/4222/8049 1371/4223/8050
f 1083/4222/8051 1412/4118/8052 1086/4117/8053
f 1355/4115/8054 1412/4116/8055 1356/4114/8056
f 1356/4114/8057 1412/4116/8058 1371/4224/8059
f 1414/4225/8060 243/4226/8061 1366/946/8062
f 243/4227/8063 1414/963/8064 282/962/8065
f 1415/4228/8066 243/4229/8067 282/4230/8068
f 1085/4231/8069 243/4229/8070 1415/4228/8071
f 1366/946/8072 243/4226/8073 1413/947/8074
f 1414/4225/8075 1366/946/8076 281/4232/8077
f 1085/4233/8078 1415/4234/8079 281/4235/8080
f 1415/4236/8081 1414/4225/8082 281/4232/8083
f 1415/4237/8084 283/4238/8084 1414/4239/8084
f 1368/995/8085 1362/3443/8086 1363/996/8087
f 286/4141/8088 1373/4146/8089 288/4142/8090
f 1072/4240/8091 1417/4241/8092 46/4242/8093
f 59/4243/8094 1416/4244/8095 300/4245/8096
f 1209/4246/8097 59/4243/8094 300/4245/8096
f 1068/3865/8098 1230/3864/8099 1464/4247/8100
f 1230/4248/8101 1232/4249/8102 1419/4250/8103
f 1230/3864/8104 1419/4251/8105 1418/4252/8106
f 1418/4253/8107 1421/4254/8108 1060/4255/8109
f 1421/4256/8110 1418/4257/8111 305/4258/8112
f 1418/4257/8113 1419/4259/8114 305/4258/8115
f 1420/4260/8116 1421/4261/8117 1416/4262/8118
f 1211/243/8119 1421/3393/8120 1420/230/8121
f 1424/1141/8122 1450/4263/8123 1423/1142/8124
f 1421/1020/8125 1422/1013/8126 300/4264/8127
f 1421/4265/8128 300/4266/8129 1416/4267/8130
f 1240/4268/8131 1241/4269/8132 1426/4270/8133
f 1241/4271/8134 1472/4272/8135 1427/4273/8136
f 1426/4274/8137 1241/4271/8138 1427/4273/8139
f 1427/4275/8140 1425/4276/8141 1426/4277/8142
f 1426/4278/8143 1425/4279/8144 1242/4280/8145
f 1426/4278/8146 1242/4280/8147 1240/4281/8148
f 1428/3842/8149 1429/4282/8150 1225/3843/8151
f 1425/4283/8152 1429/4284/8153 1428/4285/8154
f 1429/4284/8155 1425/4283/8156 1427/4286/8157
f 1052/4287/8158 1431/4288/8159 1204/4289/8160
f 1052/4287/8161 1053/4290/8162 1431/4288/8163
f 1053/4290/8164 1466/4291/8165 1431/4288/8166
f 1471/4292/8167 1466/4291/8168 1053/4290/8169
f 1471/4292/8170 1430/4293/8171 1466/4291/8172
f 91/313/8173 1431/318/8174 1213/2325/8175
f 1435/3360/8176 1051/3353/8177 1434/3352/8178
f 1435/1033/8179 1434/3350/8180 1433/1034/8181
f 1432/1035/8182 1436/4294/8183 1040/1048/8184
f 310/1044/8185 1040/4295/8186 1050/3345/8187
f 1437/4296/8188 1050/4297/8189 1436/4298/8190
f 1436/4294/8191 1050/3351/8192 1040/1048/8193
f 308/4299/8194 1438/4300/8195 1437/4301/8196
f 1437/4296/8197 1436/4298/8198 308/4302/8199
f 1438/1042/8200 1436/1041/8201 1432/4303/8202
f 1438/4300/8203 1432/4304/8204 1437/4301/8205
f 59/4243/8206 1209/4246/8207 1417/4241/8208
f 1072/4240/8209 59/4243/8210 1417/4241/8211
f 1424/1141/8212 1439/4305/8213 1450/4263/8214
f 1197/3797/8215 1202/1069/8216 1452/1068/8217
f 326/1120/8218 1440/1122/8219 1460/4306/8220
f 1200/1128/8221 1441/1127/8222 1455/4307/8223
f 1449/4308/8224 324/4309/8225 1442/4310/8226
f 1442/4310/8227 1443/4311/8228 1449/4308/8229
f 324/4309/8230 1444/4312/8231 1442/4310/8232
f 324/1112/8233 1458/4313/8234 1444/4314/8235
f 1443/4315/8236 1446/4316/8237 1447/4317/8238
f 1444/4312/8239 1445/4318/8240 1442/4310/8241
f 1442/4310/8242 1445/4318/8243 1443/4311/8244
f 1445/4319/8245 1444/4314/8246 1071/4320/8247
f 1445/4321/8248 1071/4322/8249 1446/4316/8250
f 1452/1072/8251 1446/1125/8252 329/1111/8253
f 1446/1125/8252 1071/4320/8254 329/1111/8253
f 324/1112/8255 329/1111/8256 1458/4313/8257
f 328/1123/8258 1446/1125/8259 1452/1072/8260
f 1449/4323/8261 1447/4324/8262 1448/4325/8263
f 1447/4324/8264 1446/4326/8265 1448/4325/8266
f 1448/4327/8267 324/4328/8268 1449/4329/8269
f 324/4330/8270 1448/1087/8271 325/1086/8272
f 1423/4331/8273 1450/1065/8274 303/4332/8275
f 1450/1065/8276 1440/1064/8277 303/4332/8278
f 1448/4333/8279 328/4334/8280 319/4335/8281
f 1451/4336/8282 319/4335/8283 328/4334/8284
f 1451/4337/8285 328/4338/8286 327/4339/8287
f 1233/4340/8288 1454/4341/8289 305/4258/8290
f 1233/4340/8291 1453/4342/8292 1454/4341/8293
f 305/4343/8294 1454/4344/8295 1456/4345/8296
f 305/4343/8297 1456/4345/8298 306/4346/8299
f 1454/4341/8300 1453/4342/8301 1198/4347/8302
f 305/4258/8303 1419/4259/8304 1233/4340/8305
f 1449/4348/8306 1443/4349/8307 1447/4350/8308
f 1446/4316/8309 1443/4315/8310 1445/4321/8311
f 1457/4351/8312 1459/4352/8313 1071/4353/8314
f 1459/4354/8315 1458/4313/8316 329/1111/8317
f 1459/4354/8318 329/1111/8319 1071/4320/8320
f 1458/4355/8321 1459/4356/8322 1457/4357/8323
f 1444/4314/8324 1458/4313/8325 1071/4320/8326
f 301/4358/8327 302/4359/8328 1460/4360/8329
f 301/4358/8330 1460/4360/8331 1461/3795/8332
f 1460/4360/8333 1202/1069/8334 1461/3795/8335
f 1440/1070/8336 1202/1069/8337 1460/4360/8338
f 1462/3698/8339 330/4361/8340 1463/4362/8341
f 331/4363/8342 1462/4364/8343 1463/4365/8344
f 1210/3697/8345 330/4361/8346 1462/3698/8347
f 1230/3864/8348 1418/4252/8349 1464/4247/8350
f 1067/4366/8351 1464/4367/8352 1060/4255/8353
f 1060/4255/8354 1464/4367/8355 1418/4253/8356
f 1464/4367/8357 1067/4366/8358 1066/4368/8359
f 1066/4368/8360 1068/4369/8361 1464/4367/8362
f 1166/3736/8363 1163/3735/8364 1167/4370/8365
f 1465/3367/8366 1430/4371/8367 1467/3361/8368
f 1430/4371/8369 1468/3364/8370 1467/3361/8371
f 1466/4291/8372 1045/4372/8373 1431/4288/8374
f 1465/3367/8375 1466/4373/8376 1430/4371/8377
f 1469/4374/8378 1468/4375/8379 1470/4376/8380
f 1469/4374/8381 1470/4376/8382 1047/4377/8383
f 1047/4377/8384 1470/4376/8385 1471/4378/8386
f 1470/4376/8387 1430/4379/8388 1471/4378/8389
f 1470/4376/8380 1468/4375/8379 1430/4379/8390
f 1046/4380/8391 1053/4290/8392 1052/4287/8393
f 1434/3350/8394 1432/1035/8395 1433/1034/8396
f 1472/4381/8397 1243/357/8398 1036/356/8399
f 1037/3320/8400 1473/4382/8401 1036/4383/8402
f 1036/4383/8403 1473/4382/8404 1472/4384/8405
f 1474/3299/8406 1473/4382/8407 1037/3320/8408
f 1472/4385/8409 1473/3326/8410 1427/3328/8411
f 1148/4386/8412 1035/4387/8413 1475/4388/8414
f 95/4389/8415 1237/4390/8416 1227/4391/8417
f 107/379/8418 1479/3053/8419 1268/3055/8420
f 107/379/8421 1476/378/8422 1479/3053/8423
f 1505/4392/8424 1480/4393/8425 1479/4394/8426
f 1479/4395/8427 1476/4396/8428 1505/4397/8429
f 1480/4393/8430 1505/4392/8431 1477/4398/8432
f 1478/4399/8433 130/448/8434 1480/447/8435
f 1478/4399/8436 1477/4400/8437 1482/4401/8438
f 1477/4400/8437 1513/4402/8439 1482/4401/8438
f 1478/4399/8440 1482/4401/8441 1481/4403/8442
f 1482/4401/8443 373/4404/8444 1481/4403/8445
f 1481/4403/8446 373/4404/8447 1483/4405/8448
f 1482/4406/8449 370/1287/8450 373/1289/8451
f 971/3936/8452 1266/3933/8453 993/4407/8454
f 1266/3933/8455 1265/3935/8456 973/4408/8457
f 993/4407/8458 1266/3933/8459 973/4408/8460
f 973/3075/8461 1265/4409/8462 976/3060/8463
f 386/1360/8464 1484/65/8465 1265/4409/8466
f 17/4410/8467 976/4411/8468 1485/4412/8469
f 1485/48/8470 976/3060/8471 1484/65/8472
f 976/3060/8473 1265/4409/8474 1484/65/8475
f 980/4413/8476 1486/4414/8477 979/1185/8478
f 979/1185/8479 1486/4414/8480 347/3121/8481
f 959/4415/8482 1488/4416/8483 1484/62/8484
f 11/64/8485 1484/62/8486 1488/4416/8487
f 1488/4417/8488 959/4418/8489 1489/3043/8490
f 1489/3043/8491 960/3045/8492 1488/4417/8493
f 1488/41/8494 960/4419/8495 962/39/8496
f 389/4420/8497 11/40/8498 1490/3083/8499
f 389/4420/8500 1490/3083/8501 985/3085/8502
f 11/40/8503 24/3088/8504 1490/3083/8505
f 389/4420/8506 985/3085/8507 975/4421/8508
f 962/39/8509 24/3088/8510 11/40/8511
f 390/4422/8512 1250/4423/8513 1491/4424/8514
f 1491/1374/8515 959/4415/8516 1484/62/8517
f 1256/3274/8518 1491/3276/8519 1250/4425/8520
f 1486/4426/8521 19/4427/8522 1492/4428/8523
f 1486/4426/8524 1492/4428/8525 347/4429/8526
f 19/4430/8527 22/3100/8528 1492/3117/8529
f 980/4413/8530 18/4431/8531 1486/4414/8532
f 1486/4414/8533 18/4431/8534 19/4432/8535
f 353/1204/8536 963/3089/8537 1493/1207/8538
f 963/3089/8539 1494/1382/8540 1493/1207/8541
f 1495/4433/8542 1499/4434/8543 359/4435/8544
f 1497/4436/8545 360/4437/8546 359/4435/8547
f 1497/4438/8548 361/4439/8549 360/4440/8550
f 1497/4441/8551 1496/3815/8552 361/4442/8553
f 1015/4443/8554 1497/4444/8555 1499/4445/8556
f 1497/4436/8557 359/4435/8558 1499/4434/8559
f 1496/3815/8560 1497/4441/8561 1015/3816/8562
f 1016/4446/8563 1017/4447/8564 1015/4448/8565
f 1498/240/8566 1496/3815/8567 65/242/8568
f 1499/1299/8569 1523/1301/8570 1503/4449/8571
f 347/4450/8572 1492/4451/8573 1507/4452/8574
f 1492/4451/8575 1500/4453/8576 1507/4452/8577
f 1500/4453/8578 1510/4454/8579 1507/4452/8580
f 1500/4455/8581 1501/4456/8582 1510/4457/8583
f 1510/4458/8584 1503/4459/8585 1523/4460/8586
f 1504/4461/8587 1499/4462/8588 1503/4463/8589
f 1499/4464/8590 1504/4465/8591 1502/4466/8592
f 1501/4467/8593 1503/4459/8594 1510/4458/8595
f 125/4468/8596 366/4469/8597 1505/4392/8598
f 1505/4392/8599 366/4469/8600 1477/4398/8601
f 366/4470/8602 364/4471/8603 1513/4402/8604
f 994/1335/8605 364/1238/8606 365/1240/8607
f 994/4472/8608 995/4473/8609 364/4474/8610
f 364/4471/8611 995/4475/8612 1513/4402/8613
f 1020/3235/8614 347/3237/8615 1506/4476/8616
f 1506/4477/8617 347/4450/8618 1507/4452/8619
f 1147/4478/8620 1509/4479/8621 1508/4480/8622
f 1508/4481/8623 340/4482/8624 1147/4483/8625
f 1147/4484/8626 340/1171/8627 1002/1165/8628
f 997/3135/8629 1511/3134/8630 1020/4485/8631
f 1515/4486/8632 1020/4485/8633 1511/3134/8634
f 1517/4487/8635 1515/4488/8636 1511/4489/8637
f 1517/4487/8638 1511/4489/8639 1510/4490/8640
f 1512/1251/8641 1510/4490/8642 375/1242/8643
f 375/1298/8644 1510/4491/8645 1523/1296/8646
f 1513/4492/8647 1512/4493/8648 371/4494/8649
f 1512/4493/8650 1513/4492/8651 995/4495/8652
f 371/4496/8653 1512/4497/8654 1524/4498/8655
f 1512/1251/8656 368/1241/8657 1514/1276/8658
f 1516/4499/8659 1020/4485/8660 1515/4486/8661
f 995/4495/8662 1516/4500/8663 1512/4493/8664
f 1477/4400/8665 1478/4399/8666 1480/447/8667
f 1513/4402/8668 1477/4400/8669 366/4470/8670
f 1516/4500/8671 1515/4501/8672 1517/4502/8673
f 1516/4500/8674 1517/4502/8675 1512/4493/8676
f 1517/4487/8677 1510/4490/8678 1512/1251/8679
f 377/4503/8680 358/4504/8681 999/4505/8682
f 377/4506/8683 999/4507/8684 381/4508/8685
f 381/4509/8686 63/1318/8687 62/233/8688
f 62/229/2210 1518/1324/2209 381/4510/8689
f 381/4511/8690 1519/1218/8691 63/1220/8692
f 1004/4512/8693 1518/4513/8694 1519/4514/8695
f 1519/4514/8696 357/4515/8697 1004/4512/8698
f 1519/4516/8699 381/4517/8700 357/4518/8701
f 1509/4519/8702 1147/3167/8703 1521/4520/8704
f 1147/3167/8705 1520/3164/8706 1521/4520/8707
f 1521/4521/8708 376/4522/8709 1146/4523/8710
f 1509/3149/8711 1521/4524/8712 1146/3150/8713
f 1520/3168/8714 1518/3170/8715 1521/4525/8716
f 1522/1314/8717 382/1297/8718 1518/4526/8719
f 382/4527/8720 381/4510/8721 1518/1324/8722
f 1522/3138/8723 1518/4528/8724 998/1183/8725
f 345/1178/8726 1522/3138/8727 998/1183/8728
f 1512/4529/8729 1514/1334/8730 383/1333/8731
f 1524/4530/8732 1512/4531/8733 383/4532/8734
f 1248/4533/8735 1249/4534/8736 1246/4535/8737
f 796/2605/8738 1313/2607/8739 795/4536/8740
f 430/1592/8741 453/663/8742 431/1529/8743
f 431/1529/8744 453/663/8745 434/1526/8746
f 434/1526/8747 453/663/8748 1525/1604/8749
f 1525/1604/8750 453/663/8751 1526/662/8752
f 1525/1554/8753 1526/4537/8754 444/1555/8755
f 444/1564/8756 1526/4538/8757 450/1567/8758
f 706/2378/8759 1527/4539/8760 446/2379/8761
f 1527/4539/8762 713/4540/8763 446/2379/8764
f 729/4541/8765 1530/4542/8766 709/4543/8767
f 729/4544/8768 719/4545/8769 1528/4546/8770
f 720/4547/8771 457/1619/8772 1529/1618/8773
f 720/4547/8774 1529/1618/8775 719/4545/8776
f 1531/4548/8777 1528/4549/8778 730/2416/8779
f 729/4550/8780 1528/4551/8781 1530/4552/8782
f 1527/4553/8783 709/4543/8784 1530/4542/8785
f 1528/4549/8786 1531/4548/8787 1530/4554/8788
f 433/4555/8789 1530/4556/8790 431/1532/8791
f 1528/4546/8792 1529/1618/8793 1532/1626/8794
f 1528/4549/8795 1532/4557/8796 730/2416/8797
f 1318/4046/8798 1319/4062/8799 1327/4064/8800
f 1533/4558/8801 1537/4559/8802 1534/4560/8803
f 1533/4558/8804 1535/4561/8805 1538/4562/8806
f 1539/4563/8807 1536/4564/8808 1535/4561/8809
f 1533/4558/8810 1539/4563/8811 1535/4561/8812
f 1539/4565/8813 1540/4566/8814 1536/4567/8815
f 1541/4568/8816 1536/4567/8817 1540/4566/8818
f 1536/2432/8819 1541/4569/8820 1542/2455/8821
f 1535/4561/8822 1536/4564/8823 1543/4570/8824
f 1536/4571/8825 748/2461/8826 1543/2460/8827
f 1543/4570/8828 1538/4562/8829 1535/4561/8830
f 1533/4558/8831 1538/4562/8832 1537/4559/8833
f 1532/4557/8834 1544/2414/8835 730/2416/8836
f 1547/1615/8837 735/4572/8838 1544/4573/8839
f 1545/1616/8840 1547/1615/8841 1544/4573/8842
f 1537/4559/8843 1546/4574/8844 1534/4560/8845
f 1549/4575/8846 1548/4576/8847 1551/4577/8848
f 722/2393/8849 1549/4575/8850 724/2394/8851
f 1549/4575/8852 1550/2402/8853 724/2394/8854
f 1551/4577/8855 1552/4578/8856 1550/2402/8857
f 1552/4578/8858 1551/4577/8859 1547/4579/8860
f 1549/4575/8861 1551/4577/8862 1550/2402/8863
f 1546/4574/8864 1537/4559/8865 1547/4579/8866
f 1551/4580/8867 1548/4581/8868 1534/4582/8869
f 1546/4574/8870 1547/4579/8871 1551/4577/8872
f 1551/4580/8873 1534/4582/8874 1546/4583/8875
f 1527/4584/8876 1530/4556/8877 433/4555/8878
f 709/4585/8879 1527/2406/8880 710/2405/8881
f 431/1532/8882 1530/4556/8883 1531/1530/8884
f 1529/4586/8885 1545/4587/8886 1552/4588/8887
f 1552/4588/8888 1545/4587/8889 1544/4589/8890
f 1550/2402/8891 1552/4578/8892 720/2401/8893
f 457/1619/8894 720/4547/8895 1552/1627/8896
f 719/4545/8897 1529/1618/8898 1528/4546/8899
f 703/2347/8900 1553/2339/8901 701/2341/8902
f 698/2337/8903 1553/2339/8904 697/1682/8905
f 1337/4089/8906 692/3825/8907 227/3827/8908
f 1337/3822/8909 1215/3823/8910 692/4590/8911
f 1555/4591/8912 1554/4592/8913 528/251/8914
f 528/4593/8915 1554/4594/8916 1556/4595/8917
f 528/251/8918 1556/4596/8919 70/253/8920
f 1556/4596/8921 671/4597/8922 70/253/8923
f 671/4597/8924 1568/1710/8925 70/253/8926
f 525/1823/8927 1555/4591/8928 1557/1825/8929
f 80/250/8930 1557/1825/8931 528/251/8932
f 658/4598/8933 1559/4599/8934 1560/4600/8935
f 658/1733/8936 1560/4601/8937 221/766/8938
f 222/1821/8939 221/4602/8940 1555/1819/8941
f 221/4602/8942 1561/4603/8943 1555/1819/8944
f 1555/1819/8945 1561/4603/8946 1554/4604/8947
f 221/766/8948 1560/4601/8949 1561/4605/8950
f 1560/4601/8951 1559/2271/8952 1558/1719/8953
f 1561/4606/8954 1558/4607/8955 1554/4594/8956
f 1554/4594/8957 1558/4607/8958 1556/4595/8959
f 1560/4601/8960 1558/1719/8961 1561/4605/8962
f 1572/2326/8963 1562/4608/8964 684/2324/8965
f 1562/4608/8966 1572/2326/8967 1571/4609/8968
f 1571/4610/8969 1563/4611/8970 1562/4612/8971
f 1563/4613/8972 1570/4614/8973 1562/4615/8974
f 684/2283/8975 677/1720/8976 683/2281/8977
f 1562/1703/8978 677/1720/8979 684/2283/8980
f 691/3627/8981 1335/3639/8982 682/4082/8983
f 491/1722/8984 1567/2299/8985 1565/1723/8986
f 1565/1723/8987 1567/2299/8988 1566/2301/8989
f 1566/2301/8990 230/1725/8991 1565/1723/8992
f 1567/2296/8993 234/1718/8994 233/2297/8995
f 677/1720/8996 1562/1703/8997 491/1705/8998
f 1568/1710/8999 671/4597/9000 1569/4616/9001
f 1568/1710/9002 1569/4616/9003 1563/4617/9004
f 1564/1707/9005 1570/4618/9006 1569/1709/9007
f 1569/4616/9008 1570/4619/9009 1563/4617/9010
f 1568/4620/9011 1563/4611/9012 1571/4610/9013
f 1568/4621/9014 1571/4609/9015 71/4622/9016
f 71/4622/9017 1571/4609/9018 1572/2326/9019
f 1562/4615/9020 1570/4614/9021 1564/4623/9022
f 666/2248/9023 1573/4624/9024 665/2246/9025
f 666/2248/9026 1219/4625/9027 1573/4624/9028
f 1219/4626/9029 1574/527/9030 148/524/9031
f 148/4627/9032 1573/4624/9033 1219/4625/9034
f 656/4628/9035 1573/4624/9036 148/4627/9037
f 528/251/9038 1557/1825/9039 1555/4591/9040
f 1578/4629/9041 1575/4630/9042 1576/4631/9043
f 1579/4632/9044 1578/4629/9045 1576/4631/9046
f 1579/4632/9047 1577/4058/9048 1582/1808/9049
f 1575/4630/9050 216/2206/9051 1576/4631/9052
f 1575/4630/9053 217/4633/9054 216/2206/9055
f 508/1748/9056 214/1807/9057 217/1806/9058
f 1581/4634/9059 1575/4635/9060 1578/4636/9061
f 1580/1795/9062 1575/4630/9063 1581/1793/9064
f 508/1748/9065 217/1806/9066 1580/1750/9067
f 1580/1795/9068 217/4633/9069 1575/4630/9070
f 1583/1791/9071 1582/1808/9072 1577/4058/9073
f 1578/4637/9074 523/4638/9075 1581/4639/9076
f 1582/1808/9077 1583/1791/9078 518/1789/9079
f 523/4640/9080 1579/4641/9081 1582/4642/9082
f 1577/4059/9083 1579/4643/9084 1576/4060/9085
f 1582/4644/9086 1581/4645/9087 523/4646/9088
f 1584/4647/9089 515/1790/9090 1583/1791/9091
f 510/1772/9092 515/1790/9093 1584/4647/9094
f 1584/4647/9095 1583/1791/9096 1323/4050/9097
f 1584/4648/9098 1323/4649/9099 510/4650/9100
f 1585/1773/9101 510/1772/9102 1322/4052/9103
f 510/1772/9104 1323/4050/9105 1322/4052/9106
f 1605/4651/9107 625/4652/9108 623/4653/9109
f 1346/2108/9110 621/2136/9111 1589/4654/9112
f 621/2136/9113 1346/2108/9114 618/2107/9115
f 1589/4105/9116 1591/4655/9117 1345/4106/9118
f 1345/4106/9119 1591/4655/9120 198/4656/9121
f 622/2135/9122 1590/4657/9123 621/2136/9124
f 1589/4654/9125 621/2136/9126 1590/4657/9127
f 1589/4654/9128 1590/4657/9129 1591/4658/9130
f 197/669/9131 1339/4659/9132 1347/4660/9133
f 1347/4660/9134 1345/671/9135 197/669/9136
f 1596/4661/9137 606/4662/9138 1595/4663/9139
f 602/2142/9140 604/2141/9141 1592/4664/9142
f 602/2142/9143 1592/4664/9144 606/4665/9145
f 1597/4666/9146 1592/4667/9147 604/4668/9148
f 1592/4667/9149 1597/4666/9150 1595/4669/9151
f 601/4670/9152 1597/2097/9153 598/2083/9154
f 1597/4666/9155 604/4668/9156 596/4671/9157
f 601/4670/9158 1593/4672/9159 1331/4673/9160
f 1593/4079/9161 601/4674/9162 1333/4080/9163
f 1341/4675/9164 1340/4676/9165 600/2090/9166
f 600/2090/9167 1594/2092/9168 1341/4675/9169
f 1341/4675/9170 1594/2092/9171 1342/4677/9172
f 1596/4661/9173 1595/4663/9174 1331/4678/9175
f 1331/4673/9176 1595/4679/9177 1597/2097/9178
f 1593/4680/9179 1332/4681/9180 1331/4682/9181
f 1331/4077/9182 1336/4076/9183 1596/4683/9184
f 1331/4673/9185 1597/2097/9186 601/4670/9187
f 606/4665/9188 1592/4664/9189 1595/4684/9190
f 501/4685/9191 506/4686/9192 1598/4687/9193
f 501/4688/9194 1598/1760/9195 505/1762/9196
f 1599/4689/9197 642/2178/9198 1602/4690/9199
f 1601/4691/9200 1217/794/9201 1604/2191/9202
f 228/4692/9203 1604/4693/9204 1217/4694/9205
f 1604/2191/9206 1600/4695/9207 1601/4691/9208
f 1600/4696/9209 1603/4697/9210 1602/4698/9211
f 1599/4689/9212 1602/4690/9213 1603/4699/9214
f 1599/4700/9215 1588/4701/9216 642/4702/9217
f 1603/4703/9218 1600/4695/9219 1604/2191/9220
f 1603/4699/9221 1588/2151/9222 1599/4689/9223
f 1603/4704/9224 623/2148/9225 1586/2150/9226
f 1603/4703/9227 1605/2209/9228 623/4705/9229
f 1603/4703/9230 1604/2191/9231 1605/2209/9232
f 1588/2151/9233 1603/4699/9234 1587/4706/9235
f 1588/2151/9236 1587/4706/9237 512/2152/9238
f 1603/4699/9239 1586/4707/9240 1587/4706/9241
f 623/2205/9242 625/4708/9243 597/2204/9244
f 649/4709/9245 651/4710/9246 650/4711/9247
f 651/4712/9248 1332/4078/9249 650/4713/9250
f 650/2192/9251 1605/2209/9252 1604/2191/9253
f 1332/4078/9254 1333/4080/9255 650/4713/9256
f 650/2192/9257 1333/2114/9258 1605/2209/9259
f 641/4714/9260 643/2179/9261 1606/4715/9262
f 1601/4716/9263 1600/4696/9264 1602/4698/9265
f 1601/4717/9266 1602/4690/9267 1606/4715/9268
f 1606/4715/9269 1602/4690/9270 641/4714/9271
f 1607/4718/9272 1612/4719/9273 1608/2188/9274
f 1609/4720/9275 1611/4721/9276 1610/4722/9277
f 1608/2188/9278 1612/4719/9279 643/2179/9280
f 1609/4723/9281 1607/4724/9282 1608/4725/9283
f 1610/4726/9284 1607/4724/9285 1609/4723/9286
f 51/4727/9287 1611/4721/9288 1609/4720/9289
f 1612/4728/9290 103/4729/9291 1601/4730/9292
f 1607/4724/9293 1610/4726/9294 103/4731/9295
f 1612/4719/9296 1606/4715/9297 643/2179/9298
f 1601/4717/9299 1606/4715/9300 1612/4719/9301
f 1609/4720/9302 1183/4732/9303 51/4727/9304
f 1611/4721/9305 51/4727/9306 1188/4733/9307
f 1607/4718/9308 103/361/9309 1612/4719/9310
f 104/369/9311 1216/368/9312 1217/4734/9313
f 1217/794/9314 1601/4691/9315 104/4735/9316
f 1332/4736/9317 651/4073/9318 1330/4075/9319
f 1332/4736/9320 1330/4075/9321 1331/4077/9322
f 163/4737/9323 164/4738/9324 1613/4739/9325
f 659/2215/9326 1613/4740/9327 164/2213/9328
f 1616/4741/9329 1617/4742/9330 1618/4743/9331
f 1615/4744/9332 803/4745/9333 1617/4746/9334
f 1614/4747/9335 1615/4744/9336 1617/4746/9337
f 1614/4747/9338 1617/4746/9339 1616/4748/9340
f 1617/4746/9341 803/4745/9342 547/4749/9343
f 1616/4741/9344 1618/4743/9345 1625/4750/9346
f 1624/4751/9347 807/2636/9348 805/2635/9349
f 1624/4752/9350 805/2623/9351 806/2622/9352
f 1624/4752/9353 806/2622/9354 1316/4038/9355
f 1647/693/9356 1624/4752/9357 1316/4038/9358
f 806/2622/9359 1614/2626/9360 1316/4038/9361
f 1617/4742/9362 547/1895/9363 1618/4743/9364
f 1618/4743/9365 547/1895/9366 1619/4753/9367
f 1619/4753/9368 547/1895/9369 549/1894/9370
f 549/4754/9371 1620/4755/9372 1619/4756/9373
f 550/4757/9374 1620/4755/9375 549/4754/9376
f 1621/4758/9377 1670/2606/9378 846/4759/9379
f 846/4759/9380 1670/2606/9381 1622/4760/9382
f 846/4761/9383 1622/4762/9384 1623/4763/9385
f 1623/4764/9386 1622/4765/9387 1624/4766/9388
f 1624/4767/9389 1622/4760/9390 807/2633/9391
f 1624/4768/9392 1645/4769/9393 1623/4770/9394
f 1624/4752/9395 1647/693/9396 1645/4771/9397
f 807/2633/9398 1622/4760/9399 1670/2606/9400
f 1627/4772/9401 1625/703/9402 1618/4773/9403
f 1627/4772/9404 1626/706/9405 1625/703/9406
f 1627/4774/9407 1637/4775/9408 1628/4776/9409
f 1626/4777/9410 1628/4778/9411 1637/4779/9412
f 1626/4777/9413 1637/4779/9414 1629/4780/9415
f 1632/4781/9416 1633/4782/9417 812/4783/9418
f 1632/4781/9419 815/4784/9420 1633/4782/9421
f 1630/2691/9422 1633/4785/9423 1638/4786/9424
f 1638/4786/9425 1633/4785/9426 816/2665/9427
f 1634/4787/9428 816/4788/9429 818/4789/9430
f 816/4788/9431 1634/4787/9432 1638/4790/9433
f 818/4789/9434 1639/4791/9435 1634/4787/9436
f 1638/4790/9437 1634/4787/9438 1631/4792/9439
f 1635/4793/9440 1636/4794/9441 1637/4795/9442
f 1618/4796/9443 1619/4797/9444 1637/4775/9445
f 1619/4797/9446 1620/4798/9447 1637/4775/9448
f 1629/4799/9449 1637/4800/9450 1636/4801/9451
f 1636/4801/9452 149/4802/9453 1629/4799/9454
f 1636/4803/9455 812/4804/9456 149/4805/9457
f 149/4805/9458 812/4804/9459 586/4806/9460
f 1635/4793/9461 812/4807/9462 1636/4794/9463
f 1633/4785/9464 815/2666/9465 816/2665/9466
f 812/4808/9467 1633/4809/9468 843/2683/9469
f 586/2682/9470 812/4808/9471 843/2683/9472
f 843/2693/9473 1633/4785/9474 1630/2691/9475
f 1635/1888/9476 1637/4810/9477 1620/1896/9478
f 824/4811/9479 1639/4812/9480 818/4813/9481
f 1639/4814/9482 824/4815/9483 1640/4816/9484
f 1640/4817/9485 824/1902/9486 1641/1901/9487
f 1640/4818/9488 1641/4819/9489 820/4820/9490
f 818/4821/9491 1640/4822/9492 820/4823/9493
f 1639/4824/9494 828/4825/9495 1634/4826/9496
f 1639/4827/9497 557/2706/9498 828/1931/9499
f 1627/4772/9500 1628/4828/9501 1626/706/9502
f 1618/4796/9503 1637/4775/9504 1627/4774/9505
f 1643/2707/9506 562/4004/9507 556/2708/9508
f 562/4829/9509 1644/2731/9510 1642/1929/9511
f 1642/1929/9512 1644/2731/9513 827/1930/9514
f 1644/2731/9515 562/4829/9516 563/4830/9517
f 1642/1924/9518 556/1923/9519 562/4831/9520
f 184/2740/9521 830/2715/9522 836/2714/9523
f 184/4832/9524 836/624/9525 182/621/9526
f 1645/4833/9527 1646/4834/9528 1658/4835/9529
f 1647/693/9530 1648/692/9531 1645/4771/9532
f 1645/4771/9533 1649/702/9534 1646/4836/9535
f 1645/4771/9536 1648/692/9537 1649/702/9538
f 1649/702/9539 574/705/9540 1646/4836/9541
f 1651/487/9542 1652/4837/9543 1650/505/9544
f 1651/487/9545 1650/505/9546 1653/485/9547
f 141/493/9548 1653/485/9549 1650/505/9550
f 143/479/9551 1704/4838/9551 942/4839/9551
f 143/479/9552 942/4839/9552 943/513/9552
f 1699/4840/9553 143/479/9553 1700/492/9553
f 1652/4837/9554 1651/487/9555 1654/486/9556
f 1654/517/9557 1655/489/9558 1656/4841/9559
f 1654/517/9560 1656/4841/9561 567/4842/9562
f 1654/486/9563 1657/4843/9564 1652/4837/9565
f 1654/486/9566 567/1974/9567 1657/4843/9568
f 567/1974/9569 1658/1980/9570 1657/4843/9571
f 1658/4835/9572 1660/4844/9573 1657/4845/9574
f 1660/4844/9575 1658/4835/9576 1646/4834/9577
f 1660/4846/9578 1659/4847/9579 1274/4848/9580
f 1646/4836/9581 1659/4847/9582 1660/4846/9583
f 1661/4849/9584 1659/4847/9585 574/705/9586
f 1659/4847/9587 1646/4836/9588 574/705/9589
f 1274/4848/9590 1659/4847/9591 1661/4849/9592
f 578/4850/9593 1663/2771/9594 1662/4851/9595
f 852/2772/9596 1662/4851/9597 1663/2771/9598
f 852/4852/9599 586/2024/9600 1662/4853/9601
f 852/4852/9602 851/2025/9603 586/2024/9604
f 1662/4853/9605 586/2024/9606 1664/4854/9607
f 1664/2782/9608 586/4855/9609 582/2780/9610
f 842/2796/9611 1668/2795/9612 586/4856/9613
f 587/4857/9614 586/4856/9615 854/4858/9616
f 1668/2795/9617 589/2053/9618 586/4856/9619
f 589/2053/9620 1668/2795/9621 1665/2054/9622
f 586/4856/9623 589/2053/9624 862/4859/9625
f 854/4858/9626 586/4856/9627 862/4859/9628
f 1291/3996/9629 1292/4860/9630 1296/3994/9631
f 861/2812/9632 1294/4861/9633 1293/2776/9634
f 1667/2804/9635 1666/4862/9636 861/2802/9637
f 1666/4863/9638 1668/4864/9639 860/4865/9640
f 1667/2804/9641 1668/4866/9642 1666/4862/9643
f 1667/2804/9644 1665/4867/9645 1668/4866/9646
f 1668/4864/9647 859/4868/9648 860/4865/9649
f 860/4865/9650 859/4868/9651 864/4869/9652
f 858/2790/9653 1257/2810/9654 865/3922/9655
f 594/2072/9656 592/2073/9657 1669/4870/9658
f 593/4871/9659 594/2072/9660 1669/4870/9661
f 1290/3980/9662 1295/4872/9663 1289/3981/9664
f 1284/3973/9665 1283/3977/9666 1285/544/9667
f 1678/4873/9668 1676/4874/9669 1675/4875/9670
f 1678/4876/9671 1675/4877/9672 1677/4878/9673
f 888/4879/9674 1684/4880/9675 1675/4881/9676
f 1675/4881/9677 1684/4880/9678 1679/4882/9679
f 879/2852/9680 1679/2851/9681 1684/4883/9682
f 1677/118/9683 1675/4884/9684 1681/2859/9685
f 1682/4885/9686 1681/4886/9687 883/4887/9688
f 1680/4888/9689 884/2858/5017 1681/2859/5016
f 1683/2862/9690 886/2875/9691 884/2858/9692
f 1680/4888/9693 1683/2862/9694 884/2858/9695
f 1675/4884/9696 1679/4889/9697 1680/4888/9698
f 888/4890/9699 1680/4891/9700 1684/4892/9701
f 1684/4893/9702 1680/4894/9703 887/4895/9704
f 1680/4888/9705 1679/4889/9706 887/110/9707
f 1680/4888/9708 888/2863/9709 1683/2862/9710
f 1681/2859/9711 1675/4884/9712 1680/4888/9713
f 900/2879/9714 908/2882/9715 37/4896/9716
f 908/4897/9717 909/155/9718 41/147/9719
f 908/2882/9720 41/4898/9721 37/4896/9722
f 1687/4899/9723 1686/4900/9724 909/4901/9725
f 1686/4900/9726 1685/4902/9727 909/4901/9728
f 146/466/9729 1192/522/9730 1689/4903/9731
f 1689/1417/9732 1685/1419/9733 1686/4904/9734
f 1687/4905/9735 1689/1417/9736 1686/4904/9737
f 1687/4906/9738 1688/2900/9739 1689/4903/9740
f 1688/2900/9741 910/2899/9742 1689/4903/9743
f 910/2899/9744 146/466/9745 1689/4903/9746
f 42/4907/9747 909/4901/9748 1685/4902/9749
f 1194/3775/9750 1196/135/9751 907/131/9752
f 1691/2908/9753 1690/4908/9754 1693/459/9755
f 1695/4909/9756 1692/2915/9757 1690/4908/9758
f 1692/4910/9759 1695/4911/9760 124/4912/9761
f 124/4912/9762 1694/4913/9763 1692/4910/9764
f 1690/4908/9765 1692/2915/9766 1693/459/9767
f 1692/4910/9768 1694/4913/9769 106/4914/9770
f 1691/4915/9771 956/4916/9772 1690/4917/9773
f 958/4918/9774 1690/4917/9775 956/4916/9776
f 1690/36/9777 397/38/9778 1695/4919/9779
f 397/1398/9780 400/1401/9781 1695/4911/9782
f 1695/4911/9783 400/1401/9784 124/4912/9785
f 1696/4920/9786 913/4921/9787 1697/4922/9788
f 1192/4923/9789 1282/4924/9790 914/4925/9791
f 1099/3677/9792 1281/3962/9793 1282/4926/9794
f 1699/4840/9795 1700/492/9796 1698/4927/9797
f 140/4928/9798 141/493/9798 1653/485/9798
f 1699/4929/9799 1704/4930/9799 143/4931/9799
f 1700/4932/9800 1701/4933/9801 1698/4934/9802
f 1702/4935/9803 1701/4936/9804 1700/4937/9805
f 1702/4938/9806 1650/4939/9807 1701/4940/9808
f 1701/2917/9809 920/2916/9810 1698/4941/9811
f 922/2925/9812 1276/3955/9813 1275/2926/9814
f 1276/3955/9815 1277/3956/9816 1275/2926/9817
f 1273/4942/9818 1703/2973/9819 932/2977/9820
f 1704/4943/9821 1698/4941/9822 947/2935/9823
f 1699/4944/9824 1698/4945/9825 1704/4946/9826
f 947/2935/9827 1698/4941/9828 920/2916/9829
f 1706/4947/9830 947/4948/9831 5/4949/9832
f 1706/4950/9833 5/4951/9834 1705/4952/9835
f 871/2831/9836 1706/3006/9837 868/1489/9838
f 1707/4953/9839 871/2831/9840 870/1491/9841
f 871/2831/9842 947/2935/9843 1706/3006/9844
f 871/2831/9845 942/4954/9846 947/2935/9847
f 1711/4955/9848 1713/4956/9849 1709/4957/9850
f 953/4958/9851 1709/4959/9852 939/4960/9853
f 1711/4955/9854 1709/4957/9855 1708/4961/9856
f 1708/4961/9857 399/4962/9858 1711/4955/9859
f 399/4963/9860 1708/4964/9861 1710/4965/9862
f 1708/3027/9863 953/4958/9864 951/3028/9865
f 1709/4959/9866 953/4958/9867 1708/3027/9868
f 1711/4966/9869 399/4967/9870 10/4968/9871
f 1713/2970/9872 4/4969/9873 1712/4970/9874
f 1712/4970/9875 2/2971/9876 1713/2970/9877
f 7/4971/9878 1712/4970/9879 4/4969/9880
f 10/4972/9881 7/4971/9882 4/4969/9883
f 945/3004/9884 946/2931/9885 949/3005/9886
f 945/3004/9887 947/2935/9888 924/2932/9888
f 881/1444/9889 880/113/9890 404/1428/9891
f 30/1427/9892 881/1444/9893 404/1428/9894
f 405/1429/9895 404/1428/9896 29/112/9897
f 406/1439/9898 408/1431/9899 29/4973/9900
f 880/113/9901 879/116/9901 408/114/9901
f 1673/115/9902 1674/109/9902 1678/117/9902
f 1673/115/9903 1678/117/9903 879/116/9903
f 1674/109/9904 1676/111/9904 1678/117/9904
f 879/116/9905 1678/117/9905 408/114/9905
f 420/97/124 419/4974/9906 874/98/125
f 876/100/127 26/99/9907 874/98/128
f 169/570/913 167/4975/9908 165/571/914
f 792/579/922 686/4976/9909 170/580/923
f 792/582/925 165/4977/9910 167/583/926
f 873/2835/4974 876/4978/9911 26/2836/4975
f 848/2921/5163 921/2920/9912 1650/2923/5164
f 1116/3534/6291 1108/3505/9913 1375/214/6292
f 1567/2296/8993 491/1702/9914 234/1718/8994
f 523/4640/9080 1578/4979/9915 1579/4641/9081
f 945/3004/9884 924/2932/9916 946/2931/9885
f 945/3004/9887 1706/3006/9888 947/2935/9888
